account,historie_dagen,keuze_trades,keuze_gem_pct,keuze_winst_pct_trades,keuze_som_pct,keuze_verliesmaanden,maker_pct,fills_per_dag_30d,trades_7d,trades_14d,trades_per_dag_30d,houdtijd_uur,p90_posities,keuze_potje_pct,munten,eis_historie,eis_100,eis_rendement,eis_actief,eis_handmatig,eis_geen_mm,eis_posities,geschikt,test_trades,test_som_pct,test_potje_pct,test_gem_pct
0x0010…42b3,211,149,-0.29,47.0,-42.9,3,,0.0,0,0,0.0,1.3,1,-42.9,"DOGEL 47%, DOGES 44%, PEPEL 2%",True,True,False,False,False,True,True,False,0,0.0,0.0,
0x002D…011a,45,121,-0.31,18.2,-37.5,2,,23.7,0,0,3.8,0.2,2,-18.8,"ETHL 33%, BTCL 31%, ETHS 17%",False,True,False,False,False,True,True,False,0,0.0,0.0,
0x002f…7d55,304,245,-0.13,33.9,-30.6,6,,3.0,0,0,0.03,0.3,1,-30.6,"SOLS 28%, XRPS 24%, LTCS 12%",True,True,False,False,False,True,True,False,8,-0.6,-0.6,-0.08
0x005C…c4bD,251,178,-1.63,12.9,-289.7,5,,6.8,5,13,1.03,8.1,11,-26.3,"DOGEL 14%, TONL 10%, ONDOL 7%",True,True,False,True,True,True,False,False,246,-232.5,-21.1,-0.95
0x005c…Ef1c,304,380,0.16,72.9,60.2,2,,4.5,8,13,0.83,5.1,3,20.1,"ETHS 42%, BTCS 26%, BTCL 15%",True,True,True,True,True,True,True,True,31,-11.1,-3.7,-0.36
0x0098…7D2b,304,427,-0.33,25.3,-142.6,9,,5.2,0,0,0.6,0.2,1,-142.6,"XRPL 43%, XRPS 20%, BTCL 17%",True,True,False,False,False,True,True,False,0,0.0,0.0,
0x009F…a095,225,329,0.14,27.1,46.3,2,,12.2,48,82,3.4,3.0,3,15.4,"FILL 14%, ZROL 7%, STXL 6%",True,True,True,True,False,True,True,False,71,9.0,3.0,0.13
0x00B0…5B9E,290,188,-0.19,24.5,-36.0,5,,0.0,0,0,0.0,0.1,2,-18.0,"ETHL 46%, ETHS 40%, GMXL 10%",True,True,False,False,False,True,True,False,6,-2.9,-1.4,-0.48
0x00c0…4A24,284,322,-0.21,41.3,-66.1,2,,0.0,0,0,0.0,0.2,2,-33.0,"RENDERL 23%, FETL 21%, TAOL 20%",True,True,False,False,False,True,True,False,0,0.0,0.0,
0x0164…A273,299,156,-0.11,1.9,-17.4,1,,0.0,0,0,0.0,0.0,1,-17.4,BTCS 100%,True,True,False,False,False,True,True,False,0,0.0,0.0,
0x0171…88BA,301,192,-1.33,52.6,-255.5,8,,0.0,0,0,0.0,32.1,7,-36.5,"ETHL 17%, BTCL 15%, AVAXL 11%",True,True,False,False,True,True,True,False,1,-0.4,-0.1,-0.38
0x01b9…432f,167,136,-0.25,64.7,-34.3,5,,1.3,0,0,0.13,1.7,2,-17.2,"TONS 18%, UNIL 12%, UNIS 12%",True,True,False,False,False,True,True,False,39,0.6,0.3,0.02
0x02aa…d8FA,256,154,-0.11,37.7,-16.3,4,,0.0,0,0,0.0,0.3,1,-16.3,"BTCS 58%, BTCL 41%, ETHL 1%",True,True,False,False,False,True,True,False,0,0.0,0.0,
0x0376…cBfc,304,213,-0.47,65.3,-100.1,4,,1.0,0,0,0.0,11.5,7,-14.3,"DOGEL 20%, ETHL 15%, LINKL 15%",True,True,False,False,True,True,True,False,22,29.3,4.2,1.33
0x038c…46b7,303,1087,-0.72,19.4,-785.1,5,,0.0,0,0,0.0,3.2,42,-18.7,"CRVL 2%, UNIL 2%, WIFL 2%",True,True,False,False,True,True,False,False,0,0.0,0.0,
0x03E7…89ec,304,200,0.27,62.5,53.8,4,,2.0,2,5,0.4,38.1,4,13.4,"ETHL 14%, ETHS 12%, SUIL 10%",True,True,True,True,True,True,True,True,44,19.4,4.8,0.44
0x03f4…5f54,206,220,-0.17,48.6,-36.3,5,,4.4,17,32,1.93,4.9,1,-36.3,"BTCS 18%, SUIS 17%, BTCL 11%",True,True,False,True,True,True,True,False,222,-56.2,-56.2,-0.25
0x0428…41C8,294,125,0.28,36.0,34.7,3,,0.0,0,0,0.0,30.2,12,2.9,"ARBS 9%, BTCS 8%, XMRL 6%",True,True,True,False,True,True,False,False,5,-11.4,-1.0,-2.28
0x0471…47c1,304,118,-0.09,29.7,-10.4,6,,0.0,0,0,0.0,0.5,3,-3.5,"SOLS 23%, BTCS 23%, BTCL 17%",True,True,False,False,False,True,True,False,0,0.0,0.0,
0x049B…8111,304,193,0.46,71.0,89.5,4,,3.5,12,13,0.9,4.7,1,89.5,"LINKL 60%, LINKS 27%, BTCS 3%",True,True,True,True,True,True,True,True,43,0.8,0.8,0.02
0x055d…D521,301,102,0.69,60.8,70.6,3,,1.6,2,2,0.13,9.2,2,35.3,"BTCS 53%, BTCL 30%, HYPES 4%",True,True,True,False,True,True,True,False,13,22.1,11.0,1.7
0x05D2…9CD7,304,1385,-1.56,10.8,-2155.0,10,,17.0,50,71,2.37,7.0,23,-93.7,"FARTCOINL 5%, PENGUL 5%, XPLL 5%",True,True,False,True,True,True,False,False,183,-302.7,-13.2,-1.65
0x05ba…7D32,290,106,-0.27,46.2,-28.4,1,,0.0,0,0,0.0,1.6,4,-7.1,"SOLL 21%, LINKL 16%, SUIL 8%",True,True,False,False,False,True,True,False,0,0.0,0.0,
0x0644…764A,282,106,-0.21,0.9,-22.1,2,,0.0,0,0,0.0,0.0,1,-22.1,"BTCL 48%, BTCS 37%, BNBL 8%",True,True,False,False,False,True,True,False,0,0.0,0.0,
0x0673…08BC,304,104,-0.12,25.0,-12.4,6,,0.0,0,0,0.0,9.7,2,-6.2,"ETHL 38%, ETHS 25%, BTCL 24%",True,True,False,False,True,True,True,False,0,0.0,0.0,
0x0698…CF89,72,177,-0.37,47.5,-65.4,3,,3.7,9,19,1.33,0.7,2,-32.7,"XMRL 47%, VVVL 24%, ZECL 15%",False,True,False,True,False,True,True,False,61,4.5,2.2,0.07
0x0699…e903,293,134,-0.23,42.5,-30.9,5,,0.0,0,0,0.0,0.3,2,-15.4,"FARTCOINL 36%, FARTCOINS 16%, VVVS 6%",True,True,False,False,False,True,True,False,0,0.0,0.0,
0x06c0…be34,297,201,-0.27,44.3,-53.3,2,,0.0,0,0,0.0,1.3,2,-26.6,"BTCL 61%, BTCS 31%, LINKL 6%",True,True,False,False,False,True,True,False,1,0.4,0.2,0.4
0x072e…9aaE,106,78,-0.11,35.9,-8.4,3,,2.5,0,0,0.4,4.3,3,-2.8,"ETHS 55%, ETHL 36%, BTCS 6%",True,False,False,False,True,True,True,False,31,9.1,3.0,0.29
0x0746…b84F,228,472,-0.23,61.9,-107.3,6,,17.4,59,139,6.93,8.5,13,-8.3,"ZECL 8%, ARBL 7%, SUIL 5%",True,True,False,True,False,True,False,False,320,-112.2,-8.6,-0.35
0x075b…B0F1,283,523,-0.31,30.0,-160.1,10,,12.8,6,6,0.57,0.7,2,-80.0,"XRPL 23%, XRPS 13%, LINKS 12%",True,True,False,True,False,True,True,False,34,-10.3,-5.2,-0.3
0x075d…0A98,304,122,1.82,57.4,222.5,4,,9.0,0,0,0.13,29.5,6,37.1,"ETHS 16%, BTCL 12%, ETHL 11%",True,True,True,False,True,True,True,False,0,0.0,0.0,
0x0765…1A7D,177,230,-0.14,23.5,-31.6,2,,0.0,0,0,0.0,0.6,1,-31.6,"SOLL 49%, SOLS 45%, TAOS 1%",True,True,False,False,False,True,True,False,0,0.0,0.0,
0x0780…9866,282,193,-0.22,0.0,-41.6,2,,0.0,0,0,0.0,0.0,1,-41.6,"BNBS 58%, BNBL 42%",True,True,False,False,False,True,True,False,0,0.0,0.0,
0x07D8…BC57,190,113,-0.29,7.1,-33.2,2,,0.0,0,0,0.0,2.2,5,-6.6,"AVNTL 39%, KTAL 22%, BTCL 9%",True,True,False,False,True,True,True,False,0,0.0,0.0,
0x07b3…C0D1,268,185,-0.35,32.4,-64.5,3,,0.0,0,0,0.0,6.2,7,-9.2,"BTCL 25%, BTCS 23%, ETHS 21%",True,True,False,False,True,True,True,False,0,0.0,0.0,
0x0803…932F,294,55,-0.57,50.9,-31.2,4,,4.1,11,12,1.03,1.9,1,-31.2,"SOLS 29%, PEPES 15%, XRPL 13%",True,False,False,True,False,True,True,False,94,-16.1,-16.1,-0.17
0x0839…e08E,103,117,-0.22,42.7,-25.9,4,,4.7,2,8,1.17,3.3,2,-13.0,"ZECL 15%, ZECS 14%, TAOL 8%",True,True,False,True,True,True,True,False,50,0.5,0.2,0.01
0x08Fb…5184,304,1597,0.32,41.4,513.2,5,,5.0,12,25,1.33,12.3,21,24.4,"HYPES 7%, ONDOS 6%, HYPEL 5%",True,True,True,True,True,True,False,False,100,-68.9,-3.3,-0.69
0x08aC…c651,303,102,-0.44,30.4,-45.3,4,,0.0,0,0,0.0,0.1,1,-45.3,"XRPS 59%, XRPL 35%, DOGEL 5%",True,True,False,False,False,True,True,False,0,0.0,0.0,
0x0904…8e11,304,176,-0.23,61.4,-40.2,5,,1.0,0,0,0.07,2.0,4,-10.0,"ETHL 49%, BTCL 18%, ETHS 14%",True,True,False,False,True,True,True,False,8,-11.8,-3.0,-1.48
0x0952…26D8,304,749,-0.28,24.2,-208.0,7,,0.0,0,0,0.0,0.9,2,-104.0,"AEROL 53%, SOLL 16%, AEROS 7%",True,True,False,False,False,True,True,False,102,6.2,3.1,0.06
0x09C6…B168,295,253,-0.25,19.4,-63.4,3,,0.0,0,0,0.0,0.6,2,-31.7,"BTCS 18%, ETHL 14%, BTCL 14%",True,True,False,False,False,True,True,False,0,0.0,0.0,
0x0AA9…8b57,159,150,-0.18,31.3,-26.3,2,,0.0,0,0,0.0,0.1,1,-26.3,"UNIL 29%, UNIS 25%, LINKS 16%",True,True,False,False,False,True,True,False,0,0.0,0.0,
0x0B24…5483,298,329,-0.45,30.7,-147.9,9,,1.8,3,8,0.37,2.4,2,-74.0,"BTCS 28%, BTCL 28%, SOLL 8%",True,True,False,True,True,True,True,False,56,-14.5,-7.2,-0.26
0x0B94…7D9c,100,155,-0.0,64.5,-0.1,3,,9.8,19,26,1.97,1.2,1,-0.1,"ETHS 50%, ETHL 47%, WTIOILL 2%",True,True,False,True,False,True,True,False,65,-0.2,-0.2,-0.0
0x0BAa…EC6A,271,125,-0.06,37.6,-7.3,4,,2.3,4,8,0.5,3.7,2,-3.6,"HYPES 11%, SOLL 10%, VIRTUALS 9%",True,True,False,True,True,True,True,False,88,-24.8,-12.4,-0.28
0x0Bd2…5E8D,304,152,-0.17,48.0,-26.4,3,,13.8,9,16,0.87,44.5,5,-5.3,"ETHS 17%, ETHL 15%, BTCL 15%",True,True,False,True,True,True,True,False,74,-170.9,-34.2,-2.31
0x0C00…1adA,89,355,-0.12,39.2,-42.7,3,,10.0,5,5,0.17,0.1,2,-21.4,"XLML 21%, XLMS 11%, PENGUL 8%",False,True,False,True,False,True,True,False,15,-7.1,-3.6,-0.47
0x0D45…269c,215,162,0.49,35.8,79.9,3,,8.2,19,23,1.53,0.4,6,13.3,"BTCS 12%, PEPEL 12%, BTCL 11%",True,True,True,True,False,True,True,False,185,-33.4,-5.6,-0.18
0x0D78…9900,144,169,-0.47,49.7,-80.0,2,,20.6,12,27,1.73,19.9,8,-10.0,"ETHL 10%, ETHS 8%, VVVS 8%",True,True,False,True,True,True,True,False,29,71.1,8.9,2.45
0x0E08…715A,270,145,-0.51,39.3,-74.5,3,,0.0,0,0,0.0,4.7,1,-74.5,"ETHL 10%, ETHS 10%, BTCS 8%",True,True,False,False,True,True,True,False,0,0.0,0.0,
0x0Eff…De6F,286,154,-0.2,27.9,-30.4,1,,0.0,0,0,0.0,0.1,1,-30.4,"KTAS 26%, PUMPS 14%, VIRTUALS 13%",True,True,False,False,False,True,True,False,0,0.0,0.0,
0x0F56…1FB0,18,104,-0.29,13.5,-29.9,1,,13.9,29,62,3.47,0.2,1,-29.9,"PEPEL 14%, WTIOILL 12%, BTCS 11%",False,True,False,True,False,True,True,False,328,-99.7,-99.7,-0.3
0x0F8B…9Bf9,238,265,-0.27,20.0,-71.6,3,,0.0,0,0,0.0,0.3,1,-71.6,"SUIL 22%, ARBL 12%, HYPEL 12%",True,True,False,False,False,True,True,False,580,-107.8,-107.8,-0.19
0x0Fc3…A0e8,244,200,-0.11,31.0,-21.0,3,,0.0,0,0,0.0,0.1,1,-21.0,"ZECS 66%, ZECL 18%, ETHS 12%",True,True,False,False,False,True,True,False,0,0.0,0.0,
0x0aBA…2649,36,109,-0.21,27.5,-22.7,2,,7.0,17,25,3.03,1.6,2,-11.4,"WLDL 7%, BTCS 6%, LITL 6%",False,True,False,True,False,True,True,False,200,42.4,21.2,0.21
0x0aa6…286e,268,136,-0.15,54.4,-20.5,5,,0.0,0,0,0.0,1.3,1,-20.5,"FARTCOINS 29%, TRUMPS 21%, LINKL 9%",True,True,False,False,False,True,True,False,0,0.0,0.0,
0x0aaf…bb7E,303,108,0.29,71.3,31.2,2,,0.0,0,0,0.0,9.4,2,15.6,"BTCS 34%, BTCL 29%, WTIOILL 12%",True,True,True,False,True,True,True,False,9,7.2,3.6,0.8
0x0c03…62D9,253,224,0.22,69.2,49.6,1,,8.1,3,12,1.07,1.2,2,24.8,"ETHS 51%, ETHL 49%, SOLL 0%",True,True,True,True,False,True,True,False,2,0.1,0.0,0.05
0x0c18…45d7,292,168,-0.19,28.6,-31.8,5,,0.0,0,0,0.0,2.8,1,-31.8,"ARBL 75%, ETHL 14%, ARBS 10%",True,True,False,False,True,True,True,False,1,-0.8,-0.8,-0.78
0x0eAF…43Be,202,99,-0.15,39.4,-14.6,3,,2.9,0,4,0.37,0.1,1,-14.6,"VVVL 14%, SOLL 14%, VVVS 13%",True,False,False,False,False,True,True,False,4,-11.3,-11.3,-2.83
0x0f3F…d121,98,237,-0.3,26.6,-70.6,2,,0.0,0,0,0.0,1.9,3,-23.5,"HYPEL 30%, AEROL 25%, VVVL 5%",True,True,False,False,False,True,True,False,69,30.8,10.3,0.45
0x1000…7Eba,304,95,1.55,78.9,147.7,0,,1.0,0,0,0.0,24.8,3,49.2,"BTCL 55%, BTCS 44%, HYPES 1%",True,False,True,False,True,True,True,False,4,6.5,2.2,1.62
0x100f…fd41,304,111,-0.13,55.0,-14.3,5,,2.0,0,0,0.03,0.3,2,-7.2,"HYPEL 27%, SOLL 21%, HYPES 16%",True,True,False,False,False,True,True,False,22,5.2,2.6,0.24
0x101D…0397,246,130,-0.54,53.1,-70.3,2,,0.0,0,0,0.0,7.2,4,-17.6,"BTCL 26%, ETHL 18%, BTCS 17%",True,True,False,False,True,True,True,False,0,0.0,0.0,
0x1064…67a6,216,1342,0.74,84.9,994.2,0,,234.7,12,14,0.7,3.5,13,76.5,"BTCL 8%, ETHL 6%, DOGEL 5%",True,True,True,True,True,False,False,False,85,168.2,12.9,1.98
0x106D…bEA3,304,100,0.5,64.0,50.0,2,,1.8,2,3,0.13,19.3,3,16.7,"BTCS 67%, ETHS 22%, ETHL 3%",True,True,True,False,True,True,True,False,0,0.0,0.0,
0x112B…72b5,300,114,-0.18,1.8,-20.4,1,,0.0,0,0,0.0,0.0,1,-20.4,"BTCL 60%, BTCS 40%",True,True,False,False,False,True,True,False,0,0.0,0.0,
0x1133…0EA3,300,611,-0.22,32.7,-135.3,9,,5.7,6,13,1.23,0.8,1,-135.3,"ETHS 72%, ETHL 28%, BTCL 0%",True,True,False,True,False,True,True,False,136,-28.1,-28.1,-0.21
0x11F0…18C2,138,314,-0.23,29.3,-71.4,3,,0.0,0,0,0.0,0.6,5,-14.3,"SOLS 7%, WTIOILL 5%, PENGUS 4%",True,True,False,False,False,True,True,False,0,0.0,0.0,
0x1209…EC92,173,313,0.17,49.8,52.8,1,,0.0,0,0,0.0,5.6,6,8.8,"BTCS 7%, TRUMPS 6%, CCL 6%",True,True,True,False,True,True,True,False,0,0.0,0.0,
0x1254…02C3,303,61,-0.38,37.7,-22.9,6,,5.2,0,1,0.77,1.0,1,-22.9,"AEROL 59%, AEROS 34%, MNTS 2%",True,False,False,False,False,True,True,False,43,-2.1,-2.1,-0.05
0x12F5…3d0A,304,2415,-0.1,44.4,-248.5,7,,42.2,119,194,16.8,1.4,6,-41.4,"BTCS 12%, BTCL 11%, SOLS 7%",True,True,False,True,False,True,True,False,547,-249.0,-41.5,-0.46
0x13Cd…e67C,162,111,0.01,57.7,1.2,3,,3.6,10,13,0.5,2.8,1,1.2,"ICPL 96%, HYPEL 4%",True,True,True,True,True,True,True,True,78,-13.9,-13.9,-0.18
0x1452…Ac94,294,208,-0.47,27.9,-97.9,7,,0.0,0,0,0.0,0.3,1,-97.9,"PENGUL 36%, PENGUS 26%, BTCL 7%",True,True,False,False,False,True,True,False,0,0.0,0.0,
0x14B9…e681,247,243,-0.12,51.4,-28.0,5,,4.1,11,20,1.53,3.3,1,-28.0,"ETHS 59%, ETHL 41%",True,True,False,True,True,True,True,False,28,-8.1,-8.1,-0.29
0x14Ef…C418,243,460,-0.14,50.2,-64.8,6,,0.0,0,0,0.0,0.6,2,-32.4,"ETHS 27%, ADAS 17%, ZECS 12%",True,True,False,False,False,True,True,False,0,0.0,0.0,
0x14F2…c815,303,168,-0.2,44.6,-33.6,5,,2.6,5,11,0.97,4.7,3,-11.2,"SOLL 32%, ASTERL 16%, ETHL 11%",True,True,False,True,True,True,True,False,20,5.1,1.7,0.25
0x14a8…8fd7,296,106,-1.02,45.3,-107.7,8,,1.7,1,1,0.07,19.7,2,-53.8,"ETHL 45%, BTCL 22%, ETHS 17%",True,True,False,False,True,True,True,False,4,1.8,0.9,0.45
0x1593…23CE,174,447,0.04,63.1,17.8,2,,6.5,1,9,1.17,0.9,1,17.8,"BTCS 9%, SOLS 8%, BTCL 6%",True,True,True,True,False,True,True,False,215,38.8,38.8,0.18
0x1610…f8b3,303,547,-0.11,51.2,-60.6,2,,0.0,0,0,0.0,0.5,2,-30.3,"LINKL 55%, LINKS 45%",True,True,False,False,False,True,True,False,0,0.0,0.0,
0x1640…1A4c,304,372,0.52,51.9,192.8,2,,32.6,0,0,0.2,24.7,12,16.1,"ETHS 14%, BTCS 10%, XRPS 10%",True,True,True,False,True,True,False,False,0,0.0,0.0,
0x168c…C7D6,294,146,0.02,58.2,3.3,3,,0.0,0,0,0.0,2.1,2,1.6,"BTCL 48%, BTCS 38%, VVVS 4%",True,True,True,False,True,True,True,False,0,0.0,0.0,
0x16B1…cD82,104,196,0.04,50.5,7.5,0,,0.0,0,0,0.0,0.0,1,7.5,"ORDIL 18%, METL 11%, ORDIS 10%",True,True,True,False,False,True,True,False,0,0.0,0.0,
0x16EC…c141,299,197,-0.67,10.7,-131.2,9,,6.3,15,15,1.17,0.7,2,-65.6,"TAOL 72%, LTCL 13%, FILL 5%",True,True,False,True,False,True,True,False,65,-26.7,-13.4,-0.41
0x16Fd…4088,236,201,-0.33,12.9,-66.0,5,,2.3,2,4,0.47,0.1,1,-66.0,"BTCL 100%, BTCS 0%",True,True,False,True,False,True,True,False,1,-2.4,-2.4,-2.38
0x1748…feb0,141,111,-0.56,41.4,-61.6,5,,3.9,4,4,0.3,22.8,7,-8.8,"ETHS 23%, ETHL 14%, SOLL 5%",True,True,False,True,True,True,True,False,29,-12.5,-1.8,-0.43
0x1755…8A4A,252,211,-0.11,34.1,-23.8,3,,0.0,0,0,0.0,0.2,2,-11.9,"ETHL 54%, SOLL 30%, SOLS 6%",True,True,False,False,False,True,True,False,0,0.0,0.0,
0x1772…957C,303,413,-0.68,36.3,-281.7,9,,3.0,1,1,0.67,3.0,2,-140.8,"FARTCOINL 14%, PENGUL 14%, ADAL 9%",True,True,False,False,True,True,True,False,54,2.1,1.0,0.04
0x1813…AF81,81,129,-0.52,31.0,-67.7,2,,3.7,2,6,1.23,1.2,2,-33.8,"PENGUL 40%, PENGUS 39%, SUIS 5%",False,True,False,True,False,True,True,False,0,0.0,0.0,
0x1866…7C32,212,185,-0.14,44.3,-26.8,3,,10.2,9,15,0.5,1.0,4,-6.7,"ZECL 22%, VVVL 12%, NEARL 10%",True,True,False,True,False,True,True,False,0,0.0,0.0,
0x186e…c57f,104,276,-0.25,22.8,-70.4,4,,4.7,0,0,0.93,0.4,2,-35.2,"ETHS 12%, BTCS 11%, XRPS 10%",True,True,False,False,False,True,True,False,0,0.0,0.0,
0x187b…2368,303,124,0.23,54.8,28.4,3,,0.0,0,0,0.0,1.0,3,9.5,"HYPEL 15%, BTCL 10%, ZECL 8%",True,True,True,False,False,True,True,False,2,1.9,0.6,0.94
0x1889…860d,303,379,-0.64,43.0,-240.8,8,,3.6,7,19,1.4,3.7,1,-240.8,"FARTCOINL 14%, FARTCOINS 11%, VVVL 11%",True,True,False,True,True,True,True,False,65,4.5,4.5,0.07
0x18C2…6b8d,235,151,-0.24,39.7,-36.4,4,,0.0,0,0,0.0,3.0,4,-9.1,"BTCL 16%, BTCS 14%, ETHS 11%",True,True,False,False,True,True,True,False,0,0.0,0.0,
0x18aD…758b,122,410,-0.45,6.3,-183.6,5,,10.7,24,30,1.13,0.2,2,-91.8,"FETL 47%, NEARL 14%, WLDL 8%",True,True,False,True,False,True,True,False,282,-133.7,-66.8,-0.47
0x1981…C73F,287,576,-0.23,30.9,-130.2,10,,9.6,35,66,3.8,0.5,1,-130.2,"BTCS 36%, BTCL 14%, BCHS 11%",True,True,False,True,False,True,True,False,118,-19.1,-19.1,-0.16
0x19E5…a7Ae,244,108,-0.18,37.0,-19.7,5,,0.0,0,0,0.0,1.6,2,-9.8,"BTCS 23%, ETHS 19%, BTCL 16%",True,True,False,False,False,True,True,False,0,0.0,0.0,
0x1A0F…944a,233,141,-0.16,32.6,-22.8,4,,1.0,0,0,0.03,19.7,4,-5.7,"XMRL 4%, BTCS 4%, HYPES 4%",True,True,False,False,True,True,True,False,2,-4.1,-1.0,-2.07
0x1A15…95E4,304,253,-1.3,13.8,-327.8,6,,0.0,0,0,0.0,10.4,5,-65.6,"ETHL 19%, BTCL 16%, XPLL 8%",True,True,False,False,True,True,True,False,14,-32.6,-6.5,-2.33
0x1AD6…fa17,149,154,-0.16,31.2,-24.8,2,,0.0,0,0,0.0,0.2,1,-24.8,"BTCL 56%, BTCS 44%",True,True,False,False,False,True,True,False,0,0.0,0.0,
0x1AFe…1565,212,109,-0.31,23.9,-34.1,4,,1.0,0,1,0.03,0.3,4,-8.5,"ORDIL 18%, JTOL 10%, DOGEL 9%",True,True,False,False,False,True,True,False,5,-14.2,-3.6,-2.84
0x1Ad7…29D6,304,601,-0.29,36.6,-172.1,3,,0.0,0,0,0.0,0.8,3,-57.4,"TAOL 33%, XMRL 19%, KTAL 9%",True,True,False,False,False,True,True,False,0,0.0,0.0,
0x1B02…9E5F,304,132,-0.22,3.0,-29.3,3,,0.0,0,0,0.0,0.0,1,-29.3,"BTCL 80%, BTCS 19%, ETHS 1%",True,True,False,False,False,True,True,False,0,0.0,0.0,
0x1B20…05C4,269,1521,-0.23,33.1,-352.7,9,,4.8,0,9,1.23,0.8,3,-117.6,"BTCS 36%, BTCL 26%, ZECS 4%",True,True,False,False,False,True,True,False,502,-90.9,-30.3,-0.18
0x1B26…c80B,191,134,-1.08,42.5,-145.0,4,,0.0,0,0,0.0,349.9,45,-3.2,"SYRUPS 3%, BRETTS 2%, 0GL 2%",True,True,False,False,True,True,False,False,0,0.0,0.0,
0x1B81…1c60,292,155,0.23,41.9,36.4,2,,0.0,0,0,0.0,1.7,3,12.1,"ETHS 17%, ETHL 10%, HYPES 8%",True,True,True,False,False,True,True,False,0,0.0,0.0,
0x1C1e…D4dC,304,98,1.69,58.2,165.8,2,,3.9,1,4,0.2,32.3,4,41.4,"ETHS 22%, BTCS 16%, BTCL 12%",True,False,True,True,True,True,True,False,10,-1.0,-0.2,-0.1
0x1C52…fd0D,303,131,-3.11,42.7,-407.8,9,,7.0,5,21,1.4,43.7,8,-51.0,"HYPEL 14%, ETHL 13%, BTCL 12%",True,True,False,True,True,True,True,False,39,63.6,8.0,1.63
0x1D1B…95BF,304,363,-1.14,11.3,-415.1,3,,0.0,0,0,0.0,3.0,6,-69.2,"MNTL 30%, EIGENL 22%, SL 10%",True,True,False,False,True,True,True,False,0,0.0,0.0,
0x1E05…fA88,87,49,2.91,59.2,142.6,0,,1.9,4,9,0.47,260.8,11,13.0,"VVVS 6%, FETS 6%, PENGUS 4%",False,False,True,True,True,True,False,False,39,-345.3,-31.4,-8.85
0x1E1B…a0df,296,169,-0.34,62.1,-57.6,4,,1.0,1,1,0.03,4.2,2,-28.8,"SOLL 46%, SOLS 33%, BTCS 11%",True,True,False,False,True,True,True,False,4,-17.1,-8.6,-4.28
0x1E4F…5713,138,62,-0.11,35.5,-7.1,3,,2.5,1,4,0.23,3.1,2,-3.6,"BTCL 16%, BTCS 11%, DYDXL 6%",True,False,False,True,True,True,True,False,47,-19.4,-9.7,-0.41
0x1E9F…Dd55,304,556,0.15,47.7,81.4,5,,9.3,16,32,2.2,5.7,3,27.1,"ETHS 11%, ETHL 7%, SUIL 6%",True,True,True,True,True,True,True,True,152,104.1,34.7,0.69
0x1F5c…307B,31,59,-0.81,39.0,-47.7,2,,5.4,9,27,1.83,8.9,3,-15.9,"ETHL 19%, VVVS 14%, LITS 8%",False,False,False,True,True,True,True,False,74,45.7,15.2,0.62
0x1FBA…8589,268,157,-0.18,37.6,-27.7,2,,0.0,0,0,0.0,0.4,1,-27.7,"DOGEL 76%, DOGES 24%",True,True,False,False,False,True,True,False,0,0.0,0.0,
0x1FC1…D8F7,303,526,-0.11,52.1,-60.3,5,,2.9,8,17,0.63,4.6,3,-20.1,"ICPS 6%, VVVS 6%, WLFIS 4%",True,True,False,True,True,True,True,False,362,-79.4,-26.5,-0.22
0x1ab6…1F7D,34,473,-0.11,76.5,-51.7,1,,26.5,98,163,13.37,6.9,10,-5.2,"ADAS 8%, ADAL 6%, DOTS 6%",False,True,False,True,False,True,True,False,133,-18.2,-1.8,-0.14
0x1b71…55E8,264,121,-0.04,36.4,-5.4,3,,0.0,0,0,0.0,1.2,3,-1.8,"ETHL 24%, ETHS 21%, BTCL 18%",True,True,False,False,False,True,True,False,0,0.0,0.0,
0x1c74…419E,290,125,-0.28,26.4,-35.0,5,,0.0,0,0,0.0,3.2,1,-35.0,"LINKS 57%, LINKL 43%",True,True,False,False,True,True,True,False,0,0.0,0.0,
0x1c75…7Df5,303,101,-0.07,81.2,-7.2,3,,0.0,0,0,0.0,1.5,1,-7.2,"ETHL 83%, ETHS 17%",True,True,False,False,False,True,True,False,0,0.0,0.0,
0x1c84…E40a,304,153,0.9,52.3,137.3,4,,2.0,0,0,0.07,38.7,6,22.9,"OMS 7%, 0GL 5%, BTCL 4%",True,True,True,False,True,True,True,False,0,0.0,0.0,
0x1d18…FCE5,304,424,-0.68,45.5,-286.4,8,,12.3,0,1,2.2,4.4,9,-31.8,"SOLL 10%, XRPL 7%, DOLOL 7%",True,True,False,False,True,True,True,False,63,39.9,4.4,0.63
0x1d53…dbeA,304,61,-0.02,62.3,-1.3,4,,1.0,0,0,0.0,121.0,3,-0.4,"BTCS 46%, ETHS 16%, LTCS 10%",True,False,False,False,True,True,True,False,48,-43.5,-14.5,-0.91
0x1d59…80F4,302,208,-0.25,30.8,-52.1,9,,3.8,0,3,0.5,1.0,2,-26.0,"ETHL 67%, BTCL 14%, ETHS 13%",True,True,False,False,False,True,True,False,0,0.0,0.0,
0x1d65…B85a,249,529,0.3,56.5,157.5,1,,0.0,0,0,0.0,4.4,12,13.1,"KTAL 7%, KTAS 4%, EIGENL 4%",True,True,True,False,True,True,False,False,0,0.0,0.0,
0x1dB9…5b06,303,234,-0.65,19.7,-151.7,6,,0.0,0,0,0.0,1.1,1,-151.7,"FARTCOINL 60%, FARTCOINS 22%, ETHL 7%",True,True,False,False,False,True,True,False,0,0.0,0.0,
0x1dad…6411,262,167,-0.22,22.2,-37.1,2,,0.0,0,0,0.0,1.5,3,-12.4,"AEROL 52%, SOLL 23%, SUIL 7%",True,True,False,False,False,True,True,False,0,0.0,0.0,
0x1ffd…afc3,301,172,-0.25,33.1,-42.5,5,,0.0,0,0,0.0,0.5,1,-42.5,"DOGES 23%, ATOMS 20%, ATOML 16%",True,True,False,False,False,True,True,False,41,2.7,2.7,0.07
0x2003…C5c9,287,156,-0.45,32.1,-70.6,6,,5.3,0,0,0.2,0.3,1,-70.6,"SOLL 33%, SOLS 20%, ETHL 10%",True,True,False,False,False,True,True,False,0,0.0,0.0,
0x202F…bc5E,303,366,-0.22,37.7,-79.4,8,,3.8,6,14,1.4,12.5,3,-26.5,"BTCL 25%, BTCS 22%, ETHS 5%",True,True,False,True,True,True,True,False,37,-87.9,-29.3,-2.38
0x204a…c327,304,164,-0.2,57.9,-32.3,4,,0.0,0,0,0.0,2.9,3,-10.8,"LINKL 9%, UNIL 7%, AVAXS 7%",True,True,False,False,True,True,True,False,0,0.0,0.0,
0x205B…0355,289,107,-0.34,4.7,-36.0,2,,0.0,0,0,0.0,0.0,1,-36.0,"BTCL 85%, BTCS 15%",True,True,False,False,False,True,True,False,0,0.0,0.0,
0x2068…28EC,297,149,0.05,66.4,8.1,5,,2.3,1,10,0.37,7.1,2,4.0,"BTCS 13%, BTCL 11%, ETHL 7%",True,True,True,True,True,True,True,True,19,-4.5,-2.2,-0.24
0x20A9…7175,286,227,-0.05,35.2,-12.3,5,,3.0,7,15,0.5,2.5,1,-12.3,"XRPS 47%, XRPL 33%, SOLS 11%",True,True,False,True,True,True,True,False,107,-29.0,-29.0,-0.27
0x20EA…76A4,303,782,-0.24,36.6,-186.9,10,,4.0,5,17,0.9,2.6,2,-93.4,"ETHL 28%, ETHS 27%, BTCL 22%",True,True,False,True,True,True,True,False,32,-12.2,-6.1,-0.38
0x2165…FB8e,302,101,-0.78,26.7,-78.9,9,,1.1,2,2,0.13,13.7,1,-78.9,"DOGEL 9%, PEPEL 6%, XLML 6%",True,True,False,False,True,True,True,False,9,14.9,14.9,1.66
0x2171…e96F,272,154,-0.47,23.4,-71.9,3,,0.0,0,0,0.0,1.5,2,-36.0,"ETHL 28%, SL 15%, VVVS 7%",True,True,False,False,False,True,True,False,0,0.0,0.0,
0x2177…DD7d,299,120,-0.16,35.8,-18.6,5,,0.0,0,0,0.0,12.4,5,-3.7,"BTCL 18%, VIRTUALL 12%, INJL 8%",True,True,False,False,True,True,True,False,0,0.0,0.0,
0x21aC…b272,121,57,-0.16,26.3,-9.3,4,,3.8,3,3,0.6,2.1,2,-4.6,"BTCS 58%, BTCL 42%",True,False,False,False,True,True,True,False,49,-13.2,-6.6,-0.27
0x220C…4904,157,147,0.11,63.3,16.4,3,,5.4,9,16,1.1,6.1,2,8.2,"BTCS 48%, BTCL 44%, DOGEL 5%",True,True,True,True,True,True,True,True,75,8.6,4.3,0.11
0x225E…Dcd4,304,190,-0.24,32.1,-45.7,3,,0.0,0,0,0.0,0.2,1,-45.7,"XPLL 15%, ZORAL 15%, LTCL 12%",True,True,False,False,False,True,True,False,0,0.0,0.0,
0x2283…359c,304,119,-1.92,28.6,-228.9,7,,0.0,0,0,0.0,10.3,2,-114.4,"PENGUL 41%, SUIL 17%, PENGUS 15%",True,True,False,False,True,True,True,False,37,-10.1,-5.0,-0.27
0x22ce…6C72,304,160,1.11,73.8,177.9,2,,3.2,5,5,0.3,42.6,3,59.3,"BTCS 25%, ETHS 22%, ETHL 17%",True,True,True,True,True,True,True,True,0,0.0,0.0,
0x238F…b3e8,108,111,-0.36,43.2,-40.0,3,,0.0,0,0,0.0,1.2,2,-20.0,"BTCS 25%, BTCL 22%, SUIL 6%",True,True,False,False,False,True,True,False,0,0.0,0.0,
0x23bf…740A,304,100,-0.82,26.0,-81.9,5,,10.4,0,2,0.73,6.1,7,-11.7,"LINKL 12%, VVVL 12%, HYPEL 10%",True,True,False,False,True,True,True,False,109,-54.6,-7.8,-0.5
0x23fc…605A,303,95,-3.01,52.6,-285.5,3,,3.3,2,2,0.07,94.0,9,-31.7,"BTCL 15%, ETHL 15%, LINKL 11%",True,False,False,False,True,True,True,False,3,34.8,3.9,11.59
0x250B…0786,109,497,-0.29,20.7,-143.8,2,,0.0,0,0,0.0,0.4,5,-28.8,"DOGEL 35%, BTCL 17%, SUIL 13%",True,True,False,False,False,True,True,False,0,0.0,0.0,
0x253B…5e3b,133,151,-1.95,6.6,-295.2,2,,0.0,0,0,0.0,10.0,41,-7.2,"LITL 3%, OKBL 3%, PUMPL 3%",True,True,False,False,True,True,False,False,38,-17.9,-0.4,-0.47
0x259d…c8e4,224,101,-0.03,49.5,-2.7,4,,0.0,0,0,0.0,1.1,1,-2.7,"BTCS 50%, BTCL 32%, ETHS 10%",True,True,False,False,False,True,True,False,5,-13.0,-13.0,-2.6
0x25C6…cC02,270,113,-0.79,39.8,-89.8,7,,0.0,0,0,0.0,0.4,1,-89.8,"BONKL 12%, PEPEL 10%, XRPS 5%",True,True,False,False,False,True,True,False,8,5.4,5.4,0.68
0x25ba…8189,109,168,-0.72,40.5,-121.5,4,,3.4,2,19,1.03,5.6,4,-30.4,"ZECS 11%, HYPES 8%, FETS 7%",True,True,False,True,True,True,True,False,11,8.8,2.2,0.8
0x25e4…13f2,304,122,-0.41,48.4,-49.5,4,,0.0,0,0,0.0,19.3,8,-6.2,"BTCS 4%, XRPL 4%, BTCL 4%",True,True,False,False,True,True,True,False,0,0.0,0.0,
0x262C…1732,295,86,-0.91,31.4,-78.3,7,,7.3,4,5,0.17,3.1,2,-39.2,"ASTERL 22%, BTCL 17%, ASTERS 9%",True,False,False,True,True,True,True,False,42,-5.9,-3.0,-0.14
0x264D…Ee1E,140,111,-0.01,54.1,-1.3,2,,0.0,0,0,0.0,0.8,1,-1.3,"ETHS 75%, ETHL 25%",True,True,False,False,False,True,True,False,0,0.0,0.0,
0x2690…E629,301,103,-1.1,34.0,-112.8,3,,0.0,0,0,0.0,2.6,3,-37.6,"BTCL 17%, ICPS 13%, BTCS 10%",True,True,False,False,True,True,True,False,0,0.0,0.0,
0x272A…CFBF,128,167,-0.21,26.3,-34.6,5,,6.0,7,15,1.6,0.2,1,-34.6,"BTCS 55%, BTCL 36%, PENGUS 5%",True,True,False,True,False,True,True,False,25,-3.8,-3.8,-0.15
0x2767…59fe,296,187,-0.38,25.1,-71.8,5,,0.0,0,0,0.0,1.2,1,-71.8,"SL 69%, PENDLEL 6%, WLDS 5%",True,True,False,False,False,True,True,False,0,0.0,0.0,
0x280D…cb1B,303,212,-3.01,36.8,-638.5,5,,0.0,0,0,0.0,94.9,17,-37.6,"TAOL 13%, XRPL 8%, UNIL 7%",True,True,False,False,True,True,False,False,0,0.0,0.0,
0x280f…8A43,211,115,-0.82,31.3,-93.9,2,,0.0,0,0,0.0,0.9,4,-23.5,"BTCS 30%, BTCL 23%, XRPL 22%",True,True,False,False,False,True,True,False,7,6.1,1.5,0.87
0x286B…789d,186,247,-0.04,34.0,-9.3,4,,2.9,5,9,0.6,1.5,1,-9.3,"MONL 53%, MONS 31%, VIRTUALL 9%",True,True,False,True,False,True,True,False,151,5.9,5.9,0.04
0x288C…f22F,304,426,0.07,45.8,29.9,5,,14.1,6,13,0.83,5.2,5,6.0,"ETHS 20%, ETHL 15%, BTCS 9%",True,True,True,True,True,True,True,True,32,17.9,3.6,0.56
0x28C9…FcEF,302,99,-0.76,37.4,-74.9,4,,1.0,0,0,0.0,2.2,4,-18.7,"ETHL 22%, CROL 16%, ARBL 11%",True,False,False,False,True,True,True,False,50,39.0,9.8,0.78
0x2971…5C28,304,176,-0.26,34.1,-45.5,3,,3.6,1,10,1.0,2.4,2,-22.8,"APTL 20%, NEARL 13%, AVAXL 11%",True,True,False,True,True,True,True,False,103,59.8,29.9,0.58
0x2976…05cC,304,115,-0.13,62.6,-14.8,2,,0.0,0,0,0.0,2.5,3,-4.9,"BTCS 41%, BTCL 20%, ETHL 14%",True,True,False,False,True,True,True,False,0,0.0,0.0,
0x2976…537a,304,349,1.56,58.5,542.7,1,,4.4,1,1,0.27,17.1,11,49.3,"0GS 8%, VVVS 7%, BERAS 5%",True,True,True,False,True,True,False,False,7,26.8,2.4,3.83
0x2979…0917,66,223,-0.97,14.3,-216.8,3,,2.6,3,3,1.0,2.1,26,-8.3,"ETHL 6%, MEGAS 6%, SOLL 4%",False,True,False,False,True,True,False,False,23,-94.5,-3.6,-4.11
0x298C…abB7,195,308,-0.92,44.2,-282.9,6,,10.2,7,14,1.13,18.0,6,-47.2,"ETHS 11%, BTCL 6%, ETHL 6%",True,True,False,True,True,True,True,False,109,-115.2,-19.2,-1.06
0x2997…942d,304,355,-0.32,39.2,-113.3,8,,0.0,0,0,0.0,0.9,1,-113.3,"ETHL 43%, ETHS 37%, HYPEL 13%",True,True,False,False,False,True,True,False,0,0.0,0.0,
0x29D3…f127,59,40,-0.3,32.5,-12.1,2,,3.6,13,19,1.17,11.8,3,-4.0,"BTCL 25%, GOLDL 18%, ETHL 15%",False,False,False,True,True,True,True,False,137,-23.1,-7.7,-0.17
0x29cF…F963,303,132,0.17,46.2,22.9,2,,0.0,0,0,0.0,10.1,5,4.6,"ETHL 14%, AAVEL 11%, UNIL 10%",True,True,True,False,True,True,True,False,5,-5.2,-1.0,-1.04
0x2A0d…C760,294,111,-1.86,28.8,-207.0,8,,1.4,3,3,0.1,20.4,4,-51.8,"AVAXL 19%, ETHL 18%, SUIL 8%",True,True,False,False,True,True,True,False,17,35.4,8.8,2.08
0x2A11…08cB,229,66,-0.22,19.7,-14.7,3,,3.0,0,0,0.03,0.3,1,-14.7,"DOGEL 24%, ETHS 21%, DOGES 20%",True,False,False,False,False,True,True,False,36,-13.4,-13.4,-0.37
0x2A23…D0e5,285,61,-0.48,49.2,-29.4,6,,0.0,0,0,0.0,4.8,1,-29.4,"ARBS 39%, ARBL 36%, LINKL 11%",True,False,False,False,True,True,True,False,65,4.9,4.9,0.08
0x2AaE…f4d4,298,220,0.12,38.6,27.3,5,,0.0,0,0,0.0,3.8,3,9.1,"BTCL 16%, FARTCOINS 14%, FARTCOINL 14%",True,True,True,False,True,True,True,False,0,0.0,0.0,
0x2B74…73a3,174,110,-0.01,56.4,-0.7,3,,2.1,4,8,0.43,4.6,2,-0.4,"ETHS 18%, ETHL 17%, SOLL 8%",True,True,False,True,True,True,True,False,79,18.0,9.0,0.23
0x2BE7…BC51,303,145,-0.4,15.2,-57.4,8,,3.7,2,5,0.67,0.1,2,-28.7,"BTCL 30%, ETHL 23%, ETHS 8%",True,True,False,True,False,True,True,False,9,7.9,4.0,0.88
0x2C7B…aa87,243,269,-0.22,43.9,-60.2,4,,0.0,0,0,0.0,2.6,5,-12.0,"ETHS 6%, ETHL 4%, BTCS 4%",True,True,False,False,True,True,True,False,0,0.0,0.0,
0x2D29…4D89,304,132,0.87,49.2,114.6,5,,0.0,0,0,0.0,52.1,6,19.1,"BTCL 17%, BTCS 13%, ETHS 13%",True,True,True,False,True,True,True,False,3,-0.6,-0.1,-0.21
0x2F3F…46AF,278,431,-0.16,39.4,-69.6,4,,0.0,0,0,0.0,0.2,1,-69.6,"BTCS 6%, BTCL 6%, VIRTUALL 6%",True,True,False,False,False,True,True,False,0,0.0,0.0,
0x2a2a…5966,90,139,-0.24,32.4,-33.5,3,,8.0,22,35,2.13,1.8,3,-11.2,"PENGUL 12%, DOGES 6%, AAVEL 6%",True,True,False,True,False,True,True,False,1,-3.5,-1.2,-3.51
0x2a72…Ee1D,304,1290,0.93,54.3,1196.8,4,,2.8,11,18,1.0,66.6,36,33.2,"ETHS 3%, SOLS 3%, ICPS 3%",True,True,True,True,True,True,False,False,117,-406.8,-11.3,-3.48
0x2b60…D3C5,303,195,0.16,53.3,31.7,5,,2.0,1,1,0.03,3.4,3,10.6,"HYPEL 10%, XMRL 9%, SUIL 8%",True,True,True,False,True,True,True,False,18,44.5,14.8,2.47
0x2bff…f081,304,551,-0.2,13.6,-111.8,10,,14.8,19,19,1.07,0.2,1,-111.8,"BTCS 56%, BTCL 44%",True,True,False,True,False,True,True,False,88,-13.0,-13.0,-0.15
0x2c78…5E23,203,300,-0.19,17.0,-56.7,5,,7.0,16,29,2.03,1.4,2,-28.4,"BTCS 50%, BTCL 37%, ETHS 7%",True,True,False,True,False,True,True,False,84,-25.7,-12.8,-0.31
0x2d00…1cE8,154,174,-0.23,30.5,-39.6,1,,0.0,0,0,0.0,0.4,2,-19.8,"BTCS 59%, BTCL 37%, ETHS 2%",True,True,False,False,False,True,True,False,0,0.0,0.0,
0x2f13…5f08,87,776,0.34,60.6,265.1,0,,29.1,15,34,4.33,0.7,3,88.4,"VVVS 6%, WLDS 6%, HYPES 4%",False,True,True,True,False,True,True,False,97,-40.6,-13.5,-0.42
0x3045…C556,304,459,0.03,68.8,12.7,3,,0.0,0,0,0.0,1.0,2,6.4,"ETHL 30%, ETHS 19%, BTCL 15%",True,True,True,False,False,True,True,False,0,0.0,0.0,
0x3089…50b4,170,299,-0.23,13.7,-68.2,5,,8.9,32,34,1.13,0.1,1,-68.2,"BTCS 46%, SOLS 16%, PENGUS 14%",True,True,False,True,False,True,True,False,57,-12.0,-12.0,-0.21
0x30B3…D61C,208,486,-0.03,60.1,-12.6,2,,6.0,27,38,1.47,3.0,5,-2.5,"ETHL 14%, ETHS 14%, BTCL 8%",True,True,False,True,True,True,True,False,261,80.7,16.1,0.31
0x3146…aF50,303,331,-1.32,35.6,-437.3,8,,9.6,1,1,0.1,21.2,6,-72.9,"XMRL 17%, BTCL 16%, SOLL 9%",True,True,False,False,True,True,True,False,28,-130.2,-21.7,-4.65
0x3180…b426,302,291,-0.4,33.3,-115.1,5,,0.0,0,0,0.0,2.1,1,-115.1,"ETHL 25%, BTCL 14%, ETHS 13%",True,True,False,False,True,True,True,False,4,-2.7,-2.7,-0.67
0x31Cf…1Ec9,304,390,-1.14,34.4,-444.5,7,,7.3,0,18,1.7,22.8,8,-55.6,"KTAL 7%, BTCL 6%, ETHL 6%",True,True,False,False,True,True,True,False,8,-19.1,-2.4,-2.39
0x3330…4D51,304,222,1.48,78.8,327.5,1,,2.6,1,3,0.33,56.1,9,36.4,"BTCL 7%, SOLS 6%, DOTL 5%",True,True,True,False,True,True,True,False,18,70.1,7.8,3.89
0x335F…842f,284,142,0.1,28.9,13.6,2,,0.0,0,0,0.0,0.4,1,13.6,"FLOKIS 24%, FLOKIL 13%, FARTCOINS 12%",True,True,True,False,False,True,True,False,0,0.0,0.0,
0x3393…E16c,87,80,0.42,42.5,33.7,1,,9.0,4,4,0.53,6.2,3,11.2,"FARTCOINL 15%, SL 11%, TAOL 8%",False,False,True,True,True,True,True,False,41,-11.8,-3.9,-0.29
0x3414…0025,302,278,-0.57,24.1,-158.2,3,,0.0,0,0,0.0,3.8,4,-39.6,"ETHL 8%, SOLL 6%, XMRL 4%",True,True,False,False,True,True,True,False,0,0.0,0.0,
0x3452…34ea,299,148,0.83,77.7,123.0,1,,0.0,0,0,0.0,33.5,9,13.7,"TRUMPS 26%, SOLS 13%, ETHS 12%",True,True,True,False,True,True,True,False,0,0.0,0.0,
0x3478…4501,304,358,-0.34,40.2,-121.9,5,,0.0,0,0,0.0,0.6,7,-17.4,"ENAL 11%, TAOL 11%, PUMPL 8%",True,True,False,False,False,True,True,False,0,0.0,0.0,
0x34D5…9075,107,222,-0.28,41.9,-62.3,2,,20.0,11,20,1.53,5.9,3,-20.8,"VVVS 24%, VVVL 15%, ARBS 7%",True,True,False,True,True,True,True,False,102,10.3,3.4,0.1
0x34DD…3CF2,304,670,-0.2,40.6,-135.8,6,,6.6,0,16,1.73,3.8,3,-45.3,"BTCL 15%, BTCS 9%, ETHS 7%",True,True,False,False,True,True,True,False,69,-25.6,-8.5,-0.37
0x34Ff…58b8,302,508,-0.37,43.5,-189.8,7,,6.4,1,3,0.63,8.4,13,-14.6,"XRPL 16%, SOLL 7%, XLML 7%",True,True,False,False,True,True,False,False,15,53.6,4.1,3.57
0x34db…E729,70,57,0.11,43.9,6.4,1,,15.1,35,56,1.87,0.9,7,0.9,"SILVERL 7%, DOGEL 5%, ETHL 5%",False,False,True,True,False,True,True,False,200,-17.9,-2.6,-0.09
0x3528…9494,304,5090,-0.1,46.8,-506.9,6,,24.7,58,108,6.73,17.8,39,-13.0,"ICPS 2%, TRUMPL 2%, VVVS 2%",True,True,False,True,False,True,False,False,585,-502.2,-12.9,-0.86
0x3555…bB30,303,163,-2.47,65.6,-401.9,6,,2.5,3,8,0.4,117.7,8,-50.2,"BTCL 17%, ETHL 15%, SOLL 13%",True,True,False,True,True,True,True,False,11,113.0,14.1,10.27
0x36BD…dE54,304,112,1.9,51.8,212.6,1,,0.0,0,0,0.0,19.1,8,26.6,"ETHL 8%, TONL 8%, BTCL 7%",True,True,True,False,True,True,True,False,0,0.0,0.0,
0x37Ad…3FFB,303,930,-0.31,23.7,-291.9,10,,1.0,0,0,0.07,0.5,2,-146.0,"FARTCOINL 17%, PENGUL 13%, PEPES 10%",True,True,False,False,False,True,True,False,105,5.6,2.8,0.05
0x37Cf…aAF6,304,566,-0.13,49.3,-71.0,5,,2.0,0,0,0.0,0.6,2,-35.5,"SOLL 32%, SOLS 22%, FARTCOINS 12%",True,True,False,False,False,True,True,False,115,19.4,9.7,0.17
0x37dE…C558,171,1445,-0.06,36.0,-82.5,2,,17.8,67,104,5.13,2.9,15,-5.5,"BTCS 10%, BTCL 8%, ETHS 5%",True,True,False,True,False,True,False,False,155,-167.5,-11.2,-1.08
0x3803…B482,304,131,3.96,61.8,519.0,2,,2.6,0,0,0.07,36.8,8,64.9,"OMS 5%, DOLOS 5%, MOODENGS 5%",True,True,True,False,True,True,True,False,4,-20.5,-2.6,-5.12
0x3804…e4B7,304,122,0.42,78.7,50.9,2,,0.0,0,0,0.0,1.9,2,25.4,"ETHL 29%, LINKL 26%, BTCL 24%",True,True,True,False,False,True,True,False,0,0.0,0.0,
0x3855…2eCb,302,1530,-0.6,26.1,-914.1,9,,225.1,67,98,7.8,2.5,8,-114.3,"HYPEL 17%, SOLL 14%, ETHL 11%",True,True,False,True,False,False,True,False,239,-7.5,-0.9,-0.03
0x38E4…9258,201,304,-0.15,34.9,-46.6,4,,12.3,7,17,0.57,0.6,3,-15.5,"ZECL 23%, VVVL 15%, NEARL 13%",True,True,False,True,False,True,True,False,0,0.0,0.0,
0x38b0…599E,303,1190,-0.2,0.1,-237.9,2,,0.0,0,0,0.0,0.0,1,-237.9,BTCS 100%,True,True,False,False,False,True,True,False,0,0.0,0.0,
0x38b1…30a6,304,285,-0.45,33.3,-129.5,3,,0.0,0,0,0.0,1.7,6,-21.6,"SOLL 6%, FARTCOINS 6%, KASS 5%",True,True,False,False,False,True,True,False,0,0.0,0.0,
0x38fF…5ea1,303,102,0.3,54.9,30.3,2,,1.0,0,0,0.07,7.7,1,30.3,"BTCL 29%, BTCS 25%, ETHS 14%",True,True,True,False,True,True,True,False,0,0.0,0.0,
0x3921…97c5,73,143,-0.69,5.6,-98.3,3,,5.0,0,0,0.07,0.5,3,-32.8,"NEARL 52%, XLML 16%, WLDL 15%",False,True,False,False,False,True,True,False,0,0.0,0.0,
0x398E…3c35,64,529,-0.22,39.1,-116.8,3,,18.1,0,0,3.8,9.2,10,-11.7,"WLDL 5%, WLDS 5%, SOLL 4%",False,True,False,False,False,True,True,False,0,0.0,0.0,
0x3A39…8b4e,270,122,-0.27,22.1,-33.1,3,,2.0,0,0,0.03,0.3,1,-33.1,"BTCL 43%, BTCS 34%, SOLS 11%",True,True,False,False,False,True,True,False,6,-5.2,-5.2,-0.86
0x3A73…7E04,304,274,0.32,51.8,86.6,3,,4.9,14,32,1.6,17.4,3,28.9,"ETHS 26%, ETHL 20%, BTCS 13%",True,True,True,True,True,True,True,True,41,-19.4,-6.5,-0.47
0x3ABC…a2e5,304,170,0.43,55.9,73.3,1,,3.0,0,6,0.2,2.2,5,14.7,"FARTCOINS 8%, ASTERS 7%, LINKS 6%",True,True,True,False,True,True,True,False,0,0.0,0.0,
0x3B93…3693,212,202,-0.42,51.5,-84.8,3,,0.0,0,0,0.0,0.3,3,-28.3,"BTCL 23%, BTCS 16%, SOLL 11%",True,True,False,False,False,True,True,False,0,0.0,0.0,
0x3B9b…e8DB,127,350,-0.44,40.9,-155.7,4,,7.6,3,7,1.77,3.7,2,-77.8,"BERAL 49%, 0GL 30%, IPL 6%",True,True,False,True,True,True,True,False,0,0.0,0.0,
0x3BF0…1842,198,179,0.02,51.4,3.4,2,,4.0,8,8,0.4,15.7,9,0.4,"BTCL 38%, BTCS 30%, ETHL 5%",True,True,True,True,True,True,True,True,45,-115.4,-12.8,-2.56
0x3C05…Cd8d,195,442,-0.42,20.4,-187.1,4,,0.0,0,0,0.0,1.9,3,-62.4,"BTCL 26%, HYPEL 20%, TAOL 10%",True,True,False,False,False,True,True,False,0,0.0,0.0,
0x3C21…0756,283,153,-0.54,60.1,-82.1,4,,0.0,0,0,0.0,2.1,2,-41.0,"PEPES 20%, PEPEL 18%, ETHS 9%",True,True,False,False,True,True,True,False,0,0.0,0.0,
0x3C3c…435E,304,618,-0.08,49.7,-49.9,6,,0.0,0,0,0.0,5.4,3,-16.6,"ETHS 26%, ETHL 23%, BTCS 22%",True,True,False,False,True,True,True,False,26,-5.1,-1.7,-0.2
0x3D32…51C3,304,1115,-0.56,31.9,-622.3,9,,10.6,11,25,2.33,2.7,5,-124.5,"BTCL 26%, BTCS 18%, XPLS 5%",True,True,False,True,True,True,True,False,107,-84.7,-16.9,-0.79
0x3Dc0…0Ce9,181,132,-0.15,10.6,-19.2,4,,5.2,13,13,0.43,0.3,1,-19.2,"ETHL 30%, AVAXL 17%, BTCS 16%",True,True,False,True,False,True,True,False,97,-36.2,-36.2,-0.37
0x3E4E…6A0E,295,4,-1.29,0.0,-5.2,2,,0.0,0,0,0.0,5.3,2,-2.6,"ZORAS 25%, ETHL 25%, BTCL 25%",True,False,False,False,True,True,True,False,163,-76.7,-38.4,-0.47
0x3EDa…f6B4,303,264,-1.34,19.7,-353.0,9,,4.2,6,16,1.3,9.9,3,-117.7,"AEROL 49%, KTAL 16%, AVNTL 10%",True,True,False,True,True,True,True,False,53,53.3,17.8,1.0
0x3F5b…c736,304,134,-0.39,33.6,-52.8,6,,0.0,0,0,0.0,4.6,3,-17.6,"BTCL 36%, BTCS 27%, SOLL 8%",True,True,False,False,True,True,True,False,0,0.0,0.0,
0x3a67…17D5,259,189,-0.31,24.3,-57.8,5,,0.0,0,0,0.0,2.0,2,-28.9,"SPX6900L 12%, FARTCOINL 10%, PUMPL 7%",True,True,False,False,True,True,True,False,0,0.0,0.0,
0x3b05…519e,304,202,-0.02,25.2,-3.1,2,,0.0,0,0,0.0,0.4,1,-3.1,"KTAL 74%, KTAS 25%, BTCL 1%",True,True,False,False,False,True,True,False,0,0.0,0.0,
0x3bfe…6977,127,266,-0.34,40.6,-91.4,3,,0.0,0,0,0.0,0.8,4,-22.8,"VVVL 7%, VVVS 7%, ZECL 5%",True,True,False,False,False,True,True,False,0,0.0,0.0,
0x3d0f…4b51,101,141,-0.05,44.7,-6.8,2,,6.5,12,19,1.03,0.7,1,-6.8,"ETHS 62%, ETHL 14%, SOLL 13%",True,True,False,True,False,True,True,False,18,-0.8,-0.8,-0.05
0x3d5B…D657,147,147,-0.21,31.3,-30.2,1,,0.0,0,0,0.0,0.5,2,-15.1,"BTCL 50%, BTCS 50%",True,True,False,False,False,True,True,False,0,0.0,0.0,
0x3dE0…2d39,274,132,-0.69,43.9,-90.8,3,,0.0,0,0,0.0,2.2,2,-45.4,"SOLL 8%, WLFIS 8%, FILL 7%",True,True,False,False,True,True,True,False,0,0.0,0.0,
0x3e7D…2D34,153,212,1.96,100.0,414.5,0,,0.0,0,0,0.0,0.0,1,414.5,"WELLL 51%, WELLS 49%",True,True,True,False,False,True,True,False,0,0.0,0.0,
0x3eA1…BDaf,208,99,-0.07,37.4,-6.9,2,,2.0,1,2,0.07,0.7,1,-6.9,"DOGEL 59%, DOGES 40%, BTCS 1%",True,False,False,False,False,True,True,False,7,-11.1,-11.1,-1.59
0x3f2d…8524,167,131,-1.87,40.5,-245.1,5,,1.0,1,1,0.03,28.2,12,-20.4,"LDOL 5%, WLFIL 5%, FETL 4%",True,True,False,False,True,True,False,False,0,0.0,0.0,
0x3feC…B3F1,148,114,-0.16,28.9,-18.0,3,,3.3,1,9,0.87,7.2,1,-18.0,"DOTS 58%, DOTL 42%",True,True,False,True,True,True,True,False,126,-2.6,-2.6,-0.02
0x4058…eE26,276,1456,-0.11,28.8,-165.9,6,,8.7,1,1,0.03,0.4,2,-83.0,"ETHS 24%, ETHL 20%, CHZL 7%",True,True,False,False,False,True,True,False,15,11.4,5.7,0.76
0x405A…6094,245,278,-0.55,15.8,-153.0,6,,42.7,0,0,0.77,1.4,2,-76.5,"ZECS 24%, ETHS 22%, ZECL 21%",True,True,False,False,False,True,True,False,0,0.0,0.0,
0x4087…a54D,296,524,1.05,53.2,550.5,3,,0.0,0,0,0.0,36.6,18,30.6,"TAOS 4%, FARTCOINS 4%, XRPS 4%",True,True,True,False,True,True,False,False,0,0.0,0.0,
0x40A4…0D4d,275,808,-0.77,30.9,-625.9,6,,0.0,0,0,0.0,22.4,26,-24.1,"KTAS 2%, AEROL 2%, KTAL 2%",True,True,False,False,True,True,False,False,0,0.0,0.0,
0x410F…8a59,303,279,-0.2,0.7,-55.9,3,,0.0,0,0,0.0,0.0,1,-55.9,"BTCS 94%, BTCL 5%, SOLL 1%",True,True,False,False,False,True,True,False,0,0.0,0.0,
0x4135…35d5,162,566,0.08,60.4,45.5,2,,0.0,0,0,0.0,0.8,4,11.4,"VVVS 9%, ZROS 7%, ZECS 6%",True,True,True,False,False,True,True,False,0,0.0,0.0,
0x4141…B39c,304,431,0.0,29.5,0.2,3,,3.0,3,3,0.3,3.2,7,0.0,"BTCL 19%, ETHL 18%, BTCS 16%",True,True,False,False,True,True,True,False,39,-20.3,-2.9,-0.52
0x4191…8340,303,259,-0.65,41.3,-169.6,7,,1.0,0,0,0.03,16.2,4,-42.4,"LINKL 22%, LINKS 12%, XLML 7%",True,True,False,False,True,True,True,False,5,-44.3,-11.1,-8.87
0x41eD…35Ba,101,117,-0.19,49.6,-22.0,3,,2.9,11,16,0.77,3.1,2,-11.0,"ETHL 11%, WTIOILL 10%, XMRL 9%",True,True,False,True,True,True,True,False,50,-13.9,-7.0,-0.28
0x4203…417a,294,124,-0.37,33.1,-45.3,2,,3.0,3,3,0.1,2.8,2,-22.6,"ETHS 30%, BTCS 27%, ETHL 27%",True,True,False,False,True,True,True,False,0,0.0,0.0,
0x426e…9213,277,51,0.16,29.4,8.1,1,,6.4,3,16,1.3,0.1,2,4.0,"ETHS 37%, ETHL 33%, BTCL 14%",True,False,True,True,False,True,True,False,97,-30.2,-15.1,-0.31
0x4286…C861,302,141,-0.26,72.3,-36.5,5,,2.8,1,1,0.2,4.0,2,-18.2,"BTCS 36%, BTCL 16%, DOGEL 16%",True,True,False,False,True,True,True,False,18,-7.8,-3.9,-0.43
0x429F…291c,64,213,0.13,31.5,27.9,0,,0.0,0,0,0.0,1.0,18,1.5,"BTCL 26%, BTCS 26%, WTIOILS 7%",False,True,True,False,False,True,False,False,0,0.0,0.0,
0x429c…1CF8,304,253,-0.19,45.8,-47.1,2,,0.0,0,0,0.0,0.7,5,-9.4,"ETHL 31%, ETHS 24%, AVAXS 14%",True,True,False,False,False,True,True,False,0,0.0,0.0,
0x42b9…F470,153,109,-0.36,24.8,-38.9,4,,0.0,0,0,0.0,0.8,1,-38.9,"SOLL 57%, SOLS 29%, TRUMPL 7%",True,True,False,False,False,True,True,False,0,0.0,0.0,
0x432f…2EdB,47,68,-0.09,50.0,-6.4,1,,7.5,9,25,1.37,0.5,1,-6.4,"VVVL 56%, VVVS 43%, SOLL 1%",False,False,False,True,False,True,True,False,53,3.7,3.7,0.07
0x4338…F51B,300,122,-0.1,52.5,-12.2,2,,0.0,0,0,0.0,0.8,2,-6.1,"ETHS 20%, FARTCOINS 11%, ETHL 10%",True,True,False,False,False,True,True,False,0,0.0,0.0,
0x43F9…7cE3,301,180,-0.2,0.6,-35.4,1,,0.0,0,0,0.0,0.0,1,-35.4,"BTCS 98%, BTCL 2%",True,True,False,False,False,True,True,False,0,0.0,0.0,
0x441b…923f,293,307,-0.28,26.4,-86.9,8,,6.0,0,0,0.1,1.3,1,-86.9,"ARBL 25%, XRPS 17%, ETHL 16%",True,True,False,False,False,True,True,False,0,0.0,0.0,
0x44ba…8e8F,304,120,0.13,39.2,15.8,3,,0.0,0,0,0.0,9.2,4,4.0,"XPLL 15%, PENGUL 10%, BTCS 9%",True,True,True,False,True,True,True,False,27,-14.1,-3.5,-0.52
0x4549…02a3,267,104,-0.44,29.8,-45.9,2,,0.0,0,0,0.0,0.8,3,-15.3,"ETHL 38%, KTAL 12%, KTAS 9%",True,True,False,False,False,True,True,False,0,0.0,0.0,
0x4584…541c,252,162,-0.65,24.1,-106.0,5,,0.0,0,0,0.0,3.4,3,-35.3,"ETHL 39%, SOLL 21%, BTCS 9%",True,True,False,False,True,True,True,False,0,0.0,0.0,
0x45E2…Dd99,304,220,-1.65,65.5,-362.7,5,,5.9,8,13,0.77,183.0,21,-17.3,"SOLL 5%, APTL 4%, BTCL 4%",True,True,False,True,True,True,False,False,16,-22.0,-1.0,-1.37
0x46b2…033f,304,113,2.94,53.1,331.7,0,,0.0,0,0,0.0,26.7,17,19.5,"PUMPS 8%, GMXS 7%, GMXL 4%",True,True,True,False,True,True,False,False,0,0.0,0.0,
0x46dF…8578,169,272,0.05,65.4,14.4,3,,0.0,0,0,0.0,1.1,3,4.8,"VVVS 34%, BTCS 20%, BTCL 13%",True,True,True,False,False,True,True,False,0,0.0,0.0,
0x46e3…2CDB,301,126,-0.09,38.1,-11.3,3,,0.0,0,0,0.0,0.8,1,-11.3,"ETHS 68%, ETHL 29%, BTCS 2%",True,True,False,False,False,True,True,False,0,0.0,0.0,
0x474B…E1a3,300,107,-2.17,29.9,-232.0,5,,0.0,0,0,0.0,2.3,4,-58.0,"BTCL 16%, BTCS 10%, ICPL 7%",True,True,False,False,True,True,True,False,0,0.0,0.0,
0x47B6…3FEe,286,146,-1.48,32.9,-216.1,6,,3.2,0,0,0.0,17.1,5,-43.2,"LINKS 27%, LINKL 25%, BTCL 7%",True,True,False,False,True,True,True,False,1,-3.4,-0.7,-3.39
0x47a6…067a,304,125,-2.37,68.0,-296.7,4,,2.7,1,2,0.07,3.8,8,-37.1,"FARTCOINL 19%, BTCL 10%, GMXL 8%",True,True,False,False,True,True,True,False,0,0.0,0.0,
0x47f8…7948,287,91,-0.13,39.6,-12.0,5,,3.6,0,0,0.53,4.8,1,-12.0,"BTCL 26%, ETHL 22%, HYPEL 19%",True,False,False,False,True,True,True,False,40,-19.8,-19.8,-0.49
0x481e…5e23,303,118,-0.21,0.0,-24.7,1,,0.0,0,0,0.0,0.0,1,-24.7,"BTCS 97%, BTCL 3%",True,True,False,False,False,True,True,False,0,0.0,0.0,
0x483a…37cd,283,142,-0.33,19.0,-46.9,4,,0.0,0,0,0.0,0.4,1,-46.9,"LINKL 94%, LINKS 6%",True,True,False,False,False,True,True,False,0,0.0,0.0,
0x488f…db89,208,58,-1.41,32.8,-81.6,5,,0.0,0,0,0.0,13.7,2,-40.8,"SOLL 33%, SOLS 29%, XRPL 12%",True,False,False,False,True,True,True,False,102,23.2,11.6,0.23
0x4897…C644,266,131,-0.39,33.6,-50.6,5,,0.0,0,0,0.0,4.1,2,-25.3,"ZECL 19%, ZECS 16%, FARTCOINS 15%",True,True,False,False,True,True,True,False,0,0.0,0.0,
0x490E…5Eb2,201,112,-0.01,29.5,-0.8,2,,0.0,0,0,0.0,0.8,14,-0.1,"HYPES 28%, HYPEL 18%, INJS 14%",True,True,False,False,False,True,False,False,4,-4.0,-0.3,-0.99
0x4918…B784,304,131,1.93,77.9,252.6,0,,1.5,1,3,0.23,26.6,3,84.2,"ETHL 38%, SOLL 26%, ETHS 18%",True,True,True,False,True,True,True,False,8,14.4,4.8,1.8
0x491e…0881,98,237,-0.05,37.1,-11.8,2,,17.0,0,0,0.3,0.4,2,-5.9,"BTCS 51%, BTCL 33%, SILVERS 5%",True,True,False,False,False,True,True,False,16,10.0,5.0,0.63
0x4994…D92f,303,239,-0.44,61.9,-104.5,9,,2.3,2,8,0.47,7.5,5,-20.9,"BNBL 17%, ASTERL 15%, BTCL 12%",True,True,False,True,True,True,True,False,44,-2.7,-0.5,-0.06
0x49cB…Fa57,304,156,-0.48,27.6,-75.1,5,,2.2,3,3,0.2,1.3,3,-25.0,"UNIL 33%, ONDOL 20%, ETHL 17%",True,True,False,False,False,True,True,False,0,0.0,0.0,
0x4A16…0080,302,191,-0.24,34.0,-45.7,5,,0.0,0,0,0.0,0.3,1,-45.7,"AIXBTL 8%, BTCL 8%, BTCS 7%",True,True,False,False,False,True,True,False,0,0.0,0.0,
0x4A25…A01E,304,189,0.72,70.9,136.7,3,,1.8,0,1,0.13,18.2,3,45.6,"ETHS 13%, TAOS 13%, TAOL 12%",True,True,True,False,True,True,True,False,5,-5.5,-1.8,-1.1
0x4Af3…370B,303,223,-0.39,20.2,-86.1,8,,0.0,0,0,0.0,0.9,2,-43.0,"DOGEL 43%, BTCL 19%, PENGUL 16%",True,True,False,False,False,True,True,False,8,-5.4,-2.7,-0.68
0x4B9f…C9B7,303,125,-0.2,58.4,-25.5,1,,0.0,0,0,0.0,1.1,1,-25.5,"SOLL 16%, DOGEL 14%, SOLS 13%",True,True,False,False,False,True,True,False,0,0.0,0.0,
0x4C57…8eE6,199,452,-0.3,38.7,-137.6,6,,0.0,0,0,0.0,0.3,1,-137.6,"BTCL 45%, BTCS 37%, PENGUS 3%",True,True,False,False,False,True,True,False,0,0.0,0.0,
0x4C85…C83F,202,114,-0.15,15.8,-17.3,1,,0.0,0,0,0.0,0.0,1,-17.3,"ETHL 53%, WLFIL 11%, BTCL 11%",True,True,False,False,False,True,True,False,0,0.0,0.0,
0x4D09…AD40,304,701,0.06,49.2,40.1,5,,9.6,1,3,0.87,1.1,1,40.1,"ETHL 90%, ETHS 9%, APEL 0%",True,True,True,False,False,True,True,False,21,12.6,12.6,0.6
0x4D8F…2Bd1,301,84,1.25,60.7,105.1,1,,1.3,0,0,0.13,28.8,6,17.5,"BTCL 14%, ETHS 6%, 0GL 5%",True,False,True,False,True,True,True,False,20,-11.6,-1.9,-0.58
0x4DAE…5971,295,668,-0.36,26.0,-243.3,8,,4.5,8,26,1.9,7.3,3,-81.1,"BTCL 12%, ETHL 12%, SOLL 8%",True,True,False,True,True,True,True,False,76,-48.6,-16.2,-0.64
0x4E98…cc62,275,66,-0.18,40.9,-12.1,4,,0.0,0,0,0.0,0.2,1,-12.1,"ETHL 58%, ETHS 21%, BTCS 15%",True,False,False,False,False,True,True,False,40,-15.2,-15.2,-0.38
0x4F34…40fd,297,230,-0.3,17.4,-67.9,3,,18.9,0,31,4.07,0.6,1,-67.9,"ETHL 81%, ETHS 19%, XRPS 0%",True,True,False,False,False,True,True,False,138,-40.1,-40.1,-0.29
0x4F71…09f7,122,100,-0.15,62.0,-15.0,3,,2.0,1,1,0.03,1.1,1,-15.0,"BTCS 43%, BTCL 28%, ETHS 11%",True,True,False,False,False,True,True,False,2,-0.1,-0.1,-0.05
0x4F95…204B,182,269,-0.32,20.4,-84.8,2,,0.0,0,0,0.0,0.1,1,-84.8,"ETHL 42%, BTCL 30%, ETHS 13%",True,True,False,False,False,True,True,False,0,0.0,0.0,
0x4Fb0…171D,297,118,-0.42,43.2,-50.0,4,,0.0,0,0,0.0,2.9,3,-16.7,"HYPEL 22%, BTCL 11%, ZECL 10%",True,True,False,False,True,True,True,False,19,12.3,4.1,0.65
0x4a29…cB93,60,79,2.65,93.7,209.3,0,,3.8,4,5,1.1,7.6,4,52.3,"BTCS 8%, LITS 8%, WLDS 5%",False,False,True,True,True,True,True,False,176,328.2,82.0,1.86
0x4a49…Afe2,152,145,-0.49,22.8,-71.1,1,,0.0,0,0,0.0,2.2,4,-17.8,"ETHS 23%, SUIS 16%, ETHL 11%",True,True,False,False,True,True,True,False,0,0.0,0.0,
0x4aaf…1cE0,265,293,0.17,49.1,48.4,3,,0.0,0,0,0.0,1.4,3,16.1,"ICPS 8%, SPX6900S 8%, XMRS 7%",True,True,True,False,False,True,True,False,3,-17.1,-5.7,-5.71
0x4beA…E637,302,152,-0.07,81.6,-11.1,5,,1.4,0,0,0.27,57.5,7,-1.6,"ETHL 19%, BTCL 14%, SOLL 12%",True,True,False,False,True,True,True,False,0,0.0,0.0,
0x4dde…9C5c,303,148,-0.28,48.0,-42.1,2,,0.0,0,0,0.0,0.7,2,-21.0,"DOGEL 51%, DOGES 26%, BNBL 7%",True,True,False,False,False,True,True,False,0,0.0,0.0,
0x4deE…4050,300,420,-0.3,23.6,-127.3,10,,9.5,0,24,1.73,2.0,1,-127.3,"SOLS 26%, ETHS 17%, SOLL 14%",True,True,False,False,True,True,True,False,72,-3.4,-3.4,-0.05
0x4e23…c1BF,302,432,0.06,68.3,25.2,6,,0.0,0,0,0.0,1.3,1,25.2,"ETHS 56%, ETHL 44%",True,True,True,False,False,True,True,False,0,0.0,0.0,
0x4ef4…B496,304,653,0.1,35.4,67.2,6,,4.8,15,19,1.63,1.6,1,67.2,"VIRTUALS 9%, XPLL 8%, XPLS 5%",True,True,True,True,False,True,True,False,147,-85.2,-85.2,-0.58
0x4f0F…f2C0,283,211,0.06,15.6,12.9,4,,0.0,0,0,0.0,0.5,4,3.2,"KTAL 26%, SOLL 17%, BTCL 8%",True,True,True,False,False,True,True,False,0,0.0,0.0,
0x4f22…0baa,169,263,0.37,76.8,96.0,1,,4.2,2,3,0.23,11.1,9,10.7,"BTCL 24%, BTCS 13%, HYPEL 8%",True,True,True,False,True,True,True,False,123,176.2,19.6,1.43
0x4f4F…E833,303,89,-1.34,29.2,-119.2,7,,1.4,2,3,0.2,88.8,4,-29.8,"BTCL 52%, SOLL 11%, LINKL 6%",True,False,False,False,True,True,True,False,23,110.0,27.5,4.78
0x4f80…4Ddc,72,545,-0.04,29.7,-22.8,2,,62.0,0,63,2.7,0.2,4,-5.7,"KTAS 11%, KTAL 10%, WLDS 8%",False,True,False,False,False,True,True,False,0,0.0,0.0,
0x4f8E…8C6D,214,177,-0.3,39.5,-53.6,5,,1.0,0,0,0.03,0.9,2,-26.8,"XRPL 11%, XRPS 9%, SUIS 6%",True,True,False,False,False,True,True,False,0,0.0,0.0,
0x4fC8…0d32,304,322,-0.83,25.2,-267.0,5,,0.0,0,0,0.0,0.5,7,-38.1,"VIRTUALL 11%, PUMPL 4%, XPLS 4%",True,True,False,False,False,True,True,False,0,0.0,0.0,
0x511A…508b,70,476,0.03,55.7,15.0,2,,11.8,10,29,3.5,0.6,6,2.5,"VVVL 7%, ZECS 5%, SUIL 4%",False,True,True,True,False,True,True,False,32,-50.3,-8.4,-1.57
0x5145…fC19,48,67,-0.38,22.4,-25.3,2,,35.1,0,18,1.9,1.2,1,-25.3,"CRVL 24%, TRUMPL 22%, TRUMPS 16%",False,False,False,False,False,True,True,False,66,-47.7,-47.7,-0.72
0x5164…f88e,304,104,-0.41,33.7,-42.6,4,,1.4,0,0,0.17,3.3,2,-21.3,"BTCL 38%, WLFIL 16%, SOLL 8%",True,True,False,False,True,True,True,False,0,0.0,0.0,
0x5177…2774,302,224,-0.2,1.3,-45.1,1,,0.0,0,0,0.0,0.0,1,-45.1,"BTCS 93%, BTCL 7%",True,True,False,False,False,True,True,False,0,0.0,0.0,
0x519F…4B5a,304,126,-0.2,0.8,-24.6,1,,0.0,0,0,0.0,0.0,1,-24.6,BTCS 100%,True,True,False,False,False,True,True,False,0,0.0,0.0,
0x52de…e132,198,215,-0.4,11.6,-86.5,3,,0.0,0,0,0.0,0.4,3,-28.8,"LITL 15%, FILL 9%, IPL 8%",True,True,False,False,False,True,True,False,557,-109.9,-36.6,-0.2
0x5337…3773,301,118,-0.2,0.0,-23.5,1,,0.0,0,0,0.0,0.0,1,-23.5,BTCS 100%,True,True,False,False,False,True,True,False,0,0.0,0.0,
0x5361…4c1c,111,122,-0.22,27.0,-26.4,2,,0.0,0,0,0.0,0.5,1,-26.4,"BTCS 19%, DOGEL 15%, ETHL 12%",True,True,False,False,False,True,True,False,0,0.0,0.0,
0x536e…77c0,302,403,-0.36,27.0,-144.7,5,,0.0,0,0,0.0,0.3,4,-36.2,"BTCL 9%, LINKL 6%, AEROS 5%",True,True,False,False,False,True,True,False,0,0.0,0.0,
0x5390…36cC,288,107,-0.44,57.0,-47.2,3,,1.8,0,0,0.1,2.2,3,-15.7,"DOGEL 22%, HYPEL 20%, BTCL 9%",True,True,False,False,True,True,True,False,2,-0.5,-0.2,-0.25
0x53A8…5afA,304,729,-0.31,25.1,-223.5,10,,2.9,7,9,0.33,0.7,2,-111.8,"SOLS 24%, PUMPS 14%, ETHS 8%",True,True,False,True,False,True,True,False,56,-22.1,-11.0,-0.39
0x53f0…D7fd,301,332,-0.45,20.8,-149.5,6,,0.0,0,0,0.0,1.0,3,-49.8,"SOLS 36%, SOLL 11%, MORPHOS 9%",True,True,False,False,False,True,True,False,19,-11.6,-3.9,-0.61
0x5427…240f,302,163,-0.01,22.7,-2.1,3,,1.7,0,1,0.1,0.5,1,-2.1,"BTCS 29%, BTCL 22%, LINKL 18%",True,True,False,False,False,True,True,False,19,7.4,7.4,0.39
0x546C…4FBf,213,539,-0.26,40.6,-139.7,5,,0.0,0,0,0.0,0.6,2,-69.8,"SOLS 44%, SOLL 29%, PEPEL 4%",True,True,False,False,False,True,True,False,0,0.0,0.0,
0x5475…A3fA,300,112,0.11,39.3,12.6,5,,7.5,7,51,2.47,0.3,2,6.3,"BTCS 31%, ETHS 29%, ETHL 13%",True,True,True,True,False,True,True,False,35,-0.1,-0.0,-0.0
0x54C5…e9b6,270,274,-0.14,25.9,-37.9,3,,0.0,0,0,0.0,0.3,1,-37.9,"BTCS 42%, SOLS 24%, BTCL 16%",True,True,False,False,False,True,True,False,0,0.0,0.0,
0x54E6…F111,203,167,-0.08,23.4,-12.8,3,,5.8,0,0,1.07,1.7,3,-4.3,"AEROL 44%, ETHL 13%, SOLL 13%",True,True,False,False,False,True,True,False,148,-38.7,-12.9,-0.26
0x54bF…c799,176,149,-0.11,43.0,-16.9,3,,0.0,0,0,0.0,1.3,14,-1.2,"BTCS 11%, ZECL 11%, BTCL 9%",True,True,False,False,False,True,False,False,9,2.9,0.2,0.32
0x54fE…8604,304,142,-1.36,31.0,-192.5,7,,1.5,2,5,0.27,8.1,5,-38.5,"NEARL 30%, BCHL 15%, LTCL 11%",True,True,False,True,True,True,True,False,25,8.1,1.6,0.32
0x5549…8619,224,209,-0.26,12.4,-54.9,2,,0.0,0,0,0.0,0.2,2,-27.4,"BTCS 24%, BTCL 23%, SOLS 20%",True,True,False,False,False,True,True,False,0,0.0,0.0,
0x5550…bc28,148,100,-0.47,54.0,-47.3,4,,6.8,7,8,0.5,1.6,2,-23.6,"ETHS 27%, HYPES 24%, ETHL 20%",True,True,False,True,False,True,True,False,90,-13.5,-6.8,-0.15
0x560E…8277,193,210,-0.1,41.4,-20.8,1,,0.0,0,0,0.0,1.0,1,-20.8,ETHS 100%,True,True,False,False,False,True,True,False,0,0.0,0.0,
0x564E…9Eb9,304,324,-0.42,30.6,-136.3,7,,1.0,0,1,0.03,0.4,3,-45.4,"AEROL 79%, XRPL 10%, DOGEL 6%",True,True,False,False,False,True,True,False,4,37.3,12.4,9.33
0x565a…CCB2,304,126,2.4,59.5,302.0,2,,23.7,3,6,0.4,35.1,5,60.4,"KTAS 17%, BTCS 13%, ETHS 8%",True,True,True,True,True,True,True,True,11,18.7,3.7,1.7
0x5666…f4Dc,252,297,-0.19,33.0,-57.2,2,,0.0,0,0,0.0,0.3,1,-57.2,"ETHS 53%, ETHL 45%, BTCS 1%",True,True,False,False,False,True,True,False,0,0.0,0.0,
0x5674…5028,205,44,0.77,65.9,33.8,2,,3.4,3,8,0.33,52.8,2,16.9,"ETHS 59%, ETHL 32%, TAOS 7%",True,False,True,True,True,True,True,False,75,-10.6,-5.3,-0.14
0x569D…10a5,302,832,-0.37,43.9,-310.2,9,,3.1,10,13,0.53,1.5,3,-103.4,"SUIL 25%, SUIS 18%, SOLL 10%",True,True,False,True,False,True,True,False,5,-4.5,-1.5,-0.91
0x572A…06da,236,352,-0.32,26.1,-112.3,6,,0.0,0,0,0.0,1.4,1,-112.3,"ARBL 23%, ARBS 18%, PENGUL 4%",True,True,False,False,False,True,True,False,0,0.0,0.0,
0x588E…34e4,264,231,-0.2,0.4,-46.5,1,,0.0,0,0,0.0,0.0,1,-46.5,BTCS 100%,True,True,False,False,False,True,True,False,0,0.0,0.0,
0x589D…ea97,300,617,-0.53,25.0,-329.5,8,,41.2,0,1,1.83,1.6,9,-36.6,"ETHL 11%, ETHS 9%, SOLL 6%",True,True,False,False,False,True,True,False,0,0.0,0.0,
0x596A…784E,303,234,-0.25,39.3,-58.9,4,,0.0,0,0,0.0,1.4,1,-58.9,"SUIS 7%, BERAL 6%, ZORAL 6%",True,True,False,False,False,True,True,False,0,0.0,0.0,
0x5984…1538,288,111,0.85,51.4,94.2,3,,1.3,0,1,0.07,6.1,3,31.4,"ETHL 44%, BTCL 17%, BTCS 14%",True,True,True,False,True,True,True,False,5,-9.8,-3.3,-1.96
0x59C9…4016,115,138,2.76,81.9,380.7,0,,7.9,3,12,0.97,27.0,7,54.4,"ETHL 7%, HYPEL 7%, XMRL 5%",True,True,True,True,True,True,True,True,16,-42.3,-6.0,-2.64
0x59CF…8E8a,303,157,-0.21,0.0,-32.5,1,,0.0,0,0,0.0,0.0,1,-32.5,BTCS 100%,True,True,False,False,False,True,True,False,0,0.0,0.0,
0x59F3…1aa7,304,136,-0.12,35.3,-16.6,3,,0.0,0,0,0.0,2.5,4,-4.2,"SOLL 40%, SUIL 14%, LINKL 12%",True,True,False,False,True,True,True,False,0,0.0,0.0,
0x5A92…a23c,303,473,-0.28,27.1,-134.6,4,,0.0,0,0,0.0,0.7,1,-134.6,"SOLS 11%, XMRL 8%, ARBL 8%",True,True,False,False,False,True,True,False,0,0.0,0.0,
0x5B28…8044,0,3,0.44,100.0,1.3,0,,12.0,3,3,0.1,3.4,2,0.6,"XPLL 33%, ETHL 33%, BTCL 33%",False,False,True,False,True,True,True,False,254,39.4,19.7,0.16
0x5B87…0775,303,220,-0.9,30.0,-197.8,7,,0.0,0,0,0.0,5.8,8,-24.7,"BTCL 15%, ETHL 15%, XMRL 14%",True,True,False,False,True,True,True,False,0,0.0,0.0,
0x5Bbc…6e57,85,77,0.56,28.6,43.1,0,,4.6,21,28,1.53,3.8,1,43.1,"ETHS 26%, BTCL 21%, BTCS 19%",False,False,True,True,True,True,True,False,37,-6.2,-6.2,-0.17
0x5C68…9011,301,107,-4.12,39.3,-441.0,8,,0.0,0,0,0.0,55.2,5,-88.2,"BTCS 16%, XRPL 14%, LINKL 10%",True,True,False,False,True,True,True,False,11,19.1,3.8,1.73
0x5CB9…6268,47,143,-0.21,35.0,-29.7,2,,5.0,0,6,1.47,0.6,1,-29.7,"BTCL 60%, BTCS 40%",False,True,False,False,False,True,True,False,0,0.0,0.0,
0x5D5B…1D5D,271,198,-0.29,34.3,-57.5,6,,0.0,0,0,0.0,1.4,1,-57.5,"ETHL 13%, XRPL 10%, ETHS 10%",True,True,False,False,False,True,True,False,73,-33.3,-33.3,-0.46
0x5D6E…B506,301,122,-0.32,47.5,-38.8,5,,0.0,0,0,0.0,0.8,1,-38.8,"DOGES 25%, FARTCOINS 23%, FARTCOINL 17%",True,True,False,False,False,True,True,False,2,-9.9,-9.9,-4.97
0x5Da3…F357,167,196,-0.19,28.1,-37.1,4,,2.7,1,2,0.1,1.2,1,-37.1,"ZROL 4%, SUIL 4%, PENDLEL 3%",True,True,False,False,False,True,True,False,8,-4.1,-4.1,-0.51
0x5F55…1A85,298,24,0.5,58.3,12.0,1,,0.0,0,0,0.0,0.3,1,12.0,"VVVS 12%, ZORAL 12%, FILS 12%",True,False,True,False,False,True,True,False,100,20.1,20.1,0.2
0x5F62…5ba8,302,125,-0.16,60.0,-19.5,2,,0.0,0,0,0.0,1.2,2,-9.8,"BTCL 26%, SOLL 25%, ETHL 16%",True,True,False,False,False,True,True,False,0,0.0,0.0,
0x5b1a…0838,304,178,-0.02,39.9,-2.8,7,,2.8,4,9,0.6,1.4,2,-1.4,"ETHS 63%, ETHL 23%, BTCS 6%",True,True,False,True,False,True,True,False,19,-15.0,-7.5,-0.79
0x5b2B…0ed3,303,83,1.68,56.6,139.7,4,,3.5,5,10,0.8,64.9,5,27.9,"ETHS 10%, TAOL 7%, SOLL 7%",True,False,True,True,True,True,True,False,44,29.0,5.8,0.66
0x5b35…6730,162,342,-0.33,24.3,-114.5,6,,3.0,11,12,0.53,0.6,2,-57.2,"DOGEL 47%, DOGES 29%, ENAS 6%",True,True,False,True,False,True,True,False,16,-19.3,-9.6,-1.21
0x5c88…d4E3,45,191,-0.15,73.3,-28.6,1,,38.4,98,168,5.6,4.5,10,-2.9,"UNIL 10%, SOLS 9%, BTCS 7%",False,True,False,True,False,True,True,False,128,-6.1,-0.6,-0.05
0x5d44…4621,128,965,-0.17,34.9,-167.9,5,,11.7,4,4,1.37,0.3,1,-167.9,"DOGEL 41%, DOGES 37%, XRPL 8%",True,True,False,True,False,True,True,False,5,-0.3,-0.3,-0.05
0x5d90…9a03,190,132,-0.13,47.7,-17.0,4,,1.0,0,0,0.0,2.0,2,-8.5,"SOLS 52%, SOLL 43%, TRUMPL 2%",True,True,False,False,True,True,True,False,0,0.0,0.0,
0x5e28…1FA4,294,116,-0.98,66.4,-114.2,3,,3.0,0,0,0.1,7.1,5,-22.8,"FARTCOINL 22%, CRVL 16%, FARTCOINS 12%",True,True,False,False,True,True,True,False,9,27.6,5.5,3.07
0x5f4A…D86a,265,101,-0.2,1.0,-20.0,1,,0.0,0,0,0.0,0.0,1,-20.0,BTCS 100%,True,True,False,False,False,True,True,False,0,0.0,0.0,
0x5fd4…F947,302,229,-0.37,21.4,-83.8,8,,2.6,0,0,0.27,0.9,2,-41.9,"XRPL 27%, ETHL 10%, XRPS 10%",True,True,False,False,False,True,True,False,0,0.0,0.0,
0x600E…5402,270,336,-0.24,44.6,-81.8,1,,0.0,0,0,0.0,6.2,10,-8.2,"ETHL 5%, ASTERL 4%, HYPES 4%",True,True,False,False,True,True,True,False,0,0.0,0.0,
0x602C…4C5C,187,322,-0.25,28.9,-78.9,5,,0.0,0,0,0.0,0.2,1,-78.9,"DOGEL 65%, XRPL 17%, ETHL 13%",True,True,False,False,False,True,True,False,0,0.0,0.0,
0x604E…eadF,304,1902,-0.4,21.6,-751.6,10,,29.1,109,122,9.63,0.8,4,-187.9,"ETHS 25%, ETHL 19%, ZECL 4%",True,True,False,True,False,True,True,False,394,-155.8,-39.0,-0.4
0x61cc…477A,251,169,-0.44,36.7,-74.2,6,,0.0,0,0,0.0,0.6,5,-14.8,"AAVEL 9%, FARTCOINL 8%, AAVES 7%",True,True,False,False,False,True,True,False,0,0.0,0.0,
0x6225…7337,268,171,0.17,63.7,28.6,2,,2.4,4,6,0.37,7.9,1,28.6,"ETHL 62%, ETHS 30%, SOLS 2%",True,True,True,True,True,True,True,True,17,5.7,5.7,0.33
0x6242…EFbb,298,544,-0.34,31.2,-183.2,9,,0.0,0,0,0.0,0.6,2,-91.6,"PENGUL 63%, HYPEL 10%, SOLL 7%",True,True,False,False,False,True,True,False,19,-0.5,-0.2,-0.03
0x6289…85D0,304,315,-0.56,42.9,-176.8,6,,1.5,0,1,0.03,33.9,8,-22.1,"0GL 7%, 0GS 5%, ZORAL 4%",True,True,False,False,True,True,True,False,2,6.5,0.8,3.27
0x62E7…F8d7,304,315,0.93,51.1,292.1,4,,2.0,2,2,0.1,27.8,16,18.3,"BTCS 6%, ETHS 5%, BTCL 4%",True,True,True,False,True,True,False,False,11,-27.4,-1.7,-2.5
0x6329…8BD0,304,352,-0.04,55.1,-12.5,3,,0.0,0,0,0.0,15.8,36,-0.3,"PUMPL 5%, KTAL 4%, ZORAL 4%",True,True,False,False,True,True,False,False,0,0.0,0.0,
0x6364…F2C4,298,202,-0.17,24.8,-34.4,6,,0.0,0,0,0.0,0.5,1,-34.4,"BTCS 68%, BTCL 27%, ETHL 2%",True,True,False,False,False,True,True,False,0,0.0,0.0,
0x63a3…f78d,294,135,-0.18,62.2,-24.2,5,,0.0,0,0,0.0,0.6,1,-24.2,"BTCS 35%, BTCL 26%, TAOL 22%",True,True,False,False,False,True,True,False,0,0.0,0.0,
0x63e8…7719,26,153,-0.27,44.4,-41.5,1,,13.7,38,80,5.1,1.5,3,-13.8,"BRENTOILL 18%, LDOL 7%, BRENTOILS 6%",False,True,False,True,False,True,True,False,7,-3.3,-1.1,-0.48
0x63fE…65B9,84,93,0.82,55.9,76.6,0,,3.7,8,15,0.87,60.1,6,12.8,"MORPHOS 10%, BERAS 10%, SS 6%",False,False,True,True,True,True,True,False,4,-20.0,-3.3,-5.01
0x642d…268f,298,106,-0.05,46.2,-5.6,3,,0.0,0,0,0.0,0.4,1,-5.6,"ADAS 42%, ADAL 28%, XRPL 9%",True,True,False,False,False,True,True,False,0,0.0,0.0,
0x6477…542c,301,142,-5.56,53.5,-788.8,8,,6.0,0,0,0.03,411.1,22,-35.9,"VVVS 6%, HYPEL 4%, PENGUL 4%",True,True,False,False,True,True,False,False,143,7.4,0.3,0.05
0x64A4…aB4C,141,222,-0.53,18.5,-117.6,1,,0.0,0,0,0.0,0.6,13,-9.0,"BCHL 4%, WELLL 4%, TAOL 3%",True,True,False,False,False,True,False,False,0,0.0,0.0,
0x64E1…8536,282,615,-0.18,54.6,-112.8,7,,6.0,25,37,2.2,0.4,1,-112.8,"FARTCOINS 30%, FARTCOINL 23%, HYPES 8%",True,True,False,True,False,True,True,False,142,-41.3,-41.3,-0.29
0x655D…86c1,265,366,-0.24,20.8,-86.0,5,,0.0,0,0,0.0,0.2,2,-43.0,"FARTCOINS 12%, SPX6900S 10%, SPX6900L 10%",True,True,False,False,False,True,True,False,65,-13.4,-6.7,-0.21
0x656D…CD4a,59,274,-0.51,27.0,-140.6,2,,8.2,9,10,1.43,0.9,5,-28.1,"WLDS 19%, NEARS 11%, SOLL 10%",False,True,False,True,False,True,True,False,39,-4.7,-0.9,-0.12
0x658C…500e,304,571,-0.19,35.6,-110.6,8,,6.7,14,23,1.27,0.4,2,-55.3,"ETHL 57%, ETHS 21%, BTCL 10%",True,True,False,True,False,True,True,False,181,-40.3,-20.2,-0.22
0x658E…1822,304,249,0.3,67.9,75.7,4,,3.1,5,7,0.27,8.7,4,18.9,"ETHL 67%, ETHS 21%, HYPEL 6%",True,True,True,True,True,True,True,True,50,46.1,11.5,0.92
0x65F0…761E,304,618,-0.22,45.0,-138.5,4,,0.0,0,0,0.0,1.8,6,-23.1,"XRPS 9%, XRPL 7%, BTCS 7%",True,True,False,False,False,True,True,False,1,-49.0,-8.2,-48.96
0x665B…Cf6f,283,148,-0.53,50.0,-79.1,8,,4.7,7,19,1.83,2.1,1,-79.1,"ETHL 57%, ETHS 42%, BTCL 1%",True,True,False,True,True,True,True,False,12,-1.1,-1.1,-0.09
0x6669…9aE3,294,193,0.21,62.7,41.0,3,,4.5,0,0,0.7,9.2,7,5.9,"AVAXL 12%, AEROS 12%, AEROL 12%",True,True,True,False,True,True,True,False,0,0.0,0.0,
0x66d8…7c19,302,127,-1.4,48.8,-178.0,7,,2.2,0,0,0.07,16.6,2,-89.0,"PENGUL 26%, ARBL 15%, PENGUS 13%",True,True,False,False,True,True,True,False,10,136.6,68.3,13.66
0x6769…e92c,304,278,-0.34,53.6,-93.6,3,,0.0,0,0,0.0,5.1,5,-18.7,"ETHL 31%, ETHS 22%, LINKL 10%",True,True,False,False,True,True,True,False,0,0.0,0.0,
0x67D4…B2e5,211,112,-0.28,27.7,-31.1,2,,0.0,0,0,0.0,0.7,2,-15.6,"DOGES 29%, DOGEL 27%, SOLL 15%",True,True,False,False,False,True,True,False,0,0.0,0.0,
0x6949…BDA1,304,103,0.02,73.8,2.2,1,,0.0,0,0,0.0,11.8,8,0.3,"SOLL 31%, ETHL 14%, SOLS 13%",True,True,True,False,True,True,True,False,4,25.4,3.2,6.36
0x6981…a8b4,71,99,-0.2,39.4,-19.5,2,,5.5,8,10,0.83,8.1,2,-9.8,"BTCL 41%, BTCS 24%, ETHL 17%",False,False,False,True,True,True,True,False,51,39.7,19.8,0.78
0x69EB…e658,301,124,-0.18,32.3,-22.3,3,,0.0,0,0,0.0,0.2,1,-22.3,"XRPL 35%, XRPS 33%, BTCL 8%",True,True,False,False,False,True,True,False,1,-0.6,-0.6,-0.57
0x6A79…d50C,239,275,-0.52,41.1,-143.4,7,,2.0,0,3,0.1,0.8,2,-71.7,"PENGUS 13%, PENGUL 11%, BTCS 10%",True,True,False,False,False,True,True,False,22,-8.5,-4.2,-0.39
0x6BA2…1C68,271,193,-0.2,26.4,-39.5,5,,4.0,0,2,0.33,0.4,1,-39.5,"BTCS 30%, DOGES 16%, BTCL 15%",True,True,False,False,False,True,True,False,47,-9.4,-9.4,-0.2
0x6BE1…280B,294,185,-0.17,34.6,-31.5,4,,0.0,0,0,0.0,0.5,1,-31.5,"SOLL 29%, SOLS 26%, DOGES 19%",True,True,False,False,False,True,True,False,0,0.0,0.0,
0x6C63…F82B,304,136,-0.2,0.0,-27.1,1,,0.0,0,0,0.0,0.0,1,-27.1,"BTCL 91%, BTCS 9%",True,True,False,False,False,True,True,False,0,0.0,0.0,
0x6C7c…85e9,223,302,-0.14,57.3,-42.5,4,,0.0,0,0,0.0,1.0,1,-42.5,"BTCS 51%, BTCL 49%",True,True,False,False,False,True,True,False,0,0.0,0.0,
0x6Cdd…F492,209,120,-0.6,23.3,-72.3,2,,2.0,1,2,0.07,1.2,3,-24.1,"XMRL 13%, ZROL 12%, ZROS 10%",True,True,False,False,False,True,True,False,1,44.5,14.8,44.54
0x6F79…1282,298,268,-0.26,47.0,-69.8,9,,2.8,1,6,0.87,4.2,1,-69.8,"BTCL 59%, BTCS 40%, ETHL 0%",True,True,False,True,True,True,True,False,23,-7.0,-7.0,-0.3
0x6FB3…6F1f,243,206,0.96,52.4,197.6,0,,0.0,0,0,0.0,8.5,5,39.5,"BTCS 10%, ADAS 9%, ADAL 9%",True,True,True,False,True,True,True,False,0,0.0,0.0,
0x6af4…322E,293,331,-0.19,29.3,-64.2,4,,0.0,0,0,0.0,0.4,1,-64.2,"ETHL 53%, ETHS 47%",True,True,False,False,False,True,True,False,0,0.0,0.0,
0x6c1F…D063,301,85,3.28,88.2,279.2,1,,1.7,5,8,0.53,20.5,2,139.6,"MELANIAS 16%, BNBS 8%, BTCL 7%",True,False,True,True,True,True,True,False,20,-4.0,-2.0,-0.2
0x6c7C…Cb94,304,236,-0.46,25.4,-109.2,8,,0.0,0,0,0.0,0.7,1,-109.2,"SOLL 25%, SOLS 19%, FARTCOINL 17%",True,True,False,False,False,True,True,False,0,0.0,0.0,
0x6c89…c0a1,284,133,-0.24,47.4,-31.3,3,,0.0,0,0,0.0,0.5,3,-10.4,"BTCS 15%, ZECL 14%, BTCL 10%",True,True,False,False,False,True,True,False,0,0.0,0.0,
0x6dA8…D120,293,116,-0.42,42.2,-49.1,5,,7.6,2,2,0.13,296.1,19,-2.6,"ONDOL 6%, FILL 5%, NEARL 5%",True,True,False,False,True,True,False,False,30,36.4,1.9,1.21
0x6da1…36bb,301,311,0.09,55.9,28.0,5,,5.4,14,29,1.6,26.8,9,3.1,"XRPL 12%, BTCL 10%, BTCS 7%",True,True,True,True,True,True,True,True,26,-112.2,-12.5,-4.32
0x6df3…23Cf,304,1684,-0.22,25.8,-366.9,10,,9.8,24,45,3.93,0.7,1,-366.9,"SOLL 51%, SOLS 48%, XRPL 1%",True,True,False,True,False,True,True,False,357,-80.4,-80.4,-0.23
0x6f64…6A67,28,43,0.23,67.4,9.7,0,,4.1,7,14,1.43,2.5,1,9.7,"ETHS 51%, ETHL 49%",False,False,True,True,True,True,True,False,100,0.8,0.8,0.01
0x6f85…4924,302,344,-0.29,53.5,-99.0,3,,0.0,0,0,0.0,0.8,6,-16.5,"ETHL 15%, FARTCOINL 11%, XPLL 9%",True,True,False,False,False,True,True,False,1,-6.4,-1.1,-6.43
0x6f9f…68C3,277,139,0.04,30.9,5.1,3,,0.0,0,0,0.0,4.7,4,1.3,"BTCL 24%, ETHL 19%, ETHS 14%",True,True,True,False,True,True,True,False,0,0.0,0.0,
0x7070…feF9,199,492,0.45,50.6,223.6,2,,7.5,2,12,0.97,2.2,8,28.0,"BTCL 7%, XRPS 6%, AEROL 5%",True,True,True,True,True,True,True,True,69,-5.7,-0.7,-0.08
0x70E7…e20b,129,116,-0.38,17.2,-43.7,2,,0.0,0,0,0.0,0.8,4,-10.9,"BTCL 32%, BTCS 29%, SOLS 13%",True,True,False,False,False,True,True,False,0,0.0,0.0,
0x70a2…82a5,247,442,-0.18,35.1,-79.1,9,,20.7,14,14,1.77,0.3,1,-79.1,"ETHS 36%, XMRS 14%, ETHL 10%",True,True,False,True,False,True,True,False,106,-18.2,-18.2,-0.17
0x70d0…62B1,163,340,-0.51,12.4,-172.0,2,,0.0,0,0,0.0,0.6,1,-172.0,"ETHL 50%, ETHS 50%",True,True,False,False,False,True,True,False,0,0.0,0.0,
0x70eB…7F5b,150,131,-0.33,22.9,-43.5,2,,0.0,0,0,0.0,1.5,3,-14.5,"ETHL 24%, ETHS 11%, SOLS 10%",True,True,False,False,False,True,True,False,0,0.0,0.0,
0x7102…375D,303,107,-0.33,26.2,-35.6,5,,0.0,0,0,0.0,4.5,2,-17.8,"BTCL 40%, BTCS 27%, ETHL 12%",True,True,False,False,True,True,True,False,2,-2.3,-1.2,-1.13
0x710B…53f0,303,108,0.22,74.1,23.7,3,,2.3,3,6,0.6,15.9,3,7.9,"ETHL 41%, ETHS 29%, GMXL 10%",True,True,True,True,True,True,True,True,24,5.2,1.7,0.22
0x7185…F00A,303,306,-0.51,12.1,-156.5,7,,6.9,14,35,1.27,1.4,5,-31.3,"ETHS 25%, ETHL 25%, BTCL 20%",True,True,False,True,False,True,True,False,171,-44.8,-9.0,-0.26
0x722D…B4B7,294,338,0.93,71.3,313.4,1,,2.4,5,10,0.57,2.5,3,104.5,"XRPL 5%, BTCL 5%, VVVS 5%",True,True,True,True,True,True,True,True,111,-9.1,-3.0,-0.08
0x722D…dA02,260,116,0.05,43.1,6.3,3,,0.0,0,0,0.0,7.7,7,0.9,"ETHL 29%, ETHS 21%, BTCL 11%",True,True,True,False,True,True,True,False,0,0.0,0.0,
0x725B…F5bF,302,123,-0.2,0.8,-24.2,1,,0.0,0,0,0.0,0.0,1,-24.2,BTCS 100%,True,True,False,False,False,True,True,False,0,0.0,0.0,
0x725d…44f7,301,220,-0.15,36.8,-32.8,5,,0.0,0,0,0.0,3.7,1,-32.8,"BTCS 57%, BTCL 40%, LINKL 2%",True,True,False,False,True,True,True,False,0,0.0,0.0,
0x7261…1D53,304,197,-0.08,35.5,-15.5,4,,0.0,0,0,0.0,2.6,2,-7.8,"SOLL 39%, SOLS 37%, XRPS 6%",True,True,False,False,True,True,True,False,0,0.0,0.0,
0x72BD…c4ac,231,103,-0.33,49.5,-33.9,1,,0.0,0,0,0.0,3.5,3,-11.3,"BTCL 35%, ETHL 21%, BTCS 17%",True,True,False,False,True,True,True,False,0,0.0,0.0,
0x736a…1561,304,432,0.05,68.3,20.8,2,,0.0,0,0,0.0,2.8,7,3.0,"ETHS 18%, ETHL 14%, ENAL 10%",True,True,True,False,True,True,True,False,0,0.0,0.0,
0x7377…B0bC,304,113,-0.42,31.9,-47.2,5,,2.3,4,11,0.73,23.1,4,-11.8,"ETHL 13%, BTCS 12%, BTCL 12%",True,True,False,True,True,True,True,False,50,1.2,0.3,0.02
0x73a7…b48F,303,166,-1.32,83.7,-219.0,4,,1.0,0,0,0.0,22.5,9,-24.3,"AAVEL 12%, GMXL 10%, LINKL 9%",True,True,False,False,True,True,True,False,9,7.9,0.9,0.88
0x7457…d66C,303,136,0.04,44.1,5.3,1,,0.0,0,0,0.0,0.2,1,5.3,"ETHS 65%, ETHL 32%, BTCS 2%",True,True,True,False,False,True,True,False,0,0.0,0.0,
0x748d…6C88,53,68,0.26,47.1,17.4,0,,5.0,8,23,1.17,5.1,2,8.7,"ETHS 46%, ETHL 43%, BTCL 9%",False,False,True,True,True,True,True,False,68,-27.0,-13.5,-0.4
0x7530…D37a,269,126,0.07,36.5,8.9,5,,0.0,0,0,0.0,0.6,1,8.9,"TIAS 58%, TIAL 34%, BTCL 5%",True,True,True,False,False,True,True,False,6,6.0,6.0,1.0
0x7618…2C40,304,106,-2.59,47.2,-274.9,2,,0.0,0,0,0.0,4.9,7,-39.3,"XPLL 10%, TAOL 8%, AEROL 8%",True,True,False,False,True,True,True,False,0,0.0,0.0,
0x7753…7B71,297,170,0.19,40.0,31.8,2,,2.0,1,2,0.23,1.6,1,31.8,"BTCS 28%, BTCL 11%, VVVS 11%",True,True,True,False,False,True,True,False,10,-10.3,-10.3,-1.03
0x7781…9137,258,501,0.11,75.2,53.3,3,,82.6,0,0,9.17,1.0,4,13.3,"XRPS 12%, XRPL 8%, ETHS 4%",True,True,True,False,False,True,True,False,39,4.8,1.2,0.12
0x77Fd…5Baa,304,177,-0.1,45.8,-18.3,3,,0.0,0,0,0.0,2.5,3,-6.1,"FARTCOINL 15%, BTCS 15%, ETHS 12%",True,True,False,False,True,True,True,False,0,0.0,0.0,
0x782A…bAEE,300,94,-0.26,50.0,-24.5,4,,1.5,0,0,0.03,5.3,2,-12.2,"BTCS 40%, BTCL 31%, XLMS 11%",True,False,False,False,True,True,True,False,46,-34.1,-17.0,-0.74
0x7838…b490,139,165,0.72,47.3,118.7,1,,5.0,3,9,1.43,27.1,8,14.8,"ETHL 11%, BTCL 11%, BTCS 6%",True,True,True,True,True,True,True,True,71,18.0,2.2,0.25
0x78C9…e5d8,280,162,-0.2,2.5,-32.3,2,,0.0,0,0,0.0,0.0,1,-32.3,"BTCS 93%, BTCL 6%, ETHL 1%",True,True,False,False,False,True,True,False,0,0.0,0.0,
0x78E4…61cc,304,278,-0.39,31.3,-109.4,5,,0.0,0,0,0.0,3.2,5,-21.9,"BTCL 19%, SPX6900L 17%, VIRTUALL 15%",True,True,False,False,True,True,True,False,0,0.0,0.0,
0x78E9…73c9,304,716,-0.04,57.1,-25.9,4,,0.0,0,0,0.0,1.1,2,-13.0,"ETHL 22%, SOLL 21%, ETHS 17%",True,True,False,False,False,True,True,False,0,0.0,0.0,
0x7912…003d,278,103,-0.26,17.5,-26.4,5,,0.0,0,0,0.0,0.2,1,-26.4,"BTCS 77%, BTCL 22%, ETHS 1%",True,True,False,False,False,True,True,False,0,0.0,0.0,
0x792b…2923,258,127,0.42,42.5,52.8,3,,1.2,2,3,0.1,18.2,3,17.6,"BTCL 24%, ETHL 20%, LINKL 18%",True,True,True,False,True,True,True,False,20,103.3,34.4,5.17
0x793B…e634,296,144,-0.4,34.7,-57.8,5,,2.6,13,15,0.9,15.0,3,-19.3,"XRPL 25%, XLML 11%, ALGOL 10%",True,True,False,True,True,True,True,False,27,-33.1,-11.0,-1.23
0x7A56…03Df,167,129,-1.85,49.6,-239.2,3,,0.0,0,0,0.0,28.1,13,-18.4,"LDOS 5%, FETS 4%, ICPS 4%",True,True,False,False,True,True,False,False,0,0.0,0.0,
0x7Ad4…fB72,171,107,-0.24,20.6,-25.3,5,,4.0,0,0,0.2,0.4,1,-25.3,"BTCL 37%, BTCS 18%, LTCS 11%",True,True,False,False,False,True,True,False,21,0.7,0.7,0.03
0x7Cca…40f2,275,158,-0.23,24.7,-36.0,3,,0.0,0,0,0.0,0.4,3,-12.0,"HBARL 23%, ETHS 18%, BTCS 15%",True,True,False,False,False,True,True,False,0,0.0,0.0,
0x7D38…D6Dc,36,222,0.14,73.4,31.2,0,,18.2,37,57,6.67,1.7,4,7.8,"SILVERL 5%, HYPEL 4%, PUMPS 4%",False,True,True,True,False,True,True,False,105,-35.4,-8.8,-0.34
0x7D67…0222,133,96,-0.38,29.2,-36.2,3,,2.1,3,8,0.67,13.4,3,-12.1,"BTCS 21%, BTCL 21%, SOLL 15%",True,False,False,True,True,True,True,False,56,14.5,4.8,0.26
0x7Db8…9535,4,3,-0.94,0.0,-2.8,1,,6.0,3,3,0.1,1.9,1,-2.8,WTIOILS 100%,False,False,False,False,False,True,True,False,140,-44.1,-44.1,-0.31
0x7E34…9005,304,218,-0.26,22.0,-56.0,6,,0.0,0,0,0.0,4.1,2,-28.0,"ETHL 32%, ETHS 28%, BTCS 21%",True,True,False,False,True,True,True,False,0,0.0,0.0,
0x7Eca…aab4,287,2612,-0.23,15.7,-605.4,8,,0.0,0,0,0.0,0.3,3,-201.8,"ETHL 24%, SOLL 21%, BTCL 15%",True,True,False,False,False,True,True,False,0,0.0,0.0,
0x7F1F…e4B7,297,172,-0.02,47.7,-3.2,4,,0.0,0,0,0.0,1.1,1,-3.2,"BTCS 60%, BTCL 31%, SUIS 3%",True,True,False,False,False,True,True,False,0,0.0,0.0,
0x7F70…b35e,302,85,-0.0,37.6,-0.4,5,,2.1,2,5,0.27,4.3,2,-0.2,"XPLL 41%, XPLS 29%, XRPL 11%",True,False,False,True,True,True,True,False,23,16.6,8.3,0.72
0x7FAc…089B,257,123,-0.15,30.9,-18.7,2,,0.0,0,0,0.0,0.4,1,-18.7,"ETHS 33%, BTCS 17%, ETHL 15%",True,True,False,False,False,True,True,False,0,0.0,0.0,
0x7a2A…5449,229,143,-0.53,23.1,-76.4,8,,14.0,1,4,0.37,1.3,4,-19.1,"XRPL 38%, XRPS 11%, DOGEL 10%",True,True,False,True,False,True,True,False,10,-17.7,-4.4,-1.77
0x7a37…E81A,289,170,-0.3,52.9,-51.7,4,,0.0,0,0,0.0,2.6,2,-25.8,"DOGES 16%, NEARS 14%, TIAS 13%",True,True,False,False,True,True,True,False,0,0.0,0.0,
0x7aA9…ed00,300,116,-0.22,79.3,-25.1,2,,0.0,0,0,0.0,0.6,1,-25.1,"ETHS 52%, ETHL 48%",True,True,False,False,False,True,True,False,0,0.0,0.0,
0x7bdc…5415,293,502,-0.13,50.4,-63.4,6,,9.9,4,7,2.07,1.1,4,-15.8,"LINKL 28%, LINKS 14%, BTCS 11%",True,True,False,True,False,True,True,False,30,-2.3,-0.6,-0.08
0x7d67…7DE1,304,2468,-0.22,19.7,-532.1,10,,4.4,4,11,0.9,0.3,1,-532.1,"FARTCOINS 33%, FARTCOINL 29%, AI16ZS 15%",True,True,False,True,False,True,True,False,75,-24.4,-24.4,-0.33
0x7d89…584a,304,333,-0.2,1.5,-66.6,1,,0.0,0,0,0.0,0.0,1,-66.6,"BTCS 98%, BTCL 2%",True,True,False,False,False,True,True,False,0,0.0,0.0,
0x7dF0…95c1,248,785,-0.28,43.8,-223.5,5,,0.0,0,0,0.0,4.9,6,-37.2,"PENGUL 6%, POLL 3%, BERAS 3%",True,True,False,False,True,True,True,False,0,0.0,0.0,
0x7e20…dd28,304,152,-0.2,0.0,-30.5,1,,0.0,0,0,0.0,0.0,1,-30.5,"BTCS 91%, BTCL 9%",True,True,False,False,False,True,True,False,0,0.0,0.0,
0x7e41…4618,92,142,-0.38,33.8,-53.3,3,,6.3,41,49,2.1,5.9,4,-13.3,"LITL 7%, MORPHOL 4%, JTOL 4%",True,True,False,True,True,True,True,False,682,-135.8,-34.0,-0.2
0x8016…CA3d,139,322,-0.21,32.9,-67.6,5,,7.6,10,16,0.6,0.5,2,-33.8,"ETHL 35%, ETHS 25%, BTCL 12%",True,True,False,True,False,True,True,False,37,13.8,6.9,0.37
0x80af…B099,276,309,-0.19,15.2,-57.2,6,,0.0,0,0,0.0,0.1,1,-57.2,"ETHS 82%, ETHL 18%, BTCS 0%",True,True,False,False,False,True,True,False,1,-0.4,-0.4,-0.42
0x811c…6B78,304,872,-0.12,67.7,-108.4,5,,12.0,41,78,4.83,1.8,5,-21.7,"BTCL 7%, LITS 4%, ZECL 4%",True,True,False,True,False,True,True,False,483,288.7,57.7,0.6
0x812b…C92E,153,376,-0.13,39.9,-47.6,3,,0.0,0,0,0.0,0.5,2,-23.8,"BTCS 58%, BTCL 36%, FARTCOINS 1%",True,True,False,False,False,True,True,False,19,-3.0,-1.5,-0.16
0x8171…5dFb,266,82,-0.53,29.3,-43.3,5,,0.0,0,0,0.0,2.1,2,-21.6,"BTCL 34%, BTCS 33%, GOLDL 7%",True,False,False,False,True,True,True,False,26,-13.2,-6.6,-0.51
0x81Bc…3e74,294,622,-0.19,2.4,-120.8,3,,0.0,0,0,0.0,0.0,1,-120.8,"BTCS 75%, SOLS 22%, ETHS 2%",True,True,False,False,False,True,True,False,0,0.0,0.0,
0x8215…6cDF,113,257,-0.33,22.6,-84.8,3,,6.2,10,11,0.37,0.5,2,-42.4,"DASHL 18%, BTCS 11%, ZECS 9%",True,True,False,True,False,True,True,False,188,-25.4,-12.7,-0.14
0x8246…48FF,301,138,-0.16,28.3,-22.8,5,,0.0,0,0,0.0,0.3,2,-11.4,"ETHS 49%, ETHL 48%, PEPEL 4%",True,True,False,False,False,True,True,False,4,-1.1,-0.6,-0.27
0x825e…Cd10,129,167,-0.12,39.5,-20.8,4,,2.6,0,3,0.43,1.0,1,-20.8,"BTCL 28%, WLDL 17%, BTCS 16%",True,True,False,False,False,True,True,False,170,-4.3,-4.3,-0.03
0x826E…feE8,302,103,-0.13,33.0,-13.8,5,,0.0,0,0,0.0,0.8,1,-13.8,"BTCL 31%, BTCS 21%, SOLS 10%",True,True,False,False,False,True,True,False,0,0.0,0.0,
0x8292…0b99,303,125,-0.47,59.2,-58.8,2,,0.0,0,0,0.0,1.0,2,-29.4,"CRVL 41%, FARTCOINL 24%, CRVS 22%",True,True,False,False,False,True,True,False,70,122.0,61.0,1.74
0x830C…1746,70,60,-0.56,51.7,-33.8,1,,3.9,0,3,0.33,2.7,3,-11.3,"BTCL 60%, BTCS 13%, XMRL 5%",False,False,False,False,True,True,True,False,44,142.2,47.4,3.23
0x8323…B816,275,1541,-0.33,21.0,-502.3,9,,0.0,0,0,0.0,0.5,3,-167.4,"SOLS 24%, SOLL 9%, ETHS 7%",True,True,False,False,False,True,True,False,0,0.0,0.0,
0x8340…57e4,241,127,-0.86,61.4,-109.4,2,,0.0,0,0,0.0,11.6,14,-7.8,"ETHL 13%, APTL 9%, AVAXL 9%",True,True,False,False,True,True,False,False,0,0.0,0.0,
0x8413…A1E8,301,1715,-0.21,39.4,-353.6,9,,16.8,52,64,4.6,0.5,1,-353.6,"ARBL 23%, ARBS 21%, ZECS 8%",True,True,False,True,False,True,True,False,125,2.5,2.5,0.02
0x844D…A7d4,92,314,-0.2,16.2,-62.5,2,,0.0,0,0,0.0,0.1,4,-15.6,"BTCL 15%, BTCS 12%, DOGEL 6%",True,True,False,False,False,True,True,False,0,0.0,0.0,
0x84D6…0732,278,116,-0.1,36.2,-11.9,6,,0.0,0,0,0.0,1.8,2,-6.0,"SOLL 14%, RENDERS 11%, RENDERL 11%",True,True,False,False,False,True,True,False,1,-0.7,-0.4,-0.69
0x8530…2aD7,303,661,-0.27,32.5,-181.5,10,,24.6,6,7,5.0,0.4,2,-90.8,"BTCS 12%, BTCL 11%, ZECS 6%",True,True,False,True,False,True,True,False,68,-14.4,-7.2,-0.21
0x8549…Bd5F,304,723,-0.17,48.5,-121.2,6,,6.2,4,4,0.8,1.2,4,-30.3,"UNIL 25%, UNIS 21%, TAOL 18%",True,True,False,True,False,True,True,False,46,58.1,14.5,1.26
0x854D…dA5f,207,112,-0.42,34.8,-46.5,7,,3.6,0,0,0.63,0.4,1,-46.5,"BTCL 45%, BTCS 41%, EIGENS 8%",True,True,False,False,False,True,True,False,0,0.0,0.0,
0x856b…6f6c,303,160,-1.3,0.6,-207.7,6,,63.2,137,137,4.57,2.0,29,-7.2,"WTIOILL 6%, BTCL 5%, MONS 5%",True,True,False,True,False,True,False,False,12,-5.8,-0.2,-0.48
0x8577…f7f4,241,195,-0.16,19.5,-31.1,4,,0.0,0,0,0.0,0.2,3,-10.4,"ETHL 30%, ETHS 10%, SOLL 9%",True,True,False,False,False,True,True,False,0,0.0,0.0,
0x862a…971c,169,184,-0.2,28.3,-37.3,4,,2.4,0,5,0.17,0.8,2,-18.6,"BTCS 32%, HYPES 11%, BTCL 11%",True,True,False,False,False,True,True,False,83,-22.1,-11.0,-0.27
0x862c…0c92,282,110,-0.16,30.0,-17.7,2,,0.0,0,0,0.0,0.6,3,-5.9,"ETHS 27%, BTCS 25%, ETHL 15%",True,True,False,False,False,True,True,False,3,-1.6,-0.5,-0.54
0x864d…DDFE,300,504,-0.22,54.6,-109.7,5,,4.3,5,5,1.0,66.4,26,-4.2,"AIXBTS 2%, INJS 2%, RENDERS 2%",True,True,False,True,True,True,False,False,133,-308.8,-11.9,-2.32
0x8706…45C1,114,150,-0.04,27.3,-6.4,1,,0.0,0,0,0.0,0.0,1,-6.4,"ETHL 51%, ETHS 49%",True,True,False,False,False,True,True,False,0,0.0,0.0,
0x8739…4c15,304,105,-1.67,36.2,-174.9,3,,0.0,0,0,0.0,15.4,8,-21.9,"ETHL 15%, PUMPL 10%, HYPEL 9%",True,True,False,False,True,True,True,False,0,0.0,0.0,
0x87df…29b3,250,171,-0.11,32.2,-18.9,5,,8.8,3,7,1.9,1.1,2,-9.4,"BTCS 18%, DOGEL 16%, BTCL 13%",True,True,False,True,False,True,True,False,0,0.0,0.0,
0x87f7…7161,227,415,-0.21,40.7,-87.6,3,,0.0,0,0,0.0,0.1,1,-87.6,"FARTCOINS 60%, FARTCOINL 40%",True,True,False,False,False,True,True,False,0,0.0,0.0,
0x8828…eD06,303,311,-0.39,46.3,-119.9,7,,0.0,0,0,0.0,1.0,1,-119.9,"ETHL 47%, ETHS 24%, ARBL 11%",True,True,False,False,False,True,True,False,24,-4.6,-4.6,-0.19
0x8888…6d20,304,110,-0.59,19.1,-64.8,5,,0.0,0,0,0.0,0.7,3,-21.6,"SUIL 49%, LINKL 21%, BTCL 15%",True,True,False,False,False,True,True,False,0,0.0,0.0,
0x8898…7A9d,62,120,-0.69,32.5,-82.7,2,,5.7,11,26,2.3,3.1,3,-27.6,"ENAL 8%, NEARL 7%, PUMPL 7%",False,True,False,True,True,True,True,False,28,45.4,15.1,1.62
0x8911…2505,304,149,-0.04,65.1,-6.6,5,,2.1,1,7,0.5,5.5,2,-3.3,"GMXL 54%, MEGAL 15%, GMXS 14%",True,True,False,True,True,True,True,False,29,-2.3,-1.2,-0.08
0x896C…EdF4,259,156,-0.38,15.4,-58.6,9,,7.1,1,12,0.57,1.0,2,-29.3,"BTCL 24%, ETHL 23%, SOLL 15%",True,True,False,True,False,True,True,False,4,-2.3,-1.2,-0.57
0x896F…4E81,296,127,-0.35,22.8,-45.1,6,,1.6,0,1,0.13,4.7,2,-22.6,"BTCS 44%, SOLS 30%, BTCL 16%",True,True,False,False,True,True,True,False,5,-2.0,-1.0,-0.39
0x899C…107e,233,125,-0.17,41.6,-21.7,4,,5.0,11,15,1.23,2.1,2,-10.8,"ETHS 44%, ETHL 39%, BTCL 8%",True,True,False,True,True,True,True,False,44,-13.4,-6.7,-0.3
0x8A06…CCac,303,103,-0.21,0.0,-21.3,2,,0.0,0,0,0.0,0.0,1,-21.3,"SOLS 53%, BTCS 32%, BTCL 11%",True,True,False,False,False,True,True,False,0,0.0,0.0,
0x8B26…4AD5,215,73,-0.65,26.0,-47.6,3,,0.0,0,0,0.0,1.8,2,-23.8,"HYPEL 32%, SOLL 7%, ZECS 5%",True,False,False,False,False,True,True,False,209,-68.1,-34.0,-0.33
0x8B61…587c,304,313,-0.44,39.3,-138.0,2,,0.0,0,0,0.0,0.5,4,-34.5,"EIGENL 11%, TAOS 8%, EIGENS 8%",True,True,False,False,False,True,True,False,0,0.0,0.0,
0x8B9B…F3e1,249,209,-0.5,26.3,-105.5,6,,4.4,20,35,1.37,0.9,3,-35.2,"SUIL 21%, ICPS 17%, SUIS 16%",True,True,False,True,False,True,True,False,53,-14.2,-4.7,-0.27
0x8B9F…1183,77,914,-0.35,22.5,-321.5,3,,29.2,106,142,6.17,0.7,5,-64.3,"DOGEL 31%, HYPEL 13%, BTCL 9%",False,True,False,True,False,True,True,False,679,-156.8,-31.4,-0.23
0x8C74…47f7,299,358,-0.15,52.8,-51.9,3,,0.0,0,0,0.0,0.9,1,-51.9,"ETHL 31%, CAKEL 29%, ETHS 9%",True,True,False,False,False,True,True,False,0,0.0,0.0,
0x8CF8…924F,304,205,-0.19,39.0,-38.5,5,,0.0,0,0,0.0,0.2,1,-38.5,"SOLS 49%, SOLL 34%, BTCL 5%",True,True,False,False,False,True,True,False,6,4.9,4.9,0.82
0x8D4A…fCE6,304,466,-0.21,49.1,-96.6,8,,2.1,1,1,0.2,1.1,2,-48.3,"XRPL 22%, VVVL 13%, XRPS 8%",True,True,False,False,False,True,True,False,19,13.2,6.6,0.7
0x8D87…fC0b,303,161,-0.16,37.9,-25.8,3,,0.0,0,0,0.0,0.3,1,-25.8,"PENGUS 30%, PENGUL 29%, ETHS 22%",True,True,False,False,False,True,True,False,0,0.0,0.0,
0x8DEa…79b4,43,189,-0.15,24.9,-27.7,2,,0.0,0,0,0.0,0.7,4,-6.9,"BTCS 19%, BTCL 15%, ETHS 14%",False,True,False,False,False,True,True,False,0,0.0,0.0,
0x8Dcc…8792,294,120,-0.16,47.5,-19.2,3,,0.0,0,0,0.0,1.3,1,-19.2,"SOLS 52%, SOLL 23%, BTCS 12%",True,True,False,False,False,True,True,False,0,0.0,0.0,
0x8Dd8…A6d2,299,405,-0.26,19.3,-103.9,8,,11.3,31,64,3.63,1.3,4,-26.0,"ETHS 13%, BCHS 13%, DOGEL 8%",True,True,False,True,False,True,True,False,292,-49.0,-12.2,-0.17
0x8F0C…4ab2,147,105,-0.23,31.4,-24.6,2,,0.0,0,0,0.0,0.4,2,-12.3,"XRPL 75%, BTCL 21%, XRPS 3%",True,True,False,False,False,True,True,False,0,0.0,0.0,
0x8F47…fbea,13,14,-0.39,35.7,-5.4,1,,7.2,11,14,0.47,0.8,1,-5.4,"UNIS 57%, UNIL 36%, ETHS 7%",False,False,False,True,False,True,True,False,123,-2.0,-2.0,-0.02
0x8F51…2341,288,541,-0.74,55.5,-398.0,4,,2.2,0,6,0.33,101.9,54,-7.4,"EIGENS 2%, UNIS 2%, BERAS 2%",True,True,False,False,True,True,False,False,14,28.7,0.5,2.05
0x8FB5…b4Eb,291,147,-0.05,30.6,-6.9,6,,0.0,0,0,0.0,1.5,3,-2.3,"AVAXS 13%, SOLL 10%, AVAXL 7%",True,True,False,False,False,True,True,False,1,-1.3,-0.4,-1.34
0x8a3e…D7a1,175,213,-0.05,50.7,-11.1,3,,0.0,0,0,0.0,2.0,1,-11.1,"ETHS 52%, BTCL 18%, ETHL 13%",True,True,False,False,True,True,True,False,0,0.0,0.0,
0x8b0c…c336,292,296,-0.37,19.9,-110.9,9,,4.6,1,2,0.17,1.0,3,-37.0,"BTCL 23%, ETHL 15%, ETHS 9%",True,True,False,False,False,True,True,False,8,-7.7,-2.6,-0.97
0x8b62…F4f4,303,110,-0.25,22.7,-27.7,9,,2.0,1,3,0.3,0.4,1,-27.7,"BTCL 57%, BTCS 43%",True,True,False,False,False,True,True,False,8,2.7,2.7,0.34
0x8b79…d67e,53,503,-0.3,24.5,-151.0,2,,5.2,10,22,1.77,0.5,5,-30.2,"ONDOS 10%, TRUMPS 10%, TRUMPL 10%",False,True,False,True,False,True,True,False,14,-3.9,-0.8,-0.28
0x8cE7…8961,303,446,-0.06,65.5,-28.0,7,,3.8,1,3,0.97,1.8,1,-28.0,"ETHS 60%, ETHL 40%, BTCS 0%",True,True,False,False,False,True,True,False,27,-23.2,-23.2,-0.86
0x8cb8…bC80,199,190,-0.16,46.3,-29.7,3,,0.0,0,0,0.0,1.0,1,-29.7,"ETHS 46%, ETHL 45%, BTCL 3%",True,True,False,False,False,True,True,False,0,0.0,0.0,
0x8cfd…26e8,302,180,-1.89,27.8,-340.5,8,,1.0,1,1,0.03,2.7,6,-56.8,"AVAXL 16%, SOLL 16%, BTCS 15%",True,True,False,False,True,True,True,False,7,51.9,8.6,7.42
0x8d80…3B92,302,350,-0.28,22.3,-96.8,6,,14.0,0,0,0.2,0.4,1,-96.8,"ETHL 54%, ETHS 46%",True,True,False,False,False,True,True,False,0,0.0,0.0,
0x8eb5…4744,259,124,-0.25,45.2,-30.5,2,,0.0,0,0,0.0,0.2,1,-30.5,"FARTCOINL 48%, FARTCOINS 23%, ETHL 15%",True,True,False,False,False,True,True,False,0,0.0,0.0,
0x8f35…F2C4,236,132,-0.88,24.2,-116.8,6,,5.9,0,2,0.4,2.3,2,-58.4,"HYPEL 31%, XMRL 24%, WLDL 10%",True,True,False,False,True,True,True,False,25,-1.8,-0.9,-0.07
0x8fFd…43e2,292,431,-0.07,29.7,-29.1,4,,15.2,0,0,3.3,0.4,2,-14.6,"HYPEL 21%, RENDERL 20%, XRPL 16%",True,True,False,False,False,True,True,False,217,-12.3,-6.2,-0.06
0x8ff9…6a2e,77,179,0.07,43.6,11.9,0,,0.0,0,0,0.0,0.8,8,1.5,"HYPEL 12%, HYPES 9%, ZECL 7%",False,True,True,False,False,True,True,False,0,0.0,0.0,
0x902a…d466,88,98,-0.11,39.8,-10.9,2,,2.2,1,1,0.33,2.1,1,-10.9,"ETHS 54%, ETHL 26%, ONDOL 4%",False,False,False,False,True,True,True,False,6,-4.1,-4.1,-0.69
0x9030…b58E,210,211,-0.08,31.8,-17.2,3,,0.0,0,0,0.0,0.3,1,-17.2,"BNBL 18%, BNBS 13%, BTCS 8%",True,True,False,False,False,True,True,False,0,0.0,0.0,
0x90bF…330c,302,427,-0.19,17.1,-81.5,2,,0.0,0,0,0.0,0.1,1,-81.5,"SOLS 92%, SOLL 8%, ARBS 0%",True,True,False,False,False,True,True,False,0,0.0,0.0,
0x90c7…49B1,304,399,-0.29,27.6,-115.0,5,,25.3,86,94,3.67,1.0,5,-23.0,"SOLS 27%, ETHS 9%, SOLL 6%",True,True,False,True,False,True,True,False,164,-106.0,-21.2,-0.65
0x9111…2aa4,294,205,-0.02,39.0,-4.4,4,,0.0,0,0,0.0,0.2,2,-2.2,"XPLL 22%, FARTCOINL 18%, 0GL 9%",True,True,False,False,False,True,True,False,0,0.0,0.0,
0x9144…B1C3,277,199,-0.25,42.2,-50.7,8,,1.0,0,0,0.03,0.6,2,-25.4,"BTCS 15%, ETHS 11%, ETHL 9%",True,True,False,False,False,True,True,False,0,0.0,0.0,
0x915D…e2a0,197,94,-0.37,35.1,-34.4,4,,0.0,0,0,0.0,4.7,1,-34.4,"BTCS 54%, BTCL 31%, XRPL 7%",True,False,False,False,True,True,True,False,74,-2.8,-2.8,-0.04
0x919f…5b9e,217,399,-0.23,46.9,-91.4,3,,0.0,0,0,0.0,0.4,1,-91.4,"LINKS 58%, LINKL 42%",True,True,False,False,False,True,True,False,0,0.0,0.0,
0x9239…330B,297,89,0.88,41.6,78.6,3,,10.4,23,40,1.83,42.5,6,13.1,"WTIOILS 12%, LINKS 11%, GOLDS 9%",True,False,True,True,True,True,True,False,121,-132.7,-22.1,-1.1
0x925F…62bC,302,376,-0.21,15.2,-77.9,2,,0.0,0,0,0.0,0.3,1,-77.9,"BTCL 48%, BTCS 34%, ETHL 7%",True,True,False,False,False,True,True,False,0,0.0,0.0,
0x9263…596A,87,204,-0.22,20.6,-44.0,2,,0.0,0,0,0.0,0.4,2,-22.0,"BTCS 36%, BTCL 26%, HYPES 17%",False,True,False,False,False,True,True,False,0,0.0,0.0,
0x9303…0880,228,128,0.03,39.1,3.5,2,,0.0,0,0,0.0,0.4,1,3.5,"SOLL 20%, BTCS 12%, SOLS 12%",True,True,True,False,False,True,True,False,0,0.0,0.0,
0x931F…Eedb,304,223,-0.53,27.8,-119.0,8,,3.9,6,16,0.77,4.5,2,-59.5,"SEIS 82%, SEIL 13%, BTCS 4%",True,True,False,True,True,True,True,False,100,-19.9,-10.0,-0.2
0x9321…DD78,304,117,-0.23,26.5,-26.8,4,,2.1,0,1,0.3,1.3,2,-13.4,"ADAL 15%, AAVEL 13%, ETHL 10%",True,True,False,False,False,True,True,False,15,-5.6,-2.8,-0.37
0x9398…596C,302,563,-0.16,49.4,-87.5,6,,14.1,30,30,1.23,15.5,9,-9.7,"ETHS 9%, HYPEL 6%, HYPES 4%",True,True,False,True,True,True,True,False,96,-42.5,-4.7,-0.44
0x93eE…b482,119,132,-0.16,33.3,-21.2,3,,3.0,2,9,1.0,3.1,1,-21.2,"BTCS 49%, BTCL 30%, GOLDS 6%",True,True,False,True,True,True,True,False,86,-32.3,-32.3,-0.38
0x9417…A2E3,302,152,0.04,28.9,6.6,2,,0.0,0,0,0.0,0.7,1,6.6,"FARTCOINL 24%, PENGUL 11%, KASS 9%",True,True,True,False,False,True,True,False,0,0.0,0.0,
0x94AE…Aee3,267,129,-0.45,17.8,-58.1,4,,0.0,0,0,0.0,0.4,1,-58.1,"XMRS 50%, XMRL 25%, FARTCOINS 12%",True,True,False,False,False,True,True,False,0,0.0,0.0,
0x9522…271E,292,104,-0.25,16.3,-26.3,4,,0.0,0,0,0.0,3.4,3,-8.8,"AVNTL 43%, BTCL 26%, KTAL 9%",True,True,False,False,True,True,True,False,0,0.0,0.0,
0x9546…96e4,304,362,0.14,48.9,49.3,5,,6.9,5,12,1.2,23.8,8,6.2,"KTAS 11%, ETHS 7%, BRENTOILS 6%",True,True,True,True,True,True,True,True,13,-5.9,-0.7,-0.45
0x961F…93B1,207,225,-0.06,13.3,-14.3,3,,0.0,0,0,0.0,0.3,2,-7.2,"LTCL 18%, ETHL 12%, XPLL 8%",True,True,False,False,False,True,True,False,7,-3.0,-1.5,-0.43
0x962B…2C89,303,619,-0.16,47.7,-96.8,8,,5.9,10,22,1.47,1.1,1,-96.8,"FLOKIS 47%, FLOKIL 32%, XPLS 7%",True,True,False,True,False,True,True,False,116,-5.9,-5.9,-0.05
0x9666…6312,275,338,-0.19,2.1,-63.1,2,,0.0,0,0,0.0,0.0,1,-63.1,"BTCS 98%, BTCL 2%",True,True,False,False,False,True,True,False,0,0.0,0.0,
0x96C0…c04C,302,101,-0.29,26.7,-29.5,6,,0.0,0,0,0.0,0.1,1,-29.5,"ETHS 45%, ETHL 31%, BTCS 9%",True,True,False,False,False,True,True,False,0,0.0,0.0,
0x9703…dde0,289,150,-0.37,20.7,-56.0,5,,0.0,0,0,0.0,0.3,1,-56.0,"RENDERL 21%, ETHL 11%, BNBL 9%",True,True,False,False,False,True,True,False,58,2.3,2.3,0.04
0x970a…1405,303,129,0.16,32.6,20.8,6,,0.0,0,0,0.0,2.6,3,6.9,"0GL 22%, XPLL 18%, OML 16%",True,True,True,False,True,True,True,False,0,0.0,0.0,
0x9717…8a97,304,74,2.57,83.8,190.3,2,,4.0,1,1,0.17,37.6,2,95.2,"ZROS 54%, ZROL 46%",True,False,True,False,True,True,True,False,32,90.6,45.3,2.83
0x972f…2951,109,98,1.99,72.4,195.0,0,,3.1,0,0,0.23,22.5,4,48.8,"BTCS 11%, HYPES 8%, BRENTOILL 7%",True,False,True,False,True,True,True,False,4,-12.4,-3.1,-3.11
0x9761…00c6,175,117,0.19,48.7,21.7,1,,2.1,1,1,0.2,6.1,4,5.4,"SOLL 22%, SOLS 21%, BTCL 13%",True,True,True,False,True,True,True,False,8,26.2,6.6,3.28
0x9780…56D4,288,109,-0.01,31.2,-1.1,5,,3.0,5,21,0.93,6.0,2,-0.6,"BTCL 39%, BTCS 19%, VVVS 6%",True,True,False,True,True,True,True,False,86,-25.5,-12.8,-0.3
0x9792…48C5,16,105,-0.12,33.3,-12.4,1,,32.8,16,78,3.5,0.3,1,-12.4,"LINKL 70%, LINKS 29%, METS 1%",False,True,False,True,False,True,True,False,0,0.0,0.0,
0x97c2…D1b4,304,256,-0.38,41.4,-97.4,6,,4.2,10,20,0.8,0.8,1,-97.4,"ZECL 20%, DASHL 13%, BTCS 12%",True,True,False,True,False,True,True,False,330,17.4,17.4,0.05
0x981B…94bB,293,153,-0.2,0.0,-30.0,1,,0.0,0,0,0.0,0.0,1,-30.0,BTCL 100%,True,True,False,False,False,True,True,False,0,0.0,0.0,
0x986e…C874,91,222,-0.53,36.5,-118.4,3,,14.9,0,0,1.5,2.2,2,-59.2,"AAVEL 16%, SOLL 14%, VVVL 11%",True,True,False,False,True,True,True,False,0,0.0,0.0,
0x9872…703D,101,243,-0.17,14.4,-40.4,3,,0.0,0,0,0.0,0.7,1,-40.4,"ETHS 59%, ETHL 41%",True,True,False,False,False,True,True,False,0,0.0,0.0,
0x988B…C785,303,101,0.03,32.7,3.0,6,,2.0,1,1,0.03,1.8,2,1.5,"TAOS 44%, TAOL 25%, BTCS 12%",True,True,True,False,False,True,True,False,10,-16.8,-8.4,-1.68
0x98FA…6DFe,302,134,-0.34,43.3,-44.9,3,,0.0,0,0,0.0,0.7,1,-44.9,"DOGES 54%, DOGEL 40%, TRUMPL 1%",True,True,False,False,False,True,True,False,0,0.0,0.0,
0x98b8…312a,289,110,-0.41,29.1,-45.3,3,,0.0,0,0,0.0,1.6,1,-45.3,"XRPL 75%, BTCS 7%, XRPS 7%",True,True,False,False,False,True,True,False,0,0.0,0.0,
0x9957…bbA2,300,85,-2.71,0.0,-230.4,2,,0.0,0,0,0.0,8.4,10,-23.0,"ANIMEL 7%, AI16ZL 6%, PENGUL 5%",True,False,False,False,True,True,True,False,77,79.5,8.0,1.03
0x9965…c8dE,197,104,-0.65,33.7,-68.1,2,,0.0,0,0,0.0,2.1,3,-22.7,"CRVL 23%, ETHL 20%, FARTCOINL 17%",True,True,False,False,True,True,True,False,0,0.0,0.0,
0x99BB…5286,304,470,-0.38,34.3,-179.9,10,,4.1,1,1,0.03,1.6,1,-179.9,"BTCL 59%, BTCS 41%",True,True,False,False,False,True,True,False,65,-25.2,-25.2,-0.39
0x99F5…8b49,294,543,-0.36,20.6,-194.9,10,,7.2,4,8,0.27,0.8,2,-97.4,"ETHL 46%, SEIL 27%, ETHS 15%",True,True,False,True,False,True,True,False,191,-49.7,-24.8,-0.26
0x9A66…5dfA,289,173,-0.2,0.0,-34.9,1,,0.0,0,0,0.0,0.0,1,-34.9,BTCS 100%,True,True,False,False,False,True,True,False,0,0.0,0.0,
0x9AFd…4fb1,148,244,-0.27,13.9,-66.5,2,,0.0,0,0,0.0,0.2,3,-22.2,"BTCL 37%, BTCS 15%, SOLL 14%",True,True,False,False,False,True,True,False,0,0.0,0.0,
0x9Ab0…1Cb9,285,108,-0.39,38.0,-42.1,1,,0.0,0,0,0.0,2.4,11,-3.8,"BERAL 21%, ZORAL 20%, SOLL 10%",True,True,False,False,True,True,False,False,0,0.0,0.0,
0x9B44…1c56,103,103,0.0,43.7,0.1,1,,0.0,0,0,0.0,0.8,2,0.0,"UNIL 21%, TONL 17%, OPL 14%",True,True,False,False,False,True,True,False,0,0.0,0.0,
0x9B81…0208,301,115,-0.21,0.0,-24.2,1,,0.0,0,0,0.0,0.0,1,-24.2,BTCS 100%,True,True,False,False,False,True,True,False,0,0.0,0.0,
0x9BB4…E812,304,566,-0.53,32.0,-299.6,8,,18.5,48,70,6.0,3.4,2,-149.8,"UNIL 42%, UNIS 32%, ETHL 14%",True,True,False,True,False,True,True,False,46,-25.4,-12.7,-0.55
0x9C86…f322,242,146,-0.01,41.8,-1.9,1,,0.0,0,0,0.0,10.3,5,-0.4,"ENAL 13%, LINKL 10%, UNIL 5%",True,True,False,False,True,True,True,False,0,0.0,0.0,
0x9D44…569B,302,104,-0.47,35.6,-48.7,2,,0.0,0,0,0.0,0.1,1,-48.7,"HYPEL 19%, HYPES 16%, ENAL 16%",True,True,False,False,False,True,True,False,0,0.0,0.0,
0x9ED5…0f7F,208,243,-0.2,59.7,-48.0,4,,0.0,0,0,0.0,4.5,5,-9.6,"SOLL 9%, SOLS 9%, XRPL 6%",True,True,False,False,True,True,True,False,3,-26.4,-5.3,-8.81
0x9Eec…4aDB,165,102,-0.67,16.7,-68.2,4,,0.0,0,0,0.0,0.6,4,-17.0,"ONDOL 24%, ETHL 18%, SOLL 11%",True,True,False,False,False,True,True,False,0,0.0,0.0,
0x9F3A…2BDe,169,195,0.14,79.5,27.2,2,,3.6,8,16,1.23,5.8,3,9.1,"ETHL 29%, ETHS 28%, BTCL 25%",True,True,True,True,True,True,True,True,15,-16.6,-5.5,-1.11
0x9a17…35bF,287,153,-0.13,39.9,-19.7,5,,0.0,0,0,0.0,0.3,1,-19.7,"BTCS 34%, BTCL 30%, ETHL 25%",True,True,False,False,False,True,True,False,0,0.0,0.0,
0x9a32…4665,302,307,-0.14,39.7,-41.6,4,,0.0,0,0,0.0,1.0,2,-20.8,"BTCS 23%, BTCL 16%, ETHS 12%",True,True,False,False,False,True,True,False,0,0.0,0.0,
0x9a40…3DB7,210,269,-0.18,16.0,-48.8,1,,0.0,0,0,0.0,0.2,3,-16.3,"BTCL 24%, ETHL 18%, ZORAL 10%",True,True,False,False,False,True,True,False,0,0.0,0.0,
0x9aA6…A2DC,295,158,-0.53,46.8,-84.3,5,,0.0,0,0,0.0,2.2,1,-84.3,"FARTCOINL 34%, PENGUL 33%, TAOL 15%",True,True,False,False,True,True,True,False,5,-2.8,-2.8,-0.56
0x9c62…96Ca,303,364,-0.43,11.5,-158.1,9,,2.1,1,2,0.17,0.1,2,-79.0,"BTCL 68%, ETHL 31%, SOLL 0%",True,True,False,False,False,True,True,False,10,6.0,3.0,0.6
0x9cAD…D3Af,271,396,-0.04,53.8,-16.6,6,,4.2,12,23,1.77,2.8,2,-8.3,"TAOL 11%, SOLL 9%, HYPEL 9%",True,True,False,True,True,True,True,False,88,-20.7,-10.4,-0.24
0x9d02…D8F2,225,129,-0.26,22.5,-33.7,2,,0.0,0,0,0.0,4.0,2,-16.8,"XRPS 19%, BTCL 16%, ETHL 16%",True,True,False,False,True,True,True,False,0,0.0,0.0,
0x9e38…3493,295,149,-0.15,61.7,-21.9,4,,0.0,0,0,0.0,0.3,1,-21.9,"SOLS 40%, SOLL 33%, ETHL 5%",True,True,False,False,False,True,True,False,0,0.0,0.0,
0x9ea3…29cb,303,600,-0.33,10.8,-197.4,5,,0.0,0,0,0.0,0.9,4,-49.4,"XRPL 37%, LINKL 13%, CRVL 11%",True,True,False,False,False,True,True,False,0,0.0,0.0,
0x9eb9…fc0a,303,173,-0.22,61.8,-37.5,2,,5.2,19,43,1.9,2.0,1,-37.5,"BTCL 24%, BTCS 16%, BNBS 9%",True,True,False,True,True,True,True,False,62,-0.9,-0.9,-0.01
0x9f26…b704,288,104,-0.95,37.5,-98.5,3,,0.0,0,0,0.0,4.2,3,-32.8,"HYPES 18%, SOLS 15%, SOLL 14%",True,True,False,False,True,True,True,False,0,0.0,0.0,
0x9f49…b471,303,661,-0.24,27.1,-161.4,3,,0.0,0,0,0.0,0.1,1,-161.4,"FARTCOINS 48%, FARTCOINL 40%, ZORAL 4%",True,True,False,False,False,True,True,False,0,0.0,0.0,
0xA019…608a,79,102,-0.2,0.0,-20.3,1,,0.0,0,0,0.0,0.0,1,-20.3,"GOLDS 37%, ETHL 21%, ETHS 15%",False,True,False,False,False,True,True,False,0,0.0,0.0,
0xA01e…cc45,86,151,-0.22,51.7,-34.0,2,,1.0,0,0,0.03,3.1,4,-8.5,"DYDXL 12%, DYDXS 11%, JTOL 10%",False,True,False,False,True,True,True,False,2,-1.7,-0.4,-0.84
0xA142…1f39,304,191,-0.63,37.2,-119.6,3,,0.0,0,0,0.0,2.2,3,-39.9,"TAOL 20%, FARTCOINL 16%, ETHL 11%",True,True,False,False,True,True,True,False,1,-8.2,-2.7,-8.17
0xA1b8…0051,297,157,-0.7,40.1,-110.3,5,,0.0,0,0,0.0,0.2,2,-55.2,"ETHL 50%, BTCL 23%, ETHS 22%",True,True,False,False,False,True,True,False,0,0.0,0.0,
0xA22e…3267,11,18,-0.56,11.1,-10.1,1,,13.8,10,18,0.6,1.0,2,-5.0,"SOLL 33%, ZECL 22%, ZECS 17%",False,False,False,True,False,True,True,False,125,-24.7,-12.4,-0.2
0xA24B…1247,166,130,-0.46,26.9,-59.4,5,,10.2,1,4,0.53,6.1,3,-19.8,"ETHL 29%, BTCL 21%, LINKL 15%",True,True,False,True,True,True,True,False,1,-0.1,-0.0,-0.15
0xA42c…7658,301,469,-0.24,39.7,-111.5,10,,5.9,3,3,0.83,0.5,1,-111.5,"SPX6900S 12%, SPX6900L 10%, FARTCOINS 7%",True,True,False,False,False,True,True,False,19,-4.1,-4.1,-0.21
0xA48c…47D5,231,100,-0.31,34.0,-31.3,5,,0.0,0,0,0.0,1.5,2,-15.6,"ETHS 54%, ETHL 46%",True,True,False,False,False,True,True,False,0,0.0,0.0,
0xA4ec…1B1B,304,117,-0.79,34.2,-92.7,6,,0.0,0,0,0.0,3.4,3,-30.9,"ETHL 28%, ETHS 16%, ENAL 13%",True,True,False,False,True,True,True,False,0,0.0,0.0,
0xA55E…20AB,251,147,-0.11,19.0,-15.5,1,,0.0,0,0,0.0,0.7,2,-7.8,"AAVEL 29%, ETHS 21%, AAVES 11%",True,True,False,False,False,True,True,False,0,0.0,0.0,
0xA569…86C5,235,248,-0.23,40.3,-58.2,6,,3.3,7,10,0.63,4.3,2,-29.1,"ETHL 53%, ETHS 44%, PEPES 1%",True,True,False,True,True,True,True,False,57,1.6,0.8,0.03
0xA8BC…2C5C,136,188,-0.34,27.7,-64.0,5,,13.2,2,4,3.47,0.9,2,-32.0,"VVVL 9%, SUIL 6%, BTCL 5%",True,True,False,True,False,True,True,False,97,-10.4,-5.2,-0.11
0xAC4A…1126,294,90,1.43,46.7,128.4,5,,1.9,2,3,0.27,82.4,6,21.4,"ETHL 9%, SUIL 8%, SOLL 8%",True,False,True,False,True,True,True,False,29,-6.0,-1.0,-0.21
0xAD74…1F5d,289,113,-0.2,0.0,-23.0,1,,0.0,0,0,0.0,0.0,1,-23.0,"BTCS 99%, BTCL 1%",True,True,False,False,False,True,True,False,0,0.0,0.0,
0xAFEd…Dc99,112,76,-2.99,39.5,-226.9,3,,1.7,0,5,0.3,190.7,14,-16.2,"PENGUS 7%, DASHS 7%, VVVS 5%",True,False,False,False,True,True,False,False,33,-302.7,-21.6,-9.17
0xAa0E…9532,256,411,1.7,56.0,697.3,2,,0.0,0,0,0.0,43.0,39,17.9,"PUMPS 3%, ETHS 3%, BTCS 3%",True,True,True,False,True,True,False,False,0,0.0,0.0,
0xAdBB…8cf0,295,141,-0.23,31.9,-32.9,4,,0.0,0,0,0.0,0.5,2,-16.4,"BTCL 33%, SOLL 19%, SOLS 10%",True,True,False,False,False,True,True,False,0,0.0,0.0,
0xAdDC…8E94,302,189,-0.28,52.4,-53.1,4,,0.0,0,0,0.0,0.8,2,-26.6,"ATOML 54%, ATOMS 45%, ETHL 1%",True,True,False,False,False,True,True,False,0,0.0,0.0,
0xAdb2…167e,304,886,-0.49,36.2,-431.3,9,,4.8,16,24,1.17,1.0,7,-61.6,"LINKL 15%, HYPEL 7%, TAOL 7%",True,True,False,True,False,True,True,False,203,24.8,3.5,0.12
0xB04B…FE34,298,146,-0.44,37.7,-64.1,5,,2.5,0,1,0.13,5.4,1,-64.1,"TAOL 60%, PUMPL 18%, FETL 8%",True,True,False,False,True,True,True,False,0,0.0,0.0,
0xB0B4…DAD0,302,241,-0.51,34.9,-123.6,9,,0.0,0,0,0.0,1.5,3,-41.2,"FARTCOINL 28%, BTCL 19%, FARTCOINS 19%",True,True,False,False,False,True,True,False,3,-11.6,-3.9,-3.86
0xB0dD…01AA,241,109,-0.47,70.6,-51.1,2,,0.0,0,0,0.0,26.9,6,-8.5,"KTAS 7%, WELLS 7%, 0GL 5%",True,True,False,False,True,True,True,False,60,14.1,2.4,0.23
0xB100…84c5,122,121,-0.26,31.4,-31.3,4,,21.0,0,0,0.33,1.7,2,-15.6,"ETHS 19%, CRVL 15%, BTCS 12%",True,True,False,False,False,True,True,False,0,0.0,0.0,
0xB28C…a19B,304,121,-0.2,0.8,-24.4,1,,0.0,0,0,0.0,0.0,1,-24.4,"BTCS 96%, BTCL 4%",True,True,False,False,False,True,True,False,0,0.0,0.0,
0xB2E8…2514,267,180,0.14,61.7,25.1,3,,1.7,1,5,0.3,3.5,2,12.6,"VVVS 10%, SPX6900L 9%, VVVL 8%",True,True,True,True,True,True,True,True,14,-2.8,-1.4,-0.2
0xB317…Ed34,304,186,-0.81,14.5,-151.0,10,,6.6,6,14,0.63,3.4,1,-151.0,AVAXL 100%,True,True,False,True,True,True,True,False,45,-11.5,-11.5,-0.25
0xB38F…196C,292,92,-0.31,52.2,-28.9,4,,2.3,1,3,0.37,1.5,2,-14.4,"LINKL 55%, LINKS 30%, SUIL 3%",True,False,False,False,False,True,True,False,37,10.1,5.0,0.27
0xB426…d292,303,176,-0.2,0.0,-35.1,1,,0.0,0,0,0.0,0.0,1,-35.1,BTCS 100%,True,True,False,False,False,True,True,False,0,0.0,0.0,
0xB441…3191,303,107,-0.2,51.4,-21.8,3,,0.0,0,0,0.0,2.7,4,-5.4,"BTCS 36%, BTCL 33%, ETHL 10%",True,True,False,False,True,True,True,False,1,-6.0,-1.5,-5.99
0xB4D9…cc66,303,112,-0.21,0.0,-23.1,1,,0.0,0,0,0.0,0.0,1,-23.1,BTCS 100%,True,True,False,False,False,True,True,False,0,0.0,0.0,
0xB4b2…0923,282,113,-1.84,11.5,-207.9,9,,3.9,6,9,0.37,15.1,4,-52.0,"TIAL 27%, ADAL 19%, ATOML 18%",True,True,False,True,True,True,True,False,17,-23.8,-6.0,-1.4
0xB58b…d2c4,285,108,-0.2,0.9,-21.8,3,,0.0,0,0,0.0,0.0,1,-21.8,"BTCS 52%, BTCL 48%",True,True,False,False,False,True,True,False,0,0.0,0.0,
0xB83D…d06a,252,266,-0.18,32.0,-48.5,2,,0.0,0,0,0.0,0.2,1,-48.5,"ETHS 50%, ETHL 50%",True,True,False,False,False,True,True,False,0,0.0,0.0,
0xB844…482d,187,106,0.23,38.7,24.2,4,,1.8,2,2,0.17,0.5,3,8.1,"SUIL 46%, SUIS 16%, ETHL 16%",True,True,True,False,False,True,True,False,7,42.7,14.2,6.1
0xB8A8…39D8,147,148,-0.68,49.3,-101.2,2,,0.0,0,0,0.0,183.1,33,-3.1,"XAUT.v2S 3%, JTOS 3%, ORDIS 3%",True,True,False,False,True,True,False,False,0,0.0,0.0,
0xB95e…D023,303,225,-0.66,50.7,-149.0,3,,0.0,0,0,0.0,24.3,12,-12.4,"HYPES 7%, ETHS 6%, XPLS 6%",True,True,False,False,True,True,False,False,21,-43.9,-3.7,-2.09
0xB9da…825A,159,125,-0.2,40.8,-25.1,4,,3.1,2,2,0.47,1.6,1,-25.1,"DOGES 54%, DOGEL 41%, ENAS 2%",True,True,False,False,False,True,True,False,4,-4.5,-4.5,-1.13
0xBAac…B5aE,284,101,0.0,28.7,0.5,5,,0.0,0,0,0.0,1.0,1,0.5,"BTCL 30%, BTCS 29%, ETHL 20%",True,True,False,False,False,True,True,False,0,0.0,0.0,
0xBB61…9560,304,670,-0.25,36.3,-166.4,9,,5.4,9,24,2.1,1.3,2,-83.2,"SUIL 57%, SUIS 43%",True,True,False,True,False,True,True,False,195,-11.0,-5.5,-0.06
0xBE72…391c,133,236,0.28,30.1,66.1,1,,0.0,0,0,0.0,2.7,16,4.1,"BTCL 33%, BTCS 21%, AEROL 5%",True,True,True,False,True,True,False,False,0,0.0,0.0,
0xBFfB…5aa5,304,137,-0.62,46.0,-85.3,3,,1.5,0,0,0.0,24.0,8,-10.7,"ETHS 23%, BTCS 23%, BTCL 8%",True,True,False,False,True,True,True,False,0,0.0,0.0,
0xBaF5…a8bD,298,117,0.2,60.7,23.4,6,,2.5,5,16,0.93,6.9,2,11.7,"HYPES 21%, ZECS 18%, SOLS 11%",True,True,True,True,True,True,True,True,16,-22.0,-11.0,-1.37
0xBc18…baaE,303,102,-1.41,32.4,-144.1,4,,0.0,0,0,0.0,14.3,3,-48.0,"BTCL 31%, BTCS 25%, SOLL 8%",True,True,False,False,True,True,True,False,1,-0.2,-0.1,-0.2
0xBf92…F979,129,164,-0.09,18.3,-14.7,2,,0.0,0,0,0.0,0.0,1,-14.7,"ETHL 46%, ETHS 24%, BTCL 21%",True,True,False,False,False,True,True,False,0,0.0,0.0,
0xBf94…B9e9,304,229,-0.24,41.5,-54.6,2,,0.0,0,0,0.0,2.0,4,-13.6,"PUMPL 21%, ETHL 11%, TAOL 10%",True,True,False,False,True,True,True,False,0,0.0,0.0,
0xC079…FFfd,302,154,3.58,58.4,552.0,1,,0.0,0,0,0.0,190.7,12,46.0,"PENGUS 5%, XMRS 4%, ICPS 3%",True,True,True,False,True,True,False,False,0,0.0,0.0,
0xC082…A413,256,201,0.05,43.8,10.3,4,,3.4,1,6,0.93,6.5,3,3.4,"BTCS 23%, ZECL 23%, BTCL 18%",True,True,True,True,True,True,True,True,24,61.0,20.3,2.54
0xC11b…19Ad,304,265,-0.3,64.5,-80.0,5,,1.7,3,8,0.4,6.3,4,-20.0,"SOLL 25%, BTCL 22%, BTCS 17%",True,True,False,True,True,True,True,False,117,40.5,10.1,0.35
0xC12d…a6BB,294,205,-0.18,39.0,-36.3,3,,0.0,0,0,0.0,0.2,1,-36.3,"ETHS 46%, BTCS 27%, ETHL 15%",True,True,False,False,False,True,True,False,0,0.0,0.0,
0xC15B…9c7a,303,104,-0.2,0.0,-20.9,1,,0.0,0,0,0.0,0.0,1,-20.9,"BTCS 98%, BTCL 2%",True,True,False,False,False,True,True,False,0,0.0,0.0,
0xC17d…8FA6,303,387,-0.36,23.8,-140.5,8,,0.0,0,0,0.0,1.2,2,-70.2,"ETHL 21%, TRUMPS 13%, ETHS 10%",True,True,False,False,False,True,True,False,0,0.0,0.0,
0xC1BA…83FC,303,177,-0.61,44.1,-108.8,5,,2.0,0,0,0.03,1.5,1,-108.8,"PENGUL 25%, PENGUS 20%, ADAL 12%",True,True,False,False,False,True,True,False,0,0.0,0.0,
0xC1b2…f4d1,297,159,-0.01,58.5,-1.0,2,,0.0,0,0,0.0,1.0,1,-1.0,"XRPS 15%, XRPL 14%, SOLL 12%",True,True,False,False,False,True,True,False,0,0.0,0.0,
0xC20d…4D16,181,154,-0.79,30.5,-121.9,4,,0.0,0,0,0.0,11.7,2,-61.0,"ETHL 29%, UNIL 27%, UNIS 18%",True,True,False,False,True,True,True,False,0,0.0,0.0,
0xC235…7ED3,304,114,-0.19,1.8,-21.7,1,,0.0,0,0,0.0,0.0,1,-21.7,"BTCS 95%, BTCL 5%",True,True,False,False,False,True,True,False,0,0.0,0.0,
0xC2cd…24f8,293,254,0.15,79.9,37.3,4,,2.3,4,6,0.47,71.4,9,4.1,"ETHL 17%, BTCL 16%, SOLL 13%",True,True,True,True,True,True,True,True,27,103.3,11.5,3.83
0xC406…D08A,292,257,-0.35,17.9,-90.4,4,,1.0,0,0,0.03,0.2,1,-90.4,"ETHL 67%, ETHS 22%, SOLL 7%",True,True,False,False,False,True,True,False,1,-6.2,-6.2,-6.17
0xC43b…8054,261,146,-0.18,44.5,-25.9,6,,0.0,0,0,0.0,0.1,1,-25.9,"ETHS 29%, ETHL 28%, SOLS 18%",True,True,False,False,False,True,True,False,11,1.0,1.0,0.09
0xC45A…1dA8,303,235,-0.2,0.0,-46.9,1,,0.0,0,0,0.0,0.0,1,-46.9,"BTCS 99%, ETHS 0%, BTCL 0%",True,True,False,False,False,True,True,False,0,0.0,0.0,
0xC47F…4C28,155,167,-1.54,62.9,-256.9,6,,1.4,0,0,0.03,27.8,9,-28.5,"SPX6900S 6%, XMRS 4%, SOLS 4%",True,True,False,False,True,True,True,False,21,85.4,9.5,4.07
0xC49D…7eA6,300,140,-0.99,18.6,-138.4,9,,1.0,0,0,0.03,9.4,2,-69.2,"SOLL 34%, ETHL 22%, ETHS 14%",True,True,False,False,True,True,True,False,4,7.4,3.7,1.85
0xC59f…BeB3,304,162,-1.33,19.1,-215.0,5,,0.0,0,0,0.0,4.1,3,-71.7,"ARBL 41%, BTCL 27%, SOLL 17%",True,True,False,False,True,True,True,False,0,0.0,0.0,
0xC5B3…6C0b,303,112,-0.25,74.1,-27.9,3,,0.0,0,0,0.0,4.4,4,-7.0,"ETHL 33%, BTCL 17%, BNBS 8%",True,True,False,False,True,True,True,False,0,0.0,0.0,
0xC5E9…DA49,286,115,-0.36,32.2,-41.1,2,,0.0,0,0,0.0,0.6,2,-20.6,"BTCS 37%, ARBS 32%, BTCL 13%",True,True,False,False,False,True,True,False,0,0.0,0.0,
0xC609…EE2d,303,618,-0.14,34.3,-88.9,6,,7.3,7,18,2.0,2.0,2,-44.4,"XPLL 30%, RENDERL 23%, SOLL 9%",True,True,False,True,True,True,True,False,148,-29.1,-14.6,-0.2
0xC68d…dB6A,283,198,-0.26,42.9,-51.8,5,,1.8,0,0,0.03,2.9,3,-17.3,"BTCL 21%, ETHS 19%, BTCS 14%",True,True,False,False,True,True,True,False,4,10.4,3.5,2.61
0xC701…1303,299,184,-0.2,0.0,-37.2,1,,0.0,0,0,0.0,0.0,1,-37.2,"BTCS 68%, BTCL 32%",True,True,False,False,False,True,True,False,0,0.0,0.0,
0xC736…5eCE,302,168,-0.04,20.8,-6.7,7,,3.0,0,0,0.3,0.4,1,-6.7,"DOGEL 50%, DOGES 45%, FARTCOINL 2%",True,True,False,False,False,True,True,False,12,-4.2,-4.2,-0.35
0xC8C9…8541,303,238,-0.2,0.4,-47.2,1,,0.0,0,0,0.0,0.0,1,-47.2,"BTCS 98%, BTCL 2%",True,True,False,False,False,True,True,False,0,0.0,0.0,
0xC909…BD9d,278,587,-0.15,29.3,-90.0,7,,6.2,4,4,1.47,3.7,7,-12.9,"HYPES 9%, TRXS 9%, BNBS 6%",True,True,False,True,True,True,True,False,2,-3.5,-0.5,-1.75
0xC931…56BC,60,202,-0.36,49.5,-73.0,1,,3.5,5,7,0.9,2.7,5,-14.6,"BTCS 16%, BTCL 14%, ETHS 13%",False,True,False,True,True,True,True,False,125,58.3,11.7,0.47
0xC968…d5E4,276,115,0.01,44.3,1.6,3,,0.0,0,0,0.0,3.7,1,1.6,"ETHS 54%, ETHL 40%, NEARS 2%",True,True,True,False,True,True,True,False,0,0.0,0.0,
0xC9A5…8643,294,739,-0.47,26.0,-348.1,7,,2.9,5,9,0.93,5.2,5,-69.6,"FARTCOINL 5%, VVVS 5%, TAOL 4%",True,True,False,True,True,True,True,False,108,110.2,22.0,1.02
0xCA66…5985,303,102,-0.24,30.4,-24.1,1,,0.0,0,0,0.0,0.2,2,-12.0,"SPX6900L 10%, BTCL 7%, BONKS 6%",True,True,False,False,False,True,True,False,0,0.0,0.0,
0xCA8C…f284,301,514,-0.27,33.9,-140.0,10,,8.8,7,7,1.4,0.5,1,-140.0,"FARTCOINL 25%, DOGEL 13%, FARTCOINS 13%",True,True,False,True,False,True,True,False,63,-22.3,-22.3,-0.35
0xCBB2…aAf8,278,158,-0.27,39.9,-43.2,3,,0.0,0,0,0.0,3.9,4,-10.8,"ICPL 34%, FILL 14%, FARTCOINL 11%",True,True,False,False,True,True,True,False,5,-13.4,-3.4,-2.68
0xCE43…c04D,302,154,-0.11,31.2,-16.8,6,,2.0,3,3,0.1,1.8,2,-8.4,"BTCS 34%, BTCL 24%, ETHS 18%",True,True,False,False,False,True,True,False,8,-7.2,-3.6,-0.9
0xCEd4…51B0,232,121,-0.14,48.8,-16.5,3,,0.0,0,0,0.0,1.7,1,-16.5,"BTCS 19%, SOLL 9%, BTCL 6%",True,True,False,False,False,True,True,False,0,0.0,0.0,
0xCb84…dfa4,303,224,-0.2,0.0,-44.9,1,,0.0,0,0,0.0,0.0,1,-44.9,"BTCS 83%, BTCL 17%",True,True,False,False,False,True,True,False,0,0.0,0.0,
0xCb96…083f,156,151,-0.45,28.5,-68.6,4,,2.5,6,7,0.33,0.6,2,-34.3,"SHIBL 22%, SHIBS 9%, BTCS 7%",True,True,False,True,False,True,True,False,30,-10.2,-5.1,-0.34
0xCc79…a4aA,304,398,-0.21,30.7,-85.4,10,,4.8,0,12,0.67,0.4,1,-85.4,"SOLS 47%, SOLL 34%, XMRS 3%",True,True,False,False,False,True,True,False,79,-19.3,-19.3,-0.24
0xCde1…42C7,168,108,-0.17,21.3,-18.6,2,,0.0,0,0,0.0,0.2,1,-18.6,"BTCS 50%, BTCL 20%, ETHL 14%",True,True,False,False,False,True,True,False,0,0.0,0.0,
0xCe99…6F93,236,28,-1.38,28.6,-38.8,4,,2.8,5,12,0.8,10.2,2,-19.4,"BTCL 29%, ETHL 21%, SOLL 14%",True,False,False,True,True,True,True,False,99,-9.2,-4.6,-0.09
0xCfab…c388,303,741,0.03,57.4,24.2,4,,14.0,2,15,3.33,8.5,5,4.8,"ETHL 21%, BTCL 10%, LDOL 10%",True,True,True,True,False,True,True,False,0,0.0,0.0,
0xD01e…3607,283,112,-0.31,18.8,-34.5,3,,0.0,0,0,0.0,0.2,3,-11.5,"XRPL 10%, BTCL 10%, ETHL 10%",True,True,False,False,False,True,True,False,0,0.0,0.0,
0xD028…A96C,304,1151,0.15,56.8,168.8,2,,0.0,0,0,0.0,0.9,8,21.1,"FARTCOINS 7%, FARTCOINL 5%, VVVS 5%",True,True,True,False,False,True,True,False,0,0.0,0.0,
0xD08e…CbCC,120,299,-0.36,32.4,-108.0,4,,20.8,0,0,1.8,0.6,1,-108.0,"BTCL 17%, NEARL 14%, INJL 11%",True,True,False,False,False,True,True,False,77,-14.1,-14.1,-0.18
0xD0da…cBd1,300,117,0.14,41.9,16.9,4,,0.0,0,0,0.0,2.6,1,16.9,"LINKS 49%, LINKL 44%, XAUT.v2L 5%",True,True,True,False,True,True,True,False,0,0.0,0.0,
0xD107…87d9,303,418,-0.2,0.0,-83.5,1,,0.0,0,0,0.0,0.0,1,-83.5,BTCS 100%,True,True,False,False,False,True,True,False,0,0.0,0.0,
0xD144…f278,236,431,-0.2,34.3,-86.4,6,,0.0,0,0,0.0,0.8,5,-17.3,"XMRL 15%, VVVL 10%, ZECL 7%",True,True,False,False,False,True,True,False,0,0.0,0.0,
0xD248…3260,297,521,-0.45,32.1,-234.8,6,,1.0,0,0,0.0,2.1,4,-58.7,"CRVL 14%, VIRTUALL 12%, FARTCOINL 12%",True,True,False,False,True,True,True,False,2,-13.9,-3.5,-6.96
0xD274…Cda3,264,214,-0.32,33.2,-68.2,4,,0.0,0,0,0.0,0.4,2,-34.1,"BTCS 13%, MELANIAL 11%, MELANIAS 11%",True,True,False,False,False,True,True,False,0,0.0,0.0,
0xD2A5…0613,302,405,-0.71,24.0,-286.4,10,,10.9,10,12,1.27,0.8,5,-57.3,"BTCL 18%, ETHL 17%, BTCS 6%",True,True,False,True,False,True,True,False,108,-3.6,-0.7,-0.03
0xD2d2…AA65,155,159,-0.45,20.8,-70.8,5,,4.7,3,13,1.13,4.6,4,-17.7,"BTCL 35%, ETHL 29%, SOLL 21%",True,True,False,True,True,True,True,False,46,10.9,2.7,0.24
0xD2da…7550,177,186,-0.07,38.2,-12.7,1,,0.0,0,0,0.0,0.1,1,-12.7,"BTCS 52%, BTCL 45%, ETHL 2%",True,True,False,False,False,True,True,False,0,0.0,0.0,
0xD32d…D4FA,302,211,-0.41,20.4,-86.1,9,,1.5,2,2,0.1,0.4,2,-43.0,"BTCL 53%, BTCS 40%, SOLL 5%",True,True,False,False,False,True,True,False,8,-2.6,-1.3,-0.33
0xD423…B0DB,190,371,-0.34,51.5,-124.7,3,,0.0,0,0,0.0,24.0,24,-5.2,"STXS 4%, OPS 3%, STXL 3%",True,True,False,False,True,True,False,False,0,0.0,0.0,
0xD5b1…4d87,292,122,-0.55,41.8,-66.8,7,,2.2,1,3,0.2,31.1,2,-33.4,"BTCS 18%, ETHS 18%, BTCL 17%",True,True,False,False,True,True,True,False,22,-6.9,-3.4,-0.31
0xD670…13e9,303,137,-0.57,29.9,-77.5,7,,0.0,0,0,0.0,1.9,3,-25.8,"FARTCOINL 27%, LTCL 18%, PENGUL 14%",True,True,False,False,False,True,True,False,0,0.0,0.0,
0xD6f1…0F3B,304,212,-0.19,35.8,-40.9,2,,0.0,0,0,0.0,0.4,1,-40.9,"ETHS 52%, ETHL 47%, LINKL 1%",True,True,False,False,False,True,True,False,0,0.0,0.0,
0xD773…2207,119,83,-3.14,41.0,-260.7,2,,2.2,4,7,0.43,229.4,13,-20.1,"PENGUS 6%, ORDIL 6%, VVVS 5%",True,False,False,True,True,True,False,False,43,-431.8,-33.2,-10.04
0xD835…d1b4,269,57,-0.86,35.1,-49.0,5,,2.6,1,10,0.33,2.2,1,-49.0,"ETHS 18%, LINKL 16%, BTCL 12%",True,False,False,True,True,True,True,False,76,14.6,14.6,0.19
0xD88e…4bA7,303,112,-0.11,40.2,-12.3,5,,2.0,0,0,0.07,2.6,1,-12.3,"ETHL 54%, ETHS 46%",True,True,False,False,True,True,True,False,0,0.0,0.0,
0xD98c…3e8f,269,129,-0.28,38.8,-36.3,7,,3.1,1,10,0.43,2.4,2,-18.2,"ETHL 32%, ETHS 32%, FARTCOINS 6%",True,True,False,True,True,True,True,False,235,-59.7,-29.8,-0.25
0xD9aD…3245,298,163,-0.05,40.5,-9.0,4,,0.0,0,0,0.0,0.9,1,-9.0,"XAUT.v2L 36%, XAUT.v2S 25%, SOLS 25%",True,True,False,False,False,True,True,False,4,-1.7,-1.7,-0.42
0xDA6B…c759,299,129,-0.21,2.3,-27.1,3,,0.0,0,0,0.0,0.0,1,-27.1,"BTCL 91%, BTCS 9%",True,True,False,False,False,True,True,False,0,0.0,0.0,
0xDA73…e412,260,225,0.23,81.8,51.9,3,,6.5,8,30,1.57,1.4,2,26.0,"HYPEL 25%, VVVL 21%, PENGUL 9%",True,True,True,True,False,True,True,False,160,-14.5,-7.2,-0.09
0xDB17…a96b,298,82,-0.79,47.6,-65.1,6,,8.4,17,18,0.9,5.0,2,-32.6,"ETHS 27%, ETHL 18%, BRENTOILS 10%",True,False,False,True,True,True,True,False,124,61.3,30.6,0.49
0xDD62…2d62,125,118,-0.19,23.7,-22.6,5,,8.4,14,26,1.4,1.8,2,-11.3,"ETHS 38%, SOLL 36%, SOLS 11%",True,True,False,True,False,True,True,False,66,18.4,9.2,0.28
0xDDfC…fDD6,303,189,-0.52,16.4,-98.8,9,,3.0,1,2,0.07,0.6,2,-49.4,"LINKL 74%, UNIL 8%, PIL 8%",True,True,False,False,False,True,True,False,0,0.0,0.0,
0xDEB2…7d9b,304,7681,-0.27,23.4,-2103.7,10,,54.3,8,34,7.0,0.2,3,-701.2,"KTAS 19%, KTAL 17%, BTCS 4%",True,True,False,True,False,True,True,False,1720,-653.1,-217.7,-0.38
0xDF1D…1a3F,283,13,-0.46,38.5,-6.0,4,,2.0,0,0,0.03,10.5,1,-6.0,"BTCS 46%, CRVL 23%, LINKL 15%",True,False,False,False,True,True,True,False,106,-28.5,-28.5,-0.27
0xDF4c…E689,48,83,-0.22,16.9,-18.5,2,,9.1,12,12,1.4,0.6,1,-18.5,"ETHS 55%, ETHL 45%",False,False,False,True,False,True,True,False,54,-8.9,-8.9,-0.16
0xDb59…4e4e,303,131,0.31,74.0,40.2,3,,3.3,2,7,0.63,10.4,1,40.2,"ETHS 51%, ETHL 47%, BTCS 1%",True,True,True,True,True,True,True,True,3,2.0,2.0,0.67
0xDbA2…4d0A,238,114,-0.19,49.1,-22.2,5,,3.4,11,15,0.63,14.1,2,-11.1,"ETHL 53%, ETHS 46%, ASTERL 1%",True,True,False,True,True,True,True,False,23,-18.3,-9.2,-0.8
0xDc1b…7369,297,572,-0.29,28.0,-167.1,4,,0.0,0,0,0.0,0.1,2,-83.6,"FARTCOINS 11%, SOLS 9%, SPX6900S 6%",True,True,False,False,False,True,True,False,0,0.0,0.0,
0xDca3…f144,295,201,0.1,36.8,19.7,2,,0.0,0,0,0.0,1.4,1,19.7,"ASTERS 34%, ASTERL 27%, AVAXS 14%",True,True,True,False,False,True,True,False,0,0.0,0.0,
0xDce1…F6b2,304,189,3.66,58.2,690.9,1,,0.0,0,0,0.0,145.3,12,57.6,"SEIS 4%, XMRS 4%, PENGUS 3%",True,True,True,False,True,True,False,False,0,0.0,0.0,
0xDf7a…e2b5,183,182,-0.46,40.1,-82.9,3,,1.4,2,5,0.27,2.1,2,-41.4,"BTCL 29%, BTCS 14%, SOLS 13%",True,True,False,True,True,True,True,False,10,-0.2,-0.1,-0.02
0xE049…1483,263,114,-1.19,21.9,-135.5,2,,0.0,0,0,0.0,3.5,8,-16.9,"BTCS 18%, BTCL 17%, ETHS 11%",True,True,False,False,True,True,True,False,0,0.0,0.0,
0xE139…DDb9,304,116,-0.63,19.8,-73.6,4,,0.0,0,0,0.0,0.7,1,-73.6,"ETHL 41%, ETHS 30%, BTCS 15%",True,True,False,False,False,True,True,False,0,0.0,0.0,
0xE14A…5656,146,149,-0.2,9.4,-30.1,1,,0.0,0,0,0.0,0.1,5,-6.0,"BTCL 43%, ETHL 28%, DOGES 11%",True,True,False,False,False,True,True,False,0,0.0,0.0,
0xE17c…8332,303,136,-0.58,26.5,-78.3,4,,0.0,0,0,0.0,0.5,2,-39.2,"SOLL 12%, SOLS 12%, ZORAS 9%",True,True,False,False,False,True,True,False,0,0.0,0.0,
0xE203…A882,271,282,-2.7,37.6,-762.8,3,,0.0,0,0,0.0,858.4,184,-4.1,"ETHL 6%, ETHS 5%, BTCL 4%",True,True,False,False,True,True,False,False,0,0.0,0.0,
0xE20a…b579,294,317,-0.24,23.3,-77.2,9,,3.0,0,0,0.03,0.4,2,-38.6,"LINKS 18%, XRPS 18%, LINKL 15%",True,True,False,False,False,True,True,False,5,-2.3,-1.2,-0.47
0xE2b6…179D,154,506,-0.16,42.1,-82.9,4,,0.0,0,0,0.0,0.6,2,-41.4,"BTCS 28%, BTCL 27%, HYPES 14%",True,True,False,False,False,True,True,False,0,0.0,0.0,
0xE399…4f28,303,249,-0.41,37.3,-103.2,8,,2.2,2,4,0.13,5.5,2,-51.6,"DOTL 25%, DOTS 13%, BTCS 12%",True,True,False,True,True,True,True,False,5,-9.6,-4.8,-1.92
0xE3eF…04be,105,237,-0.13,36.7,-30.3,3,,13.6,0,0,0.47,2.6,1,-30.3,"ARBS 60%, ARBL 40%, APES 0%",True,True,False,False,True,True,True,False,119,-70.0,-70.0,-0.59
0xE4D6…37ec,136,205,1.38,96.6,282.7,0,,9.8,25,61,2.53,4.0,4,70.7,"APTL 12%, ONDOS 10%, HBARL 7%",True,True,True,True,True,True,True,True,47,23.2,5.8,0.49
0xE62c…31Eb,283,2021,-0.32,38.9,-640.6,10,,16.5,69,90,6.17,0.3,3,-213.5,"HYPEL 13%, ENAL 10%, BTCS 7%",True,True,False,True,False,True,True,False,627,-173.9,-58.0,-0.28
0xE6A8…83b4,304,209,-1.55,15.8,-322.9,10,,5.7,3,6,0.43,2.9,3,-107.6,"SPX6900L 65%, AAVEL 17%, HYPEL 5%",True,True,False,True,True,True,True,False,81,-40.4,-13.5,-0.5
0xE76D…5fAc,160,679,-0.25,54.3,-167.1,6,,10.6,23,39,5.1,1.7,5,-33.4,"BTCS 9%, ZECS 8%, VVVS 6%",True,True,False,True,False,True,True,False,306,-138.1,-27.6,-0.45
0xE788…Ef08,279,155,-0.18,27.1,-27.6,2,,0.0,0,0,0.0,0.2,1,-27.6,"SOLL 17%, XRPL 10%, TRUMPL 10%",True,True,False,False,False,True,True,False,0,0.0,0.0,
0xE8d8…91db,304,755,0.67,52.8,504.9,3,,47.5,48,73,4.17,37.1,40,12.6,"BTCS 11%, ETHS 11%, BTCL 5%",True,True,True,True,False,True,False,False,59,-32.3,-0.8,-0.55
0xE9B2…3A65,303,86,-0.24,27.9,-20.7,5,,3.8,0,1,0.13,2.1,1,-20.7,"SOLS 36%, ETHS 13%, SOLL 12%",True,False,False,False,True,True,True,False,15,3.8,3.8,0.25
0xE9eE…6A1b,298,354,0.13,41.5,46.3,5,,0.0,0,0,0.0,1.8,3,15.4,"BTCS 14%, BTCL 8%, TAOS 6%",True,True,True,False,False,True,True,False,75,-9.1,-3.0,-0.12
0xECF0…f7B1,304,114,-0.7,49.1,-80.0,6,,1.4,4,6,0.3,11.7,1,-80.0,"SOLL 55%, SOLS 39%, ETHS 4%",True,True,False,True,True,True,True,False,91,-23.1,-23.1,-0.25
0xED29…6a93,298,169,-1.15,42.6,-193.6,4,,0.0,0,0,0.0,23.5,22,-8.8,"AEROS 5%, ETHL 4%, BTCL 4%",True,True,False,False,True,True,False,False,0,0.0,0.0,
0xED50…fF40,303,431,-0.13,14.4,-57.8,2,,0.0,0,0,0.0,0.4,3,-19.3,"BTCL 36%, BTCS 20%, SUIL 8%",True,True,False,False,False,True,True,False,0,0.0,0.0,
0xEE03…dDaF,303,263,-0.21,0.4,-55.5,2,,0.0,0,0,0.0,0.0,1,-55.5,"BTCS 95%, BTCL 3%, ETHL 1%",True,True,False,False,False,True,True,False,0,0.0,0.0,
0xEE89…f1ab,289,263,-0.06,41.4,-16.3,4,,0.0,0,0,0.0,1.7,1,-16.3,"ETHS 79%, ETHL 21%",True,True,False,False,False,True,True,False,0,0.0,0.0,
0xEE8F…d9bb,75,188,-0.22,42.6,-40.8,3,,11.2,0,15,0.7,0.2,1,-40.8,"XLML 41%, SOLL 21%, HYPEL 12%",False,True,False,False,False,True,True,False,19,1.0,1.0,0.05
0xEEd5…22c5,291,114,-0.96,28.9,-109.4,7,,0.0,0,0,0.0,2.6,2,-54.7,"SOLL 56%, SOLS 32%, DOGEL 5%",True,True,False,False,True,True,True,False,6,-7.1,-3.6,-1.19
0xEFd8…2Bc5,302,410,-0.79,27.1,-325.8,8,,2.8,5,5,0.17,11.8,9,-36.2,"BTCL 19%, SOLL 16%, ETHL 12%",True,True,False,True,True,True,True,False,43,-119.2,-13.2,-2.77
0xEc7C…1163,294,134,3.29,59.7,441.0,0,,0.0,0,0,0.0,63.2,13,33.9,"XRPS 4%, FARTCOINS 4%, 0GL 4%",True,True,True,False,True,True,False,False,0,0.0,0.0,
0xEd97…aE99,304,556,-0.35,28.2,-195.0,5,,0.0,0,0,0.0,0.7,3,-65.0,"ETHL 33%, BTCL 29%, ETHS 8%",True,True,False,False,False,True,True,False,0,0.0,0.0,
0xF047…E0f9,168,138,-0.27,50.7,-37.8,3,,0.0,0,0,0.0,4.5,2,-18.9,"ETHL 18%, BTCL 17%, ETHS 14%",True,True,False,False,True,True,True,False,0,0.0,0.0,
0xF051…Afc2,304,164,-0.71,37.8,-117.1,3,,0.0,0,0,0.0,11.2,7,-16.7,"BTCL 11%, BTCS 10%, ETHS 9%",True,True,False,False,True,True,True,False,3,48.4,6.9,16.15
0xF13c…Bb7E,303,103,-0.28,30.1,-28.9,5,,3.9,0,3,0.27,3.8,2,-14.4,"BTCL 51%, BTCS 41%, PENGUL 4%",True,True,False,False,True,True,True,False,13,1.5,0.8,0.12
0xF18d…8C54,269,126,-0.36,27.8,-45.2,3,,0.0,0,0,0.0,0.2,1,-45.2,"XRPS 40%, XRPL 25%, BTCS 17%",True,True,False,False,False,True,True,False,0,0.0,0.0,
0xF1F5…483B,304,104,-0.44,39.4,-45.9,1,,0.0,0,0,0.0,0.3,1,-45.9,"WIFL 29%, XRPS 25%, WIFS 24%",True,True,False,False,False,True,True,False,0,0.0,0.0,
0xF22F…EE94,175,176,-0.49,31.8,-85.7,5,,6.2,6,14,1.97,7.4,2,-42.8,"ETHL 44%, ETHS 44%, ENAL 7%",True,True,False,True,True,True,True,False,158,-18.1,-9.0,-0.11
0xF23e…9428,274,105,0.02,41.9,1.7,1,,0.0,0,0,0.0,0.5,1,1.7,"FARTCOINS 73%, FARTCOINL 25%, ETHS 2%",True,True,True,False,False,True,True,False,0,0.0,0.0,
0xF258…0527,302,252,-0.64,21.4,-160.3,7,,1.0,0,0,0.0,1.3,3,-53.4,"BTCL 32%, TAOL 21%, BTCS 12%",True,True,False,False,False,True,True,False,0,0.0,0.0,
0xF2E7…c9Ac,137,135,-0.53,17.8,-71.4,4,,0.0,0,0,0.0,1.7,2,-35.7,"SOLL 35%, BTCS 17%, BTCL 15%",True,True,False,False,False,True,True,False,0,0.0,0.0,
0xF379…a1fA,304,257,1.0,86.0,257.0,0,,2.6,3,5,0.33,21.6,2,128.5,"BTCS 56%, BTCL 44%",True,True,True,True,True,True,True,True,42,22.7,11.4,0.54
0xF3ae…e9c2,304,130,-0.09,41.5,-12.2,5,,1.0,0,0,0.07,13.6,2,-6.1,"BTCS 42%, BTCL 34%, XAUT.v2S 5%",True,True,False,False,True,True,True,False,0,0.0,0.0,
0xF571…Bdcc,299,277,-0.26,27.4,-72.0,5,,0.0,0,0,0.0,0.4,4,-18.0,"DOGEL 35%, FARTCOINL 22%, ETHL 14%",True,True,False,False,False,True,True,False,0,0.0,0.0,
0xF5d8…0d3C,304,945,-0.23,23.2,-220.8,8,,5.6,14,15,1.1,0.8,2,-110.4,"VVVS 9%, KTAL 6%, ZORAL 5%",True,True,False,True,False,True,True,False,39,44.3,22.2,1.14
0xF64D…d12b,304,491,-0.21,36.3,-104.8,7,,0.0,0,0,0.0,1.3,1,-104.8,"BTCL 53%, BTCS 47%, XRPL 0%",True,True,False,False,False,True,True,False,0,0.0,0.0,
0xF654…B4F4,260,94,0.09,39.4,8.6,4,,0.0,0,0,0.0,11.7,8,1.1,"BTCL 13%, XPLL 11%, ETHL 11%",True,False,True,False,True,True,True,False,7,-6.5,-0.8,-0.93
0xF692…02Ce,30,192,-0.25,21.9,-48.5,1,,24.4,97,136,6.4,1.4,3,-16.2,"ETHL 38%, SOLL 14%, BTCL 12%",False,True,False,True,False,True,True,False,589,-143.7,-47.9,-0.24
0xF70B…f139,190,403,-0.21,20.3,-86.0,4,,0.0,0,0,0.0,0.1,2,-43.0,"SOLL 17%, SOLS 12%, HYPEL 9%",True,True,False,False,False,True,True,False,0,0.0,0.0,
0xF7E2…8aA8,304,146,-0.2,54.1,-28.8,5,,1.0,1,2,0.1,17.8,2,-14.4,"BTCL 64%, BTCS 32%, WTIOILL 2%",True,True,False,False,True,True,True,False,11,-14.1,-7.0,-1.28
0xF870…66Da,36,204,-0.22,26.5,-44.7,2,,18.3,19,70,6.63,0.6,1,-44.7,"ETHL 51%, ETHS 44%, BTCL 4%",False,True,False,True,False,True,True,False,252,-71.8,-71.8,-0.28
0xF93a…2fa8,304,160,-0.45,25.0,-72.7,6,,0.0,0,0,0.0,3.0,3,-24.2,"BTCL 25%, BTCS 18%, ETHL 10%",True,True,False,False,True,True,True,False,0,0.0,0.0,
0xF9B6…2B3e,224,1244,-0.2,48.2,-251.6,4,,8.4,26,46,3.5,24.8,17,-14.8,"PENGUS 2%, VVVS 2%, ICPS 2%",True,True,False,True,False,True,False,False,205,-690.8,-40.6,-3.37
0xFDbB…d6A7,304,195,-0.12,14.4,-24.0,8,,2.3,0,0,0.13,0.3,1,-24.0,"PENDLEL 49%, PENDLES 43%, SOLL 3%",True,True,False,False,False,True,True,False,4,-4.2,-4.2,-1.04
0xFEBE…71cf,181,99,0.06,69.7,6.3,2,,1.1,2,3,0.13,9.1,1,6.3,"BTCL 58%, BTCS 40%, BRENTOILL 2%",True,False,True,False,True,True,True,False,2,0.7,0.7,0.33
0xFF6f…74DA,268,355,-0.14,23.9,-48.8,4,,0.0,0,0,0.0,0.1,1,-48.8,"ETHS 34%, ETHL 28%, DOGEL 12%",True,True,False,False,False,True,True,False,0,0.0,0.0,
0xFbC1…2199,181,129,-0.38,32.6,-48.8,2,,0.0,0,0,0.0,0.2,1,-48.8,"ARBS 26%, ARBL 25%, SOLS 11%",True,True,False,False,False,True,True,False,0,0.0,0.0,
0xFc16…A35b,45,109,-0.06,44.0,-6.4,1,,9.7,6,11,1.13,1.6,2,-3.2,"BTCL 51%, BTCS 48%, ETHL 1%",False,True,False,True,False,True,True,False,15,-2.7,-1.4,-0.18
0xFcd9…527f,179,538,-0.29,24.7,-154.5,6,,12.6,0,0,0.87,0.6,1,-154.5,"WLDS 20%, TONS 17%, VVVS 14%",True,True,False,False,False,True,True,False,4,-6.1,-6.1,-1.52
0xa157…2077,304,757,-0.22,28.0,-169.1,6,,2.4,0,2,0.43,6.2,5,-33.8,"ETHL 24%, SOLL 23%, TAOL 9%",True,True,False,False,True,True,True,False,85,2.2,0.4,0.03
0xa40A…eC39,215,203,-0.26,63.1,-51.8,6,,1.5,0,0,0.03,1.5,1,-51.8,"SOLS 24%, SOLL 21%, VVVS 8%",True,True,False,False,False,True,True,False,18,-0.3,-0.3,-0.02
0xa433…33bC,303,218,-0.54,41.7,-117.7,2,,0.0,0,0,0.0,3.0,8,-14.7,"HYPES 6%, ETHS 6%, BTCS 6%",True,True,False,False,True,True,True,False,0,0.0,0.0,
0xa435…69b5,123,294,-0.17,38.8,-48.9,4,,1.7,0,1,0.1,0.8,1,-48.9,"ETHS 53%, ETHL 47%",True,True,False,False,False,True,True,False,44,-5.9,-5.9,-0.13
0xa43e…801b,303,628,-0.27,28.0,-172.2,10,,4.9,2,7,1.07,1.5,1,-172.2,"LINKL 53%, LINKS 21%, NEARL 13%",True,True,False,True,False,True,True,False,197,-42.5,-42.5,-0.22
0xa4B0…c9DB,166,763,0.12,37.2,89.8,3,,24.2,84,115,5.83,1.1,16,5.6,"TAOL 5%, ZECL 5%, BTCL 5%",True,True,True,True,False,True,False,False,537,54.8,3.4,0.1
0xa4c2…3907,304,110,-0.39,43.6,-42.6,7,,4.4,9,23,0.83,1.5,1,-42.6,"LINKL 44%, LINKS 20%, ETHL 11%",True,True,False,True,False,True,True,False,27,-4.1,-4.1,-0.15
0xa563…1B0F,176,265,-0.31,34.3,-82.8,5,,12.2,0,0,0.53,0.6,1,-82.8,"ETHS 52%, ETHL 44%, BTCS 1%",True,True,False,False,False,True,True,False,25,-11.4,-11.4,-0.45
0xa5E5…7c33,304,139,3.0,59.7,417.6,0,,0.0,0,0,0.0,48.3,15,27.8,"FARTCOINS 7%, KTAS 6%, XPLS 5%",True,True,True,False,True,True,False,False,0,0.0,0.0,
0xa651…f2CF,268,172,-0.08,47.1,-13.0,1,,0.0,0,0,0.0,0.4,2,-6.5,"PEPES 21%, UNIL 21%, PEPEL 15%",True,True,False,False,False,True,True,False,0,0.0,0.0,
0xa6d9…6e3D,303,370,-0.18,27.3,-67.5,5,,0.0,0,0,0.0,1.0,3,-22.5,"SOLS 32%, SOLL 20%, ETHL 12%",True,True,False,False,False,True,True,False,0,0.0,0.0,
0xa731…a722,303,96,-0.63,45.8,-60.7,8,,1.3,2,2,0.13,28.9,1,-60.7,"BTCL 58%, BTCS 42%",True,False,False,False,True,True,True,False,6,6.7,6.7,1.12
0xa7F5…757F,243,117,-0.39,20.5,-45.8,5,,0.0,0,0,0.0,7.0,1,-45.8,"ETHS 60%, ETHL 40%",True,True,False,False,True,True,True,False,0,0.0,0.0,
0xa81b…55E7,140,124,0.11,51.6,14.0,2,,1.8,1,4,0.57,13.5,3,4.7,"ETHL 44%, ETHS 40%, BTCL 9%",True,True,True,True,True,True,True,True,8,-55.4,-18.5,-6.92
0xa856…fb32,304,262,-0.77,69.8,-202.6,6,,3.1,4,9,0.43,32.3,8,-25.3,"BTCL 15%, ETHL 14%, LINKL 13%",True,True,False,True,True,True,True,False,33,63.9,8.0,1.94
0xa90E…4b8f,304,189,-0.49,19.0,-91.8,7,,1.5,1,1,0.03,3.7,6,-15.3,"DOGES 11%, LINKS 11%, XRPS 11%",True,True,False,False,True,True,True,False,10,0.1,0.0,0.01
0xa9A9…B9be,304,513,0.15,70.2,74.4,3,,5.4,6,7,0.63,7.7,7,10.6,"BTCL 26%, BTCS 14%, ETHL 11%",True,True,True,True,True,True,True,True,105,146.9,21.0,1.4
0xa9fE…1866,290,125,-0.07,16.8,-8.3,6,,5.3,2,2,0.87,1.6,2,-4.2,"ETHL 70%, ETHS 30%, ARBS 1%",True,True,False,False,False,True,True,False,5,0.2,0.1,0.04
0xaC02…d6aC,106,277,-0.12,45.1,-34.2,3,,5.0,11,29,2.03,1.0,3,-11.4,"BTCS 10%, XRPS 9%, ETHL 8%",True,True,False,True,False,True,True,False,72,-15.9,-5.3,-0.22
0xaD23…272b,303,121,-0.14,60.3,-16.6,3,,0.0,0,0,0.0,2.0,2,-8.3,"ETHS 35%, ETHL 31%, FARTCOINS 12%",True,True,False,False,True,True,True,False,0,0.0,0.0,
0xaE29…1BbF,297,119,1.02,55.5,121.2,2,,0.0,0,0,0.0,24.7,4,30.3,"BTCS 22%, ETHS 20%, ADAS 18%",True,True,True,False,True,True,True,False,0,0.0,0.0,
0xab7e…E971,304,475,-0.52,49.7,-245.1,5,,1.5,0,0,0.0,137.7,53,-4.6,"VVVS 2%, ZORAS 2%, MOODENGS 2%",True,True,False,False,True,True,False,False,0,0.0,0.0,
0xacbB…8078,303,224,-0.23,31.2,-52.6,4,,0.0,0,0,0.0,0.8,1,-52.6,"BTCL 25%, SOLS 23%, ETHL 20%",True,True,False,False,False,True,True,False,0,0.0,0.0,
0xad8C…098C,53,235,-0.29,32.8,-67.7,2,,8.2,21,35,1.73,4.1,8,-8.5,"TAOL 11%, BTCL 9%, HYPEL 8%",False,True,False,True,True,True,True,False,378,-42.0,-5.2,-0.11
0xae5C…Df61,176,201,-0.29,43.8,-57.4,4,,2.0,0,2,0.2,2.2,3,-19.1,"BTCL 16%, SOLL 14%, BTCS 10%",True,True,False,False,True,True,True,False,14,2.5,0.8,0.18
0xb030…21e2,195,120,-0.25,18.3,-30.3,5,,0.0,0,0,0.0,0.1,1,-30.3,"SOLS 26%, SOLL 18%, ETHL 12%",True,True,False,False,False,True,True,False,0,0.0,0.0,
0xb033…2703,104,112,-0.15,13.4,-16.9,2,,0.0,0,0,0.0,0.1,2,-8.4,"BTCL 45%, BTCS 40%, ETHL 12%",True,True,False,False,False,True,True,False,0,0.0,0.0,
0xb201…0A79,124,111,-0.35,35.1,-38.9,3,,0.0,0,0,0.0,0.5,1,-38.9,"ETHS 36%, ZECS 22%, ETHL 19%",True,True,False,False,False,True,True,False,0,0.0,0.0,
0xb242…0684,303,9002,-0.54,21.5,-4853.7,10,,32.2,15,122,14.8,7.0,28,-173.3,"ETHL 5%, SOLL 4%, HYPEL 4%",True,True,False,True,False,True,False,False,1581,50.2,1.8,0.03
0xb335…2A3b,294,102,-0.5,44.1,-50.7,2,,0.0,0,0,0.0,5.3,6,-8.5,"ETHL 18%, LINKL 15%, BTCL 14%",True,True,False,False,True,True,True,False,0,0.0,0.0,
0xb379…0123,303,170,-0.17,34.1,-28.7,3,,0.0,0,0,0.0,0.7,2,-14.4,"ETHS 49%, ETHL 45%, BTCS 2%",True,True,False,False,False,True,True,False,0,0.0,0.0,
0xb6D5…f6e1,141,75,-0.24,30.7,-17.7,3,,0.0,0,0,0.0,5.2,2,-8.8,"ETHL 29%, BTCL 23%, ARBL 11%",True,False,False,False,True,True,True,False,27,-1.7,-0.8,-0.06
0xb759…9e03,304,732,-0.45,18.9,-330.6,4,,0.0,0,0,0.0,1.6,4,-82.6,"XPLL 20%, HYPEL 18%, BTCL 17%",True,True,False,False,False,True,True,False,0,0.0,0.0,
0xb7e9…1Ca6,283,269,0.02,46.1,4.6,4,,0.0,0,0,0.0,1.1,1,4.6,"ETHS 40%, ETHL 40%, BTCS 10%",True,True,True,False,False,True,True,False,0,0.0,0.0,
0xb7eE…4Bf1,304,175,0.91,76.6,158.8,1,,3.3,10,12,0.8,13.8,5,31.8,"BTCL 9%, PUMPL 8%, ENAL 8%",True,True,True,True,True,True,True,True,71,91.4,18.3,1.29
0xb802…58fD,271,160,0.02,33.8,2.7,6,,2.0,0,3,0.1,0.4,3,0.9,"WELLS 13%, BTCS 13%, WELLL 12%",True,True,True,False,False,True,True,False,11,-6.3,-2.1,-0.57
0xb808…096b,304,344,-0.24,34.0,-84.1,4,,0.0,0,0,0.0,0.6,1,-84.1,"SOLS 34%, SOLL 34%, ETHS 12%",True,True,False,False,False,True,True,False,0,0.0,0.0,
0xb9C8…98D5,250,117,-0.0,47.0,-0.4,2,,0.0,0,0,0.0,1.0,2,-0.2,"BTCS 34%, BTCL 33%, ETHL 15%",True,True,False,False,False,True,True,False,0,0.0,0.0,
0xbA98…1BED,302,133,-0.2,0.0,-26.0,1,,0.0,0,0,0.0,0.0,1,-26.0,"BTCS 98%, BTCL 2%",True,True,False,False,False,True,True,False,0,0.0,0.0,
0xbB69…8BD1,273,269,-0.2,0.4,-52.5,1,,0.0,0,0,0.0,0.0,1,-52.5,BTCS 100%,True,True,False,False,False,True,True,False,0,0.0,0.0,
0xbBd6…cf76,299,166,-0.51,39.2,-85.4,5,,4.7,7,15,1.67,1.2,2,-42.7,"XRPS 30%, ETHL 30%, XRPL 23%",True,True,False,True,False,True,True,False,20,44.0,22.0,2.2
0xbC73…04bb,266,86,-8.95,50.0,-770.1,8,,10.0,0,2,0.07,216.2,28,-27.5,"ETHL 9%, XMRS 8%, ETHS 6%",True,False,False,False,True,True,False,False,10,11.7,0.4,1.17
0xbD3d…6Ce2,270,217,-0.27,33.2,-58.0,4,,0.0,0,0,0.0,0.7,1,-58.0,"ETHS 71%, ETHL 29%",True,True,False,False,False,True,True,False,0,0.0,0.0,
0xbD78…C6D8,135,225,-0.15,42.2,-33.9,3,,13.1,30,69,4.97,0.9,3,-11.3,"LITL 12%, VVVL 10%, VIRTUALL 9%",True,True,False,True,False,True,True,False,17,-5.1,-1.7,-0.3
0xbEF3…2655,263,87,0.58,55.2,50.6,5,,6.0,3,5,0.73,385.6,11,4.6,"WIFS 11%, WIFL 10%, SUIL 8%",True,False,True,True,True,True,False,False,69,83.3,7.6,1.21
0xbEf6…bff9,302,136,-0.41,25.7,-56.2,3,,0.0,0,0,0.0,0.4,1,-56.2,"GOLDS 33%, BTCL 15%, ZECS 14%",True,True,False,False,False,True,True,False,0,0.0,0.0,
0xbF27…576c,304,597,-0.13,48.4,-75.6,4,,0.0,0,0,0.0,4.3,5,-15.1,"ETHL 16%, HYPEL 16%, ETHS 12%",True,True,False,False,True,True,True,False,0,0.0,0.0,
0xba6F…7421,304,120,-0.13,59.2,-15.3,4,,1.4,1,3,0.17,16.1,2,-7.6,"ETHL 44%, ETHS 24%, BTCL 16%",True,True,False,False,True,True,True,False,7,3.8,1.9,0.54
0xbd56…4aDA,298,99,-0.91,44.4,-89.8,6,,1.4,1,2,0.1,53.2,4,-22.4,"BTCL 25%, BTCS 15%, ETHL 12%",True,False,False,False,True,True,True,False,10,-8.7,-2.2,-0.87
0xbde8…D7Ee,260,144,0.51,77.8,73.5,2,,6.5,6,11,0.87,6.6,4,18.4,"UNIL 8%, PUMPS 8%, NEARL 5%",True,True,True,True,True,True,True,True,10,6.2,1.6,0.62
0xbf72…3758,303,149,1.69,55.7,251.6,2,,0.0,0,0,0.0,45.4,8,31.4,"FETS 4%, BOMES 3%, PEPEL 3%",True,True,True,False,True,True,True,False,0,0.0,0.0,
0xc008…8F46,296,107,-1.4,55.1,-149.9,7,,0.0,0,0,0.0,2.4,2,-75.0,"AVAXL 13%, ZORAL 11%, PENGUL 7%",True,True,False,False,True,True,True,False,0,0.0,0.0,
0xc115…954A,301,138,-0.27,31.2,-37.9,3,,0.0,0,0,0.0,0.3,1,-37.9,"LINKL 27%, ETHS 18%, LINKS 16%",True,True,False,False,False,True,True,False,0,0.0,0.0,
0xc229…8b9b,268,195,-0.36,43.1,-70.6,4,,6.7,6,23,1.8,4.1,2,-35.3,"BERAL 35%, 0GL 30%, OKBL 7%",True,True,False,True,True,True,True,False,0,0.0,0.0,
0xc236…02d0,208,241,-1.19,21.2,-286.3,6,,0.0,0,0,0.0,5.9,3,-95.4,"ETHL 44%, ETHS 24%, ENAL 10%",True,True,False,False,True,True,True,False,0,0.0,0.0,
0xc27B…12E1,304,182,-0.94,22.5,-170.8,10,,5.0,4,8,0.4,4.6,2,-85.4,"DOLOL 42%, XPLL 16%, MELANIAL 11%",True,True,False,True,True,True,True,False,15,8.6,4.3,0.57
0xc28c…62c8,304,111,0.82,49.5,91.2,4,,3.0,0,3,0.1,32.1,5,18.2,"ZORAL 5%, BNBS 4%, FILS 4%",True,True,True,False,True,True,True,False,3,-19.3,-3.9,-6.42
0xc2E2…4F49,304,1237,-0.08,72.7,-98.7,6,,33.5,6,40,1.8,1.1,2,-49.4,"FARTCOINS 23%, FARTCOINL 17%, VIRTUALS 15%",True,True,False,True,False,True,True,False,40,-25.2,-12.6,-0.63
0xc2b8…1B2f,215,111,-0.29,27.0,-31.7,4,,0.0,0,0,0.0,1.0,1,-31.7,"BTCL 45%, BTCS 31%, ETHL 7%",True,True,False,False,False,True,True,False,0,0.0,0.0,
0xc3B5…1627,297,256,-0.4,50.8,-102.5,4,,0.0,0,0,0.0,0.6,1,-102.5,"ICPL 92%, ICPS 5%, HYPEL 3%",True,True,False,False,False,True,True,False,0,0.0,0.0,
0xc3f3…9a0C,304,174,-0.22,26.4,-38.8,4,,0.0,0,0,0.0,1.2,1,-38.8,"VIRTUALL 47%, VIRTUALS 32%, MONL 11%",True,True,False,False,False,True,True,False,8,0.8,0.8,0.11
0xc532…Abd8,304,105,0.51,68.6,53.8,3,,9.2,6,9,0.63,72.0,8,6.7,"ETHS 11%, BTCL 10%, BTCS 10%",True,True,True,True,True,True,True,True,35,-22.3,-2.8,-0.64
0xc558…07d2,302,151,1.06,53.6,159.3,4,,6.0,6,6,0.2,32.1,6,26.6,"BTCL 5%, WIFL 4%, GMXS 3%",True,True,True,True,True,True,True,True,26,-206.2,-34.4,-7.93
0xc593…39b4,269,124,-0.43,26.6,-53.0,7,,1.0,0,0,0.0,1.7,1,-53.0,"UNIL 88%, UNIS 9%, BTCL 2%",True,True,False,False,False,True,True,False,17,-3.1,-3.1,-0.19
0xc5ea…5E46,304,133,3.73,63.2,495.9,1,,1.0,0,1,0.03,79.8,12,41.3,"0GL 5%, TAOS 4%, SS 4%",True,True,True,False,True,True,False,False,0,0.0,0.0,
0xc659…1f41,304,1854,-0.49,28.2,-908.7,10,,6.0,12,24,1.93,1.1,4,-227.2,"SPX6900S 7%, BTCS 7%, SPX6900L 6%",True,True,False,True,False,True,True,False,172,-106.1,-26.5,-0.62
0xc679…5fE1,298,205,-0.95,47.8,-193.9,10,,1.9,1,1,0.33,2.4,2,-97.0,"ETHL 23%, TAOL 17%, BTCL 16%",True,True,False,False,True,True,True,False,6,4.2,2.1,0.69
0xc6b3…335C,292,311,-0.63,22.8,-196.4,10,,3.9,18,21,1.5,3.3,3,-65.5,"BTCS 26%, BTCL 22%, ETHL 5%",True,True,False,True,True,True,True,False,41,-20.3,-6.8,-0.5
0xc746…D0be,263,3941,-0.25,29.8,-984.4,9,,18.5,0,42,5.03,0.1,1,-984.4,"XPLS 4%, XPLL 3%, HYPES 3%",True,True,False,False,False,True,True,False,151,-25.0,-25.0,-0.17
0xc7aA…BacE,304,323,-0.11,71.5,-34.8,6,,3.5,3,3,0.13,1.3,2,-17.4,"BTCS 37%, BTCL 20%, SOLS 13%",True,True,False,False,False,True,True,False,63,-14.8,-7.4,-0.23
0xc83e…Cdf7,240,122,0.93,91.8,112.9,0,,3.7,1,1,0.03,4.4,5,22.6,"HYPEL 25%, SOLL 20%, ETHL 11%",True,True,True,False,True,True,True,False,6,4.7,0.9,0.78
0xc876…74a8,153,216,1.91,99.5,413.2,0,,0.0,0,0,0.0,0.0,1,413.2,"WELLL 52%, WELLS 48%",True,True,True,False,False,True,True,False,0,0.0,0.0,
0xc88a…310e,288,117,-0.81,33.3,-94.6,3,,0.0,0,0,0.0,8.4,16,-5.9,"BTCL 3%, WLDL 3%, ZECL 3%",True,True,False,False,True,True,False,False,0,0.0,0.0,
0xcA81…4456,250,210,-0.67,19.5,-140.0,3,,0.0,0,0,0.0,0.6,3,-46.7,"AVNTL 14%, VIRTUALL 6%, VIRTUALS 5%",True,True,False,False,False,True,True,False,0,0.0,0.0,
0xcB63…1286,176,138,0.09,24.6,12.3,1,,0.0,0,0,0.0,2.3,2,6.2,"ETHS 67%, ETHL 24%, SUIS 4%",True,True,True,False,True,True,True,False,0,0.0,0.0,
0xcB92…8e41,303,100,-0.15,16.0,-14.6,4,,7.3,6,19,1.87,1.9,5,-2.9,"BTCS 28%, BTCL 22%, SPCXL 18%",True,True,False,True,False,True,True,False,307,-85.4,-17.1,-0.28
0xcB94…354c,228,285,0.07,90.9,18.7,3,,0.0,0,0,0.0,1.7,3,6.2,"BTCS 23%, BTCL 17%, ETHS 10%",True,True,True,False,False,True,True,False,0,0.0,0.0,
0xcBD2…d2b5,302,142,-0.2,0.0,-28.6,1,,0.0,0,0,0.0,0.0,1,-28.6,"BTCS 99%, BTCL 1%",True,True,False,False,False,True,True,False,0,0.0,0.0,
0xcD26…bd89,269,127,-0.26,59.1,-32.4,1,,0.0,0,0,0.0,0.1,1,-32.4,"VIRTUALL 53%, AEROS 20%, VIRTUALS 17%",True,True,False,False,False,True,True,False,0,0.0,0.0,
0xcE36…A436,228,145,-0.18,67.6,-26.8,5,,3.8,20,30,1.63,5.2,2,-13.4,"ETHS 57%, ETHL 41%, SOLS 2%",True,True,False,True,True,True,True,False,83,-2.8,-1.4,-0.03
0xcECD…56B8,118,76,-2.79,43.4,-211.7,2,,1.8,2,5,0.33,249.1,13,-16.3,"VVVS 8%, ENAS 7%, PENGUS 5%",True,False,False,True,True,True,False,False,41,-456.2,-35.1,-11.13
0xcb11…a6D8,299,191,-0.24,9.9,-46.8,6,,11.8,0,15,1.1,0.2,2,-23.4,"DOGEL 24%, DOGES 14%, TAOL 9%",True,True,False,False,False,True,True,False,0,0.0,0.0,
0xcb40…adbC,122,416,-0.37,23.3,-152.3,3,,2.0,0,0,0.07,0.5,1,-152.3,"WLDL 11%, ZECL 10%, WLDS 9%",True,True,False,False,False,True,True,False,246,-93.2,-93.2,-0.38
0xcb71…90B6,302,179,-1.06,36.3,-189.2,5,,5.3,3,11,0.87,36.2,6,-31.5,"LINKL 11%, SUIL 9%, INJL 8%",True,True,False,True,True,True,True,False,52,-5.9,-1.0,-0.11
0xccC5…4e4E,304,227,-0.23,32.6,-51.7,5,,3.0,0,0,0.13,5.7,5,-10.3,"HYPES 13%, BNBS 10%, TRXS 8%",True,True,False,False,True,True,True,False,1,-1.4,-0.3,-1.45
0xcd26…da38,285,100,0.94,49.0,94.4,1,,0.0,0,0,0.0,8.5,4,23.6,"ARBS 30%, SOLS 26%, ETHS 17%",True,True,True,False,True,True,True,False,0,0.0,0.0,
0xd05a…4a7E,252,853,-0.32,28.8,-269.2,8,,3.7,1,3,0.1,1.2,5,-53.8,"ARBL 15%, AVAXL 14%, ARBS 11%",True,True,False,False,False,True,True,False,16,-5.0,-1.0,-0.31
0xd070…E3D6,304,222,-0.18,9.0,-39.2,2,,0.0,0,0,0.0,0.0,1,-39.2,"BTCS 55%, BTCL 45%, PENGUL 0%",True,True,False,False,False,True,True,False,0,0.0,0.0,
0xd0C9…d952,302,107,-1.08,25.2,-115.2,7,,1.7,5,7,0.37,17.8,3,-38.4,"BTCS 22%, BTCL 17%, HYPEL 6%",True,True,False,True,True,True,True,False,7,10.7,3.6,1.52
0xd17C…4f2e,104,263,-0.11,59.7,-28.1,3,,11.0,0,0,0.37,1.2,1,-28.1,"ETHS 53%, ETHL 47%",True,True,False,False,False,True,True,False,0,0.0,0.0,
0xd243…e8b4,304,303,-0.29,32.3,-88.4,8,,2.6,0,2,0.3,0.8,1,-88.4,"SOLS 31%, SOLL 27%, VIRTUALL 12%",True,True,False,False,False,True,True,False,1,-0.1,-0.1,-0.12
0xd289…004a,282,126,0.19,49.2,24.3,3,,1.0,1,1,0.03,2.4,1,24.3,"ETHL 36%, ETHS 32%, APEL 17%",True,True,True,False,True,True,True,False,1,-5.2,-5.2,-5.18
0xd2ea…15cC,200,313,-0.07,22.7,-22.3,2,,0.0,0,0,0.0,0.1,2,-11.2,"ETHL 33%, BTCL 26%, ETHS 19%",True,True,False,False,False,True,True,False,0,0.0,0.0,
0xd3C9…15A8,304,189,1.48,55.6,280.5,2,,0.0,0,0,0.0,45.8,11,25.5,"PENGUS 5%, ONDOS 3%, XPLS 3%",True,True,True,False,True,True,False,False,0,0.0,0.0,
0xd451…a5B1,303,392,-0.19,38.0,-76.0,7,,0.0,0,0,0.0,0.6,1,-76.0,"HYPEL 31%, HYPES 10%, BTCL 7%",True,True,False,False,False,True,True,False,12,-10.1,-10.1,-0.85
0xd4dA…e45c,303,895,-0.17,40.4,-153.3,10,,2.2,0,0,0.17,0.3,1,-153.3,"BTCS 20%, SUIL 14%, SUIS 13%",True,True,False,False,False,True,True,False,60,9.1,9.1,0.15
0xd679…6eAA,286,187,-0.19,4.8,-35.5,3,,0.0,0,0,0.0,0.0,1,-35.5,"BTCL 70%, BTCS 29%, ETHL 1%",True,True,False,False,False,True,True,False,0,0.0,0.0,
0xd6fa…612d,71,382,-0.39,22.0,-150.2,2,,6.0,0,1,0.63,0.4,3,-50.1,"MEGAL 11%, VVVL 10%, SL 6%",False,True,False,False,False,True,True,False,41,-74.0,-24.7,-1.8
0xd770…A301,147,41,3.41,51.2,139.9,1,,3.4,6,6,0.37,20.0,2,70.0,"AEROL 15%, ALGOL 12%, LITL 12%",True,False,True,True,True,True,True,False,137,74.6,37.3,0.54
0xd80A…A895,298,83,-0.68,36.1,-56.4,6,,32.9,5,8,0.57,9.6,2,-28.2,"ETHL 41%, BTCL 12%, HYPEL 12%",True,False,False,True,True,True,True,False,34,0.2,0.1,0.01
0xd80c…FE28,290,479,-0.26,32.2,-122.3,10,,3.8,15,20,1.43,1.3,1,-122.3,"TAOS 25%, TAOL 21%, AAVES 18%",True,True,False,True,False,True,True,False,83,-29.0,-29.0,-0.35
0xd834…c979,167,41,-0.05,53.7,-2.1,3,,3.7,7,7,1.13,2.7,2,-1.0,"ETHL 44%, ETHS 27%, GMXS 7%",True,False,False,True,True,True,True,False,97,0.1,0.0,0.0
0xd96f…0e60,84,207,-0.27,38.6,-56.6,3,,1.0,0,0,0.03,0.9,1,-56.6,"ETHS 57%, ETHL 43%",False,True,False,False,False,True,True,False,16,-4.7,-4.7,-0.3
0xd9a3…b2e8,283,82,-0.59,25.6,-48.6,6,,13.2,4,4,0.23,2.0,1,-48.6,"PEPEL 23%, HYPEL 21%, SOLL 17%",True,False,False,True,True,True,True,False,156,-27.1,-27.1,-0.17
0xdA83…cE97,54,96,-0.24,20.8,-23.0,2,,4.2,0,0,0.7,1.0,1,-23.0,"BTCL 50%, BTCS 49%, ETHL 1%",False,False,False,False,False,True,True,False,21,-7.1,-7.1,-0.34
0xdAAC…08C7,300,75,-1.48,37.3,-111.2,7,,2.1,0,0,0.0,1.0,4,-27.8,"BTCL 31%, DOGEL 17%, ETHL 16%",True,False,False,False,False,True,True,False,107,-5.7,-1.4,-0.05
0xdAD2…1Fd8,105,103,-0.53,26.2,-54.7,2,,0.0,0,0,0.0,5.6,5,-10.9,"ETHL 22%, ETHS 7%, BTCL 4%",True,True,False,False,True,True,True,False,1,-2.1,-0.4,-2.07
0xdBbB…EdbB,289,171,-0.3,35.1,-51.8,3,,0.0,0,0,0.0,2.3,7,-7.4,"PEPEL 12%, XRPL 12%, AI16ZL 9%",True,True,False,False,True,True,True,False,0,0.0,0.0,
0xdCd3…CeA6,297,142,-0.3,17.6,-43.2,4,,0.0,0,0,0.0,1.4,3,-14.4,"ETHS 24%, ASTERS 20%, BTCS 18%",True,True,False,False,False,True,True,False,0,0.0,0.0,
0xdD30…2231,291,493,-0.0,63.5,-1.1,4,,0.0,0,0,0.0,0.8,3,-0.4,"HYPEL 12%, KTAS 10%, KTAL 10%",True,True,False,False,False,True,True,False,0,0.0,0.0,
0xdFA9…CDdb,283,896,0.24,34.7,215.4,4,,0.0,0,0,0.0,1.5,11,19.6,"SUIL 6%, ZROL 5%, ONDOL 4%",True,True,True,False,False,True,False,False,5,0.9,0.1,0.18
0xdb4b…4CEb,304,598,0.38,44.3,227.5,2,,2.4,4,7,0.7,5.9,5,45.5,"BTCS 15%, PENGUL 13%, BTCL 10%",True,True,True,True,True,True,True,True,88,92.2,18.4,1.05
0xdfeF…B022,285,131,-1.56,22.9,-205.0,7,,0.0,0,0,0.0,11.2,4,-51.2,"OPL 25%, SUIL 14%, TONL 8%",True,True,False,False,True,True,True,False,0,0.0,0.0,
0xe01d…b9e3,151,141,-0.16,42.6,-23.2,4,,2.3,1,6,0.7,11.6,3,-7.7,"ETHL 24%, ETHS 21%, BTCS 15%",True,True,False,True,True,True,True,False,8,-9.4,-3.1,-1.18
0xe0BE…63DE,304,154,-0.33,48.7,-50.3,8,,1.4,0,1,0.1,6.8,1,-50.3,"ETHL 60%, ETHS 40%",True,True,False,False,True,True,True,False,0,0.0,0.0,
0xe0a1…Bba6,304,188,5.13,63.3,963.8,0,,0.0,0,0,0.0,156.7,12,80.3,"PENGUS 4%, XMRS 3%, XPLS 3%",True,True,True,False,True,True,False,False,0,0.0,0.0,
0xe11b…ee5C,298,66,-0.27,30.3,-18.1,6,,51.5,4,9,0.5,11.5,2,-9.0,"ETHL 48%, XMRL 12%, HYPEL 11%",True,False,False,True,True,True,True,False,174,-27.9,-14.0,-0.16
0xe1a8…9024,295,121,-0.74,20.7,-90.0,4,,0.0,0,0,0.0,0.7,3,-30.0,"BTCL 21%, BTCS 15%, HYPEL 12%",True,True,False,False,False,True,True,False,0,0.0,0.0,
0xe1d6…a45c,157,150,-0.11,32.7,-16.1,4,,5.0,0,2,0.4,0.9,1,-16.1,"DOGEL 53%, DOGES 25%, BTCS 11%",True,True,False,False,False,True,True,False,14,-7.5,-7.5,-0.53
0xe224…EC36,304,181,-0.83,32.0,-150.2,9,,5.0,5,7,0.8,4.5,2,-75.1,"DOGEL 22%, PUMPL 10%, DOLOL 10%",True,True,False,True,True,True,True,False,136,42.9,21.4,0.32
0xe25E…5336,146,87,-1.47,41.4,-127.5,3,,4.4,13,23,1.3,84.5,10,-12.8,"SOLL 10%, AAVEL 10%, ETHL 9%",True,False,False,True,True,True,True,False,144,6.6,0.7,0.05
0xe26B…EF46,303,223,-1.08,23.8,-239.8,6,,1.8,2,3,0.1,6.3,9,-26.6,"ARBL 13%, ENAL 12%, ADAL 10%",True,True,False,False,True,True,True,False,57,136.9,15.2,2.4
0xe295…372E,303,2109,-0.24,19.8,-515.9,9,,1.8,0,0,0.23,0.4,4,-129.0,"SOLL 29%, BTCL 14%, SOLS 14%",True,True,False,False,False,True,True,False,89,-28.1,-7.0,-0.32
0xe335…bd93,167,89,0.02,47.2,1.9,4,,6.3,0,0,0.3,2.5,2,1.0,"BTCS 48%, BTCL 45%, AAVEL 3%",True,False,True,False,True,True,True,False,10,-0.8,-0.4,-0.08
0xe375…4133,183,605,0.17,71.1,101.7,3,,13.7,29,53,3.93,1.0,3,33.9,"BTCS 16%, BTCL 9%, HYPES 7%",True,True,True,True,False,True,True,False,175,7.4,2.5,0.04
0xe3BD…9678,304,354,-0.2,0.0,-71.2,1,,0.0,0,0,0.0,0.0,1,-71.2,BTCS 100%,True,True,False,False,False,True,True,False,0,0.0,0.0,
0xe4fC…185B,299,537,-0.4,49.7,-217.0,6,,7.4,0,19,1.93,62.2,20,-10.8,"DYDXL 2%, APEL 2%, AVNTS 2%",True,True,False,False,True,True,False,False,52,7.6,0.4,0.15
0xe4fD…fE38,302,154,-0.78,47.4,-120.7,4,,1.0,0,1,0.03,45.7,6,-20.1,"PENGUS 6%, FARTCOINS 5%, TAOS 5%",True,True,False,False,True,True,True,False,5,21.3,3.6,4.27
0xe51f…9590,304,151,-0.53,50.3,-80.1,4,,0.0,0,0,0.0,2.4,4,-20.0,"ZECL 14%, BNBL 11%, ZECS 10%",True,True,False,False,True,True,True,False,26,16.9,4.2,0.65
0xe56E…5730,104,145,-0.14,41.4,-19.6,2,,0.0,0,0,0.0,0.3,1,-19.6,"SOLL 51%, SOLS 43%, XRPS 1%",True,True,False,False,False,True,True,False,0,0.0,0.0,
0xe5fe…2480,165,203,-0.33,29.1,-66.4,5,,14.4,6,16,1.07,1.4,2,-33.2,"ETHS 22%, ETHL 21%, CRVL 17%",True,True,False,True,False,True,True,False,25,-7.4,-3.7,-0.29
0xe64e…68Ee,304,173,-0.2,27.2,-34.7,3,,0.0,0,0,0.0,0.4,1,-34.7,"ETHL 52%, ETHS 33%, BTCL 11%",True,True,False,False,False,True,True,False,0,0.0,0.0,
0xe66A…BC5D,303,117,0.08,43.6,8.9,5,,1.3,1,4,0.27,3.1,1,8.9,"BTCL 33%, BTCS 32%, ETHL 19%",True,True,True,True,True,True,True,True,30,1.1,1.1,0.04
0xe734…6ca0,270,365,-0.04,55.1,-14.3,3,,4.0,4,4,0.53,0.6,1,-14.3,"BTCS 56%, BTCL 32%, ETHL 4%",True,True,False,True,False,True,True,False,12,-6.2,-6.2,-0.52
0xe7eE…b552,295,112,-0.19,0.0,-21.8,1,,0.0,0,0,0.0,0.0,1,-21.8,BTCS 100%,True,True,False,False,False,True,True,False,0,0.0,0.0,
0xe7eF…f1B4,158,208,-0.25,31.7,-52.9,5,,2.1,0,0,0.17,3.7,1,-52.9,"BTCS 51%, BTCL 49%",True,True,False,False,True,True,True,False,0,0.0,0.0,
0xe8D4…30E9,79,1052,-0.21,32.4,-223.9,3,,54.5,0,0,2.0,0.2,2,-112.0,"LINKS 38%, LINKL 36%, HYPEL 6%",False,True,False,False,False,True,True,False,0,0.0,0.0,
0xe8f8…B0AD,304,159,0.02,62.3,3.9,3,,1.9,2,2,0.17,7.1,2,2.0,"ETHS 60%, ETHL 38%, BTCL 1%",True,True,True,False,True,True,True,False,5,-4.4,-2.2,-0.87
0xe98c…91A4,224,289,-0.22,46.4,-64.3,3,,0.0,0,0,0.0,0.6,1,-64.3,"ATOML 53%, ATOMS 44%, ETHS 1%",True,True,False,False,False,True,True,False,0,0.0,0.0,
0xe9BE…2146,268,330,-0.22,39.1,-71.1,5,,28.9,51,51,2.27,1.1,1,-71.1,"VVVL 14%, ETHL 11%, DOGEL 9%",True,True,False,True,False,True,True,False,362,-46.6,-46.6,-0.13
0xeA1a…47bD,304,130,0.02,76.9,2.6,4,,2.9,12,15,0.9,70.5,7,0.4,"VIRTUALS 7%, AVAXS 6%, SS 6%",True,True,True,True,True,True,True,True,33,-142.4,-20.3,-4.32
0xeA52…3C49,193,375,-0.28,24.5,-106.9,7,,4.8,7,18,1.83,1.5,1,-106.9,"BTCS 57%, BTCL 40%, XRPS 1%",True,True,False,True,False,True,True,False,136,-26.0,-26.0,-0.19
0xeAa6…1FbA,303,99,0.07,77.8,6.8,1,,0.0,0,0,0.0,1.6,1,6.8,"BTCS 19%, ETHS 14%, ICPS 13%",True,False,True,False,False,True,True,False,3,-2.6,-2.6,-0.85
0xeB33…34C9,288,287,-0.19,32.4,-55.5,7,,10.1,1,1,0.6,1.0,1,-55.5,"ETHL 50%, ETHS 50%",True,True,False,False,False,True,True,False,1,-0.2,-0.2,-0.16
0xeD2B…Ed62,303,229,-0.22,0.9,-50.6,2,,0.0,0,0,0.0,0.0,1,-50.6,"BTCS 100%, BTCL 0%",True,True,False,False,False,True,True,False,0,0.0,0.0,
0xeD81…2ED6,100,297,-0.34,27.3,-102.2,4,,13.4,13,18,3.17,0.4,1,-102.2,"HYPEL 6%, ETHS 5%, BTCL 5%",True,True,False,True,False,True,True,False,29,-10.3,-10.3,-0.36
0xeE9d…48Ca,303,98,-0.03,32.7,-2.5,3,,0.0,0,0,0.0,0.4,2,-1.2,"BTCL 59%, BTCS 38%, ETHS 3%",True,False,False,False,False,True,True,False,4,-17.6,-8.8,-4.4
0xeF2b…86aE,303,206,0.66,67.0,136.9,4,,6.0,0,2,0.1,18.2,6,22.8,"0GS 11%, AVNTS 9%, MOODENGS 6%",True,True,True,False,True,True,True,False,7,49.2,8.2,7.03
0xea1D…E65E,304,113,1.23,59.3,139.5,2,,2.7,0,5,0.47,9.9,3,46.5,"BTCL 7%, TONL 5%, BRENTOILL 4%",True,True,True,False,True,True,True,False,0,0.0,0.0,
0xeb79…83bC,304,215,-0.2,0.5,-43.9,1,,0.0,0,0,0.0,0.0,1,-43.9,"BTCS 99%, BTCL 1%",True,True,False,False,False,True,True,False,0,0.0,0.0,
0xf072…0e87,230,449,-0.23,16.0,-102.8,6,,0.0,0,0,0.0,0.2,1,-102.8,"BTCS 40%, BTCL 31%, SOLS 9%",True,True,False,False,False,True,True,False,0,0.0,0.0,
0xf0F2…2398,156,614,-0.19,39.1,-119.6,4,,0.0,0,0,0.0,0.5,1,-119.6,"BTCS 19%, BTCL 15%, DOGES 15%",True,True,False,False,False,True,True,False,0,0.0,0.0,
0xf130…Ad2c,178,101,-0.3,26.7,-30.2,2,,0.0,0,0,0.0,0.3,1,-30.2,"BTCL 42%, BTCS 29%, SUIL 12%",True,True,False,False,False,True,True,False,0,0.0,0.0,
0xf136…1923,304,187,-0.42,9.1,-79.0,6,,0.0,0,0,0.0,0.2,1,-79.0,"PUMPS 19%, FARTCOINS 16%, PUMPL 14%",True,True,False,False,False,True,True,False,0,0.0,0.0,
0xf20A…c8Ab,135,137,-0.91,38.0,-124.1,2,,0.0,0,0,0.0,2.7,7,-17.7,"SOLL 25%, SOLS 15%, MONL 9%",True,True,False,False,True,True,True,False,0,0.0,0.0,
0xf323…bE28,183,72,0.88,77.8,63.2,2,,0.0,0,0,0.0,3.0,1,63.2,"LITL 35%, XAUT.v2L 14%, HYPES 11%",True,False,True,False,True,True,True,False,33,45.9,45.9,1.39
0xf36d…c32c,205,140,-0.2,32.1,-28.5,3,,1.5,2,2,0.07,0.8,1,-28.5,"SOLL 49%, SOLS 44%, BTCS 6%",True,True,False,False,False,True,True,False,0,0.0,0.0,
0xf37F…4D7C,288,118,-0.58,60.2,-68.0,7,,2.1,0,1,0.1,33.9,3,-22.7,"ETHL 38%, ICPL 19%, BTCL 14%",True,True,False,False,True,True,True,False,50,-17.2,-5.7,-0.34
0xf3F3…0eee,304,105,-0.67,45.7,-70.4,4,,0.0,0,0,0.0,13.8,2,-35.2,"ZROL 22%, EIGENL 14%, BTCL 9%",True,True,False,False,True,True,True,False,0,0.0,0.0,
0xf487…6a62,303,1824,-0.23,28.2,-420.8,10,,31.0,13,34,1.4,0.2,2,-210.4,"ETHL 19%, ETHS 18%, WTIOILL 12%",True,True,False,True,False,True,True,False,68,-36.7,-18.4,-0.54
0xf4B2…769F,301,163,0.8,54.0,130.0,0,,0.0,0,0,0.0,2.5,4,32.5,"ETHS 36%, XRPS 20%, AAVES 17%",True,True,True,False,True,True,True,False,0,0.0,0.0,
0xf4dc…d75b,302,278,-0.31,21.2,-86.5,10,,5.7,0,0,0.43,0.6,2,-43.2,"ETHL 14%, ETHS 14%, DOGEL 9%",True,True,False,False,False,True,True,False,122,-35.3,-17.6,-0.29
0xf50C…DE15,295,67,0.07,32.8,4.7,3,,2.2,8,8,0.3,0.7,1,4.7,"AEROS 6%, TRXS 6%, ZORAS 4%",True,False,True,True,False,True,True,False,69,-26.5,-26.5,-0.38
0xf513…711b,301,100,-0.55,26.0,-55.1,3,,0.0,0,0,0.0,0.4,3,-18.4,"FARTCOINL 38%, FARTCOINS 19%, LINKL 15%",True,True,False,False,False,True,True,False,0,0.0,0.0,
0xf55B…8aAF,304,109,-0.63,44.0,-68.9,7,,0.0,0,0,0.0,20.9,4,-17.2,"BTCL 13%, BTCS 8%, ETHS 8%",True,True,False,False,True,True,True,False,5,-33.1,-8.3,-6.62
0xf591…Eb1e,153,147,-0.46,24.5,-67.3,4,,4.7,16,21,0.83,3.6,3,-22.4,"BTCL 20%, SOLL 18%, ETHL 13%",True,True,False,True,True,True,True,False,14,-4.2,-1.4,-0.3
0xf66c…363E,304,124,-1.1,34.7,-136.7,9,,1.8,0,0,0.03,0.9,2,-68.4,"BTCS 50%, TONS 16%, BTCL 12%",True,True,False,False,False,True,True,False,2,-0.7,-0.4,-0.35
0xf7Bc…F117,303,184,-0.2,0.0,-37.2,1,,0.0,0,0,0.0,0.0,1,-37.2,BTCS 100%,True,True,False,False,False,True,True,False,0,0.0,0.0,
0xf86A…390b,132,286,-0.22,29.7,-62.0,3,,25.2,0,0,1.47,0.1,1,-62.0,"METS 7%, ORDIS 6%, ETHL 6%",True,True,False,False,False,True,True,False,3,0.6,0.6,0.2
0xf88a…1C04,302,120,-3.18,56.7,-381.1,4,,2.3,1,5,0.37,11.2,5,-76.2,"ONDOL 8%, LINKL 8%, PENGUL 7%",True,True,False,True,True,True,True,False,32,121.1,24.2,3.78
0xf901…4CAA,53,162,0.31,63.6,50.8,1,,10.1,6,11,1.87,46.5,22,2.3,"ETHS 6%, ETHL 6%, UNIL 6%",False,True,True,True,True,True,False,False,134,596.5,27.1,4.45
0xf98D…3918,254,633,-0.32,29.1,-203.5,7,,6.1,0,1,0.8,1.5,3,-67.8,"BTCS 32%, BTCL 30%, TAOS 5%",True,True,False,False,False,True,True,False,0,0.0,0.0,
0xfC52…c487,304,81,0.52,55.6,41.8,5,,2.2,2,4,0.17,8.2,3,13.9,"BTCS 22%, TAOS 19%, TAOL 14%",True,False,True,True,True,True,True,False,41,15.7,5.2,0.38
0xfCAd…14F0,304,309,-0.2,31.7,-61.9,3,,0.0,0,0,0.0,0.8,4,-15.5,"DOGEL 28%, PUMPL 19%, ETHL 16%",True,True,False,False,False,True,True,False,170,-10.7,-2.7,-0.06
0xfa15…BDE1,303,118,-0.17,39.0,-19.5,2,,0.0,0,0,0.0,0.6,1,-19.5,"ETHS 51%, ETHL 48%, FARTCOINS 1%",True,True,False,False,False,True,True,False,0,0.0,0.0,
0xfb52…7d53,304,2059,0.12,48.8,254.1,7,,10.8,13,19,1.8,27.5,33,7.7,"ZROS 2%, VVVS 2%, ZORAL 1%",True,True,True,True,True,True,False,False,125,-518.2,-15.7,-4.15
0xfc6F…5842,126,118,-0.45,29.7,-52.5,3,,0.0,0,0,0.0,2.3,1,-52.5,"ETHS 26%, BTCL 23%, ETHL 17%",True,True,False,False,True,True,True,False,0,0.0,0.0,
0xfcFF…8ff1,264,199,-0.11,76.4,-21.8,2,,0.0,0,0,0.0,3.2,3,-7.3,"AVAXL 20%, SOLL 20%, AVAXS 16%",True,True,False,False,True,True,True,False,0,0.0,0.0,
0xfcbc…E098,253,174,-0.29,62.1,-50.2,4,,38.3,51,75,3.7,1.1,4,-12.6,"GOLDL 15%, ETHL 12%, ARBL 10%",True,True,False,True,False,True,True,False,26,2.6,0.6,0.1
0xfd19…C4d6,304,402,-0.21,33.3,-83.2,3,,0.0,0,0,0.0,3.8,4,-20.8,"BTCL 10%, VVVL 4%, XPLS 3%",True,True,False,False,True,True,True,False,0,0.0,0.0,
0xfd49…19Ac,303,154,-0.27,44.2,-40.8,4,,3.9,1,5,0.5,2.7,4,-10.2,"DOGEL 16%, XRPL 10%, XAUT.v2L 8%",True,True,False,True,True,True,True,False,7,-1.4,-0.4,-0.19
0xfdD0…B153,214,105,0.31,72.4,33.0,4,,3.2,1,2,0.27,24.9,2,16.5,"BTCL 71%, SOLL 10%, ETHL 5%",True,True,True,False,True,True,True,False,4,-1.7,-0.8,-0.43
0xff9B…AC79,303,1009,-0.31,19.5,-316.4,10,,4.6,0,2,0.33,1.2,4,-79.1,"BTCL 27%, BTCS 25%, ETHL 24%",True,True,False,False,False,True,True,False,179,-61.1,-15.3,-0.34
0xffd8…2843,304,1667,-0.33,41.2,-550.3,10,,15.3,53,74,3.33,0.6,4,-137.6,"PENGUL 27%, PENGUS 15%, SUIL 14%",True,True,False,True,False,True,True,False,495,-22.7,-5.7,-0.05
