account,historie_dagen,keuze_trades,keuze_gem_pct,keuze_winst_pct_trades,keuze_som_pct,keuze_verliesmaanden,maker_pct,fills_per_dag_30d,trades_7d,trades_14d,trades_per_dag_30d,houdtijd_uur,p90_posities,keuze_potje_pct,munten,eis_historie,eis_100,eis_rendement,eis_actief,eis_handmatig,eis_geen_mm,eis_posities,geschikt,test_trades,test_som_pct,test_potje_pct,test_gem_pct
12DqyR…YXDh,178,235,-0.08,45.5,-19.7,3,45.6,6.5,8,9,0.3,2.0,2,-9.8,"BTC 94%, SOL 3%, ETH 2%",True,True,False,True,True,True,True,False,5,-4.2,-2.1,-0.84
12ehpE…ejSe,173,191,-0.11,61.8,-21.1,4,3.5,4.0,0,1,0.3,1.0,1,-21.1,SOL 100%,True,True,False,False,False,True,True,False,0,0.0,0.0,
13tvtH…C9Ze,189,495,-0.22,4.2,-106.7,4,0.6,0.0,0,0,0.0,0.1,1,-106.7,"BTC 96%, SOL 3%, ETH 1%",True,True,False,False,False,True,True,False,0,0.0,0.0,
13wP2n…7qZw,212,169,-0.25,7.1,-42.8,3,0.0,0.0,0,0,0.0,0.3,1,-42.8,"BTC 93%, ETH 6%, SOL 1%",True,True,False,False,False,True,True,False,0,0.0,0.0,
14LPhs…65m9,193,223,-0.31,31.8,-68.3,2,36.9,21.0,42,82,3.57,0.8,1,-68.3,SOL 100%,True,True,False,True,False,True,True,False,129,-25.8,-25.8,-0.2
14dsnJ…x9cp,168,352,-0.19,17.9,-67.1,3,0.6,3.5,2,3,0.17,0.3,2,-33.6,"ETH 35%, SOL 33%, BTC 32%",True,True,False,False,False,True,True,False,51,-6.7,-3.4,-0.13
21Lz33…CKiT,196,144,-0.15,47.2,-22.3,2,48.8,8.2,21,25,0.97,1.1,1,-22.3,"SOL 99%, ETH 1%",True,True,False,True,False,True,True,False,113,-37.7,-37.7,-0.33
21hUh2…YViG,214,119,-0.01,60.5,-1.1,3,92.4,20.4,1,4,0.4,7.6,2,-0.6,"SOL 57%, ETH 36%, BTC 2%",True,True,False,True,True,False,True,False,23,-9.9,-5.0,-0.43
25DE1M…sKtm,162,162,-0.21,3.1,-34.8,2,0.0,0.0,0,0,0.0,0.1,1,-34.8,"BTC 96%, ETH 3%, SOL 1%",True,True,False,False,False,True,True,False,0,0.0,0.0,
26qZG3…ttPj,176,109,-0.2,21.1,-21.3,2,4.0,0.0,0,0,0.0,0.2,1,-21.3,"SOL 92%, 1MBONK 8%",True,True,False,False,False,True,True,False,0,0.0,0.0,
26wiHP…E2sx,118,279,-0.07,33.3,-19.8,3,47.4,43.7,0,2,3.93,0.4,3,-6.6,"SOL 72%, BTC 25%, ETH 2%",True,True,False,False,False,True,True,False,15,-34.1,-11.4,-2.27
291jVA…RUdN,214,590,-0.22,4.4,-132.5,6,62.2,6.2,2,3,0.43,0.0,1,-132.5,"SOL 59%, BTC 20%, ETH 17%",True,True,False,False,False,False,True,False,56,-13.4,-13.4,-0.24
2931BK…s9X3,57,127,-0.04,21.3,-5.2,2,24.1,33.8,0,3,1.83,0.2,3,-1.7,"SOL 67%, BTC 29%, ZEC 2%",False,True,False,False,False,True,True,False,31,-3.2,-1.1,-0.1
2ABjtC…hpby,172,87,-0.21,42.5,-18.1,4,36.7,5.4,0,4,0.2,6.3,2,-9.0,"SOL 53%, BTC 37%, ETH 8%",True,False,False,False,True,True,True,False,13,9.2,4.6,0.71
2AsbzF…LvZc,214,9,0.29,88.9,2.6,1,0.0,13.2,6,6,0.2,2.6,1,2.6,"WIF 67%, POPCAT 22%, BERA 11%",True,False,True,True,True,True,True,False,133,6.6,6.6,0.05
2BRiQx…L6zV,213,194,-0.12,53.6,-22.3,5,41.2,3.0,1,1,0.2,2.0,3,-7.4,"BTC 43%, ETH 28%, 1MBONK 17%",True,True,False,False,True,True,True,False,1,-5.9,-2.0,-5.91
2BjtCU…q59L,195,1268,-0.17,20.0,-212.9,3,100.0,0.0,0,0,0.0,0.4,2,-106.4,"BTC 51%, ETH 49%",True,True,False,False,False,False,True,False,0,0.0,0.0,
2DE852…U9bV,124,126,-0.24,23.8,-29.6,2,0.0,0.0,0,0,0.0,1.5,3,-9.9,"ETH 43%, BTC 33%, SOL 25%",True,True,False,False,False,True,True,False,0,0.0,0.0,
2ETqTy…6rWW,214,154,-0.24,12.3,-36.4,6,48.7,6.8,11,37,1.93,0.1,1,-36.4,SOL 100%,True,True,False,True,False,True,True,False,210,-62.8,-62.8,-0.3
2EWkUH…Gf1b,214,76,0.12,52.6,9.1,3,33.1,11.1,0,0,0.17,19.2,3,3.0,"SOL 39%, BTC 36%, ETH 13%",True,False,True,False,True,True,True,False,35,-11.5,-3.8,-0.33
2FCK97…NAav,174,110,-0.18,36.4,-20.3,3,29.7,0.0,0,0,0.0,0.7,2,-10.2,"SOL 65%, ETH 18%, BTC 17%",True,True,False,False,False,True,True,False,0,0.0,0.0,
2FN9ta…Log9,203,299,-0.19,6.0,-57.2,4,10.6,0.0,0,0,0.0,0.0,1,-57.2,"BTC 66%, SOL 30%, ETH 4%",True,True,False,False,False,True,True,False,16,-2.7,-2.7,-0.17
2FWeLu…iwzm,213,225,-0.13,28.9,-29.7,4,5.6,2.0,0,0,0.0,2.0,1,-29.7,"BTC 100%, 1MBONK 0%",True,True,False,False,True,True,True,False,0,0.0,0.0,
2FpHDC…3faL,205,115,-0.06,27.8,-7.2,1,8.9,0.0,0,0,0.0,0.1,1,-7.2,"ETH 61%, SOL 39%",True,True,False,False,False,True,True,False,10,4.9,4.9,0.49
2JEC5a…9hsi,69,22207,-0.18,3.9,-4022.7,3,21.1,3084.9,1634,4846,356.8,0.0,1,-4022.7,SOL 100%,False,True,False,True,False,False,True,False,10917,-2024.1,-2024.1,-0.19
2KBMZH…Gopz,213,112,-0.3,51.8,-33.4,3,2.2,0.0,0,0,0.0,0.9,2,-16.7,"SOL 46%, BTC 32%, ETH 22%",True,True,False,False,False,True,True,False,1,-1.8,-0.9,-1.8
2LHiLV…XKzb,18,50,0.33,74.0,16.3,0,24.3,47.2,5,26,1.67,1.6,1,16.3,SOL 100%,False,False,True,True,False,True,True,False,82,7.1,7.1,0.09
2LjxXY…CEhf,155,207,-0.11,23.7,-22.7,3,0.0,4.5,0,0,0.3,1.4,1,-22.7,"BTC 73%, SOL 16%, ETH 11%",True,True,False,False,False,True,True,False,0,0.0,0.0,
2MBQKQ…cjgL,159,130,0.07,51.5,9.5,1,100.0,60.7,6,13,0.57,1.7,1,9.5,SOL 100%,True,True,True,True,False,False,True,False,12,-5.1,-5.1,-0.42
2RTJoF…8Tms,214,335,-0.37,29.6,-124.5,3,0.2,0.0,0,0,0.0,1.6,2,-62.2,"SOL 57%, ETH 37%, BTC 6%",True,True,False,False,False,True,True,False,0,0.0,0.0,
2RvsRp…g15j,214,498,-0.29,14.9,-146.3,4,2.4,44.5,0,0,0.0,0.2,1,-146.3,"SOL 100%, BTC 0%",True,True,False,False,False,True,True,False,0,0.0,0.0,
2TjmM4…kyLS,214,85,-0.29,35.3,-24.5,2,17.1,4.7,0,0,0.5,13.4,2,-12.2,"SOL 54%, BTC 35%, DRIFT 9%",True,False,False,False,True,True,True,False,15,-7.6,-3.8,-0.51
2U5F5p…5ags,160,2936,-0.21,10.0,-611.9,5,0.0,40.1,28,81,7.67,0.0,1,-611.9,"ETH 87%, SOL 9%, APT 2%",True,True,False,True,False,True,True,False,359,-56.4,-56.4,-0.16
2U91ui…cviE,101,105,-0.04,18.1,-4.3,2,46.5,7.0,0,0,0.0,0.2,2,-2.2,"SOL 66%, BTC 33%, 1MPEPE 1%",True,True,False,False,False,True,True,False,1,0.2,0.1,0.16
2UB5Fs…aHMF,198,378,-0.21,18.0,-78.1,3,0.1,0.0,0,0,0.0,0.4,3,-26.0,"ETH 43%, SOL 29%, BTC 28%",True,True,False,False,False,True,True,False,0,0.0,0.0,
2ULH8n…Mvwr,160,125,-0.22,9.6,-27.7,4,0.7,0.0,0,0,0.0,0.1,1,-27.7,"ETH 34%, BTC 33%, SOL 33%",True,True,False,False,False,True,True,False,4,-4.8,-4.8,-1.19
2UpvDm…yWQ4,20,8,1.57,87.5,12.6,0,4.9,2.1,4,5,0.27,16.9,2,6.3,"BTC 75%, SOL 25%",False,False,True,True,True,True,True,False,123,-32.9,-16.4,-0.27
2V8Yqh…wyzu,166,33,1.49,84.8,49.1,0,57.5,6.3,6,10,0.63,3.8,3,16.4,"SOL 67%, BTC 24%, ZEC 6%",True,False,True,True,True,False,True,False,68,-4.9,-1.6,-0.07
2VLTjb…yBdi,169,110,-0.18,15.5,-19.9,4,0.5,0.0,0,0,0.0,0.4,1,-19.9,"BTC 52%, SOL 35%, ETH 7%",True,True,False,False,False,True,True,False,0,0.0,0.0,
2VmrrC…a343,147,395,-0.14,6.1,-55.8,1,0.0,0.0,0,0,0.0,0.0,1,-55.8,ETH 100%,True,True,False,False,False,True,True,False,0,0.0,0.0,
2VsFKu…twpp,164,159,-0.23,28.3,-37.2,2,9.3,0.0,0,0,0.0,0.6,1,-37.2,"SOL 84%, BTC 16%, ETH 1%",True,True,False,False,False,True,True,False,0,0.0,0.0,
2Wgp7Z…Jy8y,214,235,0.05,32.8,12.1,5,4.3,8.9,0,2,0.17,5.1,2,6.0,"SOL 73%, ETH 13%, BTC 11%",True,True,True,False,True,True,True,False,3,9.3,4.6,3.1
2Wsimp…p9A5,191,299,-0.2,12.0,-59.9,5,0.0,2.1,1,1,0.03,0.1,2,-30.0,"ETH 67%, BTC 25%, SOL 7%",True,True,False,False,False,True,True,False,6,2.7,1.4,0.44
2Xpn2f…Af5g,210,321,-0.05,37.7,-14.6,4,41.7,62.9,0,1,1.2,2.4,2,-7.3,"SOL 64%, ETH 23%, BTC 12%",True,True,False,False,True,True,True,False,0,0.0,0.0,
2XuLic…fq6b,162,135,-0.1,25.9,-13.2,3,3.9,0.0,0,0,0.0,0.2,1,-13.2,"BTC 67%, SOL 23%, ETH 10%",True,True,False,False,False,True,True,False,8,5.4,5.4,0.68
2Ytg6s…b4in,182,14547,-0.2,9.0,-2894.0,6,98.5,350.8,0,508,66.87,0.1,2,-1447.0,"SOL 61%, BTC 36%, ETH 3%",True,True,False,False,False,False,True,False,0,0.0,0.0,
2Zd2uu…Dgsr,78,324,-0.21,37.0,-67.2,2,6.5,12.0,18,50,3.6,1.4,2,-33.6,"BTC 38%, SOL 36%, AVAX 15%",False,True,False,True,False,True,True,False,21,2.9,1.4,0.14
2Zsc9i…FGeM,191,113,-0.17,32.7,-19.6,4,8.5,0.0,0,0,0.0,0.7,1,-19.6,SOL 100%,True,True,False,False,False,True,True,False,0,0.0,0.0,
2aMcir…qfHk,214,496,-0.24,11.7,-118.7,3,100.0,0.0,0,0,0.0,0.4,2,-59.4,"BTC 52%, ETH 48%",True,True,False,False,False,False,True,False,0,0.0,0.0,
2dE2sP…uwdz,145,154,-0.23,10.4,-36.0,4,0.0,0.0,0,0,0.0,0.1,1,-36.0,"BTC 90%, ETH 8%, SOL 2%",True,True,False,False,False,True,True,False,0,0.0,0.0,
2dVjpW…FDJ4,172,333,-0.05,42.9,-15.3,5,25.3,65.3,0,0,3.07,0.9,2,-7.6,"SOL 60%, BTC 40%",True,True,False,False,False,True,True,False,0,0.0,0.0,
2eB3jE…u6in,8,99,-0.19,10.1,-19.2,1,0.0,77.0,60,99,3.3,0.1,1,-19.2,SOL 100%,False,False,False,True,False,True,True,False,4,-1.5,-1.5,-0.36
2eKKfR…pXw8,182,139,0.07,29.5,9.4,2,0.0,0.0,0,0,0.0,2.1,2,4.7,"SOL 81%, BTC 12%, ETH 6%",True,True,True,False,True,True,True,False,78,-4.0,-2.0,-0.05
2haJxQ…3Zg6,71,82,-0.19,11.0,-15.6,3,50.1,7.5,0,0,0.5,0.0,1,-15.6,"SOL 68%, BTC 28%, 1MBONK 4%",False,False,False,False,False,False,True,False,48,-17.4,-17.4,-0.36
2hjui2…Qxkt,175,306,0.1,48.0,29.6,1,1.8,0.0,0,0,0.0,1.5,2,14.8,"BTC 52%, SOL 40%, ETH 8%",True,True,True,False,False,True,True,False,0,0.0,0.0,
2jx77L…QsD2,34,17,-0.03,35.3,-0.6,2,76.0,10.3,0,0,0.47,1.9,1,-0.6,"SOL 88%, BTC 6%, ETH 6%",False,False,False,False,False,False,True,False,101,3.3,3.3,0.03
2kCz1p…4k4j,213,127,-0.6,59.1,-76.1,3,10.9,0.0,0,0,0.0,20.7,4,-19.0,"SOL 42%, BTC 37%, ETH 12%",True,True,False,False,True,True,True,False,0,0.0,0.0,
2kDYuS…PCVy,147,174,-0.29,26.4,-50.5,4,0.0,3.4,12,20,1.3,4.4,1,-50.5,"ADA 98%, SOL 2%",True,True,False,True,True,True,True,False,74,-42.6,-42.6,-0.58
2m9HCv…SU8x,167,174,-0.17,26.4,-30.2,3,15.7,0.0,0,0,0.0,0.4,1,-30.2,"BTC 83%, ETH 11%, SOL 5%",True,True,False,False,False,True,True,False,7,0.7,0.7,0.1
2nKnN4…wwU6,131,130,-0.36,30.0,-47.4,3,1.1,0.0,0,0,0.0,0.4,2,-23.7,"SOL 85%, BTC 8%, ETH 4%",True,True,False,False,False,True,True,False,101,-17.3,-8.6,-0.17
2nVqee…nn7N,214,315,-0.58,51.7,-182.9,4,5.6,25.6,10,19,2.8,7.3,6,-30.5,"SOL 34%, BTC 31%, ETH 12%",True,True,False,True,True,True,True,False,115,-54.4,-9.1,-0.47
2peehv…NwoX,214,1225,-0.23,3.3,-282.4,6,65.5,9.5,0,0,0.17,0.0,1,-282.4,"SOL 56%, BTC 23%, ETH 19%",True,True,False,False,False,False,True,False,96,-23.5,-23.5,-0.24
2qrF3G…oMLA,135,206,-0.19,25.7,-39.6,4,6.8,0.0,0,0,0.0,0.3,1,-39.6,"SOL 54%, BTC 46%, AVAX 0%",True,True,False,False,False,True,True,False,0,0.0,0.0,
2szoKH…Suji,214,1022,-0.24,2.5,-243.2,6,59.1,3.0,2,4,0.23,0.0,2,-121.6,"SOL 47%, BTC 25%, ETH 25%",True,True,False,True,False,False,True,False,9,-2.3,-1.2,-0.26
2tWFzU…GtnP,187,2389,-0.22,2.8,-526.8,1,12.4,0.0,0,0,0.0,0.0,1,-526.8,"ETH 86%, SOL 12%, BTC 3%",True,True,False,False,False,True,True,False,0,0.0,0.0,
2tyiSo…cp9S,170,333,-0.15,12.0,-50.9,2,3.8,0.0,0,0,0.0,0.2,1,-50.9,"ETH 53%, BTC 41%, SOL 6%",True,True,False,False,False,True,True,False,0,0.0,0.0,
2ud7RA…oJeN,65,47,-0.14,61.7,-6.5,1,0.3,3.1,4,7,0.53,2.3,1,-6.5,SOL 100%,False,False,False,True,True,True,True,False,60,14.4,14.4,0.24
2veJTt…wtvG,214,795,-0.23,2.1,-185.9,6,65.7,26.0,0,0,0.77,0.0,2,-93.0,"BTC 97%, ETH 1%, HYPE 1%",True,True,False,False,False,False,True,False,0,0.0,0.0,
2w5P59…J562,18,14,-0.27,14.3,-3.8,1,0.0,10.3,1,12,0.47,0.4,1,-3.8,"SOL 93%, BTC 7%",False,False,False,True,False,True,True,False,327,-99.4,-99.4,-0.3
2wvkBw…2MK7,212,145,0.39,43.4,57.1,2,88.6,0.0,0,0,0.0,0.6,4,14.3,"BTC 34%, ETH 28%, SUI 10%",True,True,True,False,False,False,True,False,0,0.0,0.0,
2xWbyi…VA6v,145,207,-0.26,17.4,-54.7,1,8.8,0.0,0,0,0.0,0.3,1,-54.7,"ETH 92%, SOL 8%, 1MBONK 0%",True,True,False,False,False,True,True,False,0,0.0,0.0,
2xqn3h…4r6f,164,256,-0.11,34.4,-29.1,5,1.9,4.0,0,0,0.13,0.3,1,-29.1,"SOL 87%, BTC 8%, ETH 5%",True,True,False,False,False,True,True,False,0,0.0,0.0,
2y1Z6U…vBri,183,283,-0.06,28.3,-15.9,2,49.4,0.0,0,0,0.0,0.7,2,-8.0,"ETH 60%, BTC 39%, SOL 1%",True,True,False,False,False,True,True,False,0,0.0,0.0,
2zhCkB…K7eC,14,17,-0.39,23.5,-6.7,1,0.0,6.8,5,16,0.57,0.5,1,-6.7,"SOL 82%, HYPE 18%",False,False,False,True,False,True,True,False,98,-23.9,-23.9,-0.24
31xgSV…jp5C,200,99,-0.31,42.4,-30.5,4,0.8,0.0,0,0,0.0,1.1,1,-30.5,"SOL 93%, BTC 4%, ETH 3%",True,False,False,False,False,True,True,False,24,0.6,0.6,0.02
32KkFZ…2aso,205,96,-0.23,34.4,-22.0,4,15.7,3.0,0,0,0.23,1.3,1,-22.0,"SOL 56%, BTC 44%",True,False,False,False,False,True,True,False,80,-16.2,-16.2,-0.2
32qigX…14tV,136,103,-0.27,7.8,-27.9,4,0.0,6.0,0,0,0.07,0.3,1,-27.9,"BTC 98%, ETH 1%, SOL 1%",True,True,False,False,False,True,True,False,0,0.0,0.0,
33EzHq…AKn5,157,1917,-0.24,6.3,-466.9,2,8.1,0.0,0,0,0.0,0.0,1,-466.9,"ETH 96%, SOL 4%, BTC 0%",True,True,False,False,False,True,True,False,0,0.0,0.0,
33SubM…SwoB,146,240,-0.23,14.6,-54.6,2,0.1,0.0,0,0,0.0,0.4,1,-54.6,"BTC 99%, ETH 1%",True,True,False,False,False,True,True,False,0,0.0,0.0,
33Wi2Y…eAW5,209,150,0.0,24.7,0.4,1,10.3,0.0,0,0,0.0,0.8,1,0.4,"ETH 51%, SOL 48%, 1MBONK 1%",True,True,False,False,False,True,True,False,0,0.0,0.0,
33ruVy…pBTK,214,533,-0.14,28.7,-75.4,1,0.5,0.0,0,0,0.0,0.2,1,-75.4,"SOL 100%, BTC 0%",True,True,False,False,False,True,True,False,0,0.0,0.0,
34JBzy…sUz2,166,266,-0.21,0.0,-55.4,3,1.5,0.0,0,0,0.0,0.0,1,-55.4,"BTC 79%, ETH 20%, SOL 1%",True,True,False,False,False,True,True,False,2,-0.5,-0.5,-0.23
34mSNb…kRDV,49,153,-0.4,23.5,-60.8,2,0.5,12.5,0,0,0.3,0.9,2,-30.4,"SOL 58%, BTC 42%",False,True,False,False,False,True,True,False,278,-84.5,-42.2,-0.3
34zRiw…mLdq,202,115,0.1,64.3,11.1,3,23.3,0.0,0,0,0.0,3.3,1,11.1,"SOL 93%, BTC 5%, ETH 2%",True,True,True,False,True,True,True,False,0,0.0,0.0,
355g3L…Gh2b,145,150,-0.19,2.0,-27.9,2,0.0,0.0,0,0,0.0,0.0,1,-27.9,"ETH 88%, BTC 11%, SOL 1%",True,True,False,False,False,True,True,False,0,0.0,0.0,
36xahe…L8cH,25,91,-0.22,15.4,-19.7,1,0.0,61.6,0,0,3.03,0.0,1,-19.7,SOL 100%,False,False,False,False,False,True,True,False,55,-38.0,-38.0,-0.69
38S3TJ…yGDh,144,142,-0.22,15.5,-31.2,1,0.0,0.0,0,0,0.0,0.1,1,-31.2,"ETH 99%, BTC 1%",True,True,False,False,False,True,True,False,0,0.0,0.0,
38s43M…miwi,211,354,-0.09,36.2,-32.2,4,13.5,0.0,0,0,0.0,0.7,3,-10.7,"SOL 43%, BTC 36%, ETH 21%",True,True,False,False,False,True,True,False,0,0.0,0.0,
3Ahzwr…ESqh,121,115,-0.2,8.7,-22.4,1,0.0,0.0,0,0,0.0,0.0,1,-22.4,"ETH 62%, BTC 37%, SOL 1%",True,True,False,False,False,True,True,False,0,0.0,0.0,
3BrnuW…1vVU,212,141,-0.09,43.3,-13.1,2,3.0,0.0,0,0,0.0,1.1,1,-13.1,"ETH 96%, 1MBONK 3%, SOL 1%",True,True,False,False,False,True,True,False,0,0.0,0.0,
3Cm7TW…BByS,214,1885,-0.13,6.9,-237.5,5,83.1,524.6,0,1,0.8,0.0,1,-237.5,"SOL 75%, BTC 19%, ETH 5%",True,True,False,False,False,False,True,False,0,0.0,0.0,
3FC6f7…sj45,113,107,-0.13,3.7,-14.3,2,0.0,0.0,0,0,0.0,0.0,1,-14.3,"BTC 93%, SOL 6%, 1MPEPE 1%",True,True,False,False,False,True,True,False,0,0.0,0.0,
3FpD49…KgXc,159,143,-0.31,7.7,-43.8,2,0.0,0.0,0,0,0.0,0.1,1,-43.8,"ETH 99%, SOL 1%",True,True,False,False,False,True,True,False,0,0.0,0.0,
3HfzDd…uNZf,57,70,0.2,40.0,14.1,0,36.6,8.5,0,1,0.27,0.2,2,7.0,"BTC 69%, SOL 19%, 1MBONK 7%",False,False,True,False,False,True,True,False,45,-8.7,-4.4,-0.19
3JxXrE…Tx3x,90,185,-0.34,16.2,-62.0,2,0.0,0.0,0,0,0.0,0.1,2,-31.0,"SOL 45%, BTC 32%, 1MBONK 13%",True,True,False,False,False,True,True,False,0,0.0,0.0,
3LLNAa…mvLU,79,1713,-0.24,10.9,-408.8,1,0.0,0.0,0,0,0.0,0.1,1,-408.8,SOL 100%,False,True,False,False,False,True,True,False,0,0.0,0.0,
3N9zQY…GqtU,48,48,0.73,89.6,34.8,0,58.1,16.4,2,6,0.47,5.5,2,17.4,"SOL 79%, BTC 19%, INJ 2%",False,False,True,True,True,False,True,False,61,40.0,20.0,0.66
3NhN6U…cd9y,134,127,-0.21,6.3,-27.1,2,24.7,0.0,0,0,0.0,0.0,1,-27.1,"BTC 70%, SOL 30%",True,True,False,False,False,True,True,False,0,0.0,0.0,
3QZBnA…S8A5,147,99,-0.24,17.2,-23.6,2,0.7,0.0,0,0,0.0,0.3,1,-23.6,"SOL 66%, BTC 24%, ETH 10%",True,False,False,False,False,True,True,False,1,-1.6,-1.6,-1.64
3TRPJW…p499,171,112,-0.2,4.5,-22.3,2,36.2,0.0,0,0,0.0,0.1,1,-22.3,BTC 100%,True,True,False,False,False,True,True,False,0,0.0,0.0,
3U8ZWW…n3mR,142,122,-0.25,0.0,-30.4,1,0.0,0.0,0,0,0.0,0.0,1,-30.4,BTC 100%,True,True,False,False,False,True,True,False,0,0.0,0.0,
3UsfUS…De5n,191,139,-0.2,15.8,-27.8,1,5.4,0.0,0,0,0.0,0.1,1,-27.8,"ETH 92%, SOL 8%",True,True,False,False,False,True,True,False,0,0.0,0.0,
3VtoXM…BoV2,214,1135,-0.25,6.7,-288.1,6,64.3,46.4,7,39,4.3,0.0,4,-72.0,"SOL 61%, BTC 25%, ETH 10%",True,True,False,True,False,False,True,False,402,-79.3,-19.8,-0.2
3YGxzj…V2oN,107,115,-0.21,0.0,-24.3,2,0.0,0.0,0,0,0.0,0.0,1,-24.3,"BTC 99%, SOL 1%",True,True,False,False,False,True,True,False,0,0.0,0.0,
3dgxUy…iHwP,214,519,-0.16,27.7,-82.9,5,67.6,15.8,1,21,1.47,0.6,1,-82.9,"SOL 72%, BTC 18%, ETH 9%",True,True,False,True,False,False,True,False,241,-21.1,-21.1,-0.09
3gsT1w…xoNk,123,369,-0.46,37.7,-170.6,3,0.9,8.3,0,0,0.33,0.6,2,-85.3,"SOL 73%, 1MBONK 21%, BTC 4%",True,True,False,False,False,True,True,False,22,-20.3,-10.2,-0.92
3gyaUE…3u4S,149,113,-0.23,2.7,-25.9,4,2.3,9.0,0,0,0.03,0.0,1,-25.9,"ETH 83%, BTC 10%, SOL 7%",True,True,False,False,False,True,True,False,0,0.0,0.0,
3hVCAG…gC43,153,114,0.08,86.0,9.1,1,38.4,0.0,0,0,0.0,1.6,3,3.0,"SOL 82%, 1MBONK 17%, WIF 2%",True,True,True,False,False,True,True,False,38,-2.1,-0.7,-0.06
3hXn8M…r2Bz,47,104,-0.23,24.0,-24.4,2,0.0,32.0,0,0,0.93,0.6,1,-24.4,"BTC 84%, SOL 16%",False,True,False,False,False,True,True,False,0,0.0,0.0,
3haMEx…GSpM,107,194,-0.23,1.0,-45.3,3,15.4,0.0,0,0,0.0,0.1,1,-45.3,"BTC 99%, SOL 1%, 1MBONK 1%",True,True,False,False,False,True,True,False,0,0.0,0.0,
3hpYmk…Rk5y,16,32,0.2,65.6,6.4,0,16.4,5.7,12,23,1.07,2.0,1,6.4,SOL 100%,False,False,True,True,True,True,True,False,78,-29.3,-29.3,-0.38
3iq778…XAta,69,115,-0.34,45.2,-38.6,3,83.9,8.8,3,7,0.3,0.6,1,-38.6,"SOL 79%, ETH 21%",False,True,False,True,False,False,True,False,1,0.0,0.0,0.01
3j17aP…pcpq,121,319,-0.25,17.2,-80.7,4,0.0,16.3,0,27,1.1,0.5,1,-80.7,"SOL 68%, BTC 32%",True,True,False,False,False,True,True,False,28,-5.8,-5.8,-0.21
3nMQNd…apWE,146,496,-0.21,12.1,-101.7,3,0.1,0.0,0,0,0.0,0.2,1,-101.7,"BTC 100%, SOL 0%",True,True,False,False,False,True,True,False,0,0.0,0.0,
3nPA3q…PyPa,150,211,-0.21,8.1,-43.3,2,19.4,0.0,0,0,0.0,0.1,1,-43.3,"ETH 55%, BTC 44%, SOL 2%",True,True,False,False,False,True,True,False,0,0.0,0.0,
3oMPVP…B47J,118,181,-0.21,0.0,-38.1,2,0.0,0.0,0,0,0.0,0.0,1,-38.1,"BTC 99%, ETH 1%",True,True,False,False,False,True,True,False,0,0.0,0.0,
3p2n2o…PsWk,195,131,-0.25,28.2,-32.9,4,0.0,5.5,0,2,0.3,1.0,1,-32.9,"SOL 89%, BTC 10%, ETH 2%",True,True,False,False,False,True,True,False,20,-8.7,-8.7,-0.44
3rBhdM…TCAx,213,399,-0.16,16.5,-62.5,5,3.0,8.7,0,0,0.23,0.2,2,-31.2,"BTC 89%, SOL 11%",True,True,False,False,False,True,True,False,17,-4.4,-2.2,-0.26
3rR1gE…bUT4,185,57,0.67,56.1,38.3,2,1.0,2.6,1,1,0.1,0.5,1,38.3,"SOL 96%, BTC 4%",True,False,True,False,False,True,True,False,42,47.5,47.5,1.13
3rwWxe…MWkw,162,1673,-0.21,13.4,-345.3,4,0.0,0.0,0,0,0.0,0.1,1,-345.3,"ETH 61%, BTC 39%",True,True,False,False,False,True,True,False,0,0.0,0.0,
3tXGLf…5KWD,213,132,-0.06,7.6,-7.9,3,44.1,1339.7,33,118,3.93,0.1,1,-7.9,"SOL 89%, BTC 8%, ETH 2%",True,True,False,True,False,False,True,False,148,-9.1,-9.1,-0.06
3tzTdv…R5un,184,296,-0.18,13.2,-53.0,2,1.2,0.0,0,0,0.0,0.1,2,-26.5,"BTC 48%, ETH 37%, SOL 15%",True,True,False,False,False,True,True,False,0,0.0,0.0,
3w78am…7aVX,161,116,-0.22,8.6,-25.3,2,0.0,0.0,0,0,0.0,0.0,1,-25.3,SOL 100%,True,True,False,False,False,True,True,False,0,0.0,0.0,
3xsZFL…aANQ,130,262,-0.3,26.0,-78.5,1,0.0,0.0,0,0,0.0,0.1,5,-15.7,"SOL 41%, ARB 18%, ETH 17%",True,True,False,False,False,True,True,False,0,0.0,0.0,
3yaVfA…dXXM,213,102,-0.46,25.5,-46.6,5,3.7,0.0,0,0,0.0,0.7,1,-46.6,"SOL 85%, BTC 14%, ETH 1%",True,True,False,False,False,True,True,False,1,-0.6,-0.6,-0.65
3ymkqk…TJmD,51,112,-0.27,14.3,-30.5,2,40.2,28.2,0,1,3.07,0.2,1,-30.5,"SOL 90%, HYPE 5%, DRIFT 4%",False,True,False,False,False,True,True,False,0,0.0,0.0,
3zCPEq…TGBz,116,157,-0.32,22.9,-50.7,3,11.1,0.0,0,0,0.0,0.6,1,-50.7,"SOL 99%, BTC 1%",True,True,False,False,False,True,True,False,0,0.0,0.0,
415TmU…D1MQ,203,128,-0.53,28.9,-67.7,6,1.9,0.0,0,0,0.0,1.5,2,-33.8,"SOL 49%, ETH 27%, BTC 20%",True,True,False,False,False,True,True,False,11,-5.0,-2.5,-0.45
41X9ZQ…uwdi,103,130,-0.26,35.4,-34.3,2,1.1,0.0,0,0,0.0,0.5,1,-34.3,"SOL 84%, ASTER 8%, AVAX 5%",True,True,False,False,False,True,True,False,0,0.0,0.0,
427FaC…rSyH,204,126,-0.45,30.2,-56.5,4,4.9,3.4,0,0,0.17,1.6,1,-56.5,"ETH 80%, SOL 17%, BTC 2%",True,True,False,False,False,True,True,False,0,0.0,0.0,
42TGTB…UZGY,162,170,-0.17,40.6,-28.8,3,31.7,3.6,4,8,0.4,2.9,3,-9.6,"SOL 78%, BTC 17%, SUI 2%",True,True,False,True,True,True,True,False,8,-11.1,-3.7,-1.39
42vtDS…b9yQ,149,299,-0.27,5.7,-79.6,5,57.6,6.0,0,2,0.6,0.0,4,-19.9,"SOL 53%, BTC 24%, ETH 8%",True,True,False,False,False,False,True,False,75,-19.7,-4.9,-0.26
43Ee7o…wBqn,213,348,-0.54,16.4,-189.0,6,0.0,2.4,0,0,0.1,2.0,2,-94.5,"BTC 67%, ETH 18%, SOL 13%",True,True,False,False,True,True,True,False,18,-19.3,-9.6,-1.07
43oyis…yNZL,185,130,-0.12,33.8,-15.4,1,4.6,0.0,0,0,0.0,0.3,2,-7.7,"SOL 88%, BTC 12%, ETH 1%",True,True,False,False,False,True,True,False,0,0.0,0.0,
46ZKhc…8A5A,214,160,-0.06,34.4,-9.8,3,0.4,14.7,24,36,2.93,4.1,1,-9.8,"BTC 99%, SOL 1%",True,True,False,True,True,True,True,False,65,-19.4,-19.4,-0.3
47ZDhW…zpmR,160,109,-0.44,37.6,-47.9,3,6.0,1.0,0,0,0.03,0.4,2,-24.0,"SOL 96%, 1MBONK 3%, BTC 1%",True,True,False,False,False,True,True,False,0,0.0,0.0,
494UKQ…9pKy,116,132,0.33,92.4,44.1,2,68.9,10.4,5,22,1.77,2.2,1,44.1,"SOL 99%, DRIFT 1%",True,True,True,True,True,False,True,False,33,5.9,5.9,0.18
4Aaiyt…bXZ1,213,594,-0.23,17.2,-136.6,5,9.9,18.9,8,14,0.47,0.6,2,-68.3,"ETH 48%, BTC 41%, AVAX 4%",True,True,False,True,False,True,True,False,114,-32.3,-16.2,-0.28
4AatzK…k55o,209,177,-0.44,18.1,-78.0,5,1.2,9.5,0,0,0.5,0.8,1,-78.0,"BTC 97%, DRIFT 2%, ASTER 1%",True,True,False,False,False,True,True,False,0,0.0,0.0,
4BPMY1…rRZw,139,147,-0.32,8.2,-47.4,4,0.2,0.0,0,0,0.0,0.1,1,-47.4,"ETH 49%, BTC 44%, SOL 7%",True,True,False,False,False,True,True,False,0,0.0,0.0,
4BXxn5…kbSm,213,177,-0.39,40.7,-69.4,3,5.2,3.6,0,0,0.0,10.5,4,-17.4,"SOL 44%, BTC 30%, ETH 15%",True,True,False,False,True,True,True,False,12,20.4,5.1,1.7
4D6yYP…Jtcw,197,133,-0.08,36.1,-10.6,2,0.9,0.0,0,0,0.0,0.2,1,-10.6,"SOL 95%, BTC 5%",True,True,False,False,False,True,True,False,0,0.0,0.0,
4Fbg5V…2dZp,120,85,-0.39,18.8,-33.3,4,0.0,11.7,0,18,0.8,0.5,1,-33.3,"ADA 98%, SUI 2%",True,False,False,False,False,True,True,False,30,-11.1,-11.1,-0.37
4H4wTA…sj6R,113,108,-0.25,25.0,-27.5,3,73.4,247.0,0,0,0.4,0.8,1,-27.5,SOL 100%,True,True,False,False,False,False,True,False,167,-52.6,-52.6,-0.32
4Hc2sw…Kr9Q,208,1482,-0.22,8.9,-325.3,3,0.0,0.0,0,0,0.0,0.1,1,-325.3,"BTC 43%, SOL 36%, ETH 21%",True,True,False,False,False,True,True,False,0,0.0,0.0,
4Ju1rx…1CLQ,212,273,-0.07,50.2,-17.8,3,95.2,0.0,0,0,0.0,1.0,2,-8.9,"SOL 95%, ETH 3%, DOGE 1%",True,True,False,False,False,False,True,False,0,0.0,0.0,
4K8WC2…Tcpp,184,525,-0.17,27.0,-87.6,3,11.5,0.0,0,0,0.0,0.1,1,-87.6,SOL 100%,True,True,False,False,False,True,True,False,0,0.0,0.0,
4NnmXL…Xc97,213,115,-0.12,27.0,-14.2,3,2.4,0.0,0,0,0.0,0.4,2,-7.1,"BTC 68%, 1MBONK 14%, ETH 14%",True,True,False,False,False,True,True,False,7,-3.1,-1.6,-0.44
4NuS4e…kxJA,149,145,-0.22,3.4,-32.0,3,0.6,0.0,0,0,0.0,0.1,1,-32.0,"BTC 99%, ETH 1%",True,True,False,False,False,True,True,False,0,0.0,0.0,
4NvQP7…NTqX,203,847,-0.13,12.8,-114.1,4,0.0,0.0,0,0,0.0,0.1,2,-57.0,"ETH 42%, BTC 29%, SOL 27%",True,True,False,False,False,True,True,False,0,0.0,0.0,
4PmXCW…BNpV,214,924,-0.35,6.7,-321.8,6,24.3,2.9,0,0,0.03,0.6,5,-64.4,"BTC 54%, ETH 32%, SOL 11%",True,True,False,False,False,True,True,False,97,-31.3,-6.3,-0.32
4R6MS8…t6RB,37,21,0.9,52.4,18.8,1,98.6,30.5,6,14,0.63,18.5,4,4.7,"SOL 48%, FARTCOIN 29%, BTC 14%",False,False,True,True,True,False,True,False,171,-20.0,-5.0,-0.12
4SBEWZ…CBdW,146,191,-0.32,27.2,-62.0,4,16.0,0.0,0,0,0.0,0.5,3,-20.7,"BTC 50%, SOL 41%, ETH 4%",True,True,False,False,False,True,True,False,0,0.0,0.0,
4UQ2GK…Ch1N,134,179,-0.22,0.6,-38.7,4,1.3,0.0,0,0,0.0,0.0,1,-38.7,"BTC 95%, ETH 3%, SOL 2%",True,True,False,False,False,True,True,False,0,0.0,0.0,
4UgkAW…jCj7,103,160,-0.39,18.1,-63.1,4,0.0,12.3,0,22,0.9,0.5,1,-63.1,"AVAX 57%, ADA 42%",True,True,False,False,False,True,True,False,0,0.0,0.0,
4VCjUp…GwHz,212,80,-0.14,56.2,-10.9,4,10.6,3.7,0,3,0.27,7.4,3,-3.6,"BTC 45%, SOL 24%, ETH 19%",True,False,False,False,True,True,True,False,32,1.5,0.5,0.05
4VMAA7…Yqdk,100,277,-0.32,8.7,-89.9,3,0.2,0.0,0,0,0.0,0.2,1,-89.9,SOL 100%,True,True,False,False,False,True,True,False,91,-19.2,-19.2,-0.21
4WXruA…akBs,9,121,-0.31,19.8,-37.9,1,31.8,43.7,100,121,4.03,0.5,1,-37.9,"SOL 99%, DRIFT 1%",False,True,False,True,False,True,True,False,993,-216.5,-216.5,-0.22
4XWuw4…Ua36,212,96,-0.41,37.5,-39.1,4,0.0,1.6,0,0,0.07,10.3,3,-13.0,"SOL 43%, ETH 20%, ARB 19%",True,False,False,False,True,True,True,False,37,-124.8,-41.6,-3.37
4ZFkkv…WTpe,214,235,-0.22,9.4,-51.4,2,0.1,0.0,0,0,0.0,0.0,1,-51.4,"SOL 90%, ETH 7%, BTC 3%",True,True,False,False,False,True,True,False,0,0.0,0.0,
4ZtuWB…iJNc,154,106,-0.25,6.6,-26.5,2,80.1,0.0,0,0,0.0,0.0,1,-26.5,"SOL 99%, BTC 1%",True,True,False,False,False,False,True,False,0,0.0,0.0,
4aJJvx…n2C6,193,156,-0.14,37.8,-21.7,3,76.9,0.0,0,0,0.0,14.8,4,-5.4,"BTC 42%, SOL 27%, ETH 22%",True,True,False,False,True,False,True,False,4,-4.9,-1.2,-1.22
4diZ2G…W1Mk,214,138,-0.19,17.4,-26.6,1,0.0,0.0,0,0,0.0,0.3,1,-26.6,"SOL 45%, ETH 37%, BTC 13%",True,True,False,False,False,True,True,False,0,0.0,0.0,
4eMT29…vDd4,134,141,-0.21,0.7,-30.0,3,0.0,0.0,0,0,0.0,0.1,1,-30.0,"BTC 89%, SOL 6%, ETH 6%",True,True,False,False,False,True,True,False,1,0.1,0.1,0.1
4f1TUj…vBjZ,135,693,-0.2,1.7,-139.4,2,0.0,0.0,0,0,0.0,0.0,1,-139.4,"ETH 98%, SOL 1%, BTC 0%",True,True,False,False,False,True,True,False,0,0.0,0.0,
4idWLi…LrZ3,210,174,0.06,43.1,10.2,3,43.4,5.6,0,0,0.43,5.3,2,5.1,"BTC 41%, SOL 37%, ETH 9%",True,True,True,False,True,True,True,False,72,-14.3,-7.2,-0.2
4jzjGT…w9cj,214,1048,-0.19,3.9,-197.2,6,65.4,9.4,0,5,0.7,0.0,2,-98.6,"SOL 57%, BTC 22%, ETH 17%",True,True,False,False,False,False,True,False,30,-7.7,-3.8,-0.26
4kgPis…ikeo,211,303,-0.27,23.4,-80.8,4,10.0,3.5,0,2,0.07,0.6,1,-80.8,"ETH 70%, BTC 28%, DRIFT 1%",True,True,False,False,False,True,True,False,251,-54.2,-54.2,-0.22
4nL7kK…8Vcn,202,342,-0.18,36.5,-62.1,4,15.5,9.4,22,44,2.67,1.6,2,-31.0,"SOL 97%, HYPE 3%",True,True,False,True,False,True,True,False,175,-28.7,-14.4,-0.16
4nNt2L…QZuP,107,1840,-0.22,7.2,-408.9,1,100.0,0.0,0,0,0.0,0.0,6,-68.1,"1MBONK 60%, AVAX 26%, JUP 4%",True,True,False,False,False,False,True,False,0,0.0,0.0,
4ns6RU…p1Tx,213,104,0.16,13.5,16.8,1,0.2,1.7,0,0,0.07,0.1,1,16.8,"BTC 99%, DRIFT 1%",True,True,True,False,False,True,True,False,0,0.0,0.0,
4oj6GP…gTSs,166,247,-0.2,26.3,-50.3,5,11.5,0.0,0,0,0.0,1.7,1,-50.3,"BTC 82%, ETH 18%, SOL 0%",True,True,False,False,False,True,True,False,0,0.0,0.0,
4qMsPt…K7fp,213,116,-0.14,15.5,-15.7,2,35.8,0.0,0,0,0.0,0.1,1,-15.7,SOL 100%,True,True,False,False,False,True,True,False,0,0.0,0.0,
4riH3P…mitq,19,245,-0.27,24.9,-65.8,1,0.0,50.6,101,183,8.17,0.6,2,-32.9,"SOL 51%, BTC 41%, ARB 7%",False,True,False,True,False,True,True,False,133,-38.6,-19.3,-0.29
4syGe3…EaGn,214,852,-0.2,20.1,-170.8,5,37.5,37.5,0,0,0.07,0.7,3,-56.9,"BTC 53%, ETH 24%, SOL 23%",True,True,False,False,False,True,True,False,78,6.1,2.0,0.08
4tiUkG…QUsh,213,373,-0.03,36.2,-10.8,4,13.4,0.0,0,0,0.0,0.8,3,-3.6,"SOL 40%, BTC 38%, ETH 20%",True,True,False,False,False,True,True,False,0,0.0,0.0,
4v7yhG…HFem,140,211,-0.85,5.7,-179.7,2,99.7,0.0,0,0,0.0,0.0,1,-179.7,ETH 100%,True,True,False,False,False,False,True,False,0,0.0,0.0,
4vDYjF…rLtM,62,177,-0.27,26.6,-47.1,2,0.0,0.0,0,0,0.0,1.5,3,-15.7,"BTC 56%, SOL 44%, ETH 1%",False,True,False,False,False,True,True,False,0,0.0,0.0,
4vzXCR…5AN2,212,94,0.07,57.4,6.3,3,18.1,9.3,0,2,0.2,14.2,3,2.1,"BTC 48%, ETH 31%, AVAX 11%",True,False,True,False,True,True,True,False,6,-37.6,-12.5,-6.27
4w4D9S…PyqH,214,176,0.18,42.0,31.6,2,33.9,4.3,5,7,0.33,5.8,4,7.9,"SOL 77%, BTC 15%, ETH 3%",True,True,True,True,True,True,True,True,5,-4.4,-1.1,-0.88
4wnpA9…U15U,214,348,-0.23,37.6,-78.9,5,95.1,22.4,14,44,5.03,1.3,1,-78.9,"SOL 100%, BTC 0%",True,True,False,True,False,False,True,False,308,-84.3,-84.3,-0.27
4y89nC…5FuE,213,245,-0.48,36.3,-118.7,3,44.4,0.0,0,0,0.0,0.9,3,-39.6,"1MBONK 93%, SUI 5%, HYPE 1%",True,True,False,False,False,True,True,False,0,0.0,0.0,
4ysNKo…TWHw,157,2897,-0.13,11.7,-377.0,3,0.0,0.0,0,0,0.0,0.0,1,-377.0,SOL 100%,True,True,False,False,False,True,True,False,0,0.0,0.0,
51QhRi…kPh4,162,347,0.15,46.4,53.5,1,37.4,0.0,0,0,0.0,0.7,2,26.8,"SOL 33%, ETH 27%, 1MBONK 22%",True,True,True,False,False,True,True,False,0,0.0,0.0,
53CGe6…xRnP,157,357,-0.21,3.4,-76.4,2,0.5,0.0,0,0,0.0,0.0,2,-38.2,"BTC 71%, ETH 29%",True,True,False,False,False,True,True,False,0,0.0,0.0,
53Lrpr…yrxo,214,10097,-0.18,8.1,-1770.3,4,7.9,203.6,6,18,2.53,0.0,1,-1770.3,"1MBONK 100%, FARTCOIN 0%, PUMP 0%",True,True,False,True,False,False,True,False,2887,-627.4,-627.4,-0.22
53bn8n…oszC,120,193,-0.22,7.8,-42.7,2,0.0,0.0,0,0,0.0,0.3,1,-42.7,BTC 100%,True,True,False,False,False,True,True,False,1,0.1,0.1,0.12
5Atbnv…MwwL,120,113,-0.14,21.2,-15.5,2,0.0,14.6,6,31,1.63,0.7,1,-15.5,"BTC 94%, SOL 6%",True,True,False,True,False,True,True,False,254,-72.9,-72.9,-0.29
5BwzrL…c3ap,213,152,-0.44,22.4,-67.1,6,8.4,15.5,7,8,0.33,2.3,2,-33.6,"SOL 77%, ETH 9%, 1MBONK 7%",True,True,False,True,True,True,True,False,253,-55.3,-27.6,-0.22
5ByH4g…hHTm,139,366,-0.22,15.3,-79.0,3,0.0,0.0,0,0,0.0,0.1,1,-79.0,"ETH 87%, SOL 13%, BTC 0%",True,True,False,False,False,True,True,False,0,0.0,0.0,
5CGEEo…9RAr,157,121,-0.16,33.1,-19.3,2,0.2,0.0,0,0,0.0,0.8,1,-19.3,"ETH 84%, SOL 16%",True,True,False,False,False,True,True,False,0,0.0,0.0,
5D3iqB…WHbB,159,184,-0.15,7.1,-28.2,1,0.0,0.0,0,0,0.0,0.1,1,-28.2,ETH 100%,True,True,False,False,False,True,True,False,0,0.0,0.0,
5GwVyd…Str5,71,134,-0.25,9.0,-33.0,3,52.6,7.8,0,6,1.17,0.0,2,-16.5,"SOL 62%, BTC 31%, 1MBONK 3%",False,True,False,False,False,False,True,False,24,-4.8,-2.4,-0.2
5JL74S…1X9C,157,3754,-0.15,9.4,-578.3,3,33.2,33.5,0,0,0.0,0.0,1,-578.3,ETH 100%,True,True,False,False,False,True,True,False,0,0.0,0.0,
5JaZaG…tbg8,149,265,-0.17,40.4,-44.2,3,28.8,2.3,0,0,0.0,0.3,3,-14.7,"SOL 67%, BTC 29%, ETH 3%",True,True,False,False,False,True,True,False,0,0.0,0.0,
5L8PGm…eCKi,166,109,-0.02,51.4,-1.9,2,3.3,0.0,0,0,0.0,1.0,1,-1.9,"SOL 65%, ETH 32%, BTC 3%",True,True,False,False,False,True,True,False,0,0.0,0.0,
5L9LfM…euBT,129,85,-0.82,42.4,-69.8,5,78.4,25.8,0,8,0.43,20.8,8,-8.7,"SOL 26%, 1MBONK 16%, DRIFT 7%",True,False,False,False,True,False,True,False,20,-67.9,-8.5,-3.39
5LKHKK…vaCZ,41,120,-0.22,33.3,-25.9,2,0.0,44.0,0,0,0.4,1.6,2,-13.0,"BTC 56%, SOL 43%, ETH 1%",False,True,False,False,False,True,True,False,0,0.0,0.0,
5MWFVJ…82G5,214,280,-0.38,12.9,-107.2,2,12.0,2.5,0,1,0.07,0.3,2,-53.6,"ETH 62%, SOL 23%, 1MBONK 9%",True,True,False,False,False,True,True,False,0,0.0,0.0,
5N1Acd…R1vW,194,605,-0.17,4.8,-101.2,2,98.5,0.0,0,0,0.0,0.1,1,-101.2,SOL 100%,True,True,False,False,False,False,True,False,0,0.0,0.0,
5NYW2B…7GpA,180,481,-0.22,13.7,-105.5,4,1.4,0.0,0,0,0.0,0.0,1,-105.5,"ETH 93%, BTC 6%, SOL 0%",True,True,False,False,False,True,True,False,0,0.0,0.0,
5NgzQk…w6tz,122,575,-0.15,30.4,-86.7,2,0.0,0.0,0,0,0.0,1.6,3,-28.9,"BTC 52%, SOL 39%, ETH 9%",True,True,False,False,False,True,True,False,0,0.0,0.0,
5NpjsN…jt3L,63,93,-0.22,1.1,-20.3,2,0.0,3.9,14,28,1.97,0.0,1,-20.3,SOL 100%,False,False,False,True,False,True,True,False,38,-7.8,-7.8,-0.2
5QFQem…vNGA,204,370,-0.19,18.1,-71.5,5,1.0,10.6,22,37,2.53,0.2,1,-71.5,"BTC 52%, SOL 42%, ETH 5%",True,True,False,True,False,True,True,False,111,-33.0,-33.0,-0.3
5Rb7n6…ZeAw,112,104,-0.44,10.6,-45.4,3,0.9,0.0,0,0,0.0,0.2,1,-45.4,"SOL 99%, BTC 1%",True,True,False,False,False,True,True,False,0,0.0,0.0,
5RuC8F…kZpH,193,185,0.0,20.0,0.7,3,100.0,0.0,0,0,0.0,0.3,1,0.7,SOL 100%,True,True,False,False,False,False,True,False,0,0.0,0.0,
5ShrDR…drYy,134,113,-0.07,5.3,-7.8,2,0.0,0.0,0,0,0.0,0.0,1,-7.8,"BTC 56%, SOL 44%",True,True,False,False,False,True,True,False,0,0.0,0.0,
5UWkW3…xFj2,176,1087,-0.17,33.5,-186.9,3,0.0,0.0,0,0,0.0,1.5,3,-62.3,"BTC 38%, ETH 36%, SOL 26%",True,True,False,False,False,True,True,False,0,0.0,0.0,
5XgfbW…qxDK,213,132,-0.09,22.0,-12.4,2,0.2,1.0,0,0,0.0,1.9,2,-6.2,"BTC 62%, ETH 27%, SOL 9%",True,True,False,False,False,True,True,False,8,3.0,1.5,0.38
5YzoM5…zfLw,174,133,-0.22,3.0,-28.7,2,0.0,0.0,0,0,0.0,0.0,1,-28.7,"ETH 86%, BTC 14%",True,True,False,False,False,True,True,False,0,0.0,0.0,
5ZUDiG…Dyfd,41,238,-0.32,28.6,-76.1,2,0.0,0.0,0,0,0.0,0.6,2,-38.0,"SOL 55%, BTC 45%",False,True,False,False,False,True,True,False,0,0.0,0.0,
5ZdZ7F…9HZ9,214,253,-0.18,36.4,-45.2,3,0.0,0.0,0,0,0.0,0.5,2,-22.6,"SOL 92%, ETH 5%, BTC 3%",True,True,False,False,False,True,True,False,0,0.0,0.0,
5a5TSn…Z42N,110,130,-0.43,30.0,-56.2,1,0.0,0.0,0,0,0.0,0.3,1,-56.2,"ASTER 60%, SOL 36%, 1MBONK 2%",True,True,False,False,False,True,True,False,4,-1.1,-1.1,-0.27
5aSQFZ…Mt2P,155,204,-0.45,23.0,-91.3,5,5.6,0.0,0,0,0.0,0.1,1,-91.3,SOL 100%,True,True,False,False,False,True,True,False,0,0.0,0.0,
5bNFXr…H7zr,174,207,-0.21,31.9,-42.7,3,5.1,0.0,0,0,0.0,0.6,1,-42.7,"ETH 92%, BTC 5%, SOL 3%",True,True,False,False,False,True,True,False,1,0.6,0.6,0.56
5btkW3…t5VP,204,226,-0.26,31.4,-59.4,4,0.1,0.0,0,0,0.0,0.8,2,-29.7,"SOL 85%, BTC 12%, DRIFT 1%",True,True,False,False,False,True,True,False,104,-24.1,-12.0,-0.23
5c986P…PZf1,121,174,0.36,70.7,61.8,0,51.0,15.4,0,0,0.5,2.2,1,61.8,SOL 100%,True,True,True,False,True,False,True,False,0,0.0,0.0,
5dZ7hf…9uPi,212,96,0.01,35.4,1.2,3,33.9,20.9,5,8,0.43,5.8,2,0.6,"SOL 58%, 1MBONK 19%, BTC 10%",True,False,True,True,True,True,True,False,113,1.5,0.8,0.01
5hFVqq…ze5z,161,133,-0.16,11.3,-21.5,1,0.0,0.0,0,0,0.0,0.0,1,-21.5,"SOL 95%, BTC 5%",True,True,False,False,False,True,True,False,0,0.0,0.0,
5jQ68r…UrTN,177,100,-0.29,47.0,-29.1,3,0.4,0.0,0,0,0.0,1.9,1,-29.1,"BTC 75%, ETH 22%, 1MPEPE 2%",True,True,False,False,False,True,True,False,0,0.0,0.0,
5kMvrk…Z7RL,64,57,0.14,71.9,8.0,1,0.2,3.7,4,8,0.53,0.9,1,8.0,SOL 100%,False,False,True,True,False,True,True,False,76,-13.4,-13.4,-0.18
5oFWqo…tzsR,214,208,0.04,50.5,9.3,1,1.0,0.0,0,0,0.0,1.0,1,9.3,"SOL 69%, BTC 23%, ETH 6%",True,True,True,False,False,True,True,False,0,0.0,0.0,
5pLWF7…J7kp,189,158,-0.22,13.3,-34.0,3,0.0,0.0,0,0,0.0,0.0,1,-34.0,"SOL 96%, BTC 3%, ARB 1%",True,True,False,False,False,True,True,False,0,0.0,0.0,
5pqCae…E8tV,86,228,-0.31,17.5,-70.0,3,0.0,2.8,0,1,0.3,0.1,1,-70.0,"SOL 93%, BTC 7%",False,True,False,False,False,True,True,False,0,0.0,0.0,
5s8NrA…SoCj,195,127,-0.05,30.7,-6.4,1,23.3,0.0,0,0,0.0,0.5,1,-6.4,"BTC 76%, SOL 20%, ETH 5%",True,True,False,False,False,True,True,False,0,0.0,0.0,
5t5rDY…FD3V,182,470,-0.22,29.4,-102.5,4,30.7,0.0,0,0,0.0,1.9,3,-34.2,"BTC 56%, ETH 24%, SOL 11%",True,True,False,False,False,True,True,False,1,-0.1,-0.0,-0.09
5tXyRe…3GYb,141,143,-0.22,12.6,-31.0,1,2.2,0.0,0,0,0.0,0.1,1,-31.0,"BTC 52%, ETH 48%",True,True,False,False,False,True,True,False,0,0.0,0.0,
5uF96f…u6nb,213,142,-0.32,19.7,-45.3,3,11.9,0.0,0,0,0.0,1.3,1,-45.3,"SOL 98%, BTC 2%",True,True,False,False,False,True,True,False,0,0.0,0.0,
5vcA6q…nk5f,178,120,-0.13,24.2,-15.9,3,29.4,3.2,0,2,0.07,0.2,1,-15.9,BTC 100%,True,True,False,False,False,True,True,False,7,24.5,24.5,3.5
5w6Gvr…kWod,119,325,-0.22,1.5,-72.5,1,0.0,0.0,0,0,0.0,0.0,1,-72.5,"SOL 99%, 1MBONK 0%, BTC 0%",True,True,False,False,False,True,True,False,0,0.0,0.0,
5wC8PQ…ovjH,198,75,-0.1,36.0,-7.5,2,22.4,0.0,0,0,0.0,1.0,1,-7.5,"SOL 95%, BTC 3%, ETH 3%",True,False,False,False,False,True,True,False,69,-13.5,-13.5,-0.2
62XzYd…9ssF,193,160,-0.09,44.4,-14.1,3,0.0,4.5,0,0,0.27,2.8,1,-14.1,"BTC 94%, SOL 6%",True,True,False,False,True,True,True,False,0,0.0,0.0,
64vqey…eqTj,178,124,-1.01,34.7,-125.8,6,34.4,2.2,0,1,0.3,16.8,2,-62.9,"SOL 51%, ETH 26%, BTC 23%",True,True,False,False,True,True,True,False,8,-8.9,-4.4,-1.11
67hfHM…j4ZN,214,135,0.11,52.6,14.7,2,5.3,0.0,0,0,0.0,1.5,3,4.9,"SOL 61%, ETH 20%, BTC 12%",True,True,True,False,False,True,True,False,0,0.0,0.0,
69uPzd…5Ew5,48,614,-0.25,16.0,-152.5,2,0.0,33.1,62,137,12.67,0.0,1,-152.5,SOL 100%,False,True,False,True,False,True,True,False,101,-20.3,-20.3,-0.2
6C4Fqn…QEnh,209,106,-0.59,40.6,-62.3,2,0.3,0.0,0,0,0.0,6.8,2,-31.2,"SOL 67%, ETH 17%, BTC 8%",True,True,False,False,True,True,True,False,26,40.1,20.0,1.54
6DXKr8…ncop,214,121,0.06,47.1,7.4,2,9.0,0.0,0,0,0.0,1.8,3,2.5,"SOL 81%, ETH 8%, 1MBONK 2%",True,True,True,False,False,True,True,False,0,0.0,0.0,
6E91zM…L1Dt,211,101,-0.01,44.6,-0.7,4,0.3,4.1,1,1,0.1,6.8,1,-0.7,"SOL 99%, 1MBONK 1%",True,True,False,False,True,True,True,False,21,-0.4,-0.4,-0.02
6EuPQi…BcCL,150,406,0.06,49.0,24.8,2,28.5,0.0,0,0,0.0,0.8,5,5.0,"SOL 45%, ETH 27%, BTC 22%",True,True,True,False,False,True,True,False,38,9.2,1.8,0.24
6FsbuE…aZCF,47,149,-0.26,33.6,-38.5,2,61.7,31.0,4,18,3.27,0.3,1,-38.5,"SOL 99%, BTC 1%",False,True,False,True,False,False,True,False,168,-43.0,-43.0,-0.26
6GfNhf…So54,148,233,-0.23,34.3,-54.3,1,0.0,0.0,0,0,0.0,1.5,3,-18.1,"ETH 36%, BTC 34%, SOL 30%",True,True,False,False,False,True,True,False,0,0.0,0.0,
6Gnbi7…C6xt,130,177,-0.2,17.5,-36.2,3,0.7,0.0,0,0,0.0,0.1,1,-36.2,"ETH 35%, DRIFT 31%, BTC 20%",True,True,False,False,False,True,True,False,0,0.0,0.0,
6J2spL…iCE1,126,194,-0.1,41.2,-19.9,4,0.0,6.2,4,14,1.27,1.7,2,-10.0,"BTC 76%, SOL 24%",True,True,False,True,False,True,True,False,81,-14.1,-7.0,-0.17
6KPvsZ…t6nq,144,119,-0.2,14.3,-23.3,1,0.0,0.0,0,0,0.0,0.0,1,-23.3,"SOL 97%, BTC 3%",True,True,False,False,False,True,True,False,0,0.0,0.0,
6KW9Tz…jHGf,113,125,-0.04,62.4,-4.5,3,19.0,18.5,0,0,0.07,0.5,1,-4.5,SOL 100%,True,True,False,False,False,True,True,False,0,0.0,0.0,
6L8CkQ…ovsu,68,261,-0.24,24.1,-63.9,2,95.6,0.0,0,0,0.0,0.2,7,-9.1,"SOL 46%, BTC 13%, ASTER 12%",False,True,False,False,False,False,True,False,0,0.0,0.0,
6M8FAJ…abFU,121,87,-0.33,40.2,-28.6,3,19.4,8.9,7,28,2.1,2.0,2,-14.3,"SOL 49%, BTC 25%, DRIFT 11%",True,False,False,True,True,True,True,False,23,-7.7,-3.8,-0.33
6MFUBh…1LVc,134,153,-0.2,3.9,-30.9,2,0.0,0.0,0,0,0.0,0.0,1,-30.9,"ETH 85%, BTC 15%",True,True,False,False,False,True,True,False,0,0.0,0.0,
6McRjT…b9p6,214,2749,-0.19,10.5,-531.1,5,47.4,232.1,0,13,0.7,0.1,1,-531.1,ETH 100%,True,True,False,False,False,False,True,False,0,0.0,0.0,
6NfcDm…6CiM,118,584,-0.15,29.8,-87.5,2,0.0,0.0,0,0,0.0,1.5,2,-43.8,"BTC 57%, SOL 41%, ETH 2%",True,True,False,False,False,True,True,False,0,0.0,0.0,
6Q3jqX…upSD,203,105,0.02,41.0,2.5,3,23.9,0.0,0,0,0.0,1.2,1,2.5,"SOL 92%, BTC 7%, ETH 1%",True,True,True,False,False,True,True,False,3,-14.0,-14.0,-4.68
6RDh8o…8vkZ,54,323,-0.25,14.9,-80.8,1,0.0,1.0,0,0,0.03,0.3,1,-80.8,SOL 100%,False,True,False,False,False,True,True,False,0,0.0,0.0,
6RMcsb…3jur,17,25,-0.02,52.0,-0.5,1,17.7,28.1,6,20,0.83,12.9,1,-0.5,SOL 100%,False,False,False,True,True,True,True,False,123,-11.0,-11.0,-0.09
6RywYR…RiRV,131,4839,-0.14,5.9,-670.6,4,7.7,3.5,0,1,0.03,0.0,2,-335.3,"BTC 61%, SOL 26%, DRIFT 10%",True,True,False,False,False,True,True,False,0,0.0,0.0,
6SYzcs…1eBD,34,147,-0.2,24.5,-29.6,2,2.7,17.3,40,73,4.67,0.2,1,-29.6,"SOL 69%, BTC 31%",False,True,False,True,False,True,True,False,107,-24.2,-24.2,-0.23
6WoaPj…UNPR,191,219,-0.45,27.4,-99.3,5,0.7,16.4,13,18,1.03,1.4,1,-99.3,"SOL 97%, BTC 3%",True,True,False,True,False,True,True,False,35,-20.3,-20.3,-0.58
6Yh7YB…omT2,44,29,-0.23,0.0,-6.6,2,0.0,3.0,5,11,0.8,0.0,1,-6.6,SOL 100%,False,False,False,True,False,True,True,False,74,-16.8,-16.8,-0.23
6Ysfab…QHJR,77,167,-0.61,6.6,-102.2,3,57.8,4.4,0,2,0.53,0.0,4,-25.6,"SOL 51%, BTC 40%, ASTER 2%",False,True,False,False,False,False,True,False,52,-47.7,-11.9,-0.92
6Z1VFG…Gdgp,71,96,-0.24,5.2,-23.2,3,51.6,4.8,0,2,0.47,0.0,1,-23.2,"SOL 61%, BTC 29%, APT 3%",False,False,False,False,False,False,True,False,12,-3.2,-3.2,-0.27
6Z21Kx…RLRc,192,187,-0.08,26.2,-15.3,2,54.4,0.0,0,0,0.0,0.2,1,-15.3,"ETH 66%, SOL 30%, BTC 4%",True,True,False,False,False,False,True,False,0,0.0,0.0,
6Zyh9W…rSd3,214,100,-0.31,44.0,-31.3,4,2.0,0.0,0,0,0.0,7.5,2,-15.6,"ETH 59%, BTC 37%, 1MBONK 3%",True,True,False,False,True,True,True,False,0,0.0,0.0,
6b6q8f…446x,213,157,-0.14,38.9,-22.7,4,3.6,7.3,0,1,1.07,1.1,1,-22.7,SOL 100%,True,True,False,False,False,True,True,False,11,-6.7,-6.7,-0.61
6bkoG3…ZD3W,147,184,0.03,48.4,5.8,2,4.2,37.4,4,10,0.47,6.7,7,0.8,"SOL 35%, APT 24%, ARB 11%",True,True,True,True,True,True,True,True,35,-16.5,-2.4,-0.47
6cT2P9…ez9p,140,350,-0.28,15.7,-98.8,2,43.0,0.0,0,0,0.0,0.3,1,-98.8,"ETH 98%, BTC 2%, SOL 1%",True,True,False,False,False,True,True,False,0,0.0,0.0,
6f2Qid…fWeJ,104,114,-0.35,12.3,-40.0,1,0.5,0.0,0,0,0.0,0.3,1,-40.0,"SOL 95%, BTC 4%, ADA 2%",True,True,False,False,False,True,True,False,0,0.0,0.0,
6hjdxi…kP54,54,17,0.74,58.8,12.6,0,43.7,16.8,0,0,0.43,4.8,1,12.6,SOL 100%,False,False,True,False,True,True,True,False,92,-62.8,-62.8,-0.68
6jWY1N…PnY5,173,322,-0.17,5.9,-55.4,4,0.0,0.0,0,0,0.0,0.1,1,-55.4,BTC 100%,True,True,False,False,False,True,True,False,0,0.0,0.0,
6mZ7c7…oSAN,213,236,0.65,65.7,152.8,0,0.0,151.2,0,1,0.57,4.3,4,38.2,"ASTER 40%, DRIFT 32%, BTC 14%",True,True,True,False,True,False,True,False,0,0.0,0.0,
6mshjt…Xbp5,170,836,-0.18,19.3,-146.4,2,2.4,0.0,0,0,0.0,0.1,1,-146.4,"ETH 90%, SOL 7%, BTC 3%",True,True,False,False,False,True,True,False,0,0.0,0.0,
6nsKmn…JpPW,147,120,-0.19,12.5,-22.3,2,0.0,0.0,0,0,0.0,0.3,1,-22.3,"BTC 95%, SOL 3%, ETH 2%",True,True,False,False,False,True,True,False,0,0.0,0.0,
6ogond…D184,31,50,-0.34,10.0,-16.8,1,52.3,6.2,5,14,1.57,0.0,2,-8.4,"SOL 62%, BTC 16%, ARB 6%",False,False,False,True,False,False,True,False,67,-17.2,-8.6,-0.26
6qA6Wn…nR8s,157,1303,-0.05,29.1,-63.8,4,20.9,71.2,6,20,2.07,0.1,1,-63.8,"1MBONK 100%, FARTCOIN 0%, WIF 0%",True,True,False,True,False,True,True,False,407,-29.1,-29.1,-0.07
6rdkkR…2L9k,214,216,0.22,34.7,47.0,2,39.1,32.0,0,9,2.07,1.2,3,15.7,"SOL 67%, BTC 21%, ETH 4%",True,True,True,False,False,True,True,False,55,-22.8,-7.6,-0.41
6tCJWF…Y2pR,70,416,-0.21,18.3,-86.3,1,42.3,0.0,0,0,0.0,0.1,2,-43.2,"BTC 45%, ADA 37%, DRIFT 14%",False,True,False,False,False,True,True,False,0,0.0,0.0,
6tDfLS…63C5,147,371,-0.23,2.7,-85.6,2,0.0,0.0,0,0,0.0,0.0,1,-85.6,"SOL 92%, BTC 5%, ETH 2%",True,True,False,False,False,True,True,False,0,0.0,0.0,
6tS8BR…NorM,197,209,-0.09,58.4,-18.2,3,7.7,2.6,4,7,0.53,0.7,1,-18.2,SOL 100%,True,True,False,True,False,True,True,False,76,-14.0,-14.0,-0.18
6uiq3G…eeAh,214,105,-0.43,27.6,-44.7,6,8.8,5.8,0,0,0.2,9.1,2,-22.4,"BTC 85%, SOL 10%, ADA 4%",True,True,False,False,True,True,True,False,0,0.0,0.0,
6wFjjB…RVNX,153,448,-0.08,9.6,-35.3,4,53.6,9.4,0,11,1.33,0.0,3,-11.8,"SOL 55%, BTC 27%, ETH 11%",True,True,False,False,False,False,True,False,160,-34.8,-11.6,-0.22
6wgRR6…JEhN,103,43,0.91,83.7,39.1,0,0.0,4.9,0,0,0.07,13.7,2,19.6,"BTC 51%, SOL 35%, HYPE 12%",True,False,True,False,True,True,True,False,61,-14.0,-7.0,-0.23
6xKiEc…xvdC,62,342,-0.37,35.1,-126.7,3,0.0,36.0,0,0,3.47,3.0,3,-42.2,"BTC 54%, SOL 45%, ETH 1%",False,True,False,False,False,True,True,False,0,0.0,0.0,
6yCUBJ…qsZi,175,192,-0.27,51.0,-51.4,4,1.0,2.4,4,7,0.5,1.3,1,-51.4,SOL 100%,True,True,False,True,False,True,True,False,60,12.9,12.9,0.21
6yP1QY…n4e6,186,188,-0.22,59.6,-42.1,4,2.6,2.7,4,7,0.53,1.6,1,-42.1,SOL 100%,True,True,False,True,False,True,True,False,60,15.6,15.6,0.26
6yYjPY…N8LX,194,161,-0.16,29.8,-25.8,2,0.5,0.0,0,0,0.0,4.6,2,-12.9,"BTC 51%, ETH 40%, 1MPEPE 4%",True,True,False,False,True,True,True,False,0,0.0,0.0,
6ykaL5…nFJe,49,87,0.56,72.4,49.0,0,26.7,9.4,21,35,1.87,3.3,1,49.0,SOL 100%,False,False,True,True,True,True,True,False,37,-3.4,-3.4,-0.09
6yssYK…yCpm,202,145,-0.28,7.6,-40.5,5,28.6,25.3,8,11,1.0,0.6,1,-40.5,"SOL 81%, BTC 14%, ETH 4%",True,True,False,True,False,True,True,False,4,-2.3,-2.3,-0.58
7185Th…tiKz,173,150,-0.35,44.7,-52.7,2,1.0,0.0,0,0,0.0,1.6,3,-17.6,"SOL 39%, ETH 31%, BTC 28%",True,True,False,False,False,True,True,False,0,0.0,0.0,
766Lvi…ZFYT,52,110,-0.22,22.7,-24.0,2,40.4,38.9,41,61,2.23,0.7,1,-24.0,"SOL 86%, HYPE 12%, BTC 2%",False,True,False,True,False,True,True,False,318,-109.5,-109.5,-0.34
78Rxjt…851Q,161,143,-0.22,3.5,-31.3,5,11.4,0.0,0,0,0.0,0.0,1,-31.3,BTC 100%,True,True,False,False,False,True,True,False,8,-0.8,-0.8,-0.1
79ECxt…MKVD,211,187,-0.55,11.8,-103.3,3,0.0,0.0,0,0,0.0,1.2,3,-34.4,"ETH 53%, SOL 23%, BTC 12%",True,True,False,False,False,True,True,False,0,0.0,0.0,
7CHS3C…nNZa,205,680,-0.16,15.7,-110.9,2,2.6,0.0,0,0,0.0,0.1,2,-55.4,"BTC 42%, ETH 31%, SOL 27%",True,True,False,False,False,True,True,False,0,0.0,0.0,
7CdrnR…86wa,174,111,0.09,52.3,10.4,2,15.4,0.0,0,0,0.0,11.5,2,5.2,"SOL 68%, ETH 23%, BTC 9%",True,True,True,False,True,True,True,False,0,0.0,0.0,
7ET5e3…KEoX,213,143,2.38,37.8,339.7,1,11.4,9.9,0,0,0.0,0.1,5,67.9,"ADA 79%, CLOUD 9%, KMNO 6%",True,True,True,False,False,True,True,False,0,0.0,0.0,
7Etpv8…Ydki,165,106,-0.27,19.8,-29.1,2,0.0,0.0,0,0,0.0,0.6,1,-29.1,"SOL 75%, ETH 25%",True,True,False,False,False,True,True,False,104,-4.6,-4.6,-0.04
7GhwA4…zT1N,167,263,0.32,57.0,83.0,0,0.1,7.1,8,10,0.33,1.6,3,27.7,"BTC 41%, SOL 36%, ETH 21%",True,True,True,True,False,True,True,False,68,17.9,6.0,0.26
7HACki…bNX2,124,130,-0.22,28.5,-28.8,2,0.0,0.0,0,0,0.0,1.5,3,-9.6,"ETH 41%, BTC 36%, SOL 23%",True,True,False,False,False,True,True,False,0,0.0,0.0,
7JrxMm…WREd,149,120,-0.19,5.8,-22.4,1,0.0,0.0,0,0,0.0,0.0,1,-22.4,"SOL 60%, ETH 39%, BTC 1%",True,True,False,False,False,True,True,False,0,0.0,0.0,
7KARyo…NVjW,214,324,-0.25,4.0,-82.2,6,55.9,2.0,0,0,0.07,0.0,2,-41.1,"SOL 55%, BTC 25%, ETH 19%",True,True,False,False,False,False,True,False,2,-0.5,-0.2,-0.26
7KesVX…oD6o,213,112,-0.28,16.1,-31.1,3,0.0,0.0,0,0,0.0,1.5,2,-15.6,"BTC 53%, ETH 37%, 1MPEPE 4%",True,True,False,False,False,True,True,False,0,0.0,0.0,
7LYJSm…DoEY,85,133,-0.12,36.1,-15.4,2,37.6,0.0,0,0,0.0,1.5,3,-5.1,"SOL 65%, BTC 30%, 1MBONK 2%",False,True,False,False,False,True,True,False,0,0.0,0.0,
7LonnW…srTk,180,453,-0.27,32.2,-124.2,6,8.7,9.9,14,21,2.57,0.3,1,-124.2,"SOL 100%, 1MBONK 0%",True,True,False,True,False,True,True,False,44,-12.2,-12.2,-0.28
7M2VU1…GZyF,212,110,-0.31,43.6,-34.5,3,33.4,0.0,0,0,0.0,6.8,4,-8.6,"SOL 68%, BTC 22%, ETH 4%",True,True,False,False,True,True,True,False,0,0.0,0.0,
7NTfYv…dVNE,105,134,-0.24,5.2,-31.6,1,99.9,0.0,0,0,0.0,0.0,2,-15.8,"HYPE 52%, SUI 48%",True,True,False,False,False,False,True,False,0,0.0,0.0,
7PM7gy…p8YM,149,113,-0.22,6.2,-24.6,1,0.3,0.0,0,0,0.0,0.1,1,-24.6,"BTC 89%, ETH 11%",True,True,False,False,False,True,True,False,0,0.0,0.0,
7SWsfC…zNci,28,106,-0.23,34.0,-24.5,1,1.8,48.4,0,0,3.53,0.2,1,-24.5,"SOL 94%, BTC 6%",False,True,False,False,False,True,True,False,0,0.0,0.0,
7SvB2L…HQcx,210,207,-0.06,68.1,-13.2,2,2.1,0.0,0,0,0.0,3.3,3,-4.4,"SOL 52%, BTC 28%, ETH 13%",True,True,False,False,True,True,True,False,6,-18.5,-6.2,-3.09
7TgWM7…pgNk,167,280,-0.22,25.4,-60.3,5,3.5,4.9,0,0,0.13,0.4,2,-30.2,"SOL 52%, BTC 40%, ETH 5%",True,True,False,False,False,True,True,False,0,0.0,0.0,
7UTj7v…g6wA,213,37,0.19,45.9,7.1,3,0.0,5.7,0,1,0.13,8.3,1,7.1,"SOL 95%, ETH 5%",True,False,True,False,True,True,True,False,68,-3.2,-3.2,-0.05
7VNf98…jQoR,191,1171,-0.35,5.3,-406.1,6,0.1,175.9,26,107,3.83,0.4,2,-203.0,"SOL 66%, BTC 19%, ETH 14%",True,True,False,True,False,False,True,False,456,-153.9,-77.0,-0.34
7WZDcE…7pda,126,227,-0.09,40.1,-20.6,4,28.7,4.0,3,5,0.5,0.4,1,-20.6,"SOL 100%, ADA 0%",True,True,False,True,False,True,True,False,21,-30.9,-30.9,-1.47
7WjDkJ…Zhqy,214,267,-0.19,25.5,-50.0,4,0.7,0.0,0,0,0.0,1.4,2,-25.0,"BTC 99%, DRIFT 1%, ETH 1%",True,True,False,False,False,True,True,False,0,0.0,0.0,
7WzY6g…jtKV,87,101,-0.29,12.9,-29.6,3,0.3,3.4,0,0,0.23,0.0,1,-29.6,"SOL 90%, BTC 10%",False,True,False,False,False,True,True,False,3,0.3,0.3,0.11
7XYmMX…Nvzn,46,79,0.24,11.4,18.6,1,56.9,6.9,0,8,1.2,0.0,2,9.3,"SOL 48%, BTC 22%, HYPE 13%",False,False,True,False,False,False,True,False,60,-15.1,-7.6,-0.25
7YAhFC…cKFE,188,226,-0.22,9.3,-48.8,3,0.0,0.0,0,0,0.0,0.1,1,-48.8,"BTC 98%, ETH 2%, SOL 0%",True,True,False,False,False,True,True,False,0,0.0,0.0,
7YjpFG…rM3A,179,170,-0.12,36.5,-21.1,2,19.3,0.0,0,0,0.0,0.4,2,-10.6,"SOL 94%, BTC 5%, ETH 1%",True,True,False,False,False,True,True,False,0,0.0,0.0,
7YvRH3…szwh,166,135,-0.16,16.3,-21.6,3,0.0,0.0,0,0,0.0,0.1,1,-21.6,"ETH 59%, BTC 27%, SOL 15%",True,True,False,False,False,True,True,False,0,0.0,0.0,
7Zh52c…7298,41,123,-0.13,28.5,-15.6,1,24.9,105.6,0,1,1.53,0.8,2,-7.8,"SOL 64%, BTC 34%, DRIFT 2%",False,True,False,False,False,True,True,False,52,-32.5,-16.2,-0.62
7bZq1w…zXcj,149,267,-0.23,34.1,-62.6,1,0.0,0.0,0,0,0.0,1.5,3,-20.9,"ETH 36%, BTC 35%, SOL 29%",True,True,False,False,False,True,True,False,0,0.0,0.0,
7bd6fi…NjGD,150,143,-0.13,39.9,-18.5,2,28.8,0.0,0,0,0.0,0.8,2,-9.2,"SOL 69%, BTC 23%, ETH 8%",True,True,False,False,False,True,True,False,0,0.0,0.0,
7bhY5q…hqUe,148,197,-0.27,8.1,-53.0,2,0.0,0.0,0,0,0.0,0.0,1,-53.0,"ETH 65%, BTC 32%, SOL 2%",True,True,False,False,False,True,True,False,0,0.0,0.0,
7bvrqF…nfzY,206,336,-0.23,4.5,-77.5,4,6.7,0.0,0,0,0.0,0.0,1,-77.5,"BTC 93%, ETH 7%",True,True,False,False,False,True,True,False,0,0.0,0.0,
7eXJHJ…z6Dc,160,66,0.38,45.5,25.3,1,49.6,7.5,0,0,0.13,9.3,1,25.3,"SOL 97%, BTC 3%",True,False,True,False,True,True,True,False,40,-11.5,-11.5,-0.29
7gU3GF…oXkZ,1,9,-0.24,22.2,-2.2,1,0.7,31.0,9,9,0.3,0.2,1,-2.2,SOL 100%,False,False,False,True,False,True,True,False,114,-64.4,-64.4,-0.56
7gXb2U…seB9,190,215,-0.2,44.2,-42.5,4,1.0,10.4,4,20,2.1,2.0,1,-42.5,"SOL 99%, BTC 1%, 1MBONK 0%",True,True,False,True,True,True,True,False,171,-75.4,-75.4,-0.44
7h41D2…vtKc,213,115,-0.21,13.9,-24.5,3,0.3,1.0,0,0,0.03,0.1,2,-12.2,"SOL 82%, ETH 10%, BTC 8%",True,True,False,False,False,True,True,False,0,0.0,0.0,
7i876h…jDnz,212,211,-0.06,38.4,-12.8,3,7.0,10.0,0,0,0.2,3.4,2,-6.4,"SOL 53%, BTC 41%, ETH 6%",True,True,False,False,True,True,True,False,0,0.0,0.0,
7jV1cb…Lwcz,192,331,-0.28,38.7,-93.4,5,1.5,0.0,0,0,0.0,1.5,3,-31.1,"SOL 45%, BTC 36%, ETH 15%",True,True,False,False,False,True,True,False,0,0.0,0.0,
7khdaL…qeiU,153,202,-0.27,21.3,-54.2,4,9.5,20.3,0,0,0.03,2.1,1,-54.2,"SOL 100%, POPCAT 0%",True,True,False,False,True,True,True,False,0,0.0,0.0,
7knHQ7…bK2G,213,103,-0.25,33.0,-25.6,4,0.0,10.3,8,17,1.97,1.3,1,-25.6,SOL 100%,True,True,False,True,False,True,True,False,9,-7.0,-7.0,-0.78
7o8qpH…qi3b,116,2593,-0.23,1.2,-593.4,1,0.0,0.0,0,0,0.0,0.0,5,-118.7,"BTC 40%, SOL 39%, APT 11%",True,True,False,False,False,True,True,False,0,0.0,0.0,
7oBgn8…jhW8,214,873,-0.13,29.9,-115.8,4,62.1,1108.6,21,36,3.43,0.7,1,-115.8,"SOL 99%, HYPE 1%",True,True,False,True,False,False,True,False,270,-76.9,-76.9,-0.28
7ogzun…55zL,66,160,-0.22,19.4,-36.0,2,0.0,27.5,0,20,3.33,0.3,1,-36.0,"BTC 61%, SOL 39%",False,True,False,False,False,True,True,False,142,-16.9,-16.9,-0.12
7p7xxw…Re8Q,164,146,-0.27,42.5,-39.6,3,38.2,0.0,0,0,0.0,5.3,4,-9.9,"SOL 58%, BTC 30%, ETH 5%",True,True,False,False,True,True,True,False,3,0.4,0.1,0.13
7px6tg…iT9k,208,177,-0.21,40.7,-36.8,2,0.7,0.0,0,0,0.0,1.5,2,-18.4,"ETH 75%, SOL 25%, AVAX 1%",True,True,False,False,False,True,True,False,0,0.0,0.0,
7roNes…f9bQ,202,109,0.74,57.8,81.0,2,86.3,13.3,12,18,0.7,15.6,5,16.2,"SOL 61%, BTC 13%, 1MBONK 10%",True,True,True,True,True,False,True,False,180,-39.9,-8.0,-0.22
7sxTZ2…PzBf,150,219,-0.08,33.8,-16.7,2,7.4,0.0,0,0,0.0,0.1,1,-16.7,"ETH 95%, BTC 3%, SOL 2%",True,True,False,False,False,True,True,False,0,0.0,0.0,
7uMWp2…Q6MK,56,91,0.14,37.4,12.5,0,1.8,4.0,7,9,0.43,3.7,2,6.2,"SOL 78%, BTC 15%, 1MBONK 7%",False,False,True,True,True,True,True,False,79,-23.4,-11.7,-0.3
7uRSwQ…SxT4,50,77,-0.22,50.6,-16.7,2,24.4,8.1,11,23,1.23,0.1,1,-16.7,SOL 100%,False,False,False,True,False,True,True,False,136,-28.6,-28.6,-0.21
7uwWqF…btib,209,672,-0.13,35.1,-89.5,3,14.2,30.0,4,21,6.17,0.4,1,-89.5,SOL 100%,True,True,False,True,False,True,True,False,202,-45.8,-45.8,-0.23
7v81fZ…HKMq,205,132,-0.08,37.9,-11.1,3,0.3,0.0,0,0,0.0,7.4,4,-2.8,"ETH 42%, SOL 29%, AVAX 10%",True,True,False,False,True,True,True,False,0,0.0,0.0,
7wpUvQ…bt7m,165,410,-0.24,13.4,-99.8,2,0.4,0.0,0,0,0.0,0.1,1,-99.8,ETH 100%,True,True,False,False,False,True,True,False,0,0.0,0.0,
7ys3hd…AX1f,10,34,0.55,88.2,18.8,0,3.4,27.8,20,34,1.13,11.6,3,6.3,"SOL 41%, 1MPEPE 41%, BTC 18%",False,False,True,True,True,True,True,False,1591,256.8,85.6,0.16
7zBWz9…JCGK,197,218,-0.23,22.0,-49.4,4,0.0,6.8,2,9,0.6,0.6,1,-49.4,BTC 100%,True,True,False,True,False,True,True,False,27,-0.1,-0.1,-0.0
7zpSAP…uMPF,205,153,-0.26,17.0,-40.0,5,13.0,0.0,0,0,0.0,0.7,1,-40.0,"BTC 92%, ETH 8%",True,True,False,False,False,True,True,False,0,0.0,0.0,
82dFdU…qDrT,102,144,-0.21,34.0,-30.3,3,0.7,19.4,6,6,3.43,0.4,1,-30.3,SOL 100%,True,True,False,True,False,True,True,False,61,-32.5,-32.5,-0.53
84DrDp…G14D,105,54,-0.5,38.9,-26.8,3,1.6,6.4,5,8,0.27,4.1,1,-26.8,"BTC 85%, SOL 11%, DRIFT 2%",True,False,False,True,True,True,True,False,69,5.6,5.6,0.08
84MWaY…6h32,3,2,0.1,50.0,0.2,0,9.3,7.0,2,2,0.07,1.1,1,0.2,BTC 100%,False,False,True,False,False,True,True,False,165,-57.2,-57.2,-0.35
86L6sH…so3L,213,121,-0.56,35.5,-67.3,5,32.3,0.0,0,0,0.0,1.5,2,-33.6,"SOL 40%, ETH 35%, BTC 24%",True,True,False,False,False,True,True,False,0,0.0,0.0,
86cQne…wabd,210,131,-0.77,32.1,-100.6,6,18.0,5.1,0,0,0.1,9.8,2,-50.3,"SOL 65%, BTC 34%, 1MBONK 2%",True,True,False,False,True,True,True,False,2,-1.6,-0.8,-0.78
8ATsGf…sjvv,120,125,0.63,52.8,78.9,1,40.3,8.5,10,35,1.6,2.0,3,26.3,"SOL 51%, BTC 26%, AVAX 9%",True,True,True,True,True,True,True,True,99,-27.6,-9.2,-0.28
8Agqs4…XE4y,100,313,-0.41,21.1,-128.2,4,84.5,7.8,0,0,0.4,0.2,1,-128.2,"SOL 98%, DRIFT 1%, BNB 0%",True,True,False,False,False,False,True,False,4,-3.2,-3.2,-0.79
8AoQFk…o6pc,72,10,-0.32,10.0,-3.2,2,23.1,9.0,0,0,0.3,0.1,1,-3.2,SOL 100%,False,False,False,False,False,True,True,False,154,-25.0,-25.0,-0.16
8DDmXA…s1b2,191,143,-0.24,29.4,-34.3,3,15.2,0.0,0,0,0.0,1.3,2,-17.2,"SOL 87%, BTC 12%, ETH 1%",True,True,False,False,False,True,True,False,0,0.0,0.0,
8Dk6am…ttLZ,164,839,-0.29,16.8,-244.2,5,0.0,24.3,0,23,3.73,0.1,5,-48.8,"SOL 41%, ARB 19%, APT 17%",True,True,False,False,False,True,True,False,13,-5.9,-1.2,-0.45
8EYJwy…bACL,209,507,-0.23,7.5,-118.7,2,37.0,0.0,0,0,0.0,0.0,1,-118.7,"SOL 98%, ETH 2%, BTC 1%",True,True,False,False,False,True,True,False,0,0.0,0.0,
8GHMUv…a4q2,201,160,-0.42,30.6,-67.8,5,0.0,0.0,0,0,0.0,6.3,3,-22.6,"SOL 47%, BTC 32%, ETH 21%",True,True,False,False,True,True,True,False,0,0.0,0.0,
8HCaUm…gNpL,214,494,0.14,49.4,70.6,0,55.7,30.2,6,16,1.83,0.3,1,70.6,"SOL 62%, ETH 25%, BTC 13%",True,True,True,True,False,False,True,False,244,23.2,23.2,0.09
8KrM4u…HQS4,184,100,-0.22,36.0,-21.7,2,0.2,0.0,0,0,0.0,2.9,1,-21.7,"BTC 91%, ETH 5%, SOL 3%",True,True,False,False,True,True,True,False,0,0.0,0.0,
8NHWb8…KHH4,152,122,-0.22,7.4,-26.6,2,6.1,0.0,0,0,0.0,0.1,1,-26.6,"BTC 87%, ETH 11%, SOL 2%",True,True,False,False,False,True,True,False,0,0.0,0.0,
8P5iJ4…aBRM,106,1819,-0.22,13.5,-405.5,4,0.1,279.3,0,0,22.73,0.1,2,-202.8,"SOL 69%, BTC 31%, ETH 0%",True,True,False,False,False,False,True,False,0,0.0,0.0,
8PtrYv…ksXm,29,30,-0.42,20.0,-12.6,1,2.5,14.1,0,0,1.0,0.6,1,-12.6,SOL 100%,False,False,False,False,False,True,True,False,127,-17.7,-17.7,-0.14
8RBN8R…6yke,126,5538,-0.16,20.7,-912.8,5,46.9,507.5,88,262,40.1,0.1,1,-912.8,SOL 100%,True,True,False,True,False,False,True,False,5636,-992.0,-992.0,-0.18
8Sg3ed…EZA6,208,157,-0.24,28.7,-37.0,4,34.3,0.0,0,0,0.0,1.7,1,-37.0,"BTC 72%, SOL 25%, ETH 3%",True,True,False,False,False,True,True,False,4,5.6,5.6,1.4
8ShSpr…X5GE,115,112,-0.16,33.0,-18.1,2,4.8,0.0,0,0,0.0,0.6,1,-18.1,SOL 100%,True,True,False,False,False,True,True,False,0,0.0,0.0,
8SuyUn…Jkrh,81,104,-0.15,39.4,-15.2,1,35.7,9.3,6,18,1.1,6.4,3,-5.1,"SOL 74%, BTC 15%, ASTER 4%",False,True,False,True,True,True,True,False,22,-5.1,-1.7,-0.23
8SyrqQ…GvMS,214,1316,-0.32,7.8,-424.3,6,0.1,163.6,1,146,5.0,0.1,2,-212.2,"SOL 94%, BTC 5%, ADA 1%",True,True,False,True,False,False,True,False,246,-94.0,-47.0,-0.38
8U8WyN…u2GM,212,64,0.04,39.1,2.3,2,3.7,1.0,0,0,0.0,42.9,3,0.8,"SOL 28%, 1MPEPE 28%, 1MBONK 23%",True,False,True,False,True,True,True,False,105,-73.5,-24.5,-0.7
8UJ3z5…dD6E,190,151,-0.21,27.2,-32.3,4,0.0,2.5,0,2,0.27,2.1,1,-32.3,SOL 100%,True,True,False,False,True,True,True,False,20,-11.6,-11.6,-0.58
8UhYd4…uZNY,163,559,-0.11,29.5,-60.1,4,18.9,3.0,0,0,0.03,0.1,1,-60.1,"SOL 99%, BTC 1%, ASTER 0%",True,True,False,False,False,True,True,False,2,0.9,0.9,0.45
8VB5zp…XK3L,58,51,-1.51,25.5,-77.0,2,0.2,23.9,6,19,1.63,6.1,3,-25.7,"SOL 41%, WIF 33%, 1MBONK 20%",False,False,False,True,True,True,True,False,183,-103.7,-34.6,-0.57
8Wh9G2…cNWS,119,252,-0.22,0.0,-54.5,2,0.0,0.0,0,0,0.0,0.0,1,-54.5,"BTC 99%, ETH 0%, SOL 0%",True,True,False,False,False,True,True,False,0,0.0,0.0,
8XvABW…gzTe,209,83,0.19,26.5,16.0,1,0.2,4.6,1,9,0.87,10.0,1,16.0,"SOL 92%, BTC 7%, AVAX 1%",True,False,True,True,True,True,True,False,32,-12.9,-12.9,-0.4
8XyxvV…T5r6,88,133,-0.2,0.8,-26.7,1,0.0,0.0,0,0,0.0,0.0,1,-26.7,"BTC 98%, ETH 2%",False,True,False,False,False,True,True,False,0,0.0,0.0,
8YZfh7…BgU5,210,348,-0.25,34.5,-86.5,4,39.6,0.0,0,0,0.0,0.6,2,-43.2,"SOL 74%, ETH 23%, BTC 3%",True,True,False,False,False,True,True,False,1,-28.7,-14.4,-28.68
8Yqbqa…f4ir,160,629,-0.16,7.8,-101.0,4,0.0,0.0,0,0,0.0,0.1,1,-101.0,BTC 100%,True,True,False,False,False,True,True,False,0,0.0,0.0,
8Z1MZT…Es6f,96,107,-0.31,15.0,-33.4,2,0.0,0.0,0,0,0.0,0.3,1,-33.4,"BTC 91%, SOL 9%",True,True,False,False,False,True,True,False,1,-1.5,-1.5,-1.52
8aBXMB…oTak,160,156,-0.21,12.8,-32.6,3,13.8,0.0,0,0,0.0,0.1,1,-32.6,"BTC 67%, ETH 32%, SOL 1%",True,True,False,False,False,True,True,False,0,0.0,0.0,
8aSZUu…kyXC,172,180,-0.19,5.6,-34.6,1,2.7,0.0,0,0,0.0,0.1,1,-34.6,"BTC 99%, ETH 1%",True,True,False,False,False,True,True,False,0,0.0,0.0,
8adU4k…niaq,128,102,-0.34,27.5,-34.2,3,0.0,0.0,0,0,0.0,3.0,1,-34.2,BTC 100%,True,True,False,False,True,True,True,False,0,0.0,0.0,
8bUhfR…QUud,158,166,-0.29,31.9,-47.6,4,0.0,0.0,0,0,0.0,3.6,1,-47.6,"BTC 99%, SOL 1%",True,True,False,False,True,True,True,False,0,0.0,0.0,
8dLVtm…b5RN,119,219,-0.33,23.3,-72.7,2,0.0,0.0,0,0,0.0,0.5,1,-72.7,AVAX 100%,True,True,False,False,False,True,True,False,0,0.0,0.0,
8e3h67…UcTX,120,2042,-0.14,23.3,-276.6,4,0.0,259.8,56,174,17.6,0.2,1,-276.6,SOL 100%,True,True,False,True,False,False,True,False,74,-12.0,-12.0,-0.16
8ewHU1…vWwq,187,157,-0.22,52.9,-34.9,3,7.8,0.0,0,0,0.0,0.9,1,-34.9,SOL 100%,True,True,False,False,False,True,True,False,0,0.0,0.0,
8kbWjT…pCps,39,33,-0.19,24.2,-6.2,2,63.5,5.9,6,7,0.43,0.4,1,-6.2,"SOL 61%, BTC 39%",False,False,False,True,False,False,True,False,108,-30.0,-30.0,-0.28
8mVdnw…EFwm,150,139,-0.15,18.0,-20.9,2,0.0,0.0,0,0,0.0,0.1,2,-10.4,"SOL 87%, BTC 12%, ETH 1%",True,True,False,False,False,True,True,False,0,0.0,0.0,
8nNjL6…dW4s,122,76,1.1,50.0,83.5,1,67.7,2.2,1,1,0.07,6.2,3,27.8,"ADA 97%, TNSR 1%, IP 1%",True,False,True,False,True,False,True,False,30,-1.5,-0.5,-0.05
8qXnP6…1hAi,168,143,-0.1,38.5,-14.3,2,27.6,0.0,0,0,0.0,0.4,1,-14.3,SOL 100%,True,True,False,False,False,True,True,False,0,0.0,0.0,
8rLJNk…WssH,116,132,-0.05,25.0,-6.6,1,18.9,0.0,0,0,0.0,1.4,2,-3.3,"BTC 83%, SOL 11%, 1MBONK 7%",True,True,False,False,False,True,True,False,0,0.0,0.0,
8rodW5…GcMr,205,85,-0.17,44.7,-14.0,2,7.4,0.0,0,0,0.0,4.9,1,-14.0,"SOL 95%, BTC 5%",True,False,False,False,True,True,True,False,58,-81.1,-81.1,-1.4
8tsVme…U3dT,107,444,-0.18,27.7,-81.0,2,0.0,0.0,0,0,0.0,2.0,2,-40.5,"BTC 60%, SOL 40%",True,True,False,False,True,True,True,False,0,0.0,0.0,
8utFnG…7Msx,211,130,-0.28,26.2,-37.0,3,16.7,0.0,0,0,0.0,0.8,1,-37.0,"SOL 97%, ARB 2%, BTC 2%",True,True,False,False,False,True,True,False,0,0.0,0.0,
8v6P5t…LDyz,96,105,0.11,59.0,11.5,1,5.8,0.0,0,0,0.0,1.9,1,11.5,SOL 100%,True,True,True,False,False,True,True,False,0,0.0,0.0,
8v7po2…k1Wy,149,269,-0.24,35.3,-64.7,4,2.2,22.7,5,10,1.3,1.7,3,-21.6,"BTC 54%, SOL 36%, ETH 9%",True,True,False,True,False,True,True,False,43,-6.0,-2.0,-0.14
8vDFe8…nZhQ,37,80,-0.05,65.0,-4.1,1,0.0,10.5,3,10,1.83,1.5,1,-4.1,SOL 100%,False,False,False,True,False,True,True,False,202,-39.0,-39.0,-0.19
8vvXVW…vJmV,193,153,-0.52,21.6,-80.1,6,17.2,4.2,0,2,0.63,5.9,2,-40.0,"BTC 50%, SOL 14%, AVAX 11%",True,True,False,False,True,True,True,False,11,-31.6,-15.8,-2.87
8wASAV…GYhp,189,138,-0.23,25.4,-32.3,3,0.5,0.0,0,0,0.0,0.1,1,-32.3,"SOL 99%, ETH 1%",True,True,False,False,False,True,True,False,0,0.0,0.0,
8wToY3…oaJE,214,387,-0.32,22.7,-122.6,5,7.4,7.5,1,6,0.37,0.4,2,-61.3,"BTC 82%, SOL 16%, ETH 2%",True,True,False,True,False,True,True,False,38,-4.1,-2.0,-0.11
8y9DBn…3qN7,26,84,-0.31,27.4,-26.1,1,99.7,12.1,18,41,2.8,0.9,1,-26.1,BTC 100%,False,False,False,True,False,False,True,False,210,-59.9,-59.9,-0.29
8yPuuQ…QNMh,214,201,0.0,21.9,0.2,3,0.0,9.7,0,0,0.2,1.7,1,0.2,"BTC 97%, ETH 1%, 1MBONK 1%",True,True,False,False,False,True,True,False,1,-1.2,-1.2,-1.24
8zAZvH…HvF7,187,295,-0.44,25.8,-130.3,5,0.4,5.3,0,0,0.13,0.3,1,-130.3,"SOL 79%, BTC 12%, ETH 8%",True,True,False,False,False,True,True,False,2,-2.5,-2.5,-1.23
8zZepg…eM42,212,388,-0.38,2.1,-145.8,5,46.9,11.7,0,0,1.3,0.0,2,-72.9,"SOL 66%, BTC 28%, ADA 2%",True,True,False,False,False,True,True,False,236,-94.8,-47.4,-0.4
8ztFUC…vkh8,91,106,-0.33,4.7,-34.7,2,0.0,0.0,0,0,0.0,0.2,3,-11.6,"BTC 59%, SOL 37%, ETH 3%",True,True,False,False,False,True,True,False,0,0.0,0.0,
92oLAb…8mFL,82,179,-0.28,33.5,-49.3,3,2.7,29.0,0,17,2.63,0.6,3,-16.4,"SOL 63%, HYPE 32%, BTC 3%",False,True,False,False,False,True,True,False,113,-15.5,-5.2,-0.14
934e6f…N8g8,10,97,0.34,87.6,32.6,0,0.2,96.8,68,97,3.23,2.4,3,10.9,"HYPE 44%, SOL 33%, BTC 23%",False,False,True,True,False,True,True,False,359,203.9,68.0,0.57
93EafG…vfnn,207,215,-0.18,33.0,-39.7,4,34.1,5.9,3,3,0.53,0.6,1,-39.7,"SOL 99%, ETH 1%",True,True,False,False,False,True,True,False,59,-13.2,-13.2,-0.22
96S8ZG…Cxje,118,596,-0.22,28.2,-130.4,2,0.0,0.0,0,0,0.0,1.6,2,-65.2,"BTC 54%, SOL 42%, ETH 4%",True,True,False,False,False,True,True,False,0,0.0,0.0,
97hCJ7…reEU,183,362,-0.23,17.1,-85.0,1,1.2,0.0,0,0,0.0,0.1,1,-85.0,SOL 100%,True,True,False,False,False,True,True,False,0,0.0,0.0,
97mDJ3…HLqA,56,962,-0.22,1.7,-214.6,1,0.0,1.3,0,0,0.07,0.0,1,-214.6,SOL 100%,False,True,False,False,False,True,True,False,0,0.0,0.0,
98tpby…Gox8,66,108,-0.39,24.1,-42.6,3,62.1,68.0,16,16,0.53,0.3,1,-42.6,"SOL 97%, BTC 3%",False,True,False,True,False,False,True,False,286,-78.3,-78.3,-0.27
99sqsX…tkPe,173,128,-0.47,41.4,-60.1,5,0.0,0.0,0,0,0.0,2.5,1,-60.1,"SOL 97%, 1MBONK 3%",True,True,False,False,True,True,True,False,0,0.0,0.0,
9AnjgN…QwKy,214,160,-0.13,35.0,-20.3,4,17.1,3.0,1,1,0.1,5.2,2,-10.2,"BTC 91%, 1MBONK 4%, ETH 2%",True,True,False,False,True,True,True,False,139,-53.8,-26.9,-0.39
9CrQJp…XoWn,108,105,-0.13,10.5,-13.9,3,0.0,0.0,0,0,0.0,0.1,1,-13.9,"SOL 56%, BTC 44%",True,True,False,False,False,True,True,False,0,0.0,0.0,
9DdZu7…UJMV,213,203,-0.41,9.9,-83.1,5,53.4,0.0,0,0,0.0,0.0,3,-27.7,"SOL 40%, BTC 28%, ETH 25%",True,True,False,False,False,False,True,False,0,0.0,0.0,
9E8idX…tHCj,167,551,-0.21,0.4,-118.4,4,0.4,0.0,0,0,0.0,0.0,1,-118.4,"BTC 97%, ETH 2%, SOL 1%",True,True,False,False,False,True,True,False,0,0.0,0.0,
9EDyUK…arvA,29,138,-0.12,34.8,-16.8,1,7.6,21.5,18,58,4.6,0.6,2,-8.4,"BTC 68%, SOL 32%",False,True,False,True,False,True,True,False,42,-24.3,-12.2,-0.58
9ErDma…2weo,106,114,-0.2,0.9,-23.2,2,17.3,0.0,0,0,0.0,0.0,1,-23.2,"BTC 98%, ETH 2%",True,True,False,False,False,True,True,False,0,0.0,0.0,
9GKJ9H…KQBD,79,139,-0.21,26.6,-29.9,1,0.3,0.0,0,0,0.0,1.1,3,-10.0,"BTC 44%, SOL 27%, AVAX 22%",False,True,False,False,False,True,True,False,0,0.0,0.0,
9H3bck…5a4b,214,106,-0.19,17.0,-20.4,5,5.0,7.8,0,9,0.33,0.1,1,-20.4,"SOL 78%, BTC 22%",True,True,False,False,False,True,True,False,17,1.0,1.0,0.06
9HFd4F…aKn7,167,767,-0.22,2.1,-167.0,2,0.0,0.0,0,0,0.0,0.0,1,-167.0,"BTC 85%, ETH 15%",True,True,False,False,False,True,True,False,0,0.0,0.0,
9Kx8R8…JKVs,122,103,-0.16,33.0,-16.6,3,1.2,9.4,6,24,2.13,0.5,2,-8.3,"SOL 71%, BTC 26%, ETH 2%",True,True,False,True,False,True,True,False,32,-38.3,-19.2,-1.2
9Qyibg…xyrv,178,194,-0.21,52.6,-41.1,4,1.3,2.4,4,7,0.5,1.3,1,-41.1,SOL 100%,True,True,False,True,False,True,True,False,60,12.8,12.8,0.21
9SPRwo…hAPA,152,265,-0.21,1.1,-55.7,1,0.2,0.0,0,0,0.0,0.0,1,-55.7,"ETH 96%, SOL 4%",True,True,False,False,False,True,True,False,1,-0.2,-0.2,-0.23
9TKcdY…VfZJ,170,124,0.05,37.9,6.2,2,8.8,29.2,4,24,1.73,0.6,1,6.2,"SOL 76%, BTC 13%, ETH 5%",True,True,True,True,False,True,True,False,101,-20.0,-20.0,-0.2
9TMwbs…ho7F,214,290,-0.4,14.8,-115.9,1,0.1,0.0,0,0,0.0,0.8,4,-29.0,"ETH 55%, SOL 24%, BTC 15%",True,True,False,False,False,True,True,False,0,0.0,0.0,
9TrETi…99zt,43,57,0.07,73.7,3.9,1,38.9,8.4,9,15,1.4,1.2,1,3.9,SOL 100%,False,False,True,True,False,True,True,False,272,-19.0,-19.0,-0.07
9W6LoL…Wugd,85,450,-0.17,21.8,-76.9,3,0.0,153.9,8,16,2.47,0.3,1,-76.9,BTC 100%,False,True,False,True,False,False,True,False,20,-3.6,-3.6,-0.18
9WD5R4…TygA,214,119,-0.14,31.1,-16.1,2,43.3,0.0,0,0,0.0,3.2,2,-8.0,"SOL 62%, BTC 32%, ETH 6%",True,True,False,False,True,True,True,False,0,0.0,0.0,
9WpkSH…URBP,204,2719,-0.25,1.3,-668.6,3,52.3,26.2,0,0,0.0,0.0,2,-334.3,"SOL 52%, ETH 28%, BTC 19%",True,True,False,False,False,False,True,False,34,-34.7,-17.4,-1.02
9WzYCr…HYfM,155,109,-0.17,27.5,-18.3,1,22.1,0.0,0,0,0.0,0.2,1,-18.3,"ETH 78%, SOL 17%, ASTER 3%",True,True,False,False,False,True,True,False,0,0.0,0.0,
9Xyi9r…uYiU,153,106,-0.23,10.4,-23.9,1,12.3,0.0,0,0,0.0,0.0,1,-23.9,"ETH 96%, BTC 4%",True,True,False,False,False,True,True,False,0,0.0,0.0,
9XzpHa…U4Am,214,1063,-0.29,18.7,-311.2,6,2.6,108.4,46,86,10.87,0.8,3,-103.7,"SOL 58%, BTC 40%, HYPE 1%",True,True,False,True,False,True,True,False,406,-147.2,-49.1,-0.36
9YFHvp…vSgo,126,121,-0.14,15.7,-16.8,1,0.0,0.0,0,0,0.0,0.3,1,-16.8,"BTC 92%, SOL 7%, DRIFT 1%",True,True,False,False,False,True,True,False,0,0.0,0.0,
9a7iDH…QJ34,214,110,-0.42,5.5,-46.4,4,33.1,0.0,0,0,0.0,0.0,1,-46.4,"SOL 58%, BTC 22%, ETH 10%",True,True,False,False,False,True,True,False,0,0.0,0.0,
9bRzjx…WKHD,211,216,-0.08,30.6,-18.3,3,2.3,0.0,0,0,0.0,1.1,2,-9.2,"SOL 39%, BTC 31%, ETH 30%",True,True,False,False,False,True,True,False,0,0.0,0.0,
9cDdRK…2KWe,157,380,0.16,42.9,62.5,3,55.7,55.3,4,6,0.27,1.1,2,31.2,"AVAX 96%, DOGE 3%, JTO 0%",True,True,True,True,False,False,True,False,49,5.8,2.9,0.12
9cH8Yt…TXhv,153,444,-0.23,5.0,-102.5,2,7.7,0.0,0,0,0.0,0.1,1,-102.5,"BTC 75%, ETH 21%, SOL 4%",True,True,False,False,False,True,True,False,0,0.0,0.0,
9d12Vk…ewUH,32,128,-0.24,0.8,-31.3,2,50.0,12.7,9,47,3.8,0.0,1,-31.3,SOL 100%,False,True,False,True,False,True,True,False,2752,-900.0,-900.0,-0.33
9evjxD…Hkj1,56,146,-0.21,4.8,-30.8,1,20.6,0.0,0,0,0.0,0.0,1,-30.8,SOL 100%,False,True,False,False,False,True,True,False,0,0.0,0.0,
9hsaHW…TWAM,193,216,-0.02,25.9,-4.5,4,100.0,0.0,0,0,0.0,0.3,1,-4.5,SOL 100%,True,True,False,False,False,False,True,False,0,0.0,0.0,
9jUrPn…8VVR,192,173,-0.2,6.4,-35.0,2,0.0,0.0,0,0,0.0,0.1,1,-35.0,"BTC 90%, ETH 9%, SOL 2%",True,True,False,False,False,True,True,False,0,0.0,0.0,
9k7K2p…H6Z6,19,52,-0.21,28.8,-11.1,1,26.1,24.0,0,11,1.73,0.2,1,-11.1,SOL 100%,False,False,False,False,False,True,True,False,322,-78.0,-78.0,-0.24
9kmmL6…oBUT,119,526,-0.2,6.7,-106.3,2,13.0,0.0,0,0,0.0,0.0,1,-106.3,BTC 100%,True,True,False,False,False,True,True,False,0,0.0,0.0,
9mrygZ…5iak,182,136,-0.33,25.7,-45.5,3,2.4,0.0,0,0,0.0,0.4,1,-45.5,"SOL 71%, BTC 15%, ETH 12%",True,True,False,False,False,True,True,False,0,0.0,0.0,
9pTNeL…mnaw,209,153,-0.49,28.1,-74.7,6,0.6,13.7,0,1,0.37,1.9,2,-37.4,"SOL 85%, ETH 8%, BTC 4%",True,True,False,False,False,True,True,False,38,-54.7,-27.4,-1.44
9rFNxW…gwEy,118,538,-0.21,26.6,-113.6,2,0.0,0.0,0,0,0.0,1.5,3,-37.9,"BTC 57%, SOL 39%, ETH 4%",True,True,False,False,False,True,True,False,0,0.0,0.0,
9tgyeN…99Rs,154,200,0.07,42.5,14.1,2,35.9,5.8,5,10,0.63,4.9,5,2.8,"SOL 72%, BTC 18%, ETH 4%",True,True,True,True,True,True,True,True,20,-0.9,-0.2,-0.05
9tuzPk…uGFF,187,442,-0.22,3.4,-96.6,4,4.7,0.0,0,0,0.0,0.0,1,-96.6,BTC 100%,True,True,False,False,False,True,True,False,0,0.0,0.0,
9vUjeK…dd81,145,189,-0.22,12.7,-41.2,2,8.6,0.0,0,0,0.0,0.1,1,-41.2,"BTC 52%, ETH 47%, SOL 1%",True,True,False,False,False,True,True,False,0,0.0,0.0,
9xGyGe…cngA,214,136,-0.15,25.7,-20.0,4,32.2,6.7,0,0,0.0,0.2,1,-20.0,"ETH 98%, SOL 2%",True,True,False,False,False,True,True,False,1,0.0,0.0,0.03
9xatFR…nK7R,76,258,-0.29,12.0,-75.9,1,0.0,0.0,0,0,0.0,0.0,2,-38.0,"SOL 92%, BTC 8%",False,True,False,False,False,True,True,False,52,-19.3,-9.6,-0.37
9xni1d…oYTd,24,342,-0.22,10.2,-76.6,1,5.4,114.5,23,23,11.4,0.0,1,-76.6,"SOL 93%, BTC 6%, WIF 0%",False,True,False,True,False,True,True,False,33,-3.9,-3.9,-0.12
A22xTk…XvKQ,207,404,-0.16,25.0,-63.6,3,65.1,5.6,1,1,0.03,0.5,3,-21.2,"SOL 67%, 1MBONK 26%, ASTER 2%",True,True,False,False,False,False,True,False,35,14.7,4.9,0.42
A2iR5C…TB7W,89,184,0.0,63.6,0.1,1,15.0,13.3,20,29,1.2,0.8,2,0.0,"SOL 91%, BTC 8%, ETH 1%",False,True,False,True,False,True,True,False,84,-24.3,-12.2,-0.29
A2z2Lw…JiCd,184,198,-0.16,13.1,-31.2,3,0.1,0.0,0,0,0.0,0.1,2,-15.6,"BTC 58%, ETH 30%, SOL 11%",True,True,False,False,False,True,True,False,0,0.0,0.0,
A3UmoZ…69rf,39,165,-0.22,19.4,-35.7,2,1.0,59.8,0,3,3.43,0.1,1,-35.7,SOL 100%,False,True,False,False,False,True,True,False,41,-11.3,-11.3,-0.28
A3ubJH…4vz7,143,140,-0.22,20.7,-31.3,3,22.4,13.5,0,7,1.07,0.5,1,-31.3,"SOL 87%, BTC 6%, 1MBONK 3%",True,True,False,False,False,True,True,False,0,0.0,0.0,
A4qWVL…FzNE,150,194,-0.22,5.7,-43.1,2,20.4,0.0,0,0,0.0,0.1,1,-43.1,"ETH 54%, BTC 45%, SOL 1%",True,True,False,False,False,True,True,False,0,0.0,0.0,
A5JS4T…784R,142,1135,-0.15,9.9,-170.5,2,0.0,2.6,0,0,0.0,0.0,1,-170.5,ETH 100%,True,True,False,False,False,True,True,False,0,0.0,0.0,
A82FwP…5Fu2,20,70,-0.17,41.4,-12.0,1,9.3,42.0,0,1,2.33,0.3,1,-12.0,"SOL 99%, BTC 1%",False,False,False,False,False,True,True,False,105,-34.7,-34.7,-0.33
A9PFAK…gQcn,162,214,0.4,82.2,85.8,1,53.1,23.5,3,17,1.2,1.6,1,85.8,SOL 100%,True,True,True,True,False,False,True,False,51,41.6,41.6,0.82
AAZvTa…rHYG,186,290,-0.21,8.3,-60.9,2,0.0,0.0,0,0,0.0,0.2,1,-60.9,"BTC 70%, ETH 30%",True,True,False,False,False,True,True,False,0,0.0,0.0,
ACNm8W…udcU,95,100,-0.22,12.0,-21.8,1,90.4,0.0,0,0,0.0,0.1,1,-21.8,"SOL 93%, BTC 7%",True,True,False,False,False,False,True,False,0,0.0,0.0,
AD2aEu…1ZjX,183,239,-0.2,15.5,-46.7,4,0.3,0.0,0,0,0.0,0.1,2,-23.4,"BTC 77%, ETH 19%, SOL 5%",True,True,False,False,False,True,True,False,0,0.0,0.0,
AEfa7d…Fh3p,110,98,-0.3,23.5,-29.2,3,0.0,14.3,0,19,0.67,0.5,1,-29.2,SOL 100%,True,False,False,False,False,True,True,False,42,-13.9,-13.9,-0.33
AH4aTe…UGng,146,275,-0.24,2.5,-64.7,3,0.0,0.0,0,0,0.0,0.1,1,-64.7,"BTC 100%, SOL 0%",True,True,False,False,False,True,True,False,0,0.0,0.0,
AHgbUg…rHv8,209,109,0.26,46.8,28.6,3,0.2,3.0,0,0,0.03,2.7,2,14.3,"SOL 39%, BTC 37%, ETH 18%",True,True,True,False,True,True,True,False,0,0.0,0.0,
AJaaAi…1fYL,135,112,-0.23,7.1,-26.0,4,8.8,7.0,16,16,0.53,0.0,1,-26.0,"SOL 95%, BTC 3%, 1MBONK 2%",True,True,False,True,False,True,True,False,266,-86.1,-86.1,-0.32
AJbN2m…TgAb,119,371,-0.21,0.8,-76.3,1,0.0,0.0,0,0,0.0,0.0,1,-76.3,BTC 100%,True,True,False,False,False,True,True,False,0,0.0,0.0,
AL1cWt…Noxm,169,162,0.32,73.5,52.2,0,24.1,0.0,0,0,0.0,2.2,2,26.1,"ETH 70%, 1MBONK 12%, BTC 9%",True,True,True,False,True,True,True,False,0,0.0,0.0,
ALC8KK…1U1C,163,304,-0.2,14.1,-61.9,3,0.1,0.0,0,0,0.0,0.1,1,-61.9,"ETH 80%, BTC 17%, SOL 3%",True,True,False,False,False,True,True,False,1,-0.2,-0.2,-0.24
ALToa1…R9iP,168,152,-0.16,7.9,-23.8,5,32.8,0.0,0,0,0.0,0.1,1,-23.8,"BTC 97%, SOL 1%, ETH 1%",True,True,False,False,False,True,True,False,0,0.0,0.0,
AMJ56P…aoy2,16,23,-0.35,8.7,-8.1,1,0.6,21.2,14,16,0.77,3.2,2,-4.0,"BTC 52%, SOL 43%, ETH 4%",False,False,False,True,True,True,True,False,86,-29.3,-14.6,-0.34
AMwNVX…bDst,44,926,-0.15,24.5,-143.3,2,0.0,123.8,109,160,17.97,0.1,2,-71.6,"SOL 64%, BTC 36%",False,True,False,True,False,True,True,False,120,-5.2,-2.6,-0.04
AP4G9B…9p8J,214,827,-0.25,23.1,-207.4,2,20.9,0.0,0,0,0.0,0.3,2,-103.7,"SOL 73%, ETH 20%, BTC 7%",True,True,False,False,False,True,True,False,0,0.0,0.0,
AQ4w4V…jYWh,214,46,-0.62,19.6,-28.7,3,2.3,5.9,18,32,1.27,2.6,2,-14.4,"SOL 74%, BTC 26%",True,False,False,True,True,True,True,False,215,-60.1,-30.0,-0.28
AQDmT6…AeVG,210,290,-0.21,12.4,-59.8,3,1.0,0.0,0,0,0.0,0.0,1,-59.8,"ETH 90%, SOL 6%, DRIFT 3%",True,True,False,False,False,True,True,False,31,-18.3,-18.3,-0.59
AQj9jR…gXTH,214,260,-0.48,19.2,-125.0,5,1.0,9.0,0,0,0.03,0.8,1,-125.0,"ETH 81%, SOL 19%",True,True,False,False,False,True,True,False,34,-29.0,-29.0,-0.85
ASQUhH…jc3Y,174,369,-0.16,39.8,-60.8,4,29.9,0.0,0,0,0.0,1.9,1,-60.8,SOL 100%,True,True,False,False,False,True,True,False,0,0.0,0.0,
ASTcXX…X2JL,10,7,0.23,71.4,1.6,0,23.3,7.0,4,7,0.23,2.0,1,1.6,BTC 100%,False,False,True,True,True,True,True,False,113,-29.1,-29.1,-0.26
AU2JF2…W22a,97,697,-0.23,2.2,-163.8,4,51.6,15.5,3,21,3.17,0.0,1,-163.8,BTC 100%,True,True,False,True,False,False,True,False,279,-58.6,-58.6,-0.21
AUay3z…MgJ3,124,156,-0.17,31.4,-25.9,2,0.0,0.0,0,0,0.0,1.0,3,-8.6,"BTC 37%, ETH 37%, SOL 26%",True,True,False,False,False,True,True,False,0,0.0,0.0,
AYgMtF…fbdF,193,114,0.38,69.3,43.8,1,20.1,4.1,3,7,0.57,15.5,3,14.6,"SOL 41%, ETH 23%, BTC 18%",True,True,True,True,True,True,True,True,8,2.2,0.7,0.28
AZxxss…6SxT,87,102,-0.64,20.6,-65.2,3,0.0,15.0,0,13,0.43,0.5,1,-65.2,"DRIFT 63%, APT 37%",False,True,False,False,False,True,True,False,0,0.0,0.0,
AaXnME…51X3,65,70,0.91,70.0,63.8,0,62.8,31.5,8,15,0.93,11.1,2,31.9,"SOL 84%, BTC 13%, ETH 1%",False,False,True,True,True,False,True,False,48,24.8,12.4,0.52
Aaj5yY…t8Pu,213,160,-0.05,62.5,-8.1,3,1.1,0.0,0,0,0.0,1.4,1,-8.1,SOL 100%,True,True,False,False,False,True,True,False,0,0.0,0.0,
Aapzm6…2xUa,213,254,-0.29,20.1,-73.2,4,0.3,0.0,0,0,0.0,1.1,3,-24.4,"BTC 40%, SOL 36%, ETH 21%",True,True,False,False,False,True,True,False,0,0.0,0.0,
AbrezR…Ypuw,183,489,-0.19,14.5,-93.4,3,0.1,0.0,0,0,0.0,0.0,1,-93.4,"SOL 83%, ETH 12%, BTC 5%",True,True,False,False,False,True,True,False,0,0.0,0.0,
Ac2qCL…Yame,18,316,-0.24,2.8,-75.0,1,1.2,126.4,0,98,10.53,0.0,1,-75.0,SOL 100%,False,True,False,False,False,True,True,False,581,-228.3,-228.3,-0.39
Ae38Ta…um9W,125,176,-0.21,31.8,-36.4,2,1.1,0.0,0,0,0.0,1.0,1,-36.4,"SOL 98%, BTC 1%, JUP 1%",True,True,False,False,False,True,True,False,0,0.0,0.0,
AeJQ2D…ZXKD,180,142,-0.21,0.0,-29.9,1,0.0,0.0,0,0,0.0,0.0,1,-29.9,BTC 100%,True,True,False,False,False,True,True,False,0,0.0,0.0,
Af8Yzo…rGSu,188,149,-0.11,31.5,-16.1,4,3.2,8.1,9,19,0.77,0.2,2,-8.0,"AVAX 28%, ETH 24%, SOL 18%",True,True,False,True,False,True,True,False,93,-15.1,-7.6,-0.16
AgDkra…u5Co,128,221,-0.13,30.3,-29.7,3,29.9,67.3,39,81,5.1,0.8,1,-29.7,"SOL 99%, 1MBONK 0%, BTC 0%",True,True,False,True,False,True,True,False,14,-5.6,-5.6,-0.4
AgPKBY…ys2U,109,732,-0.29,8.1,-211.4,3,83.3,0.0,0,0,0.0,0.0,3,-70.5,"SOL 57%, BTC 30%, ASTER 2%",True,True,False,False,False,False,True,False,0,0.0,0.0,
AgaCF1…jrcV,165,171,-0.06,28.7,-9.5,3,0.0,9.1,8,8,0.27,0.1,2,-4.8,"ETH 56%, BTC 35%, SOL 8%",True,True,False,True,False,True,True,False,62,13.1,6.6,0.21
AgzkPd…tP4n,164,202,-0.21,8.4,-41.6,3,0.0,0.0,0,0,0.0,0.0,1,-41.6,"ETH 92%, BTC 8%",True,True,False,False,False,True,True,False,0,0.0,0.0,
AhT1gH…bSGM,160,161,-0.15,2.5,-24.6,1,0.0,0.0,0,0,0.0,0.0,1,-24.6,ETH 100%,True,True,False,False,False,True,True,False,0,0.0,0.0,
AhnnEu…1Nty,171,534,-0.26,11.8,-138.5,2,26.1,0.0,0,0,0.0,0.0,1,-138.5,ETH 100%,True,True,False,False,False,True,True,False,0,0.0,0.0,
AjLCkT…FNrJ,212,141,-0.38,24.1,-53.0,3,43.8,28.8,3,21,3.47,1.1,3,-17.7,"SOL 74%, BTC 20%, ETH 2%",True,True,False,True,False,True,True,False,129,51.7,17.2,0.4
Am8KSa…Vp1X,212,377,-0.25,38.5,-95.9,5,88.5,28.2,17,37,3.2,9.0,7,-13.7,"SOL 39%, ADA 21%, AVAX 18%",True,True,False,True,False,False,True,False,229,-125.9,-18.0,-0.55
Ambpa6…sLeo,152,203,-0.25,52.7,-50.4,5,0.0,7.6,4,10,1.63,2.2,1,-50.4,SOL 100%,True,True,False,True,True,True,True,False,85,-48.7,-48.7,-0.57
AnFfHk…xE1v,0,1,-0.56,0.0,-0.6,1,8.8,4.0,1,1,0.03,0.5,1,-0.6,SOL 100%,False,False,False,False,False,True,True,False,106,-29.0,-29.0,-0.27
AoQcDL…GDwc,102,238,-0.21,3.4,-49.6,3,0.0,0.0,0,0,0.0,0.0,1,-49.6,"BTC 100%, SOL 0%",True,True,False,False,False,True,True,False,7,-1.6,-1.6,-0.24
Aobhpc…iCsY,184,114,-0.24,27.2,-27.9,5,1.4,5.0,3,4,0.27,0.5,2,-14.0,"ETH 62%, BTC 30%, SOL 8%",True,True,False,True,False,True,True,False,2,-1.4,-0.7,-0.71
Aok2f2…F7td,184,142,0.06,47.9,8.1,3,14.1,1.0,0,0,0.0,2.9,3,2.7,"SOL 69%, AVAX 20%, BTC 9%",True,True,True,False,True,True,True,False,12,41.4,13.8,3.45
AphaCq…M43a,211,104,-0.04,51.9,-3.9,3,10.8,4.9,0,0,0.37,1.7,1,-3.9,"SOL 76%, BTC 24%",True,True,False,False,False,True,True,False,64,-33.7,-33.7,-0.53
Atxp7v…HWvP,93,165,-0.2,0.6,-33.6,3,88.8,28.0,0,0,0.17,0.0,1,-33.6,"BTC 98%, SOL 2%",True,True,False,False,False,False,True,False,2,0.1,0.1,0.07
AuQVc1…kncK,110,210,-0.26,45.7,-55.6,4,19.3,4.2,0,0,0.4,1.2,1,-55.6,"SOL 93%, BTC 6%, DRIFT 0%",True,True,False,False,False,True,True,False,26,-15.8,-15.8,-0.61
Axnkch…qLsn,213,347,-0.21,11.0,-72.9,3,0.6,2.5,0,0,0.0,0.1,1,-72.9,"BTC 86%, ETH 14%, ADA 0%",True,True,False,False,False,True,True,False,5,-9.7,-9.7,-1.94
AyPLok…YMLc,93,210,-0.25,8.1,-52.8,2,0.5,0.0,0,0,0.0,0.2,2,-26.4,"BTC 61%, SOL 39%, ADA 0%",True,True,False,False,False,True,True,False,0,0.0,0.0,
B2UJDV…UjP2,113,172,-0.24,1.2,-41.2,3,28.8,76.5,78,102,3.4,0.0,2,-20.6,"BTC 66%, SOL 33%, ETH 1%",True,True,False,True,False,True,True,False,60,-20.7,-10.4,-0.34
B4gFaq…Sp3G,124,539,-0.23,5.4,-124.5,2,0.0,0.0,0,0,0.0,0.0,1,-124.5,SOL 100%,True,True,False,False,False,True,True,False,0,0.0,0.0,
B4nHY8…9swj,88,175,-0.19,12.6,-33.0,1,0.0,0.0,0,0,0.0,0.1,2,-16.5,"SOL 79%, BTC 21%",False,True,False,False,False,True,True,False,0,0.0,0.0,
B56JMe…4tv1,167,105,-0.18,22.9,-18.8,2,0.0,0.0,0,0,0.0,0.1,1,-18.8,"SOL 98%, BTC 2%",True,True,False,False,False,True,True,False,0,0.0,0.0,
B5gLuP…kfLM,166,113,-0.06,30.1,-7.0,2,19.8,0.0,0,0,0.0,0.1,1,-7.0,SOL 100%,True,True,False,False,False,True,True,False,0,0.0,0.0,
B7NTsL…STED,175,121,0.19,48.8,23.1,2,0.2,0.0,0,0,0.0,4.6,1,23.1,"SOL 77%, ETH 23%",True,True,True,False,True,True,True,False,1,-4.9,-4.9,-4.88
BBtHbP…wBb7,44,281,-0.24,0.0,-68.7,1,0.0,0.0,0,0,0.0,0.0,1,-68.7,SOL 100%,False,True,False,False,False,True,True,False,0,0.0,0.0,
BCnfVH…MR2a,36,79,-0.08,34.2,-6.0,2,15.3,8.2,16,32,2.23,1.2,1,-6.0,BTC 100%,False,False,False,True,False,True,True,False,291,-80.7,-80.7,-0.28
BEAdLb…fPuB,211,195,-0.33,14.9,-63.9,2,3.6,0.0,0,0,0.0,0.6,1,-63.9,"SOL 96%, BTC 4%",True,True,False,False,False,True,True,False,0,0.0,0.0,
BLzLce…JVoN,214,681,-0.06,14.7,-39.5,3,8.7,0.0,0,0,0.0,0.0,4,-9.9,"ETH 53%, BTC 17%, 1MBONK 13%",True,True,False,False,False,True,True,False,0,0.0,0.0,
BMwxeq…BaVd,146,1794,-0.29,19.8,-521.4,5,6.4,134.9,17,162,18.47,0.2,2,-260.7,"SOL 76%, BTC 13%, ETH 9%",True,True,False,True,False,True,True,False,532,-156.3,-78.2,-0.29
BMyoXj…AnuW,47,266,-0.18,25.6,-48.3,1,4.3,19.5,11,27,7.47,0.6,1,-48.3,SOL 100%,False,True,False,True,False,True,True,False,553,-152.6,-152.6,-0.28
BNrEvv…Td3e,76,75,-0.09,58.7,-6.6,2,0.7,9.0,0,0,0.3,0.9,1,-6.6,"BTC 76%, SOL 21%, 1MBONK 1%",False,False,False,False,False,True,True,False,139,-25.7,-25.7,-0.19
BNyTkS…uJi9,124,225,-0.21,0.4,-46.9,2,0.2,0.0,0,0,0.0,0.0,1,-46.9,"ETH 99%, BTC 1%",True,True,False,False,False,True,True,False,0,0.0,0.0,
BPRVpW…BC9T,100,140,0.05,37.1,7.7,1,60.5,46.5,39,79,3.93,0.4,1,7.7,SOL 100%,True,True,True,True,False,False,True,False,476,91.4,91.4,0.19
BSYTCn…mFQ4,214,214,-0.43,9.3,-92.5,4,0.0,25.4,4,7,0.3,1.3,1,-92.5,SOL 100%,True,True,False,True,False,True,True,False,50,-25.8,-25.8,-0.52
BUEuCY…XTxL,197,447,-0.21,40.0,-92.8,3,4.4,52.6,13,76,6.47,0.4,1,-92.8,"SOL 98%, BTC 1%, 1MPEPE 0%",True,True,False,True,False,True,True,False,6,-1.1,-1.1,-0.19
BURSbA…oi9j,137,960,-0.19,15.5,-182.0,3,3.6,0.0,0,0,0.0,0.0,1,-182.0,SOL 100%,True,True,False,False,False,True,True,False,0,0.0,0.0,
BUUzaE…bdEv,191,147,-0.07,32.7,-10.5,3,83.5,5.3,6,17,0.7,0.2,1,-10.5,"ETH 54%, SOL 29%, BTC 17%",True,True,False,True,False,False,True,False,119,-13.4,-13.4,-0.11
BUcWEa…4CeX,186,35,-0.36,28.6,-12.7,2,2.6,13.3,0,0,0.37,29.7,4,-3.2,"SOL 34%, BTC 31%, APT 20%",True,False,False,False,True,True,True,False,93,-53.7,-13.4,-0.58
BVmYR4…Bykw,209,325,-0.2,9.8,-64.7,5,1.3,0.0,0,0,0.0,0.2,1,-64.7,BTC 100%,True,True,False,False,False,True,True,False,0,0.0,0.0,
BWH6EF…dRka,208,233,-0.19,2.6,-43.3,1,1.1,0.0,0,0,0.0,0.2,1,-43.3,"BTC 70%, ETH 30%",True,True,False,False,False,True,True,False,0,0.0,0.0,
BWqKrf…yMz5,68,104,-0.26,1.0,-26.9,1,0.0,0.0,0,0,0.0,0.0,1,-26.9,SOL 100%,False,True,False,False,False,True,True,False,0,0.0,0.0,
BX64jx…C3hZ,214,236,-0.21,16.1,-49.9,4,0.6,3.0,0,0,0.0,0.4,1,-49.9,"SOL 55%, BTC 45%, ETH 0%",True,True,False,False,False,True,True,False,0,0.0,0.0,
BXTgyA…Qb6b,56,459,-0.28,16.8,-130.1,2,0.0,2.2,0,0,0.1,0.2,1,-130.1,"SOL 95%, BTC 3%, APT 2%",False,True,False,False,False,True,True,False,0,0.0,0.0,
BXqU9j…mPWT,184,303,-0.0,20.5,-0.7,2,98.3,0.0,0,0,0.0,0.2,2,-0.4,"BTC 75%, SOL 17%, ETH 7%",True,True,False,False,False,False,True,False,0,0.0,0.0,
BYeFMs…hnfq,213,532,-0.18,9.4,-93.5,4,71.3,0.0,0,0,0.0,0.0,1,-93.5,"ETH 89%, 1MBONK 8%, DOGE 2%",True,True,False,False,False,False,True,False,0,0.0,0.0,
BZxJTK…44Nq,114,569,-0.22,32.2,-127.9,2,0.0,0.0,0,0,0.0,2.0,3,-42.6,"BTC 52%, SOL 47%, ETH 0%",True,True,False,False,True,True,True,False,0,0.0,0.0,
BaTosS…maNd,152,81,1.11,60.5,89.6,1,24.3,2.6,0,2,0.3,23.2,5,17.9,"ASTER 22%, BTC 20%, SOL 19%",True,False,True,False,True,True,True,False,30,-26.2,-5.2,-0.87
BawR8Z…xMUq,114,387,-0.46,7.8,-178.4,4,0.2,18.5,7,15,0.87,0.7,4,-44.6,"SOL 47%, BTC 34%, AVAX 13%",True,True,False,True,False,True,True,False,38,-33.7,-8.4,-0.89
BbW2Zr…YuvG,214,1065,-0.18,3.0,-193.5,6,67.5,2.8,0,1,0.2,0.0,3,-64.5,"SOL 54%, BTC 22%, ETH 21%",True,True,False,False,False,False,True,False,3,-0.4,-0.1,-0.14
Bbi2a6…dCpY,134,296,-0.19,31.1,-56.5,3,15.8,8.0,0,0,0.07,0.3,1,-56.5,"SOL 99%, ASTER 1%, SUI 0%",True,True,False,False,False,True,True,False,0,0.0,0.0,
Bc63LT…PqF6,166,167,-0.22,0.0,-37.1,2,0.0,0.0,0,0,0.0,0.0,1,-37.1,"BTC 98%, SOL 1%, DRIFT 1%",True,True,False,False,False,True,True,False,0,0.0,0.0,
BcjtPw…aXvo,139,289,-0.28,7.6,-80.9,5,1.1,6.7,9,22,1.87,0.2,1,-80.9,"BTC 85%, ETH 9%, SOL 4%",True,True,False,True,False,True,True,False,225,-30.8,-30.8,-0.14
BdCJ64…zz9H,76,963,-0.23,7.5,-221.2,1,0.0,0.0,0,0,0.0,0.0,1,-221.2,SOL 100%,False,True,False,False,False,True,True,False,0,0.0,0.0,
BdMn6u…dJBo,18,474,-0.26,8.6,-122.8,1,9.9,1150.7,53,357,15.8,0.0,3,-40.9,"SOL 92%, JUP 6%, BTC 1%",False,True,False,True,False,False,True,False,274,-64.1,-21.4,-0.23
Bdmsf6…Fxg7,165,183,-0.23,0.5,-41.3,2,28.3,0.0,0,0,0.0,0.0,1,-41.3,"BTC 96%, ETH 4%, SOL 1%",True,True,False,False,False,True,True,False,0,0.0,0.0,
BeB9FL…L7rx,214,473,-0.26,4.0,-124.0,6,55.1,10.4,0,5,0.87,0.0,2,-62.0,"SOL 58%, BTC 30%, ETH 10%",True,True,False,False,False,False,True,False,98,-12.4,-6.2,-0.13
BeXrRh…3pxb,152,132,-0.13,21.2,-16.9,2,2.6,0.0,0,0,0.0,0.3,2,-8.4,"SOL 55%, ETH 41%, BTC 3%",True,True,False,False,False,True,True,False,0,0.0,0.0,
BfZFqC…wzX2,181,154,0.2,48.7,31.5,1,100.0,0.0,0,0,0.0,0.3,1,31.5,"ASTER 77%, SOL 23%",True,True,True,False,False,False,True,False,0,0.0,0.0,
BfemTS…V8XA,71,106,-0.53,39.6,-55.8,3,4.8,25.9,4,16,2.17,3.1,1,-55.8,"SOL 99%, BTC 1%",False,True,False,True,True,True,True,False,38,-21.6,-21.6,-0.57
BfvvaR…xKUb,13,2,-0.6,0.0,-1.2,1,0.9,47.0,0,2,0.07,2.0,1,-1.2,BTC 100%,False,False,False,False,True,True,True,False,121,-36.7,-36.7,-0.3
Bg4HJx…diZ9,180,181,-0.17,21.5,-30.6,2,6.8,0.0,0,0,0.0,0.4,3,-10.2,"BTC 45%, ETH 38%, SOL 15%",True,True,False,False,False,True,True,False,2,-0.5,-0.2,-0.24
BiEytC…bmYo,213,296,-0.53,20.6,-157.2,3,0.4,23.0,0,0,0.0,1.5,3,-52.4,"SOL 63%, BTC 19%, ETH 17%",True,True,False,False,False,True,True,False,6,-1.8,-0.6,-0.3
BibXQH…vun4,77,110,-0.18,10.9,-20.3,3,54.1,6.5,0,1,0.73,0.0,3,-6.8,"SOL 65%, BTC 23%, 1MBONK 4%",False,True,False,False,False,False,True,False,65,-19.6,-6.5,-0.3
BiqzYZ…7tjX,213,44,-0.6,20.5,-26.4,3,0.6,0.0,0,0,0.0,0.3,1,-26.4,"ETH 61%, SOL 30%, BTC 9%",True,False,False,False,False,True,True,False,103,-24.9,-24.9,-0.24
BjmGZB…JYTG,145,150,-0.26,47.3,-39.1,4,39.6,6.5,1,2,0.43,1.7,4,-9.8,"SOL 45%, ASTER 20%, BTC 15%",True,True,False,False,False,True,True,False,48,10.1,2.5,0.21
BmKrW9…vk9v,111,122,-0.34,13.1,-41.3,2,5.0,0.0,0,0,0.0,0.4,2,-20.6,"BTC 81%, SOL 18%, 1KWEN 1%",True,True,False,False,False,True,True,False,0,0.0,0.0,
BmeJt7…UxVM,58,120,-0.16,49.2,-18.7,2,2.8,11.9,25,35,2.33,1.2,1,-18.7,SOL 100%,False,True,False,True,False,True,True,False,76,-40.5,-40.5,-0.53
Bmm3eD…jmHY,205,86,-0.16,40.7,-14.1,3,7.5,5.0,0,6,0.47,0.6,1,-14.1,"SOL 97%, BTC 2%, ETH 1%",True,False,False,False,False,True,True,False,228,-13.3,-13.3,-0.06
BnYvVc…ropB,140,103,-0.54,28.2,-55.5,3,4.0,2.0,0,0,0.0,2.3,3,-18.5,"BTC 75%, ETH 14%, SOL 10%",True,True,False,False,True,True,True,False,0,0.0,0.0,
BnghSB…X8V7,68,127,-0.08,7.1,-9.6,2,59.8,7.4,0,0,0.73,0.0,2,-4.8,"SOL 74%, BTC 23%, ETH 2%",False,True,False,False,False,False,True,False,64,-12.1,-6.0,-0.19
BoR6Kg…M3HZ,160,609,-0.23,10.5,-139.0,2,16.1,0.0,0,0,0.0,0.1,1,-139.0,"ETH 89%, SOL 11%, BTC 0%",True,True,False,False,False,True,True,False,0,0.0,0.0,
BogGXP…s29H,79,125,-0.37,28.8,-46.7,3,12.2,8.7,0,11,1.7,1.4,3,-15.6,"SOL 54%, BTC 30%, ASTER 6%",False,True,False,False,False,True,True,False,28,-10.1,-3.4,-0.36
Bpvefx…2JKR,176,146,-0.73,30.8,-106.4,4,7.0,0.0,0,0,0.0,4.4,3,-35.5,"BTC 53%, ETH 25%, SOL 14%",True,True,False,False,True,True,True,False,0,0.0,0.0,
BrRpSa…SEci,214,341,-0.03,30.2,-10.6,5,91.9,748.4,10,12,1.4,1.5,3,-3.5,"SOL 83%, HYPE 6%, 1MBONK 6%",True,True,False,True,False,False,True,False,18,-11.7,-3.9,-0.65
BsQNt7…HuwN,182,1568,-0.25,10.2,-390.9,5,69.6,40.2,0,1,0.07,0.1,2,-195.4,"BTC 78%, 1MBONK 9%, WIF 7%",True,True,False,False,False,False,True,False,0,0.0,0.0,
Bv9XDp…HtJX,105,13,-0.42,15.4,-5.4,1,0.6,0.0,0,0,0.0,0.8,1,-5.4,BTC 100%,True,False,False,False,False,True,True,False,97,18.6,18.6,0.19
Bv9qZX…joDn,167,154,-0.21,8.4,-32.9,1,0.0,0.0,0,0,0.0,0.0,1,-32.9,"ETH 57%, BTC 28%, SOL 13%",True,True,False,False,False,True,True,False,0,0.0,0.0,
BwEobv…HJb5,116,219,-0.2,13.7,-43.5,1,0.1,0.0,0,0,0.0,0.1,1,-43.5,SOL 100%,True,True,False,False,False,True,True,False,1,-10.0,-10.0,-9.96
ByFcsu…YhQZ,214,137,0.17,46.7,23.2,2,0.0,0.0,0,0,0.0,3.2,3,7.7,"SOL 54%, BTC 26%, 1MBONK 20%",True,True,True,False,True,True,True,False,0,0.0,0.0,
ByGKwy…zh2Y,208,113,-0.24,14.2,-27.0,3,25.3,0.0,0,0,0.0,0.1,1,-27.0,"ETH 73%, BTC 15%, SOL 12%",True,True,False,False,False,True,True,False,0,0.0,0.0,
BzdsxM…2TA8,192,174,-0.23,27.6,-40.0,4,0.2,0.0,0,0,0.0,1.0,1,-40.0,"BTC 90%, ETH 5%, SOL 4%",True,True,False,False,False,True,True,False,85,-17.7,-17.7,-0.21
BzpK5S…uR1u,111,225,-0.21,24.0,-47.8,3,0.0,2.3,1,2,0.07,0.3,1,-47.8,"SOL 90%, BTC 9%, DRIFT 1%",True,True,False,False,False,True,True,False,1,-12.7,-12.7,-12.74
BztNf4…D33n,196,413,-0.2,21.3,-82.5,4,66.5,8.2,0,0,0.2,0.6,3,-27.5,"ETH 52%, BTC 25%, SOL 22%",True,True,False,False,False,False,True,False,30,-31.5,-10.5,-1.05
BzvYrT…cewP,212,503,-0.22,23.9,-108.9,2,6.6,0.0,0,0,0.0,0.7,2,-54.4,"ETH 58%, BTC 35%, SOL 8%",True,True,False,False,False,True,True,False,0,0.0,0.0,
C1BwGS…5dq3,163,287,-0.15,11.1,-44.1,1,0.0,0.0,0,0,0.0,0.0,1,-44.1,ETH 100%,True,True,False,False,False,True,True,False,0,0.0,0.0,
C1k1xf…Kmxn,188,261,-0.18,9.2,-46.7,3,0.5,1.0,0,0,0.03,0.3,1,-46.7,"BTC 95%, SOL 5%",True,True,False,False,False,True,True,False,0,0.0,0.0,
C2fJvZ…kkMR,141,174,-0.18,25.3,-31.5,1,0.0,0.0,0,0,0.0,0.9,3,-10.5,"SOL 41%, BTC 30%, ETH 25%",True,True,False,False,False,True,True,False,0,0.0,0.0,
C3Zseb…yL5J,81,36,-0.53,33.3,-19.0,2,0.0,0.0,0,0,0.0,0.6,1,-19.0,SOL 100%,False,False,False,False,False,True,True,False,76,-33.7,-33.7,-0.44
C6HoHP…jssV,173,195,-0.12,63.6,-22.5,4,2.4,3.7,4,7,0.5,1.0,1,-22.5,SOL 100%,True,True,False,True,False,True,True,False,74,-14.7,-14.7,-0.2
C8J7UZ…PWJj,122,289,-0.21,9.0,-60.3,2,7.0,0.0,0,0,0.0,0.1,1,-60.3,"ETH 39%, BTC 30%, SOL 29%",True,True,False,False,False,True,True,False,0,0.0,0.0,
C93CVp…fXqT,142,171,-0.28,23.4,-48.2,5,34.9,5.0,0,0,0.03,0.1,1,-48.2,"SOL 91%, BTC 9%",True,True,False,False,False,True,True,False,6,-2.7,-2.7,-0.45
C9cFtg…8qk9,214,181,-0.27,17.7,-48.4,1,0.0,0.0,0,0,0.0,0.6,2,-24.2,"BTC 69%, SOL 29%, ETH 2%",True,True,False,False,False,True,True,False,0,0.0,0.0,
CAcY9s…DASL,214,584,-0.37,28.8,-216.2,6,1.8,2.3,0,0,0.13,2.8,3,-72.1,"SOL 42%, BTC 35%, ETH 20%",True,True,False,False,True,True,True,False,18,-9.1,-3.0,-0.51
CC5jgF…74EB,95,181,-0.29,31.5,-53.0,2,0.0,0.0,0,0,0.0,1.6,2,-26.5,"BTC 62%, SOL 38%",True,True,False,False,False,True,True,False,0,0.0,0.0,
CCJ4d3…xHws,108,59,-0.01,50.8,-0.7,3,17.8,2.0,1,1,0.1,0.5,1,-0.7,"SOL 98%, HYPE 2%",True,False,False,False,False,True,True,False,110,-29.7,-29.7,-0.27
CDET6N…AeLZ,160,205,-0.32,19.5,-66.2,3,0.3,0.0,0,0,0.0,0.3,1,-66.2,SOL 100%,True,True,False,False,False,True,True,False,0,0.0,0.0,
CDH83N…ZRXX,205,126,-0.54,21.4,-68.0,6,4.4,1.8,0,0,0.07,3.5,3,-22.7,"SOL 40%, BTC 34%, ETH 25%",True,True,False,False,True,True,True,False,38,1.2,0.4,0.03
CE2DQQ…gftE,3,11,-0.4,27.3,-4.4,1,0.0,10.3,11,11,0.37,0.4,1,-4.4,SOL 100%,False,False,False,True,False,True,True,False,351,-80.5,-80.5,-0.23
CHyy6r…P3SN,205,569,-0.2,5.3,-112.2,1,6.9,0.0,0,0,0.0,0.2,1,-112.2,BTC 100%,True,True,False,False,False,True,True,False,0,0.0,0.0,
CJJEnS…Bhdj,160,383,-0.23,32.4,-88.8,4,0.0,0.0,0,0,0.0,0.5,2,-44.4,"ETH 36%, SOL 28%, BTC 16%",True,True,False,False,False,True,True,False,2,-3.9,-2.0,-1.95
CKKGMd…cjE5,184,239,-0.33,29.7,-79.5,4,0.1,0.0,0,0,0.0,1.1,2,-39.8,"SOL 52%, ETH 38%, 1MBONK 7%",True,True,False,False,False,True,True,False,0,0.0,0.0,
CLn1aK…NNYo,214,130,0.26,33.8,34.1,1,2.3,0.0,0,0,0.0,4.4,3,11.4,"SOL 60%, ETH 38%, APT 1%",True,True,True,False,True,True,True,False,0,0.0,0.0,
CMHJcn…6FYz,64,276,-0.19,30.1,-52.2,2,8.8,0.0,0,0,0.0,0.2,1,-52.2,"SOL 100%, BTC 0%",False,True,False,False,False,True,True,False,0,0.0,0.0,
CMqdDs…u24o,53,226,-0.24,23.5,-53.6,2,37.9,16.8,3,28,4.07,0.2,1,-53.6,SOL 100%,False,True,False,True,False,True,True,False,158,-31.0,-31.0,-0.2
CN1YzR…fzVE,213,286,-0.49,19.6,-140.6,6,4.6,20.8,4,25,2.03,1.3,2,-70.3,"SOL 77%, BTC 20%, ASTER 2%",True,True,False,True,False,True,True,False,92,-44.1,-22.0,-0.48
CNh2xN…a3w6,107,102,-0.11,35.3,-11.2,3,0.0,0.0,0,0,0.0,5.2,2,-5.6,"BTC 84%, SOL 16%",True,True,False,False,True,True,True,False,0,0.0,0.0,
CPKEFS…ZaFW,120,764,0.07,40.3,55.7,1,0.0,271.0,6,10,1.17,0.4,3,18.6,"1MBONK 98%, SUI 1%, HYPE 1%",True,True,True,True,False,False,True,False,42,-12.9,-4.3,-0.31
CQ7NjQ…PNnL,174,3797,-0.18,6.5,-674.1,2,0.0,0.0,0,0,0.0,0.0,1,-674.1,ETH 100%,True,True,False,False,False,True,True,False,0,0.0,0.0,
CQyZZo…4ZMk,163,103,-0.1,53.4,-10.2,3,5.0,0.0,0,0,0.0,1.0,3,-3.4,"SOL 56%, ETH 33%, BTC 11%",True,True,False,False,False,True,True,False,0,0.0,0.0,
CRdrmb…pRgB,212,164,-0.67,21.3,-109.3,6,0.4,7.8,0,0,0.5,2.7,2,-54.6,"SOL 66%, ETH 30%, DOGE 2%",True,True,False,False,True,True,True,False,0,0.0,0.0,
CSPNYm…Z1ds,25,63,-0.96,4.8,-60.6,1,6.7,25.5,4,33,2.1,2.0,3,-20.2,"SOL 90%, WIF 8%, ETH 2%",False,False,False,True,True,True,True,False,89,-73.2,-24.4,-0.82
CSmY7Q…js6G,214,197,-0.24,34.5,-46.7,3,24.7,19.9,0,0,0.0,4.2,1,-46.7,SOL 100%,True,True,False,False,True,True,True,False,0,0.0,0.0,
CVNk1o…HYiE,214,80,0.06,58.8,4.4,3,52.1,41.4,9,17,1.5,3.2,2,2.2,"SOL 86%, BTC 11%, PUMP 2%",True,False,True,True,True,False,True,False,86,6.4,3.2,0.07
CVuWqL…vrEq,162,127,-0.31,10.2,-39.3,3,63.7,0.0,0,0,0.0,0.0,2,-19.6,"SOL 51%, ETH 26%, BTC 23%",True,True,False,False,False,False,True,False,0,0.0,0.0,
CVzo8c…UEjj,157,9964,-0.13,17.9,-1326.8,6,28.1,728.3,131,370,34.23,0.1,1,-1326.8,SOL 100%,True,True,False,True,False,False,True,False,3182,-457.6,-457.6,-0.14
CXGvGy…43zm,185,203,-0.28,11.8,-56.2,4,0.0,0.0,0,0,0.0,0.0,1,-56.2,SOL 100%,True,True,False,False,False,True,True,False,0,0.0,0.0,
CZcLPR…7FGo,214,535,-0.19,6.7,-101.0,6,84.5,8.7,0,12,1.23,0.0,2,-50.5,"SOL 62%, BTC 21%, ETH 10%",True,True,False,False,False,False,True,False,177,-43.5,-21.8,-0.25
CbCohg…EwJj,213,152,-0.65,15.1,-99.0,2,0.1,0.0,0,0,0.0,1.3,2,-49.5,"SOL 64%, ETH 30%, DOGE 3%",True,True,False,False,False,True,True,False,39,-44.9,-22.4,-1.15
CbW9Wz…hx9W,179,104,-0.12,20.2,-12.2,1,56.9,0.0,0,0,0.0,0.0,1,-12.2,SOL 100%,True,True,False,False,False,False,True,False,0,0.0,0.0,
CbotnM…Ewas,152,118,-0.21,7.6,-24.4,2,0.0,0.0,0,0,0.0,0.0,1,-24.4,"BTC 57%, ETH 42%, SOL 1%",True,True,False,False,False,True,True,False,0,0.0,0.0,
CcLcdT…yR6d,83,664,-0.27,3.8,-176.3,3,0.1,110.7,72,177,17.03,0.0,1,-176.3,SOL 100%,False,True,False,True,False,True,True,False,234,-70.6,-70.6,-0.3
CdLdUR…UQww,105,109,0.14,47.7,15.6,1,8.5,6.6,0,0,0.23,5.9,2,7.8,"SOL 63%, BTC 31%, ASTER 3%",True,True,True,False,True,True,True,False,34,39.2,19.6,1.15
CdQsyb…n2Pv,43,108,-0.4,33.3,-43.1,2,3.8,7.6,9,35,1.43,0.6,1,-43.1,"SOL 86%, HYPE 5%, APT 4%",False,True,False,True,False,True,True,False,8,-0.3,-0.3,-0.03
CdfWkq…MDXN,145,363,-0.18,17.4,-65.3,2,0.1,0.0,0,0,0.0,0.1,1,-65.3,"ETH 99%, BTC 1%",True,True,False,False,False,True,True,False,0,0.0,0.0,
Cf2aUB…VZFC,139,136,0.19,49.3,25.4,1,44.3,0.0,0,0,0.0,1.1,2,12.7,"SOL 56%, ETH 26%, BTC 11%",True,True,True,False,False,True,True,False,0,0.0,0.0,
CfM2Tr…ZqPj,214,210,-0.63,24.8,-132.0,6,7.8,2.0,0,2,0.07,7.9,3,-44.0,"SOL 33%, BTC 31%, ETH 22%",True,True,False,False,True,True,True,False,9,-0.6,-0.2,-0.07
CfmXu1…HZhs,90,225,-0.22,26.2,-49.5,2,0.2,0.0,0,0,0.0,0.4,1,-49.5,SOL 100%,True,True,False,False,False,True,True,False,0,0.0,0.0,
CgARTv…3mYp,104,790,-0.23,1.0,-181.3,2,98.2,0.0,0,0,0.0,0.0,5,-36.3,"SOL 67%, BTC 20%, HYPE 5%",True,True,False,False,False,False,True,False,0,0.0,0.0,
ChQiNx…nXgw,209,422,0.08,54.7,32.6,1,5.3,4.5,2,2,0.13,2.5,3,10.9,"SOL 49%, BTC 34%, ETH 17%",True,True,True,False,True,True,True,False,2,2.7,0.9,1.35
Cij8yU…McJo,181,135,-0.37,43.7,-49.9,4,0.4,0.0,0,0,0.0,1.2,1,-49.9,"SOL 61%, BTC 19%, ETH 14%",True,True,False,False,False,True,True,False,56,-7.0,-7.0,-0.12
CinUFj…Eug9,163,140,-0.4,32.9,-56.0,2,0.0,31.5,4,21,1.9,14.3,4,-14.0,"SOL 51%, BTC 24%, DRIFT 13%",True,True,False,True,True,True,True,False,62,-68.2,-17.0,-1.1
CmgRJJ…LN9M,209,450,-0.16,18.2,-72.2,3,0.4,0.0,0,0,0.0,0.4,4,-18.0,"BTC 41%, SOL 34%, ETH 22%",True,True,False,False,False,True,True,False,0,0.0,0.0,
CocpYT…7RyP,71,95,-0.27,10.5,-25.2,3,50.0,7.0,0,3,0.63,0.0,1,-25.2,"SOL 62%, BTC 28%, DRIFT 6%",False,False,False,False,False,True,True,False,20,-2.5,-2.5,-0.13
CucM9k…MSye,160,181,-0.33,19.9,-59.3,3,0.7,0.0,0,0,0.0,0.3,3,-19.8,"SOL 71%, ETH 22%, BTC 7%",True,True,False,False,False,True,True,False,0,0.0,0.0,
CwFvBR…ay2K,169,100,-0.12,61.0,-12.3,2,17.7,0.0,0,0,0.0,5.1,3,-4.1,"SOL 47%, BTC 33%, ETH 15%",True,True,False,False,True,True,True,False,3,5.2,1.7,1.73
CxTZZ8…hvxY,184,625,-0.2,9.3,-123.9,2,1.9,0.0,0,0,0.0,0.0,2,-62.0,"ETH 45%, BTC 42%, SOL 13%",True,True,False,False,False,True,True,False,0,0.0,0.0,
CzoK6R…KjBh,170,761,-0.24,17.5,-185.2,3,1.8,0.0,0,0,0.0,0.2,4,-46.3,"SOL 49%, ETH 24%, BTC 17%",True,True,False,False,False,True,True,False,0,0.0,0.0,
D18tUq…peBR,82,62,-0.07,21.0,-4.3,3,0.0,18.8,8,34,1.53,0.3,1,-4.3,"BTC 53%, SOL 47%",False,False,False,True,False,True,True,False,37,-2.8,-2.8,-0.08
D1Uo8d…yvtU,80,106,-0.24,18.9,-25.6,1,0.3,0.0,0,0,0.0,0.1,1,-25.6,SOL 100%,False,True,False,False,False,True,True,False,0,0.0,0.0,
D25L3Y…yUVk,198,6,-0.89,0.0,-5.3,2,75.1,44.0,0,0,0.17,0.2,1,-5.3,"SOL 83%, BTC 17%",True,False,False,False,False,False,True,False,148,-40.3,-40.3,-0.27
D3isSb…xbqF,41,206,-0.15,41.3,-29.9,2,0.0,43.0,0,0,0.4,1.1,2,-15.0,"BTC 54%, SOL 46%",False,True,False,False,False,True,True,False,0,0.0,0.0,
D4Fjs3…bjy3,62,44,-0.47,20.5,-20.7,1,7.5,1.5,0,0,0.0,1.4,1,-20.7,SOL 100%,False,False,False,False,False,True,True,False,123,-16.0,-16.0,-0.13
D5LAvj…QLxB,128,91,-0.3,48.4,-27.2,4,32.0,0.0,0,0,0.0,1.8,2,-13.6,"SOL 48%, BTC 31%, ETH 15%",True,False,False,False,False,True,True,False,27,2.4,1.2,0.09
D7CcCE…KURA,56,147,-0.07,42.9,-10.1,2,5.9,24.4,4,14,4.3,0.5,1,-10.1,SOL 100%,False,True,False,True,False,True,True,False,1,-9.8,-9.8,-9.81
D8dKTq…HmuE,17,28,-0.64,17.9,-17.8,1,10.9,19.9,9,20,0.93,10.5,1,-17.8,BTC 100%,False,False,False,True,True,True,True,False,135,-40.9,-40.9,-0.3
D8emKA…TsMG,213,130,0.85,43.1,110.6,1,5.4,10.0,18,18,0.97,13.0,2,55.3,"SOL 60%, BTC 29%, HYPE 5%",True,True,True,True,True,True,True,True,28,28.5,14.2,1.02
DCZLta…aeyq,202,265,0.1,68.7,27.8,1,56.4,16.4,6,13,1.0,1.6,1,27.8,SOL 100%,True,True,True,True,False,False,True,False,57,28.1,28.1,0.49
DDKGEo…H4wi,152,292,-0.04,59.6,-12.6,2,25.2,9.7,0,0,0.2,0.5,1,-12.6,"SOL 100%, BTC 0%",True,True,False,False,False,True,True,False,0,0.0,0.0,
DDik71…rGo9,214,354,-0.29,16.9,-102.9,2,16.3,0.0,0,0,0.0,0.1,1,-102.9,"ETH 96%, BTC 4%",True,True,False,False,False,True,True,False,0,0.0,0.0,
DEwLsA…FggD,66,158,-0.23,20.9,-35.8,3,6.1,46.7,18,32,3.77,0.3,2,-17.9,"SOL 79%, BTC 20%, ETH 1%",False,True,False,True,False,True,True,False,39,-10.7,-5.4,-0.27
DFhqoL…mazB,195,106,-0.09,28.3,-9.4,3,2.9,0.0,0,0,0.0,1.9,1,-9.4,"SOL 99%, SUI 1%",True,True,False,False,False,True,True,False,1,0.9,0.9,0.94
DG3PQr…atwX,214,67,-0.24,35.8,-16.4,3,34.4,11.5,0,0,0.0,8.7,2,-8.2,"SOL 70%, ETH 16%, AVAX 12%",True,False,False,False,True,True,True,False,41,-5.8,-2.9,-0.14
DJ3fZX…PA67,71,143,-0.42,7.7,-60.5,3,52.4,7.9,0,3,1.27,0.0,2,-30.2,"SOL 59%, BTC 28%, DRIFT 5%",False,True,False,False,False,False,True,False,17,-2.6,-1.3,-0.15
DLxjBN…Vt8a,214,882,-0.14,12.7,-125.7,5,0.0,34.3,0,3,3.43,0.4,2,-62.8,"BTC 62%, ETH 27%, SOL 11%",True,True,False,False,False,True,True,False,149,-49.8,-24.9,-0.33
DNdnpy…hjuR,126,117,-0.29,0.9,-33.8,3,0.0,0.0,0,0,0.0,0.0,1,-33.8,"ETH 62%, BTC 35%, SOL 3%",True,True,False,False,False,True,True,False,0,0.0,0.0,
DNpJFS…abDo,189,110,-0.57,21.8,-62.8,4,9.5,0.0,0,0,0.0,3.3,2,-31.4,"BTC 46%, SOL 45%, ETH 9%",True,True,False,False,True,True,True,False,0,0.0,0.0,
DPW26w…Y2T4,148,188,-0.21,1.1,-38.9,1,0.3,0.0,0,0,0.0,0.0,1,-38.9,"ETH 68%, BTC 32%",True,True,False,False,False,True,True,False,0,0.0,0.0,
DQM64b…7GLE,142,86,-0.39,43.0,-33.3,3,0.4,1.5,0,0,0.0,0.8,2,-16.6,"ETH 56%, BTC 26%, SOL 16%",True,False,False,False,False,True,True,False,16,27.6,13.8,1.72
DSd3Y7…8CPb,39,174,-0.21,23.6,-35.7,2,4.1,13.5,0,13,4.2,0.2,1,-35.7,SOL 100%,False,True,False,False,False,True,True,False,408,-191.0,-191.0,-0.47
DTvGR2…iVVA,214,546,-0.18,22.3,-97.6,1,1.2,0.0,0,0,0.0,0.2,1,-97.6,SOL 100%,True,True,False,False,False,True,True,False,0,0.0,0.0,
DUAg8G…M37a,146,115,0.19,42.6,21.5,0,4.3,0.0,0,0,0.0,0.5,2,10.8,"SOL 43%, BTC 40%, ETH 11%",True,True,True,False,False,True,True,False,0,0.0,0.0,
DYbRuj…3yRs,104,699,-0.26,16.6,-182.5,4,0.4,12.6,11,11,0.37,0.2,1,-182.5,SOL 100%,True,True,False,True,False,True,True,False,115,-41.1,-41.1,-0.36
DZDTjX…dV4H,205,413,-0.2,4.1,-83.2,4,0.0,0.0,0,0,0.0,0.0,1,-83.2,"BTC 89%, SOL 5%, ETH 4%",True,True,False,False,False,True,True,False,0,0.0,0.0,
Daf9Nx…YJ7r,136,334,-0.22,2.1,-72.4,1,0.0,0.0,0,0,0.0,0.0,1,-72.4,"BTC 59%, ETH 41%",True,True,False,False,False,True,True,False,0,0.0,0.0,
Db1V2j…TwGp,16,72,-0.14,34.7,-10.1,1,23.6,22.6,48,61,2.4,0.5,1,-10.1,"SOL 97%, BTC 3%",False,False,False,True,False,True,True,False,51,-12.5,-12.5,-0.24
DdEvLx…h5w3,115,77,-0.26,23.4,-20.1,2,0.0,16.2,13,33,1.3,0.4,1,-20.1,SOL 100%,True,False,False,True,False,True,True,False,59,-7.7,-7.7,-0.13
DdcK2q…aeP6,213,151,-0.21,19.2,-32.4,3,0.4,4.3,0,0,0.0,0.3,2,-16.2,"ETH 70%, BTC 28%, DOGE 1%",True,True,False,False,False,True,True,False,2,-1.8,-0.9,-0.91
De2nJ5…HtjB,147,394,-0.2,8.4,-79.6,1,1.3,0.0,0,0,0.0,0.0,1,-79.6,"ETH 72%, BTC 15%, SOL 12%",True,True,False,False,False,True,True,False,0,0.0,0.0,
De56dm…sNQP,136,233,-0.24,14.2,-55.5,4,9.6,6.5,0,2,0.3,0.0,1,-55.5,"SOL 99%, 1MBONK 0%, BTC 0%",True,True,False,False,False,True,True,False,21,-7.8,-7.8,-0.37
DfmatU…nhSF,157,189,-0.24,13.8,-46.2,5,0.1,0.0,0,0,0.0,0.2,1,-46.2,"BTC 44%, ETH 30%, SOL 26%",True,True,False,False,False,True,True,False,3,-3.2,-3.2,-1.06
Di8kWr…mX2Z,118,223,-0.22,0.0,-48.2,2,0.0,0.0,0,0,0.0,0.0,1,-48.2,BTC 100%,True,True,False,False,False,True,True,False,0,0.0,0.0,
Dmqssp…2yNv,22,17,-0.14,35.3,-2.4,1,7.8,4.2,3,5,0.57,6.4,1,-2.4,SOL 100%,False,False,False,True,True,True,True,False,153,-23.9,-23.9,-0.16
DoqFar…7MNk,209,258,-0.27,31.0,-69.3,3,17.2,0.0,0,0,0.0,0.7,1,-69.3,"SOL 98%, BTC 1%, ETH 1%",True,True,False,False,False,True,True,False,5,21.2,21.2,4.24
Dqc3BG…ng9R,59,5,-0.83,0.0,-4.2,1,53.7,0.0,0,0,0.0,0.1,1,-4.2,SOL 100%,False,False,False,False,False,False,True,False,175,-86.8,-86.8,-0.5
DqqfPW…Ajru,213,121,0.08,68.6,9.9,1,27.9,0.0,0,0,0.0,0.3,1,9.9,SOL 100%,True,True,True,False,False,True,True,False,0,0.0,0.0,
DwwNu5…bbc2,114,73,0.0,50.7,0.2,2,88.4,4.4,4,12,0.4,7.6,5,0.0,"SOL 60%, 1MBONK 19%, BTC 8%",True,False,False,True,True,False,True,False,287,-43.0,-8.6,-0.15
DyzeBP…HRdg,47,63,-0.12,25.4,-7.4,1,0.3,9.2,3,5,1.47,1.1,1,-7.4,SOL 100%,False,False,False,True,False,True,True,False,174,-56.0,-56.0,-0.32
E16wNv…4XCk,51,10,-1.63,60.0,-16.3,1,2.5,2.8,0,0,0.13,22.8,1,-16.3,SOL 100%,False,False,False,False,True,True,True,False,246,-0.3,-0.3,-0.0
E1STqN…f6o6,214,327,-0.03,58.7,-8.4,3,0.3,4.1,1,6,0.6,0.8,2,-4.2,"SOL 53%, ETH 46%, ARB 0%",True,True,False,True,False,True,True,False,16,-16.2,-8.1,-1.01
E1h297…cBJA,119,146,-0.23,24.7,-33.8,2,0.0,19.3,0,29,1.13,0.3,1,-33.8,"DRIFT 77%, WIF 23%",True,True,False,False,False,True,True,False,0,0.0,0.0,
E6JipV…gwP8,184,118,-0.15,51.7,-17.6,2,11.4,0.0,0,0,0.0,0.9,1,-17.6,SOL 100%,True,True,False,False,False,True,True,False,0,0.0,0.0,
E6arbS…5D1N,153,106,-0.26,34.9,-27.9,4,4.2,0.0,0,0,0.0,0.7,1,-27.9,BTC 100%,True,True,False,False,False,True,True,False,0,0.0,0.0,
E6nHxt…wG5D,213,306,-0.43,2.6,-132.9,6,100.0,143.2,2,2,1.6,0.1,1,-132.9,SOL 100%,True,True,False,False,False,False,True,False,0,0.0,0.0,
E6qD9F…sC7j,163,105,-0.47,36.2,-48.9,4,5.2,0.0,0,0,0.0,0.6,3,-16.3,"SOL 34%, ETH 27%, BTC 27%",True,True,False,False,False,True,True,False,0,0.0,0.0,
E6vCUx…91mh,214,148,-0.27,22.3,-39.6,5,99.9,6178.8,0,0,1.73,0.7,1,-39.6,"BTC 66%, ETH 34%",True,True,False,False,False,False,True,False,77,-15.1,-15.1,-0.2
E7PXxg…VFqY,192,436,-0.24,14.9,-102.5,5,7.3,2.0,0,1,0.13,0.2,1,-102.5,"BTC 85%, SOL 14%, 1MBONK 1%",True,True,False,False,False,True,True,False,3,-29.8,-29.8,-9.94
E9NE3G…Rnsy,183,201,-0.08,65.2,-15.5,3,3.1,3.1,4,8,0.53,1.0,1,-15.5,SOL 100%,True,True,False,True,False,True,True,False,76,-13.1,-13.1,-0.17
E9bjD3…G1dE,204,226,-0.14,33.6,-32.7,3,23.2,11.5,0,0,0.33,0.6,2,-16.4,"SOL 98%, ETH 0%, BTC 0%",True,True,False,False,False,True,True,False,11,-8.7,-4.4,-0.79
EAAaDU…uw5b,173,1598,-0.2,12.5,-314.0,5,0.1,4.0,0,0,0.07,0.2,1,-314.0,"BTC 98%, ETH 1%, SOL 1%",True,True,False,False,False,True,True,False,0,0.0,0.0,
EAVDp9…Zh1x,212,117,0.64,25.6,74.8,4,6.4,7.5,1,13,0.73,5.7,3,24.9,"BTC 57%, SOL 21%, ETH 13%",True,True,True,True,True,True,True,True,15,-7.1,-2.4,-0.48
EAx2uh…WHtN,182,321,-0.13,37.1,-43.1,3,12.1,0.0,0,0,0.0,0.3,2,-21.6,"SOL 76%, BTC 20%, ETH 4%",True,True,False,False,False,True,True,False,0,0.0,0.0,
ECRAZA…7LQP,187,202,-0.16,56.9,-33.1,4,1.5,3.2,5,8,0.6,1.4,1,-33.1,SOL 100%,True,True,False,True,False,True,True,False,63,13.0,13.0,0.21
EDg8cg…773X,174,496,-0.02,40.9,-8.0,5,0.8,7.0,0,3,0.13,0.4,2,-4.0,"BTC 71%, SOL 29%",True,True,False,False,False,True,True,False,68,-2.5,-1.2,-0.04
EDpX4Z…fNAL,209,826,-0.24,5.6,-197.9,2,2.1,0.0,0,0,0.0,0.1,3,-66.0,"BTC 90%, ETH 9%, SOL 1%",True,True,False,False,False,True,True,False,0,0.0,0.0,
EEBjRS…HBL5,214,190,-0.11,57.9,-20.0,2,4.1,118.1,1,5,0.43,7.3,2,-10.0,"BTC 51%, SOL 36%, ETH 12%",True,True,False,True,True,True,True,False,5,-17.5,-8.8,-3.5
EF3PWM…9HQv,45,90,-0.15,23.3,-13.2,2,0.4,24.2,2,15,1.8,0.2,1,-13.2,"SOL 99%, HYPE 1%",False,False,False,True,False,True,True,False,75,-4.0,-4.0,-0.05
EFGuim…M7wQ,41,74,-0.18,68.9,-13.6,2,0.1,15.3,0,0,1.03,1.0,1,-13.6,"BTC 66%, SOL 34%",False,False,False,False,False,True,True,False,150,-23.5,-23.5,-0.16
EFia8k…cHVH,213,132,-1.18,36.4,-156.0,4,6.6,0.0,0,0,0.0,1.5,3,-52.0,"SOL 64%, BTC 25%, ARB 6%",True,True,False,False,False,True,True,False,0,0.0,0.0,
EGDymE…KT85,176,103,0.03,51.5,2.6,2,4.4,0.0,0,0,0.0,2.4,1,2.6,"SOL 97%, DRIFT 2%, BTC 1%",True,True,True,False,True,True,True,False,0,0.0,0.0,
EGSngs…wkW4,136,95,-0.16,52.6,-15.1,3,85.2,4.8,11,18,1.0,22.3,3,-5.0,"SOL 38%, BTC 29%, JUP 18%",True,False,False,True,True,False,True,False,271,-46.7,-15.6,-0.17
EHqgtn…knjm,163,155,-0.39,38.7,-60.7,4,35.7,0.0,0,0,0.0,1.5,1,-60.7,"SOL 98%, AVAX 2%",True,True,False,False,False,True,True,False,0,0.0,0.0,
EK8SCi…CdgL,170,179,-0.22,9.5,-39.9,1,0.7,0.0,0,0,0.0,0.0,1,-39.9,"BTC 60%, ETH 40%, DOGE 1%",True,True,False,False,False,True,True,False,0,0.0,0.0,
EKd5JA…849r,161,144,-0.11,38.9,-16.0,3,1.3,6.2,0,0,0.4,4.6,2,-8.0,"SOL 90%, ETH 8%, BTC 1%",True,True,False,False,True,True,True,False,9,-22.0,-11.0,-2.44
ELaGhi…AXqu,214,1757,-0.22,3.2,-380.2,6,66.9,17.6,3,9,2.13,0.0,2,-190.1,"SOL 54%, BTC 28%, ETH 16%",True,True,False,True,False,False,True,False,385,-90.3,-45.2,-0.23
ELsndK…pCx9,90,343,-0.61,4.1,-207.8,3,65.5,7.4,0,1,0.93,0.0,3,-69.3,"SOL 71%, BTC 23%, ADA 1%",True,True,False,False,False,False,True,False,39,-7.9,-2.6,-0.2
ENDQsz…UfvH,119,219,-0.3,10.0,-66.3,4,41.6,5.0,0,0,0.03,0.0,2,-33.2,"SOL 50%, BTC 39%, ETH 11%",True,True,False,False,False,True,True,False,0,0.0,0.0,
ES9Ywx…R6cd,212,323,-0.35,2.2,-112.2,6,61.6,2.5,0,1,0.03,0.0,2,-56.1,"ETH 49%, BTC 47%, 1MBONK 3%",True,True,False,False,False,False,True,False,3,-0.9,-0.4,-0.31
ESDm4b…uTx9,113,472,-0.18,32.0,-85.1,2,0.0,0.0,0,0,0.0,2.4,3,-28.4,"BTC 54%, SOL 46%, ETH 1%",True,True,False,False,True,True,True,False,0,0.0,0.0,
ESTBmi…WBe9,139,172,-0.17,0.6,-29.9,2,1.1,0.0,0,0,0.0,0.0,1,-29.9,"ETH 59%, BTC 40%, SOL 1%",True,True,False,False,False,True,True,False,0,0.0,0.0,
EUKDCF…jHgy,194,131,-0.02,64.9,-2.8,2,17.0,4.5,0,0,0.1,2.9,1,-2.8,"SOL 90%, BTC 8%, ETH 2%",True,True,False,False,True,True,True,False,0,0.0,0.0,
EURtdf…n5fX,153,232,-0.15,14.7,-35.3,3,25.7,0.0,0,0,0.0,0.1,1,-35.3,"ETH 98%, BTC 2%, SOL 0%",True,True,False,False,False,True,True,False,0,0.0,0.0,
EUcM9S…n8uY,120,140,0.04,52.1,5.2,2,1.3,5.8,0,3,0.6,2.0,1,5.2,"SOL 84%, BTC 11%, ASTER 1%",True,True,True,False,True,True,True,False,10,-7.0,-7.0,-0.7
EWW4Dv…anRW,193,208,-0.06,21.2,-13.5,4,100.0,0.0,0,0,0.0,0.2,1,-13.5,SOL 100%,True,True,False,False,False,False,True,False,0,0.0,0.0,
EWdTi5…hYwU,57,99,-0.22,38.4,-21.7,2,2.3,48.2,6,18,2.23,1.7,1,-21.7,SOL 100%,False,False,False,True,False,True,True,False,9,0.6,0.6,0.07
EXEjLP…2dwi,194,1953,-0.27,13.3,-528.3,4,67.3,38.0,0,0,0.0,0.1,4,-132.1,"ETH 47%, BTC 25%, DRIFT 19%",True,True,False,False,False,False,True,False,2,2.6,0.6,1.31
Ec1khU…F835,120,143,-0.04,31.5,-5.2,1,0.0,0.0,0,0,0.0,1.6,3,-1.7,"SOL 44%, BTC 30%, DRIFT 12%",True,True,False,False,False,True,True,False,0,0.0,0.0,
EcrDXF…gmBx,50,103,-0.19,23.3,-20.0,2,2.2,13.6,0,1,2.03,0.6,1,-20.0,"BTC 50%, SOL 49%, HYPE 1%",False,True,False,False,False,True,True,False,0,0.0,0.0,
EcuUcA…o67E,174,250,-0.18,13.2,-46.2,3,4.9,0.0,0,0,0.0,0.3,1,-46.2,BTC 100%,True,True,False,False,False,True,True,False,0,0.0,0.0,
EdwH4a…RTCN,89,163,-0.29,33.1,-47.1,2,0.9,5.2,0,0,0.3,0.8,1,-47.1,"SOL 82%, BTC 13%, 1MBONK 3%",False,True,False,False,False,True,True,False,14,10.9,10.9,0.78
EeuFLM…rTUf,167,99,-0.01,68.7,-0.7,2,4.7,0.0,0,0,0.0,4.6,1,-0.7,"SOL 97%, BTC 2%, 1MBONK 1%",True,False,False,False,True,True,True,False,25,9.8,9.8,0.39
EgorMG…X45u,153,270,-0.15,7.0,-39.9,2,0.0,0.0,0,0,0.0,0.0,1,-39.9,ETH 100%,True,True,False,False,False,True,True,False,0,0.0,0.0,
EgsEca…uKvY,46,98,-0.27,5.1,-26.8,2,49.6,9.4,0,7,1.93,0.0,1,-26.8,"SOL 59%, BTC 18%, DRIFT 9%",False,False,False,False,False,True,True,False,23,1.9,1.9,0.08
EjD53V…e8JE,56,62,0.05,53.2,3.4,0,6.6,10.4,6,18,1.33,4.2,2,1.7,"SOL 52%, BTC 45%, HYPE 3%",False,False,True,True,True,True,True,False,38,-8.2,-4.1,-0.22
EjsrAP…65mz,214,616,-0.18,15.6,-112.2,3,42.8,1630.1,30,72,5.5,0.4,1,-112.2,BTC 100%,True,True,False,True,False,False,True,False,554,-107.0,-107.0,-0.19
Ek8bWB…oNdt,95,83,0.21,41.0,17.5,2,37.0,5.9,6,17,1.1,6.0,3,5.8,"SOL 78%, HYPE 10%, BTC 7%",True,False,True,True,True,True,True,False,23,-23.6,-7.9,-1.03
EmKTRn…ykpa,149,296,-0.21,35.5,-60.8,1,0.0,0.0,0,0,0.0,1.5,3,-20.3,"ETH 38%, BTC 33%, SOL 29%",True,True,False,False,False,True,True,False,0,0.0,0.0,
EoamLo…5tmE,140,3286,-0.22,4.0,-729.0,4,58.6,0.0,0,0,0.0,0.0,2,-364.5,"BTC 81%, SOL 16%, ETH 3%",True,True,False,False,False,False,True,False,0,0.0,0.0,
Eq32ag…bg1v,167,278,-0.13,36.3,-36.3,4,37.4,15.6,0,4,0.13,0.7,3,-12.1,"SOL 60%, BTC 18%, ETH 17%",True,True,False,False,False,True,True,False,96,4.8,1.6,0.05
Eq6kMA…rpt7,183,126,-0.35,40.5,-43.6,2,21.9,0.0,0,0,0.0,0.4,1,-43.6,ETH 100%,True,True,False,False,False,True,True,False,0,0.0,0.0,
Eret6o…3W5V,24,4280,-0.18,7.4,-765.3,1,28.6,1339.7,1063,1810,142.67,0.0,1,-765.3,SOL 100%,False,True,False,True,False,False,True,False,4280,-730.9,-730.9,-0.17
Etr54J…j2hb,214,271,-0.29,22.5,-78.9,5,5.2,0.0,0,0,0.0,0.4,2,-39.4,"ETH 54%, SOL 42%, BTC 4%",True,True,False,False,False,True,True,False,46,-16.8,-8.4,-0.37
Euoitm…jqj8,148,115,-0.23,4.3,-26.4,1,0.0,0.0,0,0,0.0,0.0,1,-26.4,"SOL 57%, ETH 43%, BTC 1%",True,True,False,False,False,True,True,False,0,0.0,0.0,
EuuWqm…Bd1s,214,521,-0.26,20.2,-137.9,6,0.1,14.5,0,0,0.27,0.2,1,-137.9,"SOL 83%, BTC 16%, ETH 1%",True,True,False,False,False,True,True,False,4,-17.4,-17.4,-4.36
Ew4ZHr…rDqx,134,152,-0.22,2.6,-33.9,2,0.0,0.0,0,0,0.0,0.0,1,-33.9,"ETH 84%, BTC 16%",True,True,False,False,False,True,True,False,0,0.0,0.0,
EyCYYs…p2hV,78,108,-0.05,12.0,-5.2,2,57.1,2.8,0,0,0.0,0.0,3,-1.7,"SOL 49%, BTC 40%, APT 3%",False,True,False,False,False,False,True,False,43,-7.9,-2.6,-0.18
EzLhxK…u3bR,125,163,-0.04,35.6,-6.3,3,22.6,1.0,0,0,0.03,1.3,1,-6.3,SOL 100%,True,True,False,False,False,True,True,False,1,-5.3,-5.3,-5.31
EzVq1y…Q4Db,144,139,-0.11,43.2,-14.8,2,8.9,10.3,15,34,1.6,1.4,1,-14.8,"SOL 79%, BTC 9%, DRIFT 6%",True,True,False,True,False,True,True,False,147,-44.6,-44.6,-0.3
F2iN73…Dic4,133,158,-0.22,2.5,-34.6,1,24.1,0.0,0,0,0.0,0.0,1,-34.6,"BTC 88%, ETH 12%",True,True,False,False,False,True,True,False,0,0.0,0.0,
F4c1wb…DRu5,51,84,-0.49,8.3,-41.1,2,86.6,188.4,26,35,2.77,0.2,1,-41.1,"BTC 96%, SOL 4%",False,False,False,True,False,False,True,False,41,-9.0,-9.0,-0.22
F5FVZ4…kdFA,59,121,-0.25,35.5,-30.0,1,0.0,0.0,0,0,0.0,2.1,2,-15.0,"BTC 50%, SOL 50%",False,True,False,False,True,True,True,False,0,0.0,0.0,
F6oyKo…ebLx,213,237,-0.38,17.3,-90.0,4,6.9,0.0,0,0,0.0,0.8,3,-30.0,"BTC 37%, ETH 32%, SOL 28%",True,True,False,False,False,True,True,False,0,0.0,0.0,
F81u9x…bbuH,116,176,-0.32,19.9,-56.3,3,1.3,1.0,0,0,0.0,0.8,3,-18.8,"BTC 48%, SOL 41%, AVAX 7%",True,True,False,False,False,True,True,False,9,-15.0,-5.0,-1.66
F8AqjS…E2n3,28,17,-0.19,17.6,-3.2,1,11.0,32.2,5,5,0.57,0.1,1,-3.2,"SOL 71%, HYPE 29%",False,False,False,True,False,True,True,False,663,-95.2,-95.2,-0.14
F8CrJj…U2vw,112,73,-0.57,53.4,-41.4,1,30.6,9.2,23,36,1.7,5.5,2,-20.7,"SOL 63%, BTC 32%, DRIFT 3%",True,False,False,True,True,True,True,False,138,-11.2,-5.6,-0.08
F91WLz…oCLZ,213,68,-0.45,32.4,-30.5,3,7.4,103.8,8,16,1.3,19.5,3,-10.2,"SOL 50%, BTC 24%, HYPE 18%",True,False,False,True,True,True,True,False,80,-11.4,-3.8,-0.14
F9eP8m…vex1,201,139,-0.46,20.1,-64.4,5,6.4,0.0,0,0,0.0,0.6,1,-64.4,"SOL 99%, BTC 1%",True,True,False,False,False,True,True,False,5,-12.1,-12.1,-2.42
FAB9JH…izAC,124,99,-0.17,23.2,-17.1,3,4.3,0.0,0,0,0.0,0.3,1,-17.1,BTC 100%,True,False,False,False,False,True,True,False,0,0.0,0.0,
FACgD9…dyBv,27,1720,-0.17,5.9,-298.6,1,88.7,1850.5,294,1325,57.33,0.1,1,-298.6,SOL 100%,False,True,False,True,False,False,True,False,9166,-1607.1,-1607.1,-0.18
FAWBGB…7RZU,119,214,-0.26,26.6,-55.4,2,0.0,0.0,0,0,0.0,0.4,1,-55.4,1MBONK 100%,True,True,False,False,False,True,True,False,0,0.0,0.0,
FCuykW…JUuC,53,20,1.32,55.0,26.5,0,17.8,15.0,0,0,0.53,1.9,1,26.5,SOL 100%,False,False,True,False,False,True,True,False,163,-37.9,-37.9,-0.23
FDeQZt…54Pn,213,151,-0.25,33.8,-37.4,3,16.4,10.1,4,21,1.23,3.0,3,-12.5,"SOL 40%, BTC 37%, ETH 23%",True,True,False,True,True,True,True,False,18,-8.4,-2.8,-0.47
FJ4TAm…FzC4,32,23,-0.09,34.8,-2.1,2,75.2,16.7,0,0,0.73,0.5,1,-2.1,"SOL 87%, BTC 9%, ETH 4%",False,False,False,False,False,False,True,False,90,-0.8,-0.8,-0.01
FJkw6Y…A6oQ,178,121,0.02,21.5,1.9,0,3.6,0.0,0,0,0.0,0.9,3,0.6,"SOL 61%, ETH 24%, BTC 8%",True,True,True,False,False,True,True,False,0,0.0,0.0,
FK9ZmE…ZGQB,152,429,-0.2,31.7,-84.8,2,0.0,0.0,0,0,0.0,1.0,3,-28.3,"ETH 37%, BTC 36%, SOL 27%",True,True,False,False,False,True,True,False,0,0.0,0.0,
FKWG1N…3FJ2,158,7531,-0.2,0.1,-1499.7,4,0.1,0.0,0,0,0.0,0.0,1,-1499.7,"BTC 99%, ETH 1%, SOL 0%",True,True,False,False,False,True,True,False,0,0.0,0.0,
FLiitK…RcLr,98,121,-0.22,12.4,-26.6,4,1.3,10.0,0,0,0.63,0.0,1,-26.6,"SOL 84%, BTC 13%, HYPE 2%",True,True,False,False,False,True,True,False,85,-24.4,-24.4,-0.29
FMwEqJ…Hdkt,201,100,-0.43,10.0,-43.3,2,4.5,0.0,0,0,0.0,0.4,1,-43.3,"ETH 67%, BTC 23%, SOL 6%",True,True,False,False,False,True,True,False,0,0.0,0.0,
FN48xM…sgwu,209,325,-0.27,24.6,-88.5,6,33.5,8.6,2,17,1.6,0.9,2,-44.2,"BTC 94%, SOL 6%, ETH 1%",True,True,False,True,False,True,True,False,45,-11.5,-5.8,-0.26
FPrN2z…rLG4,66,131,-0.15,52.7,-19.3,1,9.8,0.0,0,0,0.0,0.3,1,-19.3,SOL 100%,False,True,False,False,False,True,True,False,0,0.0,0.0,
FQbZeB…gHf2,147,200,-0.4,30.0,-79.7,5,0.2,6.6,4,12,1.27,0.6,2,-39.8,"BTC 69%, SOL 31%",True,True,False,True,False,True,True,False,105,-45.9,-23.0,-0.44
FQiWNx…riA2,76,44,-0.57,31.8,-25.1,2,0.7,3.6,6,9,0.6,2.5,1,-25.1,SOL 100%,False,False,False,True,True,True,True,False,132,-24.1,-24.1,-0.18
FQmDjL…MHjh,191,263,-0.08,38.8,-20.1,2,0.0,0.0,0,0,0.0,4.0,3,-6.7,"ETH 37%, SOL 33%, BTC 29%",True,True,False,False,True,True,True,False,0,0.0,0.0,
FRkd1D…bfYC,30,120,-0.23,0.0,-27.3,1,0.0,8.3,24,44,4.0,0.0,1,-27.3,SOL 100%,False,True,False,True,False,True,True,False,235,-76.1,-76.1,-0.32
FS8sZF…e4WS,60,103,-0.01,44.7,-1.5,2,0.0,7.9,26,41,2.03,1.4,1,-1.5,"SOL 66%, BTC 34%",False,True,False,True,False,True,True,False,88,-28.4,-28.4,-0.32
FSZE4g…YnDd,154,327,-0.0,60.2,-1.0,4,27.8,10.3,0,0,0.3,0.6,1,-1.0,SOL 100%,True,True,False,False,False,True,True,False,0,0.0,0.0,
FSkPzo…8U9E,88,216,-0.69,6.5,-149.2,3,56.0,16.4,3,12,2.6,0.0,3,-49.7,"SOL 72%, BTC 8%, 1MBONK 7%",False,True,False,True,False,False,True,False,232,-73.1,-24.4,-0.32
FT6jgu…m7Zc,9,44,-0.22,13.6,-9.8,1,40.2,95.2,10,44,1.47,0.8,2,-4.9,"BTC 91%, SOL 7%, JUP 2%",False,False,False,True,False,True,True,False,84,5.1,2.6,0.06
FVcDax…9vHZ,36,128,-0.44,23.4,-56.0,2,0.1,12.7,25,41,3.47,2.8,2,-28.0,"SOL 66%, BTC 34%",False,True,False,True,False,True,True,False,223,-97.0,-48.5,-0.43
FVd1cU…yuQz,145,64,-0.46,17.2,-29.7,3,3.8,44.8,0,0,0.33,0.6,1,-29.7,"BTC 64%, SOL 36%",True,False,False,False,False,True,True,False,78,-21.1,-21.1,-0.27
FVgpjb…29pG,45,18,-0.01,72.2,-0.2,1,0.0,0.0,0,0,0.0,0.8,1,-0.2,SOL 100%,False,False,False,False,False,True,True,False,104,-32.0,-32.0,-0.31
FVzHtf…w7qM,214,126,0.1,51.6,12.5,2,0.9,36.6,0,2,0.07,2.0,2,6.2,"SOL 56%, ETH 23%, BTC 21%",True,True,True,False,True,True,True,False,0,0.0,0.0,
FYQJA5…Ui8A,76,239,-0.12,23.0,-28.4,1,0.2,12.0,0,0,0.53,0.3,1,-28.4,SOL 100%,False,True,False,False,False,True,True,False,266,-68.2,-68.2,-0.26
Fa7oCN…AfAB,148,326,-0.29,7.1,-94.9,2,8.6,0.0,0,0,0.0,0.0,1,-94.9,"ETH 59%, SOL 40%, BTC 2%",True,True,False,False,False,True,True,False,0,0.0,0.0,
Fakwu8…5EQm,62,270,-0.23,13.3,-62.2,3,0.0,41.8,83,84,2.93,0.0,1,-62.2,SOL 100%,False,True,False,True,False,True,True,False,16,-4.8,-4.8,-0.3
FbQqSs…Qyor,71,90,0.09,12.2,8.4,2,52.3,5.6,0,0,0.53,0.0,3,2.8,"SOL 60%, BTC 36%, FARTCOIN 1%",False,False,True,False,False,False,True,False,25,-4.9,-1.6,-0.2
FbkqDk…nAPb,131,42,-0.26,28.6,-10.9,1,7.5,0.0,0,0,0.0,0.2,2,-5.4,"BTC 50%, ETH 38%, SOL 12%",True,False,False,False,False,True,True,False,69,-15.0,-7.5,-0.22
Fc1vot…XY6q,151,124,-0.09,50.0,-11.1,1,4.3,0.0,0,0,0.0,2.4,3,-3.7,"SOL 44%, BTC 29%, ETH 27%",True,True,False,False,True,True,True,False,0,0.0,0.0,
Fdxc56…NL2G,125,189,-0.22,6.9,-42.4,4,0.0,0.0,0,0,0.0,0.1,1,-42.4,"BTC 98%, SOL 2%",True,True,False,False,False,True,True,False,0,0.0,0.0,
FfPYWx…VBj1,17,55,-0.18,30.9,-10.0,1,16.7,53.4,15,42,1.83,10.0,2,-5.0,"BTC 55%, SOL 45%",False,False,False,True,True,True,True,False,257,-27.7,-13.8,-0.11
Fg6C9n…Hhot,62,257,-0.26,30.7,-67.4,2,0.0,0.0,0,0,0.0,1.5,2,-33.7,"BTC 55%, SOL 45%",False,True,False,False,False,True,True,False,0,0.0,0.0,
FgHott…8ycR,168,177,-0.1,29.9,-18.3,2,50.7,0.0,0,0,0.0,0.2,1,-18.3,"ETH 95%, BTC 3%, SOL 2%",True,True,False,False,False,False,True,False,0,0.0,0.0,
FgkF11…kZvz,93,127,-0.08,55.1,-10.2,1,17.8,0.0,0,0,0.0,0.6,1,-10.2,SOL 100%,True,True,False,False,False,True,True,False,0,0.0,0.0,
Fgwzpy…auuT,164,187,-0.48,30.5,-90.6,4,7.0,0.0,0,0,0.0,2.1,3,-30.2,"SOL 63%, BTC 18%, ETH 12%",True,True,False,False,True,True,True,False,0,0.0,0.0,
Fiensk…8G4b,157,6051,-0.16,7.2,-956.4,6,28.2,807.0,80,206,20.6,0.1,1,-956.4,BTC 100%,True,True,False,True,False,False,True,False,2991,-515.1,-515.1,-0.17
Fj96i7…hgps,112,16,0.25,62.5,3.9,0,0.0,0.0,0,0,0.0,9.9,2,2.0,"BTC 69%, SOL 25%, ASTER 6%",True,False,True,False,True,True,True,False,127,44.7,22.4,0.35
FmQBj3…Twdb,180,142,-0.21,0.0,-29.6,1,0.0,0.0,0,0,0.0,0.0,1,-29.6,BTC 100%,True,True,False,False,False,True,True,False,0,0.0,0.0,
FmweHw…a5W5,157,425,-0.21,16.2,-89.5,6,63.3,11.5,0,0,0.3,0.6,1,-89.5,"BTC 99%, SOL 1%",True,True,False,False,False,False,True,False,0,0.0,0.0,
FnBbok…vNDe,58,458,-0.28,4.6,-128.2,1,0.0,0.0,0,0,0.0,0.0,3,-42.7,"SOL 57%, BTC 40%, APT 1%",False,True,False,False,False,True,True,False,0,0.0,0.0,
FoHvHi…rXbf,125,287,-0.32,30.7,-91.1,5,0.0,28.9,23,42,1.4,0.9,2,-45.6,"SOL 39%, APT 28%, ARB 15%",True,True,False,True,False,True,True,False,35,-22.5,-11.2,-0.64
FoVuqD…1z2M,214,141,-0.19,29.1,-27.1,3,30.3,0.0,0,0,0.0,4.3,2,-13.6,"SOL 62%, BTC 32%, ETH 3%",True,True,False,False,True,True,True,False,18,14.8,7.4,0.82
FrsmW6…LE2E,183,128,-0.52,15.6,-67.2,4,78.0,18.5,0,0,1.0,3.9,2,-33.6,"SOL 81%, BTC 18%, 1MBONK 1%",True,True,False,False,True,False,True,False,0,0.0,0.0,
Fs1HLf…fsYj,51,136,-0.32,20.6,-43.5,2,0.0,11.9,0,3,1.77,1.5,2,-21.8,"BTC 87%, SOL 12%, HYPE 1%",False,True,False,False,False,True,True,False,38,-31.1,-15.6,-0.82
Fs37aY…wa1D,211,366,-0.21,29.2,-75.9,4,9.9,0.0,0,0,0.0,0.3,2,-38.0,"ETH 50%, SOL 25%, BTC 25%",True,True,False,False,False,True,True,False,0,0.0,0.0,
FtDvnu…rnu1,125,142,-0.18,27.5,-25.1,2,1.4,0.0,0,0,0.0,0.3,1,-25.1,"SOL 44%, BTC 32%, ETH 23%",True,True,False,False,False,True,True,False,0,0.0,0.0,
Ftt5oC…rnbB,180,439,-0.22,6.6,-95.3,5,0.2,6.0,0,0,0.07,0.1,2,-47.6,"BTC 59%, ETH 31%, SOL 9%",True,True,False,False,False,True,True,False,0,0.0,0.0,
FuDyus…SAzV,123,121,-0.24,42.1,-29.0,3,37.7,0.0,0,0,0.0,0.3,1,-29.0,SOL 100%,True,True,False,False,False,True,True,False,0,0.0,0.0,
Fzadt3…EvRJ,186,186,-0.22,23.1,-41.6,3,0.0,0.0,0,0,0.0,0.3,1,-41.6,"SOL 90%, ETH 7%, BTC 3%",True,True,False,False,False,True,True,False,0,0.0,0.0,
FzpPo8…LuBM,186,214,-0.16,30.4,-34.3,4,6.0,0.0,0,0,0.0,0.3,1,-34.3,"BTC 83%, ETH 17%",True,True,False,False,False,True,True,False,0,0.0,0.0,
G1FM7y…ZPY2,139,462,-0.25,18.6,-114.0,2,28.5,0.0,0,0,0.0,0.2,3,-38.0,"SOL 42%, ETH 40%, BTC 12%",True,True,False,False,False,True,True,False,0,0.0,0.0,
G1r32U…qJdx,202,53,0.5,54.7,26.4,1,8.7,11.1,0,13,0.53,22.7,2,13.2,"BTC 49%, SOL 45%, JUP 4%",True,False,True,False,True,True,True,False,82,-25.3,-12.6,-0.31
G38VPD…JDMN,76,9,-0.37,55.6,-3.4,1,20.7,0.0,0,0,0.0,2.3,2,-1.7,"SOL 67%, BTC 33%",False,False,False,False,True,True,True,False,100,-13.7,-6.8,-0.14
G4g3td…QdsR,214,225,-0.09,38.7,-20.3,4,75.0,22.8,0,4,0.4,1.9,3,-6.8,"SOL 93%, LINK 4%, RENDER 2%",True,True,False,False,False,False,True,False,5,-4.8,-1.6,-0.96
G5DBDY…seYc,139,110,-0.16,38.2,-17.7,4,1.2,13.2,1,15,1.7,0.4,1,-17.7,"BTC 53%, SOL 47%",True,True,False,True,False,True,True,False,54,-16.9,-16.9,-0.31
G5pMVN…shpu,209,202,-0.43,28.2,-86.1,4,4.6,0.0,0,0,0.0,1.8,2,-43.0,"SOL 59%, ETH 19%, BTC 17%",True,True,False,False,False,True,True,False,3,-3.2,-1.6,-1.05
G6bxfT…vbUS,67,141,-0.26,17.7,-36.4,1,0.0,0.0,0,0,0.0,0.1,1,-36.4,SOL 100%,False,True,False,False,False,True,True,False,0,0.0,0.0,
G6y1EQ…uANf,128,157,-0.23,0.6,-35.4,1,0.0,0.0,0,0,0.0,0.0,1,-35.4,BTC 100%,True,True,False,False,False,True,True,False,5,-3.7,-3.7,-0.73
G75sVe…VXTY,214,1698,-0.22,2.6,-370.0,6,70.0,19.6,1,8,1.97,0.0,2,-185.0,"SOL 55%, BTC 25%, ETH 19%",True,True,False,True,False,False,True,False,375,-85.6,-42.8,-0.23
G85Tu3…qjyv,209,590,-0.21,17.3,-121.5,5,1.1,0.0,0,0,0.0,0.6,1,-121.5,"BTC 100%, ETH 0%",True,True,False,False,False,True,True,False,0,0.0,0.0,
G8ipCT…gbQe,193,139,0.23,64.7,32.4,2,0.2,0.0,0,0,0.0,3.9,1,32.4,"SOL 97%, DRIFT 1%, ETH 1%",True,True,True,False,True,True,True,False,10,1.9,1.9,0.19
G8qVPa…4Zig,172,222,-0.31,23.9,-69.5,4,83.0,17.2,0,1,2.5,0.2,1,-69.5,SOL 100%,True,True,False,False,False,False,True,False,19,-17.2,-17.2,-0.91
G96FMk…cGkj,212,17,-0.06,47.1,-1.0,3,25.3,9.2,4,12,0.4,3.6,1,-1.0,BTC 100%,True,False,False,True,True,True,True,False,124,7.4,7.4,0.06
G9kvXT…7CsP,205,9,2.47,33.3,22.3,2,0.0,0.0,0,0,0.0,0.5,1,22.3,"SOL 56%, BTC 22%, DRIFT 22%",True,False,True,False,False,True,True,False,114,-108.4,-108.4,-0.95
GAAFHR…CB9G,202,356,-0.26,5.6,-91.9,6,0.0,4.0,1,1,0.03,0.0,1,-91.9,"ETH 97%, SOL 2%, BTC 1%",True,True,False,False,False,True,True,False,11,-2.7,-2.7,-0.24
GACKvT…dpf6,20,127,-0.01,6.3,-1.9,1,0.0,454.4,119,127,4.23,0.0,1,-1.9,"SOL 94%, 1MBONK 3%, BTC 3%",False,True,False,True,False,False,True,False,984,-471.8,-471.8,-0.48
GAmtRV…ZKtp,147,254,-0.2,8.3,-52.0,2,0.6,0.0,0,0,0.0,0.4,1,-52.0,"BTC 99%, ETH 1%",True,True,False,False,False,True,True,False,0,0.0,0.0,
GBxbVc…UDGk,138,146,0.04,31.5,5.5,0,2.2,0.0,0,0,0.0,0.4,1,5.5,"SOL 99%, BTC 1%",True,True,True,False,False,True,True,False,0,0.0,0.0,
GDynjj…58EV,37,144,-0.17,31.9,-25.0,1,0.0,37.0,0,0,0.43,1.0,2,-12.5,"BTC 51%, SOL 49%",False,True,False,False,False,True,True,False,0,0.0,0.0,
GEYWTG…FJph,212,117,-0.23,44.4,-27.0,3,2.8,0.0,0,0,0.0,1.5,2,-13.5,"ETH 56%, BTC 44%",True,True,False,False,False,True,True,False,0,0.0,0.0,
GGgknR…mmKn,56,597,-0.15,13.2,-88.7,1,0.1,0.0,0,0,0.0,0.0,1,-88.7,SOL 100%,False,True,False,False,False,True,True,False,0,0.0,0.0,
GGwTWK…QqDy,46,361,-0.33,16.6,-120.3,2,0.0,46.3,8,46,10.07,0.2,2,-60.2,"SOL 43%, ARB 29%, BTC 28%",False,True,False,True,False,True,True,False,58,-25.5,-12.8,-0.44
GHZZnD…esCR,166,231,-0.23,6.5,-53.7,1,0.0,0.0,0,0,0.0,0.0,2,-26.8,"ETH 66%, BTC 29%, SOL 4%",True,True,False,False,False,True,True,False,0,0.0,0.0,
GHkYRX…LVJd,82,107,-0.57,3.7,-61.2,3,54.8,9.6,3,7,1.47,0.0,1,-61.2,"SOL 60%, DRIFT 20%, BTC 7%",False,True,False,True,False,False,True,False,222,-108.2,-108.2,-0.49
GLMAAJ…u27s,214,196,-0.2,32.7,-39.6,4,1.4,4.0,0,0,0.07,1.6,2,-19.8,"ETH 42%, BTC 38%, SOL 20%",True,True,False,False,False,True,True,False,0,0.0,0.0,
GLPXqD…T15u,138,341,-0.51,10.0,-174.9,3,0.0,34.5,208,233,10.5,0.0,3,-58.3,"SOL 42%, BTC 31%, DRIFT 21%",True,True,False,True,False,True,True,False,21,-3.8,-1.3,-0.18
GMpDJi…V4BT,129,219,-0.18,27.9,-40.1,2,0.0,0.0,0,0,0.0,1.0,3,-13.4,"ETH 40%, BTC 37%, SOL 23%",True,True,False,False,False,True,True,False,0,0.0,0.0,
GPYxeo…dP6n,144,145,-0.33,30.3,-47.6,3,0.8,0.0,0,0,0.0,1.7,2,-23.8,"BTC 39%, ETH 37%, SOL 23%",True,True,False,False,False,True,True,False,0,0.0,0.0,
GQWrTC…xjBj,191,169,-0.36,35.5,-61.5,5,10.6,0.0,0,0,0.0,8.5,3,-20.5,"BTC 44%, SOL 36%, ETH 20%",True,True,False,False,True,True,True,False,0,0.0,0.0,
GRX4JZ…1DsN,160,103,-0.28,24.3,-28.7,5,7.8,0.0,0,0,0.0,2.2,2,-14.4,"ETH 36%, SOL 31%, BTC 26%",True,True,False,False,True,True,True,False,3,0.7,0.4,0.22
GUA1mp…qwY3,136,116,-0.13,47.4,-15.4,2,0.0,0.0,0,0,0.0,0.2,1,-15.4,SOL 100%,True,True,False,False,False,True,True,False,0,0.0,0.0,
GViG6y…wD8V,214,1473,-0.23,3.5,-345.2,6,68.6,12.9,0,3,1.37,0.0,2,-172.6,"SOL 52%, BTC 25%, ETH 20%",True,True,False,False,False,False,True,False,106,-24.6,-12.3,-0.23
GVqny9…aevp,214,155,-0.22,44.5,-34.1,4,93.7,87.8,0,0,0.0,2.2,1,-34.1,"ETH 95%, ASTER 5%",True,True,False,False,True,False,True,False,0,0.0,0.0,
GVswQG…U3aw,192,179,0.14,30.7,25.6,4,0.0,4.8,0,0,0.03,3.0,2,12.8,"ETH 55%, BTC 45%",True,True,True,False,True,True,True,False,0,0.0,0.0,
GZ2QXa…dPQr,214,447,-0.14,28.0,-60.4,6,9.8,19.3,9,20,3.07,0.2,1,-60.4,"SOL 76%, BTC 24%, DRIFT 0%",True,True,False,True,False,True,True,False,78,5.2,5.2,0.07
GZ3JuR…ffQw,169,99,-0.01,35.4,-0.6,3,2.9,10.8,14,27,2.07,1.8,1,-0.6,"SOL 79%, BTC 21%",True,False,False,True,False,True,True,False,49,-19.6,-19.6,-0.4
GZ5dNh…2ExU,212,737,-0.24,3.3,-174.1,6,63.4,6.2,0,0,0.37,0.0,3,-58.0,"SOL 50%, ETH 25%, BTC 24%",True,True,False,False,False,False,True,False,33,-6.4,-2.1,-0.19
Gdtp8r…m2ns,211,301,-0.23,39.9,-68.5,3,43.2,2.3,0,0,0.07,0.2,2,-34.2,"SOL 96%, BTC 2%, ETH 2%",True,True,False,False,False,True,True,False,8,-0.7,-0.4,-0.09
Gei3Re…mAd7,214,86,3.69,73.3,317.1,2,30.5,34.0,0,1,0.17,51.9,6,52.8,"SOL 26%, ETH 19%, BTC 19%",True,False,True,False,True,True,True,False,14,-35.3,-5.9,-2.52
Gf8QzU…UW1B,195,90,-0.09,25.6,-8.3,4,55.9,6.3,3,8,0.7,0.5,1,-8.3,"BTC 60%, SOL 28%, ETH 12%",True,False,False,True,False,False,True,False,24,-1.5,-1.5,-0.06
GhyaAj…T78Q,97,1642,-0.25,2.4,-406.8,4,55.5,63.9,23,91,11.0,0.0,1,-406.8,SOL 100%,True,True,False,True,False,False,True,False,775,-211.6,-211.6,-0.27
Gi5soU…iKGX,214,1820,-0.22,5.5,-398.7,6,68.6,34.2,0,0,2.07,0.0,1,-398.7,SOL 100%,True,True,False,False,False,False,True,False,0,0.0,0.0,
GiJ197…AryF,138,538,-0.26,27.0,-137.9,4,71.7,26.2,28,59,5.17,0.5,1,-137.9,"ETH 51%, SOL 48%, BTC 1%",True,True,False,True,False,False,True,False,328,-81.6,-81.6,-0.25
GjMNun…Uka7,165,130,-0.2,4.6,-26.6,3,0.0,0.0,0,0,0.0,0.0,1,-26.6,"BTC 70%, ETH 25%, SOL 5%",True,True,False,False,False,True,True,False,0,0.0,0.0,
GkdPY6…sWCc,38,98,-0.19,36.7,-18.9,2,14.1,12.1,5,20,2.2,1.5,3,-6.3,"SOL 56%, BTC 19%, AVAX 17%",False,False,False,True,False,True,True,False,16,-18.3,-6.1,-1.15
Gkq6WN…zToy,160,2577,-0.21,4.9,-547.1,3,0.0,0.0,0,0,0.0,0.0,1,-547.1,"ETH 99%, SOL 1%, BTC 0%",True,True,False,False,False,True,True,False,0,0.0,0.0,
GnZLWK…zmkC,204,100,0.04,31.0,3.8,3,5.2,0.0,0,0,0.0,0.6,2,1.9,"SOL 43%, BTC 34%, ETH 23%",True,True,True,False,False,True,True,False,0,0.0,0.0,
GpQxUk…BVQK,145,18,0.51,44.4,9.2,2,14.0,10.5,0,1,0.1,48.0,1,9.2,"SOL 94%, BTC 6%",True,False,True,False,True,True,True,False,88,-43.6,-43.6,-0.5
GpTFRs…dSuP,96,65,-1.24,21.5,-80.6,3,0.0,0.0,0,0,0.0,2.5,2,-40.3,"SOL 63%, WIF 29%, 1MBONK 5%",True,False,False,False,True,True,True,False,61,-14.3,-7.2,-0.23
Gq1dGM…8Kxo,138,120,-0.14,10.0,-17.4,1,26.4,0.0,0,0,0.0,0.1,1,-17.4,"ETH 95%, BTC 5%",True,True,False,False,False,True,True,False,0,0.0,0.0,
Gtackf…57Ae,109,33,-0.75,30.3,-24.8,4,2.6,8.5,0,0,0.1,1.1,2,-12.4,"SOL 76%, BTC 24%",True,False,False,False,False,True,True,False,67,-5.3,-2.6,-0.08
GvFjvc…FnRm,106,413,-0.21,21.1,-87.7,1,0.0,0.0,0,0,0.0,0.1,1,-87.7,SOL 100%,True,True,False,False,False,True,True,False,0,0.0,0.0,
GwLptT…vGyg,66,6,-0.0,33.3,-0.0,1,0.0,0.0,0,0,0.0,0.8,1,-0.0,SOL 100%,False,False,False,False,False,True,True,False,128,-37.5,-37.5,-0.29
GwNptb…TAAg,66,58,-0.27,20.7,-15.7,2,20.9,0.0,0,0,0.0,0.3,1,-15.7,"SOL 98%, BTC 2%",False,False,False,False,False,True,True,False,89,-36.5,-36.5,-0.41
GwpJXx…cqXZ,83,4,1.95,75.0,7.8,1,1.3,3.0,0,0,0.0,46.0,1,7.8,SOL 100%,False,False,True,False,True,True,True,False,175,-46.6,-46.6,-0.27
Gx24Yw…7Hwh,163,858,-0.22,0.0,-187.7,2,0.0,0.0,0,0,0.0,0.0,1,-187.7,"BTC 100%, ETH 0%",True,True,False,False,False,True,True,False,0,0.0,0.0,
GxUbE2…6cPN,209,80,-0.1,35.0,-7.8,3,0.8,5.1,1,1,0.2,2.5,2,-3.9,"SOL 50%, ETH 44%, 1MPEPE 5%",True,False,False,False,True,True,True,False,56,-28.0,-14.0,-0.5
GyjUoP…ZGfS,178,133,-0.26,14.3,-34.0,4,0.0,0.0,0,0,0.0,0.1,1,-34.0,SOL 100%,True,True,False,False,False,True,True,False,0,0.0,0.0,
H1aALC…3G5J,213,160,-0.07,42.5,-10.8,3,1.4,5.2,0,2,0.07,1.4,2,-5.4,"SOL 65%, ETH 32%, 1MBONK 2%",True,True,False,False,False,True,True,False,21,27.3,13.6,1.3
H1tgFa…fNYW,88,15,-0.3,13.3,-4.6,1,0.0,0.0,0,0,0.0,0.1,1,-4.6,SOL 100%,False,False,False,False,False,True,True,False,240,-140.2,-140.2,-0.58
H1tuaK…xziu,211,197,-0.38,35.0,-74.3,5,0.0,4.4,1,4,0.9,8.0,1,-74.3,SOL 100%,True,True,False,True,True,True,True,False,2,-4.0,-4.0,-1.99
H2DVhh…pjJe,73,23,-0.85,34.8,-19.6,2,9.1,0.0,0,0,0.0,1.7,1,-19.6,"SOL 83%, BTC 17%",False,False,False,False,False,True,True,False,159,-62.6,-62.6,-0.39
H3vbXZ…EMtw,92,144,-0.21,38.9,-30.7,3,1.6,0.0,0,0,0.0,0.4,2,-15.4,"BTC 53%, SOL 46%, ETH 1%",True,True,False,False,False,True,True,False,0,0.0,0.0,
H46qdb…pfNL,187,309,-0.22,26.2,-68.7,6,0.0,8.4,7,9,1.53,0.2,1,-68.7,"SOL 99%, BTC 1%, ETH 0%",True,True,False,True,False,True,True,False,77,-16.8,-16.8,-0.22
H4ACCC…U1JS,117,105,-0.15,41.9,-15.6,2,34.4,0.0,0,0,0.0,0.8,1,-15.6,SOL 100%,True,True,False,False,False,True,True,False,0,0.0,0.0,
H4K4iN…Ciam,189,1674,-0.09,33.5,-151.0,4,23.8,14.6,0,4,2.23,0.2,1,-151.0,SOL 100%,True,True,False,False,False,True,True,False,0,0.0,0.0,
H4RbeA…F6BB,99,299,-0.21,0.3,-61.7,2,0.1,0.0,0,0,0.0,0.0,1,-61.7,"BTC 100%, ETH 0%",True,True,False,False,False,True,True,False,0,0.0,0.0,
H4g1Gp…PEyM,147,122,-0.27,0.8,-32.5,1,0.0,0.0,0,0,0.0,0.0,1,-32.5,ETH 100%,True,True,False,False,False,True,True,False,0,0.0,0.0,
H6AH7b…mEk9,176,129,-0.28,16.3,-36.4,1,6.8,0.0,0,0,0.0,0.1,2,-18.2,"BTC 48%, ETH 45%, SOL 5%",True,True,False,False,False,True,True,False,0,0.0,0.0,
H6VsQY…Uj4G,163,120,-0.39,6.7,-47.0,6,0.2,17.7,4,4,0.27,0.1,2,-23.5,"SOL 70%, ETH 28%, BTC 2%",True,True,False,True,False,True,True,False,33,-8.3,-4.2,-0.25
H6XuMy…YSWM,6,140,-0.2,0.7,-28.2,1,0.0,435.5,140,140,4.67,0.0,1,-28.2,SOL 100%,False,True,False,True,False,False,True,False,1,0.2,0.2,0.18
H8D146…FuqT,212,170,-0.29,16.5,-50.0,2,2.6,0.0,0,0,0.0,0.8,2,-25.0,"ETH 69%, BTC 24%, SOL 8%",True,True,False,False,False,True,True,False,0,0.0,0.0,
H9pPXd…zH5r,209,111,-0.25,16.2,-27.5,4,11.7,3.0,0,0,0.2,0.0,2,-13.8,"BTC 51%, SOL 30%, ETH 19%",True,True,False,False,False,True,True,False,3,21.8,10.9,7.26
HAkxmz…AKqS,29,110,-0.14,31.8,-15.9,1,0.0,46.7,0,0,3.67,0.6,2,-8.0,"SOL 52%, BTC 48%",False,True,False,False,False,True,True,False,0,0.0,0.0,
HDov9y…Teca,41,99,-0.06,26.3,-5.9,1,0.0,40.4,0,0,3.07,2.6,3,-2.0,"BTC 52%, SOL 47%, ETH 1%",False,False,False,False,False,True,True,False,0,0.0,0.0,
HDs35R…JjTh,162,102,0.0,59.8,0.0,1,2.1,0.0,0,0,0.0,3.4,1,0.0,SOL 100%,True,True,False,False,True,True,True,False,0,0.0,0.0,
HFkRqr…crVP,213,83,-1.12,15.7,-92.7,6,0.1,3.9,3,6,0.6,14.2,1,-92.7,"SOL 90%, ETH 10%",True,False,False,True,True,True,True,False,17,-29.7,-29.7,-1.74
HFq8BN…TnPp,210,11686,-0.18,11.2,-2100.4,6,70.0,621.3,209,1042,126.27,0.1,2,-1050.2,"SOL 95%, ETH 3%, BTC 2%",True,True,False,True,False,False,True,False,0,0.0,0.0,
HFwZ9v…orjT,0,12,-0.26,0.0,-3.1,1,0.3,42.0,12,12,0.4,0.1,1,-3.1,BTC 100%,False,False,False,True,False,True,True,False,89,-29.9,-29.9,-0.34
HFwdX8…ncGY,214,513,-0.25,3.3,-127.8,6,58.4,5.8,1,10,1.0,0.0,1,-127.8,"SOL 53%, BTC 24%, ETH 19%",True,True,False,True,False,False,True,False,122,-33.6,-33.6,-0.28
HFyvm2…wq4f,137,108,-0.27,0.0,-29.6,2,0.0,0.0,0,0,0.0,0.0,1,-29.6,"BTC 56%, SOL 35%, ETH 9%",True,True,False,False,False,True,True,False,0,0.0,0.0,
HGCWUG…1To2,113,504,-0.18,30.4,-91.5,2,0.0,0.0,0,0,0.0,1.6,2,-45.8,"BTC 59%, SOL 41%",True,True,False,False,False,True,True,False,0,0.0,0.0,
HGQG8D…X3JS,213,259,-0.3,31.7,-78.5,5,0.5,0.0,0,0,0.0,0.9,1,-78.5,SOL 100%,True,True,False,False,False,True,True,False,0,0.0,0.0,
HGTHZA…6KQn,214,189,-0.34,34.9,-63.4,4,54.8,5.6,4,6,0.33,1.5,2,-31.7,"SOL 56%, ETH 21%, BTC 21%",True,True,False,True,False,False,True,False,59,-12.0,-6.0,-0.2
HGXfzv…XSnw,55,51,-0.08,51.0,-3.8,1,0.1,0.0,0,0,0.0,4.7,1,-3.8,BTC 100%,False,False,False,False,True,True,True,False,90,2.0,2.0,0.02
HH2fvn…JKAb,214,123,-0.34,6.5,-41.5,6,64.6,4.0,0,0,0.03,0.0,1,-41.5,"SOL 55%, ETH 24%, BTC 14%",True,True,False,False,False,False,True,False,21,-4.1,-4.1,-0.19
HJ2N83…3f8X,150,224,-0.16,4.5,-35.5,1,4.1,0.0,0,0,0.0,0.0,1,-35.5,"BTC 98%, SOL 1%, ASTER 1%",True,True,False,False,False,True,True,False,0,0.0,0.0,
HKFRbD…gq6K,125,121,0.4,47.9,48.1,3,83.2,0.0,0,0,0.0,1.1,5,9.6,"SOL 25%, HYPE 14%, ETH 13%",True,True,True,False,False,False,True,False,2,-2.7,-0.5,-1.35
HN1D64…c3Jj,214,106,-0.12,38.7,-12.5,1,12.6,0.0,0,0,0.0,0.2,2,-6.2,"SOL 92%, BTC 6%, ETH 3%",True,True,False,False,False,True,True,False,0,0.0,0.0,
HNLDBT…wYuQ,70,56,-0.13,51.8,-7.5,2,0.0,11.4,2,5,0.57,33.7,3,-2.5,"DRIFT 43%, SOL 18%, APT 16%",False,False,False,True,True,True,True,False,66,43.1,14.4,0.65
HP97nZ…D1hJ,168,173,-0.05,27.7,-9.4,3,0.0,0.0,0,0,0.0,0.7,1,-9.4,"BTC 75%, ETH 24%, SOL 1%",True,True,False,False,False,True,True,False,0,0.0,0.0,
HRBN7p…uQjP,58,9,0.69,88.9,6.2,1,0.0,2.5,1,1,0.03,3.0,1,6.2,"BTC 67%, SOL 33%",False,False,True,False,True,True,True,False,94,18.1,18.1,0.19
HRWMwy…QWyY,148,282,-0.27,13.1,-75.8,2,0.1,0.0,0,0,0.0,0.5,1,-75.8,"BTC 93%, ETH 7%",True,True,False,False,False,True,True,False,0,0.0,0.0,
HTZV1G…3zuw,183,217,-0.25,28.6,-55.0,6,19.4,8.7,0,0,0.17,0.3,1,-55.0,"ETH 53%, SOL 46%, DOGE 2%",True,True,False,False,False,True,True,False,0,0.0,0.0,
HU2f4L…H9eu,105,388,-0.25,31.2,-95.6,2,0.0,0.0,0,0,0.0,2.0,3,-31.9,"BTC 57%, SOL 42%, ETH 1%",True,True,False,False,True,True,True,False,0,0.0,0.0,
HXUxhb…1wgS,98,230,-0.23,10.0,-53.6,2,25.6,178.0,0,0,6.47,0.0,2,-26.8,"SOL 96%, SUI 3%, BTC 1%",True,True,False,False,False,False,True,False,0,0.0,0.0,
HXWojU…7DPZ,177,107,-0.03,34.6,-3.4,1,54.3,0.0,0,0,0.0,3.2,2,-1.7,"SOL 64%, BTC 33%, ETH 4%",True,True,False,False,True,False,True,False,0,0.0,0.0,
HYxqMh…eRe2,156,166,0.06,45.2,9.7,2,27.5,0.0,0,0,0.0,0.8,2,4.8,"SOL 48%, ETH 45%, BTC 7%",True,True,True,False,False,True,True,False,0,0.0,0.0,
HcXfzS…FCvT,44,335,-0.24,2.1,-79.4,2,93.6,125.5,22,39,6.47,0.0,1,-79.4,"SOL 99%, ETH 1%",False,True,False,True,False,False,True,False,325,-65.9,-65.9,-0.2
HfN8ua…7WSb,89,29,1.81,51.7,52.5,1,98.6,3.7,0,6,0.3,70.7,3,17.5,"SOL 52%, JTO 10%, CLOUD 7%",False,False,True,False,True,False,True,False,85,-44.3,-14.8,-0.52
Hg7Lsj…Puec,212,157,0.17,58.6,26.2,1,9.8,0.0,0,0,0.0,5.7,3,8.7,"ETH 46%, BTC 27%, SOL 24%",True,True,True,False,True,True,True,False,0,0.0,0.0,
HgdArF…ytgW,157,331,0.98,58.0,325.4,0,65.0,12.3,3,8,1.23,3.6,4,81.4,"APT 52%, 1MPEPE 31%, ARB 15%",True,True,True,True,True,False,True,False,68,-17.7,-4.4,-0.26
HgeJJh…rG7Y,80,5286,-0.16,1.9,-832.6,3,65.7,150.5,153,914,53.8,0.0,4,-208.2,"SOL 67%, BTC 33%, DRIFT 0%",False,True,False,True,False,False,True,False,2310,-341.4,-85.4,-0.15
HhQ52P…RtHr,71,118,-0.15,5.9,-17.7,3,51.4,8.1,0,4,1.23,0.0,2,-8.8,"SOL 67%, BTC 27%, 1MBONK 3%",False,True,False,False,False,False,True,False,41,10.7,5.4,0.26
HhWejQ…ALeY,90,456,-0.16,16.4,-71.7,1,0.0,0.0,0,0,0.0,0.1,1,-71.7,SOL 100%,True,True,False,False,False,True,True,False,0,0.0,0.0,
HhdxTm…8oan,214,711,-0.23,3.0,-166.7,6,64.4,9.1,1,2,0.5,0.0,1,-166.7,"SOL 54%, ETH 22%, BTC 22%",True,True,False,False,False,False,True,False,43,-14.0,-14.0,-0.32
Hi7uip…7Sch,182,82,0.06,29.3,4.6,3,3.5,52.7,0,0,0.17,1.3,1,4.6,"SOL 98%, BTC 1%, 1MBONK 1%",True,False,True,False,False,True,True,False,35,-12.4,-12.4,-0.35
HjANWH…KTGa,211,204,-0.04,50.0,-8.8,4,30.7,5.8,2,3,0.6,0.9,1,-8.8,"SOL 79%, BTC 21%",True,True,False,False,False,True,True,False,7,-14.3,-14.3,-2.04
Hkup8E…Wthy,142,102,-0.14,25.5,-14.6,1,2.9,0.0,0,0,0.0,0.1,1,-14.6,"SOL 99%, BTC 1%",True,True,False,False,False,True,True,False,0,0.0,0.0,
Hmj865…aP4L,159,232,0.02,37.9,3.8,3,12.8,0.0,0,0,0.0,0.9,4,1.0,"BTC 83%, ETH 4%, SOL 4%",True,True,True,False,False,True,True,False,1,-7.6,-1.9,-7.61
Hn2uC3…HZcb,150,110,-0.2,8.2,-21.9,2,14.5,0.0,0,0,0.0,0.1,1,-21.9,"ETH 50%, BTC 50%",True,True,False,False,False,True,True,False,0,0.0,0.0,
HpUK9j…wHYv,214,460,-0.25,2.4,-116.2,6,59.5,5.0,0,0,0.17,0.0,1,-116.2,"SOL 55%, BTC 24%, ETH 20%",True,True,False,False,False,False,True,False,88,-29.2,-29.2,-0.33
HqVNQ2…eoji,151,1952,-0.21,0.3,-407.3,2,29.4,0.0,0,0,0.0,0.0,1,-407.3,BTC 100%,True,True,False,False,False,True,True,False,0,0.0,0.0,
Hw4hLb…fpGN,63,90,-0.23,32.2,-20.6,3,0.0,11.9,15,33,2.5,2.5,1,-20.6,"SOL 97%, BTC 3%",False,False,False,True,True,True,True,False,10,-0.5,-0.5,-0.05
HyDicf…mXRq,199,9999,-0.21,5.6,-2127.0,3,26.6,29.8,0,1,0.03,0.0,2,-1063.5,"ETH 48%, BTC 43%, SOL 9%",True,True,False,False,False,True,True,False,7,-9.1,-4.6,-1.3
J1UHBE…Sm9X,102,147,-0.18,37.4,-26.8,2,1.2,0.0,0,0,0.0,0.2,1,-26.8,"SOL 99%, AVAX 1%",True,True,False,False,False,True,True,False,0,0.0,0.0,
J1kTUU…BJw6,59,158,-0.21,23.4,-33.0,1,0.0,0.0,0,0,0.0,0.1,1,-33.0,"SOL 88%, BTC 12%",False,True,False,False,False,True,True,False,0,0.0,0.0,
J2UCSk…kQeQ,209,131,-0.27,23.7,-35.5,2,13.0,0.0,0,0,0.0,0.5,2,-17.8,"ETH 89%, BTC 8%, SOL 3%",True,True,False,False,False,True,True,False,0,0.0,0.0,
J4hkgg…RCEn,176,168,-0.21,14.9,-36.0,2,0.9,0.0,0,0,0.0,0.1,1,-36.0,"ETH 77%, BTC 21%, SOL 1%",True,True,False,False,False,True,True,False,0,0.0,0.0,
J6Fqko…yCon,97,189,-0.18,34.4,-33.4,2,99.6,25.5,31,60,4.57,1.3,1,-33.4,"SOL 91%, ETH 9%",True,True,False,True,False,False,True,False,39,-18.7,-18.7,-0.48
J7Tw8b…1Wva,189,950,-0.24,14.1,-225.9,5,0.4,10.2,0,1,1.1,0.2,1,-225.9,SOL 100%,True,True,False,False,False,True,True,False,0,0.0,0.0,
J8gUYg…5Pcq,174,55,0.89,36.4,49.0,1,3.1,6.2,0,5,0.23,3.3,2,24.5,"BTC 89%, SOL 11%",True,False,True,False,True,True,True,False,96,-6.4,-3.2,-0.07
J8ow69…RCSz,212,40,1.75,27.5,70.0,1,4.8,2.6,0,0,0.07,6.9,1,70.0,"DRIFT 88%, ASTER 8%, ARB 2%",True,False,True,False,True,True,True,False,68,-33.0,-33.0,-0.49
JAn4Rs…tznP,133,232,-0.28,38.8,-66.1,4,6.3,9.2,3,8,1.53,1.8,1,-66.1,SOL 100%,True,True,False,True,False,True,True,False,50,-16.1,-16.1,-0.32
JAsKvj…YZVv,83,88,-0.53,40.9,-46.6,3,37.4,6.4,5,17,0.97,7.5,2,-23.3,"SOL 76%, HYPE 16%, BTC 7%",False,False,False,True,True,True,True,False,25,1.6,0.8,0.07
JAvNkB…nZTc,90,387,-0.2,31.5,-77.2,2,0.0,77.3,0,0,0.3,0.8,1,-77.2,SOL 100%,True,True,False,False,False,True,True,False,6,17.6,17.6,2.93
JAy7He…1CvT,164,133,-0.36,33.1,-47.3,5,4.9,0.0,0,0,0.0,0.5,1,-47.3,"SOL 76%, BTC 24%",True,True,False,False,False,True,True,False,0,0.0,0.0,
JBR89g…2Sjw,156,1101,-0.24,9.4,-263.0,2,16.2,0.0,0,0,0.0,0.1,1,-263.0,"ETH 97%, SOL 2%, BTC 2%",True,True,False,False,False,True,True,False,0,0.0,0.0,
JDA7yk…Gqx5,79,149,-0.19,35.6,-28.0,2,16.5,0.0,0,0,0.0,0.3,1,-28.0,SOL 100%,False,True,False,False,False,True,True,False,0,0.0,0.0,
JDZZm1…N36g,122,176,0.07,58.0,12.9,1,0.3,47.3,24,44,3.53,6.0,2,6.4,"SOL 62%, BTC 31%, DRIFT 2%",True,True,True,True,False,True,True,False,138,17.9,9.0,0.13
JDtvoe…4re9,210,324,-0.19,15.4,-62.1,3,0.3,15.0,0,0,0.1,0.1,1,-62.1,"ETH 54%, BTC 45%, SOL 1%",True,True,False,False,False,True,True,False,0,0.0,0.0,
JxnhyA…7Eyc,142,209,-0.31,32.5,-64.7,4,7.3,47.9,0,2,1.07,1.7,2,-32.4,"BTC 92%, SOL 5%, ETH 3%",True,True,False,False,False,True,True,False,41,-12.7,-6.4,-0.31
Mmfo5R…pLYA,164,167,-0.48,28.1,-79.6,5,4.9,0.0,0,0,0.0,2.1,2,-39.8,"SOL 60%, BTC 23%, ETH 11%",True,True,False,False,True,True,True,False,2,-2.0,-1.0,-1.0
PWxQgj…Jy2w,57,231,-0.12,32.9,-27.4,2,29.0,40.5,10,31,4.23,0.8,1,-27.4,"BTC 92%, SOL 8%",False,True,False,True,False,True,True,False,0,0.0,0.0,
S1xZHG…SsvS,211,113,1.26,70.8,142.5,0,68.0,11.6,4,14,1.13,6.5,4,35.6,"SOL 73%, BTC 15%, DRIFT 5%",True,True,True,True,True,False,True,False,17,23.5,5.9,1.38
T9RjwS…fijS,83,115,-1.24,4.3,-142.5,2,44.3,0.0,0,0,0.0,0.0,3,-47.5,"SOL 83%, ADA 6%, 1MBONK 4%",False,True,False,False,False,True,True,False,0,0.0,0.0,
VgJmfA…h8Ub,79,232,-0.23,16.4,-52.3,1,0.0,0.0,0,0,0.0,0.3,1,-52.3,"SOL 79%, ASTER 20%, BTC 0%",False,True,False,False,False,True,True,False,0,0.0,0.0,
VtAQ9w…HydX,137,673,-0.28,15.5,-189.5,2,18.2,0.0,0,0,0.0,0.4,1,-189.5,"ETH 72%, SOL 28%",True,True,False,False,False,True,True,False,0,0.0,0.0,
X2D9n2…HcMj,205,106,-0.91,28.3,-96.8,4,3.8,9.6,0,0,0.0,5.4,3,-32.3,"BTC 75%, SOL 17%, ETH 6%",True,True,False,False,True,True,True,False,1,-0.7,-0.2,-0.69
YeuGvn…bMHV,214,95,0.35,15.8,33.4,3,53.8,0.0,0,0,0.0,0.1,2,16.7,"SOL 52%, BTC 11%, ETH 9%",True,False,True,False,False,False,True,False,34,-10.7,-5.4,-0.31
YvSAm3…GM7F,102,122,-0.62,24.6,-75.6,4,0.8,13.6,0,5,0.3,0.7,1,-75.6,SOL 100%,True,True,False,False,False,True,True,False,7,-23.5,-23.5,-3.35
aeohMr…qyNm,21,2549,-0.18,3.6,-466.5,1,23.7,1182.5,484,1509,84.97,0.0,1,-466.5,BTC 100%,False,True,False,True,False,False,True,False,8495,-1619.1,-1619.1,-0.19
b3juF9…cTNs,214,129,-0.06,37.2,-7.1,4,0.8,4.5,8,8,0.27,6.5,2,-3.6,"SOL 90%, DRIFT 9%, ETH 1%",True,True,False,True,True,True,True,False,1,-7.2,-3.6,-7.19
bQmRuh…bB4g,212,158,0.81,63.9,127.9,1,56.4,9.5,2,5,0.5,9.1,5,25.6,"SOL 63%, 1MBONK 21%, ASTER 5%",True,True,True,True,True,False,True,False,25,12.6,2.5,0.51
bpYd4S…HCu5,157,111,-0.04,48.6,-4.9,3,0.1,0.0,0,0,0.0,0.8,2,-2.4,"SOL 70%, BTC 20%, 1MBONK 10%",True,True,False,False,False,True,True,False,0,0.0,0.0,
cbTyLE…C7Ro,212,204,-0.23,3.4,-47.7,2,4.1,0.0,0,0,0.0,0.0,1,-47.7,"SOL 97%, DOGE 2%, APT 1%",True,True,False,False,False,True,True,False,0,0.0,0.0,
crB8h6…Ea4D,214,401,-0.09,20.4,-34.6,5,27.4,0.0,0,0,0.0,0.4,1,-34.6,"ETH 89%, SOL 11%, DRIFT 0%",True,True,False,False,False,True,True,False,0,0.0,0.0,
crwr5Q…qaJX,12,40,-0.19,12.5,-7.8,1,0.0,18.1,10,40,1.33,0.5,1,-7.8,BTC 100%,False,False,False,True,False,True,True,False,86,-21.7,-21.7,-0.25
eitEyL…HeY5,210,80,-0.93,30.0,-74.4,2,99.2,0.0,0,0,0.0,0.5,3,-24.8,"AVAX 56%, SUI 29%, JUP 5%",True,False,False,False,False,False,True,False,27,-0.3,-0.1,-0.01
esMPHc…rot5,107,11,-0.06,27.3,-0.6,1,0.0,0.0,0,0,0.0,3.5,1,-0.6,BTC 100%,True,False,False,False,True,True,True,False,157,75.0,75.0,0.48
fKKEmJ…Eer7,214,118,-0.41,50.0,-48.9,5,32.0,3.7,0,0,0.0,6.5,2,-24.4,"BTC 76%, SOL 18%, ETH 6%",True,True,False,False,True,True,True,False,29,-18.0,-9.0,-0.62
gDa2Xa…hk84,107,155,-0.44,16.8,-68.8,4,0.0,9.5,1,7,1.17,0.3,3,-22.9,"SOL 48%, BTC 45%, HYPE 3%",True,True,False,True,False,True,True,False,29,-17.4,-5.8,-0.6
i58bBP…6izN,211,33,-0.14,27.3,-4.5,3,25.8,9.2,22,25,0.83,0.3,1,-4.5,"SOL 85%, ETH 15%",True,False,False,True,False,True,True,False,289,-95.1,-95.1,-0.33
iCWzaa…RkKz,44,121,-0.32,1.7,-38.5,1,0.0,0.0,0,0,0.0,0.0,1,-38.5,SOL 100%,False,True,False,False,False,True,True,False,0,0.0,0.0,
iU8U5A…iWTG,171,104,-0.04,64.4,-3.9,2,42.8,0.0,0,0,0.0,1.0,1,-3.9,"SOL 87%, BTC 9%, ETH 5%",True,True,False,False,False,True,True,False,0,0.0,0.0,
jT6Bpi…FYvi,214,910,-0.21,2.9,-188.8,6,58.6,2.7,0,0,0.1,0.0,2,-94.4,"SOL 46%, ETH 27%, BTC 25%",True,True,False,False,False,False,True,False,18,-4.6,-2.3,-0.25
kRuVnL…aKf7,214,153,-0.75,36.6,-114.5,4,0.6,4.8,0,0,0.1,17.8,4,-28.6,"SOL 40%, BTC 22%, ETH 16%",True,True,False,False,True,True,True,False,3,-12.2,-3.0,-4.08
mKg1hT…pw9z,209,444,-0.16,23.6,-69.2,4,1.1,4.0,2,2,0.23,0.2,1,-69.2,"BTC 68%, ETH 31%, SOL 1%",True,True,False,False,False,True,True,False,3,-15.4,-15.4,-5.13
mdSAYn…D9CR,135,168,-0.21,3.6,-36.0,2,2.0,0.0,0,0,0.0,0.0,1,-36.0,"ETH 67%, BTC 32%, SOL 2%",True,True,False,False,False,True,True,False,0,0.0,0.0,
ppS4sq…e3mR,91,215,-0.41,6.0,-88.1,2,62.9,4.4,0,2,0.57,0.0,3,-29.4,"SOL 58%, BTC 33%, ADA 2%",True,True,False,False,False,False,True,False,50,2.1,0.7,0.04
pujmBs…t3wm,177,2620,-0.18,3.5,-471.9,2,0.0,0.0,0,0,0.0,0.1,1,-471.9,"BTC 100%, ETH 0%",True,True,False,False,False,True,True,False,0,0.0,0.0,
rZAgJX…NuCo,164,90,-0.16,52.2,-14.3,2,8.5,0.0,0,0,0.0,0.5,1,-14.3,"SOL 96%, BTC 4%",True,False,False,False,False,True,True,False,36,10.4,10.4,0.29
smv8qD…i53o,93,109,-0.25,0.0,-27.2,1,0.0,0.0,0,0,0.0,0.0,1,-27.2,BTC 100%,True,True,False,False,False,True,True,False,0,0.0,0.0,
uf8yhA…QrVi,178,589,-0.16,35.5,-94.3,2,0.0,0.0,0,0,0.0,1.5,3,-31.4,"BTC 39%, ETH 36%, SOL 25%",True,True,False,False,False,True,True,False,0,0.0,0.0,
vHqvdY…cRca,214,1021,-0.24,2.6,-245.3,6,63.0,5.4,1,5,0.7,0.0,1,-245.3,"SOL 53%, ETH 23%, BTC 23%",True,True,False,True,False,False,True,False,79,-19.3,-19.3,-0.24
vy9wTq…AB78,213,146,-0.47,12.3,-68.6,3,9.6,0.0,0,0,0.0,0.1,2,-34.3,"BTC 89%, ETH 10%, DRIFT 1%",True,True,False,False,False,True,True,False,0,0.0,0.0,
w3HXaC…Z6bd,213,123,-0.2,35.0,-24.2,4,0.0,11.0,0,0,0.03,0.7,1,-24.2,"SOL 58%, ETH 41%, BTC 2%",True,True,False,False,False,True,True,False,1,-0.6,-0.6,-0.62
wwqgzH…UmBc,156,265,-0.16,3.8,-41.6,1,0.0,0.0,0,0,0.0,0.0,1,-41.6,ETH 100%,True,True,False,False,False,True,True,False,0,0.0,0.0,
x2ZptU…FWnL,104,119,-0.18,17.6,-21.6,2,9.1,0.0,0,0,0.0,0.4,2,-10.8,"BTC 78%, SOL 18%, 1MBONK 3%",True,True,False,False,False,True,True,False,0,0.0,0.0,
z9Kgn7…5v62,186,194,0.03,53.1,6.8,2,0.1,0.0,0,0,0.0,5.5,3,2.3,"1MBONK 57%, SOL 27%, BTC 8%",True,True,True,False,True,True,True,False,0,0.0,0.0,
