date,cmc_id,symbol,rank,mcap_usd
2025-06-01,1,BTC,1,2099642960806.6013
2025-06-01,1027,ETH,2,306187817956.99805
2025-06-01,825,USDT,3,153143784808.15805
2025-06-01,52,XRP,4,128048223105.51802
2025-06-01,1839,BNB,5,93125523874.79288
2025-06-01,5426,SOL,6,82429017509.09154
2025-06-01,3408,USDC,7,60907961541.577156
2025-06-01,74,DOGE,8,28950116941.68926
2025-06-01,1958,TRX,9,25723861113.952858
2025-06-01,2010,ADA,10,24205424796.985332
2025-06-01,32196,HYPE,11,11392115417.178043
2025-06-01,20947,SUI,12,11353128078.90863
2025-06-01,1975,LINK,13,9240259400.453876
2025-06-01,5805,AVAX,14,8798655045.34119
2025-06-01,512,XLM,15,8326072568.0653305
2025-06-01,1831,BCH,16,8024721386.746198
2025-06-01,3957,LEO,17,7977719251.738007
2025-06-01,11419,TON,18,7864926516.5607395
2025-06-01,5994,SHIB,19,7626240219.688004
2025-06-01,4642,HBAR,20,7122667430.040639
2025-06-01,2,LTC,21,6710486019.467222
2025-06-01,6636,DOT,22,6434482170.252595
2025-06-01,328,XMR,23,6432556695.598109
2025-06-01,11092,BGB,24,5606145558.709592
2025-06-01,29470,USDe,25,5464333904.032213
2025-06-01,4943,DAI,26,5364499740.112172
2025-06-01,24478,PEPE,27,4964644333.78072
2025-06-01,35697,PI,28,4704315264.294834
2025-06-01,7083,UNI,29,3962888434.1316366
2025-06-01,7278,AAVE,30,3727473738.730225
2025-06-01,22974,TAO,31,3622260655.2648706
2025-06-01,21794,APT,32,3032185564.0973988
2025-06-01,3897,OKB,33,3006404868.735531
2025-06-01,6535,NEAR,34,3002850703.894118
2025-06-01,3635,CRO,35,2812220296.1021414
2025-06-01,21159,ONDO,36,2665676933.098941
2025-06-01,8916,ICP,37,2635526881.010573
2025-06-01,1321,ETC,38,2600249969.5876384
2025-06-01,4269,GT,39,2369315298.346995
2025-06-01,20396,KAS,40,2325803917.7914605
2025-06-01,27075,MNT,41,2302692374.6925917
2025-06-01,35336,TRUMP,42,2274834150.837962
2025-06-01,28321,POL,43,2243525455.093918
2025-06-01,36148,USD1,44,2165746156.3369975
2025-06-01,3077,VET,45,2091042418.1843708
2025-06-01,5690,RENDER,46,2032192027.1461258
2025-06-01,3773,FET,47,1821118097.5945375
2025-06-01,30171,ENA,48,1824234889.9974089
2025-06-01,13502,WLD,49,1808058232.2705543
2025-06-01,2280,FIL,50,1731560459.1867757
2025-06-01,3794,ATOM,51,1706988806.433759
2025-06-01,4030,ALGO,52,1682485559.9596796
2025-06-01,11841,ARB,53,1663133278.6513228
2025-06-01,26081,FDUSD,54,1656577589.3855817
2025-06-01,29210,JUP,55,1572970501.9067855
2025-06-01,22861,TIA,56,1457157659.5242662
2025-06-01,33038,SKY,57,1426219709.1520448
2025-06-01,2087,KCS,58,1416120400.6784155
2025-06-01,29420,VIRTUAL,59,1355749409.6821418
2025-06-01,23095,BONK,60,1337617341.7773736
2025-06-01,3155,QNT,61,1285193942.7463138
2025-06-01,7950,FLR,62,1248955583.7614784
2025-06-01,7226,INJ,63,1213284298.0912795
2025-06-01,7326,DEXE,64,1192087067.791984
2025-06-01,35626,IP,65,1159348810.7401142
2025-06-01,32684,S,66,1148423600.934728
2025-06-01,4847,STX,67,1147568153.4420063
2025-06-01,33597,FARTCOIN,68,1148102451.1859028
2025-06-01,11840,OP,69,1110149591.9860225
2025-06-01,23635,FORM,70,1091443400.220947
2025-06-01,23149,SEI,71,1040893239.11364
2025-06-01,10603,IMX,72,1019874683.2163751
2025-06-01,36462,A,73,1014332066.3447067
2025-06-01,2634,XDC,74,998806472.4844161
2025-06-01,28081,SPX,75,953028227.0384817
2025-06-01,6719,GRT,76,946477010.7327474
2025-06-01,6538,CRV,77,913001045.1602752
2025-06-01,27772,PYUSD,78,906061050.7176346
2025-06-01,1437,ZEC,79,881017246.137773
2025-06-01,28752,WIF,80,871882238.3409829
2025-06-01,10804,FLOKI,81,825352213.8084482
2025-06-01,5176,XAUt,82,816901542.1988795
2025-06-01,4705,PAXG,83,796052602.1560997
2025-06-01,2694,NEXO,84,789294366.4368533
2025-06-01,8000,LDO,85,767353638.3140172
2025-06-01,13855,ENS,86,767524652.3457457
2025-06-01,2416,THETA,87,766483674.0330068
2025-06-01,7186,CAKE,88,765416536.3611124
2025-06-01,8425,JASMY,89,765661458.2064141
2025-06-01,7080,GALA,90,755784432.9485056
2025-06-01,8526,RAY,91,731516716.585737
2025-06-01,23254,CORE,92,708234843.9357039
2025-06-01,1720,IOTA,93,701655116.6864921
2025-06-01,6210,SAND,94,697950312.4145944
2025-06-01,28177,PYTH,95,693410021.0158646
2025-06-01,34466,PENGU,96,680048754.6272445
2025-06-01,36119,WAL,97,680505185.3121134
2025-06-01,16086,BTT,98,680924992.688129
2025-06-01,9481,PENDLE,99,668587204.3232007
2025-06-01,3602,BSV,100,666333439.9880335
2025-06-01,32880,KAIA,101,642677317.0956348
2025-06-01,5665,HNT,102,620214905.7854655
2025-06-01,4157,RUNE,103,601482427.0904516
2025-06-01,2011,XTZ,104,596976120.8673298
2025-06-01,29779,ZKJ,105,588400612.4975101
2025-06-01,4558,FLOW,106,578749924.8234342
2025-06-01,28541,JTO,107,572318671.200486
2025-06-01,1966,MANA,108,545096193.7629231
2025-06-01,30636,ZBCN,109,537060568.2442738
2025-06-01,29743,BRETT,110,541116503.115889
2025-06-01,18679,XCN,111,526888111.8608007
2025-06-01,3871,AB,112,501019158.66679543
2025-06-01,33391,DEEP,113,496466364.33722186
2025-06-01,2563,TUSD,114,494740077.55081004
2025-06-01,18876,APE,115,485122174.12145966
2025-06-01,35763,KAITO,116,488923150.47742045
2025-06-01,30933,DOG,117,470072633.1698994
2025-06-01,22691,STRK,118,460609032.9663771
2025-06-01,9104,AIOZ,119,457939819.12755954
2025-06-01,4846,KAVA,120,447653926.6201509
2025-06-01,29270,AERO,121,444186815.0807272
2025-06-01,28324,DYDX,122,440110913.9179259
2025-06-01,32956,GRASS,123,437464202.9926479
2025-06-01,6892,EGLD,124,441684233.66236925
2025-06-01,30083,ATH,125,433380065.93916893
2025-06-01,10791,XEC,126,430013649.99732333
2025-06-01,5632,AR,127,428471295.6379054
2025-06-01,9816,NFT,128,423966962.3039798
2025-06-01,3964,RSR,129,421663180.6762473
2025-06-01,1376,NEO,130,421590560.5375675
2025-06-01,30494,EIGEN,131,420226384.35133684
2025-06-01,6783,AXS,132,414148582.8644695
2025-06-01,8290,SUPER,133,407814790.17425525
2025-06-01,33824,SYRUP,134,395885464.570988
2025-06-01,14101,RON,135,394470868.0105027
2025-06-01,7334,CFX,136,391791307.6971577
2025-06-01,29814,ETHFI,137,382552012.73352826
2025-06-01,4066,CHZ,138,381048173.2227476
2025-06-01,29587,W,139,376288510.66519684
2025-06-01,34104,MORPHO,140,373360618.58420575
2025-06-01,19891,USDD,141,372820819.167957
2025-06-01,27659,MOG,142,368159403.40275145
2025-06-01,5692,COMP,143,370137381.27655363
2025-06-01,3640,LPT,144,367791098.9421423
2025-06-01,10529,SUN,145,366399255.846949
2025-06-01,28782,POPCAT,146,366902069.27866083
2025-06-01,32452,MOVE,147,362120864.93990034
2025-06-01,4195,FTT,148,353278268.36878914
2025-06-01,6945,AMP,149,349722768.05973595
2025-06-01,1659,GNO,150,344267170.9489855
2025-06-01,5964,TWT,151,332998994.74207723
2025-06-01,5488,JST,152,328778738.059601
2025-06-01,28298,BEAM,153,323640394.17154473
2025-06-01,4172,LUNC,154,320073092.6909578
2025-06-01,7431,AKT,155,321160648.69128466
2025-06-01,17799,AXL,156,316541331.9640112
2025-06-01,6536,OM,157,308868976.21875125
2025-06-01,21585,SAFE,158,312990734.82121974
2025-06-01,24911,TURBO,159,305440459.9834858
2025-06-01,24647,BERA,160,299724900.7826892
2025-06-01,30126,MEW,161,294948956.04008573
2025-06-01,8104,1INCH,162,293779817.72869027
2025-06-01,5198,CTC,163,283270866.6454832
2025-06-01,34026,AI16Z,164,278924083.62699336
2025-06-01,131,DASH,165,271656575.01293135
2025-06-01,8536,MASK,166,270709903.181224
2025-06-01,5034,KSM,167,267610715.1942896
2025-06-01,33788,PNUT,168,266848429.12953162
2025-06-01,33280,CHEEMS,169,267067660.8312022
2025-06-01,6953,FRAX,170,266605298.85469273
2025-06-01,8646,MINA,171,262311854.0846131
2025-06-01,9903,CVX,172,260015675.52511206
2025-06-01,1168,DCR,173,257573250.98860523
2025-06-01,26997,ZRO,174,255944268.2015472
2025-06-01,4041,MX,175,249073940.66149145
2025-06-01,3822,TFUEL,176,242812538.3333159
2025-06-01,8119,SFP,177,239256619.09467083
2025-06-01,36044,NXPC,178,239556510.07345498
2025-06-01,2586,SNX,179,237666586.82113495
2025-06-01,10407,BabyDoge,180,235444652.56410998
2025-06-01,1455,GLM,181,235087090.48679316
2025-06-01,28850,NOT,182,231606199.915558
2025-06-01,27750,TOSHI,183,230791357.6219175
2025-06-01,2469,ZIL,184,222478907.3548366
2025-06-01,7653,ROSE,185,219653904.0745976
2025-06-01,31526,MOCA,186,216163418.07142618
2025-06-01,2467,TRAC,187,213916281.5632987
2025-06-01,30063,GIGA,188,213848002.79060635
2025-06-01,1684,QTUM,189,212732556.8189084
2025-06-01,23121,BLUR,190,210795772.42175218
2025-06-01,2777,IOTX,191,209971832.18288136
2025-06-01,33093,MOODENG,192,206672751.6246563
2025-06-01,4948,CKB,193,206139009.96303874
2025-06-01,34619,VANA,194,204428332.98533404
2025-06-01,1896,ZRX,195,201891324.52383277
2025-06-01,12885,ASTR,196,202350472.35898462
2025-06-01,6958,ACH,197,200553361.1389781
2025-06-01,24091,ZK,198,200091991.540322
2025-06-01,3012,VTHO,199,195749699.83606964
2025-06-01,1697,BAT,200,193147968.6671197
2025-06-08,1,BTC,1,2102779030255.5398
2025-06-08,1027,ETH,2,303109864947.79987
2025-06-08,825,USDT,3,154826835974.09897
2025-06-08,52,XRP,4,133260151662.82536
2025-06-08,1839,BNB,5,91879128600.17595
2025-06-08,5426,SOL,6,79995828532.60474
2025-06-08,3408,USDC,7,61055577724.53188
2025-06-08,74,DOGE,8,27553499106.995384
2025-06-08,1958,TRX,9,26736908046.010326
2025-06-08,2010,ADA,10,23678906218.933067
2025-06-08,32196,HYPE,11,11683876404.960691
2025-06-08,20947,SUI,12,10949689681.679691
2025-06-08,1975,LINK,13,9013519177.349007
2025-06-08,5805,AVAX,14,8880529307.097519
2025-06-08,3957,LEO,15,8538647923.117302
2025-06-08,512,XLM,16,8347517163.253905
2025-06-08,1831,BCH,17,8175696935.650975
2025-06-08,11419,TON,18,7818784596.285796
2025-06-08,5994,SHIB,19,7360800951.335751
2025-06-08,4642,HBAR,20,7150871102.935941
2025-06-08,2,LTC,21,6626791379.107165
2025-06-08,6636,DOT,22,6381084564.103121
2025-06-08,328,XMR,23,6048738332.43733
2025-06-08,29470,USDe,24,5891333412.878503
2025-06-08,11092,BGB,25,5440589322.309946
2025-06-08,4943,DAI,26,5364832275.8435135
2025-06-08,24478,PEPE,27,4909591457.673907
2025-06-08,35697,PI,28,4667079263.64351
2025-06-08,7083,UNI,29,3975005773.0900254
2025-06-08,7278,AAVE,30,3849393369.652387
2025-06-08,22974,TAO,31,3373299473.112153
2025-06-08,3897,OKB,32,3110319294.7371244
2025-06-08,21794,APT,33,2974396232.9149165
2025-06-08,8916,ICP,34,2959399542.602886
2025-06-08,6535,NEAR,35,2957423589.146338
2025-06-08,3635,CRO,36,2927412970.4718165
2025-06-08,21159,ONDO,37,2626192450.352658
2025-06-08,1321,ETC,38,2579579182.513708
2025-06-08,20396,KAS,39,2273402688.014171
2025-06-08,4269,GT,40,2244481447.3652964
2025-06-08,28321,POL,41,2194896081.713394
2025-06-08,36148,USD1,42,2182520278.132323
2025-06-08,27075,MNT,43,2173129568.0534806
2025-06-08,35336,TRUMP,44,2081825881.958604
2025-06-08,3077,VET,45,2072725964.1721187
2025-06-08,5690,RENDER,46,1995452102.7369425
2025-06-08,30171,ENA,47,1928451615.2168062
2025-06-08,3773,FET,48,1778631741.7067091
2025-06-08,13502,WLD,49,1757672422.1699293
2025-06-08,2280,FIL,50,1679696866.9022717
2025-06-08,3794,ATOM,51,1668371078.2324378
2025-06-08,11841,ARB,52,1663530228.0431104
2025-06-08,4030,ALGO,53,1642542082.248913
2025-06-08,33038,SKY,54,1564635301.9955485
2025-06-08,26081,FDUSD,55,1556189937.146632
2025-06-08,3155,QNT,56,1438953344.5599513
2025-06-08,2087,KCS,57,1385817489.802467
2025-06-08,29210,JUP,58,1362798982.6088839
2025-06-08,22861,TIA,59,1336422872.0316494
2025-06-08,7226,INJ,60,1326624459.2908592
2025-06-08,23095,BONK,61,1260748783.8510854
2025-06-08,7950,FLR,62,1238267781.2111614
2025-06-08,29420,VIRTUAL,63,1194464214.5567653
2025-06-08,28081,SPX,64,1173432023.517959
2025-06-08,35626,IP,65,1133895648.660836
2025-06-08,32684,S,66,1090878576.6791127
2025-06-08,23635,FORM,67,1054202937.5884675
2025-06-08,11840,OP,68,1046405929.5400156
2025-06-08,33597,FARTCOIN,69,1038580189.028598
2025-06-08,23149,SEI,70,1006966113.4665872
2025-06-08,27772,PYUSD,71,1003362744.1974138
2025-06-08,4847,STX,72,989279121.8801435
2025-06-08,2634,XDC,73,988192843.2614199
2025-06-08,10603,IMX,74,951512568.9560058
2025-06-08,36462,A,75,913928833.7319283
2025-06-08,6719,GRT,76,902232860.1078115
2025-06-08,28752,WIF,77,888576828.7549034
2025-06-08,6538,CRV,78,869638663.858394
2025-06-08,7326,DEXE,79,835490563.1037085
2025-06-08,1437,ZEC,80,819268049.1423519
2025-06-08,5176,XAUt,81,819152969.9617758
2025-06-08,4705,PAXG,82,803653241.7017733
2025-06-08,10804,FLOKI,83,798626779.7957764
2025-06-08,2694,NEXO,84,793507629.4891757
2025-06-08,2416,THETA,85,759189068.2285413
2025-06-08,13855,ENS,86,755202749.5412776
2025-06-08,7186,CAKE,87,739603433.3782835
2025-06-08,7080,GALA,88,731204884.4461868
2025-06-08,8000,LDO,89,728319200.4799306
2025-06-08,6210,SAND,90,704400579.4384509
2025-06-08,3871,AB,91,697599458.802252
2025-06-08,8425,JASMY,92,695085263.1633078
2025-06-08,1720,IOTA,93,691029046.9802374
2025-06-08,16086,BTT,94,683160881.2927569
2025-06-08,28177,PYTH,95,673277074.8507338
2025-06-08,36119,WAL,96,665817848.6335442
2025-06-08,9481,PENDLE,97,659654387.3289396
2025-06-08,3602,BSV,98,658340657.4373626
2025-06-08,8526,RAY,99,651731161.1104578
2025-06-08,32880,KAIA,100,644716631.6679063
2025-06-08,28541,JTO,101,627836637.8105184
2025-06-08,34466,PENGU,102,623328883.0210929
2025-06-08,23254,CORE,103,620153928.8175668
2025-06-08,2011,XTZ,104,598713123.6368041
2025-06-08,29779,ZKJ,105,587807484.8891348
2025-06-08,4558,FLOW,106,577534986.3739811
2025-06-08,4157,RUNE,107,573505839.116292
2025-06-08,1966,MANA,108,549788770.4180528
2025-06-08,5665,HNT,109,536034890.12607336
2025-06-08,18876,APE,110,532112568.24984807
2025-06-08,29743,BRETT,111,500960420.5494016
2025-06-08,2563,TUSD,112,494869755.4962358
2025-06-08,4846,KAVA,113,486161763.2684169
2025-06-08,18679,XCN,114,481819117.95068294
2025-06-08,33391,DEEP,115,476193629.9160866
2025-06-08,32956,GRASS,116,462687978.3257847
2025-06-08,19891,USDD,117,450655045.1443317
2025-06-08,33824,SYRUP,118,449194968.91648597
2025-06-08,30933,DOG,119,440906854.3295426
2025-06-08,22691,STRK,120,439536207.8815755
2025-06-08,30083,ATH,121,440740130.37147516
2025-06-08,6892,EGLD,122,428741947.0227662
2025-06-08,10791,XEC,123,427794344.11506444
2025-06-08,30494,EIGEN,124,427978427.8350761
2025-06-08,29270,AERO,125,421461414.1118609
2025-06-08,1376,NEO,126,420270414.28721994
2025-06-08,9816,NFT,127,421166199.5858871
2025-06-08,28324,DYDX,128,417632058.83226156
2025-06-08,5632,AR,129,415675148.8003429
2025-06-08,5692,COMP,130,415971665.4133184
2025-06-08,7334,CFX,131,416052966.62755024
2025-06-08,35763,KAITO,132,398124603.54157335
2025-06-08,9104,AIOZ,133,395057371.602541
2025-06-08,34104,MORPHO,134,392362772.9016372
2025-06-08,3964,RSR,135,389890049.7499933
2025-06-08,6783,AXS,136,389101507.9311855
2025-06-08,8290,SUPER,137,382807169.59596837
2025-06-08,29814,ETHFI,138,380678902.784193
2025-06-08,10529,SUN,139,371773691.7580882
2025-06-08,32452,MOVE,140,369826651.8080851
2025-06-08,4066,CHZ,141,367890570.0386596
2025-06-08,14101,RON,142,354711496.46624273
2025-06-08,28782,POPCAT,143,350108886.3955838
2025-06-08,30636,ZBCN,144,342036079.22216576
2025-06-08,29587,W,145,341437977.78572285
2025-06-08,5488,JST,146,336497183.83033323
2025-06-08,27659,MOG,147,334534308.4072682
2025-06-08,6945,AMP,148,330723645.44470394
2025-06-08,5964,TWT,149,329824944.052326
2025-06-08,4172,LUNC,150,322884307.573658
2025-06-08,3640,LPT,151,327837563.8561797
2025-06-08,1659,GNO,152,316346460.2396694
2025-06-08,28298,BEAM,153,315698723.26977235
2025-06-08,17799,AXL,154,315484315.89520025
2025-06-08,7431,AKT,155,312707961.2535238
2025-06-08,4195,FTT,156,305330771.2571469
2025-06-08,5198,CTC,157,300121752.3166751
2025-06-08,6536,OM,158,290273841.88273937
2025-06-08,8104,1INCH,159,281937610.45193684
2025-06-08,24647,BERA,160,281496141.37137675
2025-06-08,24911,TURBO,161,279618184.3668132
2025-06-08,21585,SAFE,162,278310615.5829116
2025-06-08,30126,MEW,163,277454055.33019096
2025-06-08,5034,KSM,164,269480372.0914043
2025-06-08,131,DASH,165,264132333.31659374
2025-06-08,33280,CHEEMS,166,263981922.50235093
2025-06-08,33788,PNUT,167,260865334.5104138
2025-06-08,9903,CVX,168,260069156.8060828
2025-06-08,1168,DCR,169,256617382.11148846
2025-06-08,4041,MX,170,255215440.51584587
2025-06-08,8646,MINA,171,248757786.1572256
2025-06-08,6953,FRAX,172,248183797.40906084
2025-06-08,35364,PLUME,173,246968747.31749395
2025-06-08,3822,TFUEL,174,241358391.5640998
2025-06-08,2577,RVN,175,239590505.8167068
2025-06-08,35347,MELANIA,176,239593547.23823905
2025-06-08,34026,AI16Z,177,238437582.78153726
2025-06-08,8119,SFP,178,237637260.12275186
2025-06-08,1455,GLM,179,232304751.90067098
2025-06-08,26997,ZRO,180,231592567.05671087
2025-06-08,28850,NOT,181,226845576.56916428
2025-06-08,31526,MOCA,182,227064133.72602826
2025-06-08,2586,SNX,183,226240161.70965707
2025-06-08,2469,ZIL,184,225742216.785361
2025-06-08,36510,LA,185,222083979.43025634
2025-06-08,10407,BabyDoge,186,223985139.50088218
2025-06-08,36044,NXPC,187,220553029.66683206
2025-06-08,12885,ASTR,188,218993287.4616361
2025-06-08,1684,QTUM,189,219503792.97318769
2025-06-08,27750,TOSHI,190,214490746.5337725
2025-06-08,30063,GIGA,191,209821447.9370356
2025-06-08,23121,BLUR,192,204780086.83183685
2025-06-08,7653,ROSE,193,203232490.68709818
2025-06-08,1896,ZRX,194,203271938.0723718
2025-06-08,20641,EURC,195,200149211.77232403
2025-06-08,33093,MOODENG,196,199775831.72395793
2025-06-08,35319,ANIME,197,198259431.4006873
2025-06-08,2777,IOTX,198,198509379.0935484
2025-06-08,1697,BAT,199,198513523.3083465
2025-06-08,24091,ZK,200,196231832.15085205
2025-06-15,1,BTC,1,2098163191805.0688
2025-06-15,1027,ETH,2,307456975202.564
2025-06-15,825,USDT,3,155454226337.24704
2025-06-15,52,XRP,4,127607221928.59253
2025-06-15,1839,BNB,5,91333953436.04652
2025-06-15,5426,SOL,6,80647900994.21173
2025-06-15,3408,USDC,7,61630561955.86485
2025-06-15,74,DOGE,8,26298198145.59926
2025-06-15,1958,TRX,9,25980800183.10471
2025-06-15,2010,ADA,10,22410710686.596092
2025-06-15,32196,HYPE,11,13781773725.936644
2025-06-15,20947,SUI,12,10284071217.974236
2025-06-15,1831,BCH,13,9163984620.179415
2025-06-15,1975,LINK,14,8737399365.942602
2025-06-15,3957,LEO,15,8560189331.712853
2025-06-15,512,XLM,16,8077826685.431975
2025-06-15,5805,AVAX,17,8063558516.504582
2025-06-15,11419,TON,18,7339155758.356088
2025-06-15,5994,SHIB,19,7091010432.521741
2025-06-15,2,LTC,20,6558331408.896308
2025-06-15,4642,HBAR,21,6529127320.699941
2025-06-15,6636,DOT,22,6068407334.61525
2025-06-15,29470,USDe,23,5894604409.559897
2025-06-15,328,XMR,24,5810421773.592428
2025-06-15,4943,DAI,25,5364673926.899726
2025-06-15,11092,BGB,26,5293332654.210973
2025-06-15,24478,PEPE,27,4674291397.867054
2025-06-15,7083,UNI,28,4512395996.690173
2025-06-15,35697,PI,29,4497215212.534089
2025-06-15,7278,AAVE,30,4163025977.4608517
2025-06-15,22974,TAO,31,3242673634.5473585
2025-06-15,3897,OKB,32,3092745183.3582964
2025-06-15,8916,ICP,33,2949220768.2857304
2025-06-15,21794,APT,34,2911843382.624479
2025-06-15,6535,NEAR,35,2734591965.5727043
2025-06-15,3635,CRO,36,2717915390.8069615
2025-06-15,1321,ETC,37,2540965256.272691
2025-06-15,21159,ONDO,38,2504283263.050543
2025-06-15,36148,USD1,39,2192189050.6043024
2025-06-15,27075,MNT,40,2091565330.917452
2025-06-15,28321,POL,41,2076970659.6269147
2025-06-15,4269,GT,42,2054447303.2965963
2025-06-15,35336,TRUMP,43,1994593451.7385004
2025-06-15,20396,KAS,44,1934930905.2938278
2025-06-15,3077,VET,45,1914388695.380172
2025-06-15,33038,SKY,46,1900649305.3562932
2025-06-15,30171,ENA,47,1844099677.79999
2025-06-15,5690,RENDER,48,1794214090.0217595
2025-06-15,3773,FET,49,1673160797.6443827
2025-06-15,2280,FIL,50,1636716302.871662
2025-06-15,3794,ATOM,51,1600298187.6215029
2025-06-15,11841,ARB,52,1592993377.2438688
2025-06-15,13502,WLD,53,1580351276.2550955
2025-06-15,4030,ALGO,54,1522571619.3876486
2025-06-15,26081,FDUSD,55,1507422392.9429994
2025-06-15,2087,KCS,56,1398635690.800338
2025-06-15,28081,SPX,57,1388126874.5679753
2025-06-15,3155,QNT,58,1290392574.3254683
2025-06-15,29210,JUP,59,1273529299.0296097
2025-06-15,7950,FLR,60,1220882441.7589602
2025-06-15,33597,FARTCOIN,61,1208279738.2594185
2025-06-15,29420,VIRTUAL,62,1206995557.9556682
2025-06-15,23095,BONK,63,1205157039.6840487
2025-06-15,22861,TIA,64,1186236624.9632514
2025-06-15,7226,INJ,65,1143805314.0984623
2025-06-15,35626,IP,66,1036843489.2118613
2025-06-15,11840,OP,67,1016368525.8326129
2025-06-15,23635,FORM,68,999753199.9474577
2025-06-15,23149,SEI,69,981456985.5857673
2025-06-15,27772,PYUSD,70,967499758.6459917
2025-06-15,2634,XDC,71,961652647.7006847
2025-06-15,3871,AB,72,955332806.441063
2025-06-15,32684,S,73,953978684.0145117
2025-06-15,4847,STX,74,951299646.9084743
2025-06-15,32880,KAIA,75,926784385.6671917
2025-06-15,10603,IMX,76,854960004.809325
2025-06-15,6719,GRT,77,854136119.2676904
2025-06-15,5176,XAUt,78,851838374.3888649
2025-06-15,28752,WIF,79,850755965.3227439
2025-06-15,4705,PAXG,80,842276515.4028188
2025-06-15,36462,A,81,832423526.2455595
2025-06-15,6538,CRV,82,804722562.8978454
2025-06-15,2694,NEXO,83,789107117.1758138
2025-06-15,28541,JTO,84,760411400.3195021
2025-06-15,10804,FLOKI,85,751590141.0300754
2025-06-15,13855,ENS,86,745922427.1256256
2025-06-15,7186,CAKE,87,742773977.1735075
2025-06-15,7326,DEXE,88,738456030.757341
2025-06-15,8000,LDO,89,731476791.2154778
2025-06-15,1437,ZEC,90,723936536.3514216
2025-06-15,2416,THETA,91,699498762.9932702
2025-06-15,7080,GALA,92,673336767.7601181
2025-06-15,6210,SAND,93,670948622.9909064
2025-06-15,16086,BTT,94,653841212.9359072
2025-06-15,1720,IOTA,95,652460441.2539847
2025-06-15,8425,JASMY,96,650682913.3385308
2025-06-15,36119,WAL,97,629524559.2927892
2025-06-15,3602,BSV,98,625997332.7712698
2025-06-15,29270,AERO,99,625063578.0655465
2025-06-15,8526,RAY,100,616330925.6095268
2025-06-15,34466,PENGU,101,614790285.3905116
2025-06-15,28177,PYTH,102,611285351.392775
2025-06-15,9481,PENDLE,103,600818694.7222447
2025-06-15,23254,CORE,104,589328517.1784685
2025-06-15,2011,XTZ,105,586966219.0902753
2025-06-15,4558,FLOW,106,558298156.8910513
2025-06-15,33824,SYRUP,107,554004168.5025588
2025-06-15,4157,RUNE,108,531093038.5340865
2025-06-15,1966,MANA,109,515201950.9674912
2025-06-15,18876,APE,110,500143922.24920195
2025-06-15,2563,TUSD,111,493821783.0439633
2025-06-15,5692,COMP,112,479259646.5834646
2025-06-15,4846,KAVA,113,463586488.68871653
2025-06-15,5665,HNT,114,456463320.84300184
2025-06-15,33391,DEEP,115,454004239.2228491
2025-06-15,29743,BRETT,116,448295915.4196233
2025-06-15,18679,XCN,117,444677130.50610757
2025-06-15,34104,MORPHO,118,434585609.6591359
2025-06-15,19891,USDD,119,425927624.71341544
2025-06-15,17799,AXL,120,424658412.98470503
2025-06-15,9816,NFT,121,416445545.300902
2025-06-15,28324,DYDX,122,409005837.6212825
2025-06-15,10791,XEC,123,404878707.8610208
2025-06-15,32956,GRASS,124,401099261.1597778
2025-06-15,9104,AIOZ,125,400725097.2942972
2025-06-15,22691,STRK,126,397240528.5523607
2025-06-15,6892,EGLD,127,395434772.2487078
2025-06-15,5632,AR,128,392491320.59056646
2025-06-15,1376,NEO,129,391993501.744427
2025-06-15,30494,EIGEN,130,389902420.5107628
2025-06-15,30083,ATH,131,380778932.9305764
2025-06-15,32452,MOVE,132,378236636.8874476
2025-06-15,6783,AXS,133,377820036.82946736
2025-06-15,7334,CFX,134,377667939.24498194
2025-06-15,3964,RSR,135,375583913.751412
2025-06-15,8290,SUPER,136,373270862.2339296
2025-06-15,30933,DOG,137,364984479.4888098
2025-06-15,29814,ETHFI,138,353512259.9472241
2025-06-15,27659,MOG,139,352798363.92759776
2025-06-15,4066,CHZ,140,350477226.88397545
2025-06-15,10529,SUN,141,344817080.12290835
2025-06-15,35763,KAITO,142,337585798.4982648
2025-06-15,30636,ZBCN,143,330157104.296298
2025-06-15,4172,LUNC,144,329917713.5688345
2025-06-15,5964,TWT,145,324755507.42082804
2025-06-15,5488,JST,146,323805427.7457501
2025-06-15,14101,RON,147,322699825.75691587
2025-06-15,6945,AMP,148,318408275.6549387
2025-06-15,28782,POPCAT,149,315573203.8630196
2025-06-15,29587,W,150,313444414.7932883
2025-06-15,7431,AKT,151,305268839.3483616
2025-06-15,1659,GNO,152,303027199.6952167
2025-06-15,4195,FTT,153,296635195.2336772
2025-06-15,33280,CHEEMS,154,294570970.30089706
2025-06-15,2577,RVN,155,289052657.0794258
2025-06-15,28298,BEAM,156,287193835.995118
2025-06-15,3640,LPT,157,286783289.33368134
2025-06-15,5198,CTC,158,285130676.52574414
2025-06-15,8104,1INCH,159,270461520.7382994
2025-06-15,21585,SAFE,160,258750525.25434068
2025-06-15,9903,CVX,161,257271734.2603681
2025-06-15,24911,TURBO,162,255965754.16318753
2025-06-15,1168,DCR,163,255710728.43725327
2025-06-15,30126,MEW,164,254814350.05761996
2025-06-15,6536,OM,165,254074051.77226612
2025-06-15,131,DASH,166,247529356.07330438
2025-06-15,24647,BERA,167,246559529.94874567
2025-06-15,5034,KSM,168,245803668.87267572
2025-06-15,6953,FRAX,169,238595226.89744833
2025-06-15,4041,MX,170,235239547.8373459
2025-06-15,8119,SFP,171,234492116.3892025
2025-06-15,3822,TFUEL,172,232658248.45804635
2025-06-15,33788,PNUT,173,229462056.3013164
2025-06-15,1455,GLM,174,229377018.0213923
2025-06-15,8646,MINA,175,225076716.24400613
2025-06-15,36044,NXPC,176,220337319.85954228
2025-06-15,2469,ZIL,177,217136279.45691738
2025-06-15,30063,GIGA,178,215123071.11903682
2025-06-15,26997,ZRO,179,214711166.2801769
2025-06-15,28850,NOT,180,214324946.0877967
2025-06-15,1684,QTUM,181,214253442.09237015
2025-06-15,35347,MELANIA,182,212788398.57330674
2025-06-15,27750,TOSHI,183,211518252.0112266
2025-06-15,2777,IOTX,184,210347393.8100498
2025-06-15,2586,SNX,185,210251720.6932731
2025-06-15,10407,BabyDoge,186,209313573.16763383
2025-06-15,12885,ASTR,187,204646091.39360222
2025-06-15,31526,MOCA,188,202756257.90929118
2025-06-15,35364,PLUME,189,199609830.36948165
2025-06-15,34026,AI16Z,190,196440003.91483504
2025-06-15,1785,GAS,191,194896150.79273388
2025-06-15,1896,ZRX,192,194866655.08703116
2025-06-15,20641,EURC,193,192206304.395053
2025-06-15,7653,ROSE,194,189171274.64299312
2025-06-15,1697,BAT,195,188356072.41754225
2025-06-15,23121,BLUR,196,185825282.07888973
2025-06-15,24091,ZK,197,183286429.0922261
2025-06-15,3012,VTHO,198,181706742.24797064
2025-06-15,2467,TRAC,199,177103728.27112305
2025-06-15,6958,ACH,200,176401776.29614002
2025-06-22,1,BTC,1,2007865086979.4202
2025-06-22,1027,ETH,2,268989434501.10138
2025-06-22,825,USDT,3,156004659060.46262
2025-06-22,52,XRP,4,118704084645.39403
2025-06-22,1839,BNB,5,86784956979.02107
2025-06-22,5426,SOL,6,69899225015.91766
2025-06-22,3408,USDC,7,61260233567.32407
2025-06-22,1958,TRX,8,24982360522.800262
2025-06-22,74,DOGE,9,22667850376.242847
2025-06-22,2010,ADA,10,19131669262.904064
2025-06-22,32196,HYPE,11,11914194120.343245
2025-06-22,1831,BCH,12,9050376243.044855
2025-06-22,3957,LEO,13,8314263622.381407
2025-06-22,20947,SUI,14,8310712955.801991
2025-06-22,1975,LINK,15,7901531214.187389
2025-06-22,512,XLM,16,7133448428.276073
2025-06-22,5805,AVAX,17,6962938287.658956
2025-06-22,11419,TON,18,6741008612.648531
2025-06-22,5994,SHIB,19,6235875994.3997965
2025-06-22,2,LTC,20,6090103752.432248
2025-06-22,4642,HBAR,21,5639154139.69862
2025-06-22,29470,USDe,22,5596748170.596769
2025-06-22,328,XMR,23,5498979411.387836
2025-06-22,4943,DAI,24,5365420982.53837
2025-06-22,6636,DOT,25,5012591529.440098
2025-06-22,11092,BGB,26,4722053314.737216
2025-06-22,7083,UNI,27,3935273914.2146683
2025-06-22,35697,PI,28,3763056247.667213
2025-06-22,24478,PEPE,29,3730141853.1582007
2025-06-22,7278,AAVE,30,3449044270.898677
2025-06-22,3897,OKB,31,2980810505.230262
2025-06-22,22974,TAO,32,2704553715.3980393
2025-06-22,21794,APT,33,2522865257.1585264
2025-06-22,3635,CRO,34,2483273065.0630646
2025-06-22,8916,ICP,35,2434391099.468177
2025-06-22,6535,NEAR,36,2327559378.6710577
2025-06-22,1321,ETC,37,2312885825.6017175
2025-06-22,36148,USD1,38,2209219734.7192063
2025-06-22,21159,ONDO,39,2120084930.172899
2025-06-22,27075,MNT,40,1975384060.9411738
2025-06-22,4269,GT,41,1955144945.8058238
2025-06-22,28321,POL,42,1803305437.5874488
2025-06-22,35336,TRUMP,43,1745230001.0956962
2025-06-22,20396,KAS,44,1686939426.7141764
2025-06-22,3077,VET,45,1657622934.3514194
2025-06-22,33038,SKY,46,1548550294.8413205
2025-06-22,26081,FDUSD,47,1494319239.4635549
2025-06-22,3794,ATOM,48,1452907523.1409397
2025-06-22,5690,RENDER,49,1448449584.0098648
2025-06-22,30171,ENA,50,1448147449.1186485
2025-06-22,2280,FIL,51,1398443363.9299207
2025-06-22,3773,FET,52,1397473991.2058117
2025-06-22,4030,ALGO,53,1379081172.610551
2025-06-22,13502,WLD,54,1351974219.8528864
2025-06-22,2087,KCS,55,1340873354.3160527
2025-06-22,11841,ARB,56,1327062029.2381413
2025-06-22,32880,KAIA,57,1135389289.7725327
2025-06-22,23149,SEI,58,1108247374.7575388
2025-06-22,3155,QNT,59,1089268043.075546
2025-06-22,7950,FLR,60,1079315121.5858772
2025-06-22,29210,JUP,61,1017828122.4499536
2025-06-22,23095,BONK,62,977834631.2214226
2025-06-22,28081,SPX,63,973736486.6409366
2025-06-22,7226,INJ,64,971403840.0192888
2025-06-22,22861,TIA,65,956140328.4765337
2025-06-22,27772,PYUSD,66,955546836.5842447
2025-06-22,33597,FARTCOIN,67,925518371.3831129
2025-06-22,23635,FORM,68,914937278.8953438
2025-06-22,2634,XDC,69,906123691.4351875
2025-06-22,29420,VIRTUAL,70,894537912.8243724
2025-06-22,4705,PAXG,71,874085616.4813337
2025-06-22,4847,STX,72,856121691.1670792
2025-06-22,11840,OP,73,851061341.870649
2025-06-22,5176,XAUt,74,834975870.4650369
2025-06-22,35626,IP,75,798043979.6144062
2025-06-22,32684,S,76,762862257.7086548
2025-06-22,36462,A,77,748311217.2484573
2025-06-22,6538,CRV,78,726473002.0717989
2025-06-22,6719,GRT,79,722263840.8453863
2025-06-22,2694,NEXO,80,709664519.9722787
2025-06-22,28752,WIF,81,685639753.0551351
2025-06-22,28541,JTO,82,679488570.3914309
2025-06-22,10603,IMX,83,672840569.9377012
2025-06-22,29270,AERO,84,658897073.9310912
2025-06-22,7326,DEXE,85,658031799.0089238
2025-06-22,3871,AB,86,648690830.9142678
2025-06-22,7186,CAKE,87,647860556.2660271
2025-06-22,1437,ZEC,88,636714831.2010001
2025-06-22,13855,ENS,89,620468559.0269545
2025-06-22,10804,FLOKI,90,613227547.0956413
2025-06-22,2416,THETA,91,598159182.144876
2025-06-22,6210,SAND,92,591620028.5833743
2025-06-22,8000,LDO,93,586510904.9207621
2025-06-22,3602,BSV,94,585919949.3568896
2025-06-22,1720,IOTA,95,563999612.9243711
2025-06-22,7080,GALA,96,563339110.5114169
2025-06-22,16086,BTT,97,553755684.1340157
2025-06-22,8425,JASMY,98,543323418.2818582
2025-06-22,26997,ZRO,99,542669851.1094646
2025-06-22,9481,PENDLE,100,531901693.6596662
2025-06-22,34466,PENGU,101,528738448.9122998
2025-06-22,2011,XTZ,102,518471083.9960046
2025-06-22,36119,WAL,103,510670615.75355756
2025-06-22,23254,CORE,104,495721815.8235226
2025-06-22,8526,RAY,105,493815591.09733677
2025-06-22,2563,TUSD,106,493176664.78244644
2025-06-22,28177,PYTH,107,490786648.55707
2025-06-22,33824,SYRUP,108,483033555.53388065
2025-06-22,4558,FLOW,109,482410471.9005097
2025-06-22,1966,MANA,110,466530567.4792242
2025-06-22,4846,KAVA,111,439256715.10448337
2025-06-22,4157,RUNE,112,436788015.47237575
2025-06-22,18679,XCN,113,429684210.12401
2025-06-22,18876,APE,114,420733273.30402887
2025-06-22,5692,COMP,115,419395341.1856483
2025-06-22,19891,USDD,116,416972785.4451486
2025-06-22,5665,HNT,117,399460286.19327086
2025-06-22,9816,NFT,118,392077483.1269606
2025-06-22,33391,DEEP,119,370360228.47452945
2025-06-22,34104,MORPHO,120,358708258.73205507
2025-06-22,29743,BRETT,121,354277323.9662801
2025-06-22,1376,NEO,122,353888586.6783009
2025-06-22,10791,XEC,123,346091867.51074636
2025-06-22,28324,DYDX,124,343898258.6565941
2025-06-22,22691,STRK,125,342669974.98759586
2025-06-22,6892,EGLD,126,341038312.7359507
2025-06-22,6783,AXS,127,332870467.17281526
2025-06-22,17799,AXL,128,332724883.1065822
2025-06-22,9104,AIOZ,129,331500928.46683836
2025-06-22,5488,JST,130,331255859.4869641
2025-06-22,7334,CFX,131,323576309.61618286
2025-06-22,3964,RSR,132,319619133.4459239
2025-06-22,5632,AR,133,316260309.87423974
2025-06-22,29814,ETHFI,134,313686185.0656175
2025-06-22,4066,CHZ,135,311803141.9424405
2025-06-22,30494,EIGEN,136,311051492.71840006
2025-06-22,10529,SUN,137,309487465.79447085
2025-06-22,30083,ATH,138,306177945.07249075
2025-06-22,8290,SUPER,139,305104988.1795082
2025-06-22,35763,KAITO,140,304644654.7128118
2025-06-22,32452,MOVE,141,303179786.97922987
2025-06-22,30636,ZBCN,142,294229023.4951222
2025-06-22,4172,LUNC,143,286308775.7725191
2025-06-22,27659,MOG,144,285350146.27679944
2025-06-22,5964,TWT,145,278595361.5381108
2025-06-22,30933,DOG,146,278156781.1447094
2025-06-22,32956,GRASS,147,274053152.73221904
2025-06-22,24091,ZK,148,273312641.8792475
2025-06-22,14101,RON,149,269819910.0648218
2025-06-22,1659,GNO,150,266196510.50330207
2025-06-22,6945,AMP,151,260868404.86990792
2025-06-22,28782,POPCAT,152,252782371.0643641
2025-06-22,5198,CTC,153,251752095.0203294
2025-06-22,29587,W,154,251030371.40618345
2025-06-22,33280,CHEEMS,155,247751908.6791277
2025-06-22,7431,AKT,156,239141883.8626872
2025-06-22,4195,FTT,157,237851607.31338525
2025-06-22,8104,1INCH,158,231663584.9993351
2025-06-22,9903,CVX,159,229455295.96129066
2025-06-22,1168,DCR,160,228289786.636847
2025-06-22,3640,LPT,161,226780604.375806
2025-06-22,8119,SFP,162,225464102.1545856
2025-06-22,131,DASH,163,225100666.07494247
2025-06-22,28298,BEAM,164,224437902.89283347
2025-06-22,2577,RVN,165,221431829.50972328
2025-06-22,21585,SAFE,166,215075163.96792433
2025-06-22,24911,TURBO,167,215068436.61041805
2025-06-22,5034,KSM,168,210041632.67447373
2025-06-22,3822,TFUEL,169,207605797.10935417
2025-06-22,4041,MX,170,206854598.19727063
2025-06-22,1455,GLM,171,205236111.6434343
2025-06-22,30126,MEW,172,205119766.4156919
2025-06-22,2777,IOTX,173,199626102.73559925
2025-06-22,20641,EURC,174,198173460.70657447
2025-06-22,6536,OM,175,196192536.72162378
2025-06-22,6953,FRAX,176,196109429.62812483
2025-06-22,33788,PNUT,177,194949714.12394032
2025-06-22,2469,ZIL,178,193076265.22333524
2025-06-22,8646,MINA,179,191202503.5785896
2025-06-22,24647,BERA,180,189970033.71735486
2025-06-22,1684,QTUM,181,189953417.2192263
2025-06-22,31526,MOCA,182,188721317.73382255
2025-06-22,17751,T,183,174933400.54127154
2025-06-22,12885,ASTR,184,174391534.2237948
2025-06-22,2586,SNX,185,174075866.41987082
2025-06-22,28850,NOT,186,173089999.03703436
2025-06-22,10407,BabyDoge,187,172850512.1610968
2025-06-22,1896,ZRX,188,170324928.33515868
2025-06-22,7548,WEMIX,189,169537383.0825306
2025-06-22,1697,BAT,190,167912885.75879896
2025-06-22,1785,GAS,191,167318348.36660406
2025-06-22,35347,MELANIA,192,164949979.99835688
2025-06-22,6958,ACH,193,162157206.20048708
2025-06-22,36044,NXPC,194,160920689.00320616
2025-06-22,27750,TOSHI,195,159145126.32896006
2025-06-22,3012,VTHO,196,157621296.25197607
2025-06-22,35364,PLUME,197,157537933.9727821
2025-06-22,5864,YFI,198,157476423.79643863
2025-06-22,23121,BLUR,199,156112263.62934297
2025-06-22,7653,ROSE,200,155000922.80780435
2025-06-29,1,BTC,1,2155281852976.772
2025-06-29,1027,ETH,2,301910506793.29346
2025-06-29,825,USDT,3,157619606030.3631
2025-06-29,52,XRP,4,130229547818.12743
2025-06-29,1839,BNB,5,92285103043.0127
2025-06-29,5426,SOL,6,81963377458.93819
2025-06-29,3408,USDC,7,61680932615.920296
2025-06-29,1958,TRX,8,26248074564.412437
2025-06-29,74,DOGE,9,25422274260.175053
2025-06-29,2010,ADA,10,20450443735.153996
2025-06-29,32196,HYPE,11,13269581697.344519
2025-06-29,1831,BCH,12,10020563432.871386
2025-06-29,20947,SUI,13,9861547280.684313
2025-06-29,1975,LINK,14,9307207092.863081
2025-06-29,3957,LEO,15,8399835973.49359
2025-06-29,5805,AVAX,16,7910543046.325889
2025-06-29,512,XLM,17,7511183485.432286
2025-06-29,11419,TON,18,7191158089.450036
2025-06-29,5994,SHIB,19,6992968701.454861
2025-06-29,2,LTC,20,6689156907.806738
2025-06-29,4642,HBAR,21,6472844030.624551
2025-06-29,328,XMR,22,5786716841.765822
2025-06-29,6636,DOT,23,5648592584.715592
2025-06-29,11092,BGB,24,5413466508.711786
2025-06-29,4943,DAI,25,5364471673.454756
2025-06-29,29470,USDe,26,5301091566.061627
2025-06-29,7083,UNI,27,4650566783.183656
2025-06-29,24478,PEPE,28,4384792988.911543
2025-06-29,7278,AAVE,29,4226283013.5143127
2025-06-29,35697,PI,30,4060128679.97667
2025-06-29,21794,APT,31,3195400069.0022435
2025-06-29,22974,TAO,32,3087265359.1442866
2025-06-29,3897,OKB,33,3006669053.2404866
2025-06-29,6535,NEAR,34,2782640048.501648
2025-06-29,8916,ICP,35,2718245838.9407063
2025-06-29,1321,ETC,36,2588355725.045327
2025-06-29,3635,CRO,37,2545825868.3040643
2025-06-29,21159,ONDO,38,2502136162.379081
2025-06-29,36148,USD1,39,2204411698.0725656
2025-06-29,20396,KAS,40,2089320155.8973355
2025-06-29,27075,MNT,41,2031822542.9716744
2025-06-29,4269,GT,42,1935660863.422893
2025-06-29,28321,POL,43,1930630073.8755832
2025-06-29,3077,VET,44,1875539040.746055
2025-06-29,35336,TRUMP,45,1848912969.0584097
2025-06-29,11841,ARB,46,1828809635.8523831
2025-06-29,33038,SKY,47,1801062046.841286
2025-06-29,5690,RENDER,48,1749913252.0583715
2025-06-29,3773,FET,49,1704754117.5275605
2025-06-29,30171,ENA,50,1699488353.8745801
2025-06-29,23149,SEI,51,1668134145.5094001
2025-06-29,3794,ATOM,52,1644436345.9311242
2025-06-29,2280,FIL,53,1621531842.612511
2025-06-29,4030,ALGO,54,1605767760.7707005
2025-06-29,13502,WLD,55,1576174807.7742915
2025-06-29,26081,FDUSD,56,1476644934.430234
2025-06-29,2087,KCS,57,1394822664.6628032
2025-06-29,29210,JUP,58,1373702419.095947
2025-06-29,3155,QNT,59,1329881950.0961018
2025-06-29,28081,SPX,60,1256935290.3643336
2025-06-29,23095,BONK,61,1205664848.544095
2025-06-29,7950,FLR,62,1176901881.8098512
2025-06-29,33597,FARTCOIN,63,1155651837.2213106
2025-06-29,7226,INJ,64,1145752880.8098016
2025-06-29,23635,FORM,65,1112937258.5481977
2025-06-29,22861,TIA,66,1061816252.1362957
2025-06-29,11840,OP,67,1067556040.7577928
2025-06-29,29420,VIRTUAL,68,1064827959.4659833
2025-06-29,4847,STX,69,1060185590.2243816
2025-06-29,32880,KAIA,70,1043047413.2624846
2025-06-29,27772,PYUSD,71,966751852.0071783
2025-06-29,2634,XDC,72,962337907.6567116
2025-06-29,32684,S,73,945226761.9497721
2025-06-29,10603,IMX,74,874837687.1255634
2025-06-29,35626,IP,75,932603179.5050734
2025-06-29,4705,PAXG,76,900508368.4797083
2025-06-29,34466,PENGU,77,883482833.1809766
2025-06-29,6719,GRT,78,867525024.6961154
2025-06-29,28752,WIF,79,870750681.5164808
2025-06-29,5176,XAUt,80,805731109.1950523
2025-06-29,36462,A,81,805611762.3046187
2025-06-29,28541,JTO,82,774929500.2495584
2025-06-29,2694,NEXO,83,779565534.1035885
2025-06-29,10804,FLOKI,84,755724690.6952654
2025-06-29,7186,CAKE,85,741232991.4395887
2025-06-29,6538,CRV,86,725262924.6264269
2025-06-29,2416,THETA,87,708864223.5894397
2025-06-29,13855,ENS,88,706016107.4577656
2025-06-29,8000,LDO,89,690367888.5878251
2025-06-29,7326,DEXE,90,687589284.4308448
2025-06-29,29270,AERO,91,686236004.0043517
2025-06-29,8425,JASMY,92,683404993.9540632
2025-06-29,7080,GALA,93,675897524.6878282
2025-06-29,1437,ZEC,94,670602867.6698669
2025-06-29,33824,SYRUP,95,673534020.6271244
2025-06-29,6210,SAND,96,639154957.34265
2025-06-29,28177,PYTH,97,643176806.3483698
2025-06-29,1720,IOTA,98,631777957.4348614
2025-06-29,3602,BSV,99,626483325.8645399
2025-06-29,9481,PENDLE,100,605210256.9035116
2025-06-29,16086,BTT,101,603003844.0996193
2025-06-29,8526,RAY,102,584814947.0808868
2025-06-29,2011,XTZ,103,576549271.3044076
2025-06-29,36119,WAL,104,574683500.4643521
2025-06-29,3871,AB,105,573261714.2806025
2025-06-29,26997,ZRO,106,569899402.975636
2025-06-29,4558,FLOW,107,537942450.1707538
2025-06-29,23254,CORE,108,536028432.4711658
2025-06-29,1966,MANA,109,512619700.7340599
2025-06-29,18679,XCN,110,513637232.360885
2025-06-29,4157,RUNE,111,496533782.8668666
2025-06-29,2563,TUSD,112,493495115.217754
2025-06-29,32452,MOVE,113,482130193.97426015
2025-06-29,18876,APE,114,471661046.2818654
2025-06-29,33391,DEEP,115,462225827.18969625
2025-06-29,30933,DOG,116,448905247.0027995
2025-06-29,29743,BRETT,117,445971985.75626606
2025-06-29,34104,MORPHO,118,443675646.45815897
2025-06-29,4846,KAVA,119,442096410.9927464
2025-06-29,5665,HNT,120,439558497.0761923
2025-06-29,9816,NFT,121,435663658.6528467
2025-06-29,19891,USDD,122,432761350.93117905
2025-06-29,5692,COMP,123,431645338.5067543
2025-06-29,27659,MOG,124,414408188.50595117
2025-06-29,8290,SUPER,125,413455269.0899373
2025-06-29,22691,STRK,126,412497495.9623929
2025-06-29,3964,RSR,127,413709796.47690547
2025-06-29,6892,EGLD,128,396541305.1714968
2025-06-29,1376,NEO,129,401731897.5636674
2025-06-29,28324,DYDX,130,401350985.40035576
2025-06-29,35763,KAITO,131,397004646.4950646
2025-06-29,7334,CFX,132,391112264.37987685
2025-06-29,29814,ETHFI,133,392199439.98510605
2025-06-29,6783,AXS,134,386543005.84327453
2025-06-29,9104,AIOZ,135,388323615.16724193
2025-06-29,10791,XEC,136,384125053.0880228
2025-06-29,30494,EIGEN,137,379697436.4411162
2025-06-29,29587,W,138,363527129.98017186
2025-06-29,24091,ZK,139,356653158.91897047
2025-06-29,5632,AR,140,353870220.14358395
2025-06-29,4066,CHZ,141,354820601.554175
2025-06-29,17799,AXL,142,342338425.7922466
2025-06-29,5488,JST,143,335857864.6938821
2025-06-29,10529,SUN,144,318679841.3391183
2025-06-29,4172,LUNC,145,313940134.51598394
2025-06-29,28782,POPCAT,146,309515032.8418156
2025-06-29,30636,ZBCN,147,300418943.121373
2025-06-29,30083,ATH,148,298173612.2663966
2025-06-29,14101,RON,149,297112872.5883183
2025-06-29,5964,TWT,150,296832661.2147713
2025-06-29,1659,GNO,151,294644034.8277749
2025-06-29,32956,GRASS,152,291918544.5751976
2025-06-29,6945,AMP,153,291020058.6470494
2025-06-29,28298,BEAM,154,288869666.6244842
2025-06-29,3640,LPT,155,277468460.3123627
2025-06-29,7431,AKT,156,277479810.4471515
2025-06-29,5198,CTC,157,273716462.91675544
2025-06-29,33280,CHEEMS,158,274144757.1721881
2025-06-29,4195,FTT,159,264845706.46871272
2025-06-29,24911,TURBO,160,263789138.5170269
2025-06-29,8104,1INCH,161,258276515.4488362
2025-06-29,21585,SAFE,162,255260919.39938837
2025-06-29,131,DASH,163,250766331.87320423
2025-06-29,31526,MOCA,164,250783172.10864586
2025-06-29,1168,DCR,165,249111358.0166056
2025-06-29,30126,MEW,166,247603121.69538558
2025-06-29,9903,CVX,167,239417237.29298088
2025-06-29,33788,PNUT,168,236862781.43671063
2025-06-29,8119,SFP,169,231550157.58295065
2025-06-29,5034,KSM,170,231051457.89261353
2025-06-29,1455,GLM,171,228101890.3906504
2025-06-29,3822,TFUEL,172,227551979.36870587
2025-06-29,8646,MINA,173,223953846.3530363
2025-06-29,2577,RVN,174,221480013.65650713
2025-06-29,4041,MX,175,219146102.62727606
2025-06-29,24647,BERA,176,219031461.3104304
2025-06-29,2469,ZIL,177,217314049.0260611
2025-06-29,1684,QTUM,178,214134649.15189072
2025-06-29,6536,OM,179,212860002.2241786
2025-06-29,2586,SNX,180,210949444.56992653
2025-06-29,36671,SAHARA,181,204232230.69822338
2025-06-29,2777,IOTX,182,204102349.93179256
2025-06-29,10407,BabyDoge,183,201092343.8272247
2025-06-29,20641,EURC,184,200792081.67922446
2025-06-29,1697,BAT,185,195723246.61407772
2025-06-29,7653,ROSE,186,192460828.5108669
2025-06-29,27750,TOSHI,187,197055838.218665
2025-06-29,12885,ASTR,188,191997240.43383986
2025-06-29,1896,ZRX,189,191542880.80922893
2025-06-29,28850,NOT,190,189223617.0967159
2025-06-29,6953,FRAX,191,188358231.28312048
2025-06-29,1785,GAS,192,183375350.42418864
2025-06-29,3012,VTHO,193,182723731.46201736
2025-06-29,17751,T,194,180780853.94828612
2025-06-29,23121,BLUR,195,179333612.02893224
2025-06-29,5864,YFI,196,176452290.50734276
2025-06-29,6958,ACH,197,176282238.1120329
2025-06-29,6758,SUSHI,198,174381281.7518386
2025-06-29,30063,GIGA,199,173707820.48940015
2025-06-29,36044,NXPC,200,173235404.9018033
2025-07-06,1,BTC,1,2172476328316.875
2025-07-06,1027,ETH,2,310391804726.2499
2025-07-06,825,USDT,3,158664122718.76633
2025-07-06,52,XRP,4,134234869517.93147
2025-07-06,1839,BNB,5,93419393954.84943
2025-07-06,5426,SOL,6,81229567093.3065
2025-07-06,3408,USDC,7,62233504542.91609
2025-07-06,1958,TRX,8,27235889684.02379
2025-07-06,74,DOGE,9,25796139225.04426
2025-07-06,2010,ADA,10,20735515813.067623
2025-07-06,32196,HYPE,11,13290254636.092539
2025-07-06,20947,SUI,12,10061597403.209679
2025-07-06,1831,BCH,13,9786900006.287504
2025-07-06,1975,LINK,14,9150370242.29082
2025-07-06,3957,LEO,15,8331365458.6166725
2025-07-06,512,XLM,16,7738873367.804901
2025-07-06,5805,AVAX,17,7725717932.5066805
2025-07-06,11419,TON,18,7004334149.319789
2025-07-06,5994,SHIB,19,6967377284.025866
2025-07-06,4642,HBAR,20,6762860754.246693
2025-07-06,2,LTC,21,6646065916.0182705
2025-07-06,328,XMR,22,5891592081.415286
2025-07-06,6636,DOT,23,5414963890.549769
2025-07-06,4943,DAI,24,5364655802.695282
2025-07-06,29470,USDe,25,5306471581.771523
2025-07-06,11092,BGB,26,5228549635.213328
2025-07-06,7083,UNI,27,4665968201.20343
2025-07-06,7278,AAVE,28,4357419585.613498
2025-07-06,24478,PEPE,29,4222001084.040906
2025-07-06,35697,PI,30,3561490439.179612
2025-07-06,22974,TAO,31,2928603054.55574
2025-07-06,3897,OKB,32,2929300533.390202
2025-07-06,21794,APT,33,2883144337.418616
2025-07-06,6535,NEAR,34,2685493979.379584
2025-07-06,8916,ICP,35,2592744391.684721
2025-07-06,1321,ETC,36,2539219006.305458
2025-07-06,3635,CRO,37,2526754539.728628
2025-07-06,21159,ONDO,38,2515059409.9626617
2025-07-06,36148,USD1,39,2204058712.8383145
2025-07-06,20396,KAS,40,2045519300.7184296
2025-07-06,27075,MNT,41,1921653372.7691283
2025-07-06,28321,POL,42,1921565723.3564627
2025-07-06,4269,GT,43,1875228172.480618
2025-07-06,3077,VET,44,1793649215.1686325
2025-07-06,23095,BONK,45,1772680171.9360518
2025-07-06,35336,TRUMP,46,1726478429.5724535
2025-07-06,33038,SKY,47,1694588822.8265693
2025-07-06,5690,RENDER,48,1672526353.2323937
2025-07-06,30171,ENA,49,1664614408.836919
2025-07-06,11841,ARB,50,1660060311.986252
2025-07-06,3773,FET,51,1629829848.9443915
2025-07-06,3794,ATOM,52,1594895667.8337278
2025-07-06,2280,FIL,53,1558571930.5973701
2025-07-06,4030,ALGO,54,1529357404.9453864
2025-07-06,13502,WLD,55,1512808159.5361369
2025-07-06,23149,SEI,56,1468881743.4175546
2025-07-06,26081,FDUSD,57,1469872487.5449362
2025-07-06,2087,KCS,58,1410115046.1282575
2025-07-06,29210,JUP,59,1337349808.7488215
2025-07-06,3155,QNT,60,1302800871.8635445
2025-07-06,28081,SPX,61,1211249959.423007
2025-07-06,33597,FARTCOIN,62,1171326814.0639257
2025-07-06,7950,FLR,63,1148535680.6889992
2025-07-06,22861,TIA,64,1134123280.9512115
2025-07-06,7226,INJ,65,1063287011.0287173
2025-07-06,23635,FORM,66,1041075614.7678082
2025-07-06,2634,XDC,67,1025995154.354544
2025-07-06,29420,VIRTUAL,68,1017036136.7109367
2025-07-06,4847,STX,69,1008723231.4875526
2025-07-06,34466,PENGU,70,1001641736.1912315
2025-07-06,11840,OP,71,953168994.4158518
2025-07-06,32880,KAIA,72,927803783.9936594
2025-07-06,4705,PAXG,73,931709188.1456516
2025-07-06,32684,S,74,898715408.9319587
2025-07-06,35626,IP,75,890437798.2131743
2025-07-06,28752,WIF,76,877330808.2034993
2025-07-06,27772,PYUSD,77,870580843.8562983
2025-07-06,6719,GRT,78,837152398.188058
2025-07-06,10804,FLOKI,79,823017696.6268876
2025-07-06,5176,XAUt,80,820286788.3534195
2025-07-06,2694,NEXO,81,796485318.3231351
2025-07-06,10603,IMX,82,790950192.7991629
2025-07-06,7186,CAKE,83,785516008.8640286
2025-07-06,36462,A,84,761081937.9624794
2025-07-06,2416,THETA,85,701207421.1656758
2025-07-06,13855,ENS,86,684680140.1088624
2025-07-06,6538,CRV,87,682584539.1312554
2025-07-06,28541,JTO,88,669735176.6884568
2025-07-06,8000,LDO,89,667061798.4566936
2025-07-06,33824,SYRUP,90,664090728.1873844
2025-07-06,1437,ZEC,91,657880792.0972174
2025-07-06,7080,GALA,92,644396222.8927523
2025-07-06,6210,SAND,93,632676743.874069
2025-07-06,7326,DEXE,94,635197352.5886115
2025-07-06,1720,IOTA,95,617064254.336389
2025-07-06,8425,JASMY,96,606150593.6701244
2025-07-06,16086,BTT,97,603284910.8405774
2025-07-06,29270,AERO,98,599462532.9718859
2025-07-06,8526,RAY,99,579228691.0381494
2025-07-06,28177,PYTH,100,569018477.5437603
2025-07-06,36119,WAL,101,567160595.729722
2025-07-06,9481,PENDLE,102,563804086.7970417
2025-07-06,2011,XTZ,103,555821961.540267
2025-07-06,3871,AB,104,539384578.464292
2025-07-06,1966,MANA,105,523466583.21011513
2025-07-06,4558,FLOW,106,520097747.91763383
2025-07-06,23254,CORE,107,504799647.0389377
2025-07-06,2563,TUSD,108,493253972.6230265
2025-07-06,33391,DEEP,109,488894949.767502
2025-07-06,34387,RLUSD,110,485255091.3725186
2025-07-06,3602,BSV,111,483042566.322793
2025-07-06,18679,XCN,112,479887851.70516986
2025-07-06,30933,DOG,113,473885229.1258859
2025-07-06,4157,RUNE,114,469972798.47695875
2025-07-06,18876,APE,115,460153563.49895287
2025-07-06,34104,MORPHO,116,444594983.60549176
2025-07-06,9816,NFT,117,440400714.12281823
2025-07-06,29743,BRETT,118,438513605.8585994
2025-07-06,4846,KAVA,119,427178473.91850615
2025-07-06,5665,HNT,120,425096593.7457771
2025-07-06,3964,RSR,121,416013339.12647414
2025-07-06,19891,USDD,122,416544938.07500696
2025-07-06,22691,STRK,123,408004203.86269134
2025-07-06,32452,MOVE,124,406708156.21593595
2025-07-06,8290,SUPER,125,401097116.8892633
2025-07-06,36532,B,126,392486806.07617486
2025-07-06,28324,DYDX,127,393233975.3355265
2025-07-06,27659,MOG,128,393677034.5781953
2025-07-06,5692,COMP,129,388778006.41165274
2025-07-06,1376,NEO,130,384795333.0574852
2025-07-06,6892,EGLD,131,380424542.8972915
2025-07-06,7334,CFX,132,378484561.7584544
2025-07-06,35763,KAITO,133,376276507.5787677
2025-07-06,9104,AIOZ,134,372332693.86588734
2025-07-06,10791,XEC,135,369732911.53698426
2025-07-06,30494,EIGEN,136,360859638.61894774
2025-07-06,6783,AXS,137,360049132.0450997
2025-07-06,29814,ETHFI,138,357778787.80614156
2025-07-06,4066,CHZ,139,346626213.0242749
2025-07-06,5488,JST,140,344327427.17264795
2025-07-06,5632,AR,141,337612434.4326989
2025-07-06,10529,SUN,142,330444053.19603705
2025-07-06,24091,ZK,143,329945839.08629805
2025-07-06,17799,AXL,144,319084957.47679734
2025-07-06,14101,RON,145,318657975.58538723
2025-07-06,29587,W,146,310113829.01024556
2025-07-06,4172,LUNC,147,310374974.3526677
2025-07-06,28298,BEAM,148,309994006.7925661
2025-07-06,28782,POPCAT,149,295304601.6706319
2025-07-06,5964,TWT,150,294156892.6297897
2025-07-06,1659,GNO,151,294144267.9172005
2025-07-06,6945,AMP,152,290314832.2392611
2025-07-06,24911,TURBO,153,276968295.04711795
2025-07-06,32956,GRASS,154,269598240.30655724
2025-07-06,5198,CTC,155,269728909.33024794
2025-07-06,4195,FTT,156,267830052.44312632
2025-07-06,1168,DCR,157,266330000.04808134
2025-07-06,7431,AKT,158,266406740.83871183
2025-07-06,8104,1INCH,159,264094612.01910564
2025-07-06,21585,SAFE,160,269032182.2099887
2025-07-06,3640,LPT,161,262300970.67586747
2025-07-06,30083,ATH,162,262043609.73647195
2025-07-06,33280,CHEEMS,163,262443141.1964523
2025-07-06,131,DASH,164,247202999.4116365
2025-07-06,30126,MEW,165,246645828.82287273
2025-07-06,4041,MX,166,233942456.32152906
2025-07-06,31526,MOCA,167,233826010.17174923
2025-07-06,9903,CVX,168,229633004.80480328
2025-07-06,35364,PLUME,169,229952232.833739
2025-07-06,3822,TFUEL,170,228450144.73516977
2025-07-06,1455,GLM,171,226812351.9692092
2025-07-06,8119,SFP,172,225272828.13478476
2025-07-06,30636,ZBCN,173,229336769.0906099
2025-07-06,33788,PNUT,174,224097509.26410535
2025-07-06,26997,ZRO,175,215614156.47954196
2025-07-06,27750,TOSHI,176,212188243.78535572
2025-07-06,5034,KSM,177,212521163.05928156
2025-07-06,2469,ZIL,178,212579994.2587907
2025-07-06,8646,MINA,179,209978571.79854432
2025-07-06,1684,QTUM,180,209725826.4467807
2025-07-06,6536,OM,181,206898476.84765747
2025-07-06,20641,EURC,182,202913653.92140737
2025-07-06,24647,BERA,183,202183468.2418066
2025-07-06,2777,IOTX,184,202108415.92068288
2025-07-06,2577,RVN,185,197889892.72720766
2025-07-06,10407,BabyDoge,186,195189446.46844688
2025-07-06,2586,SNX,187,194360682.07082626
2025-07-06,7548,WEMIX,188,193055280.17623433
2025-07-06,1697,BAT,189,189184500.36816067
2025-07-06,1785,GAS,190,187204544.3027755
2025-07-06,1896,ZRX,191,185805180.8782714
2025-07-06,33093,MOODENG,192,186071176.03243187
2025-07-06,32521,NEIRO,193,181774004.33555582
2025-07-06,28850,NOT,194,180179842.22319287
2025-07-06,12885,ASTR,195,179911124.03348187
2025-07-06,6953,FRAX,196,178582597.62588558
2025-07-06,7653,ROSE,197,176179507.97717264
2025-07-06,5864,YFI,198,175882040.60619435
2025-07-06,6958,ACH,199,174484178.78139442
2025-07-06,3012,VTHO,200,174340653.59431055
2025-07-13,1,BTC,1,2369451378019.268
2025-07-13,1027,ETH,2,358929299638.6701
2025-07-13,52,XRP,3,167693802527.48148
2025-07-13,825,USDT,4,159546825227.2259
2025-07-13,1839,BNB,5,96420304855.11661
2025-07-13,5426,SOL,6,86425057956.72063
2025-07-13,3408,USDC,7,63653153062.5141
2025-07-13,74,DOGE,8,29806084110.266586
2025-07-13,1958,TRX,9,28706160687.994072
2025-07-13,2010,ADA,10,26095339108.578396
2025-07-13,32196,HYPE,11,16320649733.316828
2025-07-13,512,XLM,12,14661055708.12817
2025-07-13,20947,SUI,13,12061817348.363514
2025-07-13,1975,LINK,14,10609555384.409256
2025-07-13,4642,HBAR,15,10213712075.864521
2025-07-13,1831,BCH,16,10105396072.637262
2025-07-13,5805,AVAX,17,8951414429.492092
2025-07-13,3957,LEO,18,8341982665.641604
2025-07-13,5994,SHIB,19,7832516725.299309
2025-07-13,11419,TON,20,7337058805.500496
2025-07-13,2,LTC,21,7200000910.608205
2025-07-13,6636,DOT,22,6367421691.564495
2025-07-13,328,XMR,23,6202195298.292158
2025-07-13,4943,DAI,24,5365052107.154827
2025-07-13,7083,UNI,25,5354502403.794302
2025-07-13,29470,USDe,26,5328364018.164385
2025-07-13,24478,PEPE,27,5176225172.842589
2025-07-13,11092,BGB,28,5141267651.108205
2025-07-13,7278,AAVE,29,4653258245.837194
2025-07-13,22974,TAO,30,3678428261.821865
2025-07-13,35697,PI,31,3592488876.7290354
2025-07-13,3635,CRO,32,3321784402.387512
2025-07-13,21794,APT,33,3250468328.106863
2025-07-13,6535,NEAR,34,3120966553.227936
2025-07-13,8916,ICP,35,2924329239.467568
2025-07-13,3897,OKB,36,2921147236.6173744
2025-07-13,21159,ONDO,37,2857363477.748574
2025-07-13,1321,ETC,38,2818564174.118457
2025-07-13,28321,POL,39,2438060376.4574156
2025-07-13,27075,MNT,40,2361115046.26347
2025-07-13,4030,ALGO,41,2283130561.4928865
2025-07-13,20396,KAS,42,2275546969.802165
2025-07-13,36148,USD1,43,2209016727.2635856
2025-07-13,30171,ENA,44,2179930347.7973742
2025-07-13,23095,BONK,45,2127739913.9865932
2025-07-13,3077,VET,46,2121342955.709611
2025-07-13,11841,ARB,47,2038328720.9528482
2025-07-13,5690,RENDER,48,1952277123.016559
2025-07-13,4269,GT,49,1933647577.8737133
2025-07-13,35336,TRUMP,50,1909029427.3961775
2025-07-13,34466,PENGU,51,1885491383.211861
2025-07-13,3794,ATOM,52,1831005284.6234722
2025-07-13,13502,WLD,53,1804743937.2679398
2025-07-13,23149,SEI,54,1759687303.6589816
2025-07-13,2280,FIL,55,1747328379.162353
2025-07-13,3773,FET,56,1753073124.682824
2025-07-13,33038,SKY,57,1661285168.0104852
2025-07-13,29210,JUP,58,1515209817.1460774
2025-07-13,2087,KCS,59,1458516653.0177777
2025-07-13,26081,FDUSD,60,1450126873.1094663
2025-07-13,28081,SPX,61,1445452954.0670922
2025-07-13,3155,QNT,62,1389513954.0068336
2025-07-13,22861,TIA,63,1340002905.3201792
2025-07-13,2634,XDC,64,1268573409.5787916
2025-07-13,33597,FARTCOIN,65,1281525846.199557
2025-07-13,23635,FORM,66,1273037451.8319228
2025-07-13,7226,INJ,67,1241159660.252148
2025-07-13,35626,IP,68,1231773226.124925
2025-07-13,4847,STX,69,1207057485.276263
2025-07-13,7950,FLR,70,1180386429.136135
2025-07-13,11840,OP,71,1146329304.5483055
2025-07-13,29420,VIRTUAL,72,1119829105.0201461
2025-07-13,32684,S,73,1040552113.661329
2025-07-13,10603,IMX,74,998961745.9811095
2025-07-13,28752,WIF,75,994817651.7076821
2025-07-13,35491,M,76,992289348.7903335
2025-07-13,6719,GRT,77,982281195.0426904
2025-07-13,32880,KAIA,78,947436724.2748593
2025-07-13,4705,PAXG,79,940254419.0777309
2025-07-13,10804,FLOKI,80,924114833.3201962
2025-07-13,6538,CRV,81,891918204.2700373
2025-07-13,27772,PYUSD,82,887098873.4047557
2025-07-13,1720,IOTA,83,849400592.5427512
2025-07-13,36462,A,84,861076043.4973059
2025-07-13,2694,NEXO,85,829609408.6112019
2025-07-13,7186,CAKE,86,829688804.2022994
2025-07-13,5176,XAUt,87,828631507.7910776
2025-07-13,2416,THETA,88,811350689.0911806
2025-07-13,13855,ENS,89,804930807.507544
2025-07-13,6210,SAND,90,802627160.604847
2025-07-13,8425,JASMY,91,799828113.2119664
2025-07-13,7080,GALA,92,780673340.4186218
2025-07-13,8000,LDO,93,752426182.4378551
2025-07-13,8526,RAY,94,744563380.3906711
2025-07-13,27659,MOG,95,743412177.9642531
2025-07-13,1437,ZEC,96,710332306.4039763
2025-07-13,29270,AERO,97,699778794.6211171
2025-07-13,28177,PYTH,98,687559631.8360711
2025-07-13,16086,BTT,99,677666007.1832356
2025-07-13,2011,XTZ,100,675831833.2398124
2025-07-13,28541,JTO,101,666737384.3163948
2025-07-13,9481,PENDLE,102,646014143.7620791
2025-07-13,1966,MANA,103,629625257.9108567
2025-07-13,7326,DEXE,104,631000217.4752353
2025-07-13,4558,FLOW,105,619867455.9640371
2025-07-13,34104,MORPHO,106,609546005.9391457
2025-07-13,18679,XCN,107,593258312.0843257
2025-07-13,3871,AB,108,592058983.3738996
2025-07-13,33824,SYRUP,109,592118488.4099241
2025-07-13,5665,HNT,110,578878219.4741275
2025-07-13,33391,DEEP,111,571803409.3908696
2025-07-13,23254,CORE,112,556966434.4315596
2025-07-13,36119,WAL,113,551407656.1566678
2025-07-13,29743,BRETT,114,550568719.5334044
2025-07-13,4157,RUNE,115,537410766.6348425
2025-07-13,3602,BSV,116,525220387.3225261
2025-07-13,7334,CFX,117,524522861.17033315
2025-07-13,19891,USDD,118,521883709.7109289
2025-07-13,34387,RLUSD,119,517634670.736133
2025-07-13,18876,APE,120,497706620.3054179
2025-07-13,22691,STRK,121,498274455.04057455
2025-07-13,2563,TUSD,122,493370299.79151255
2025-07-13,8290,SUPER,123,483826174.87472904
2025-07-13,36532,B,124,477569947.36874837
2025-07-13,4846,KAVA,125,466295132.81079537
2025-07-13,3964,RSR,126,464108727.3940352
2025-07-13,30933,DOG,127,459168581.9811458
2025-07-13,28324,DYDX,128,453049222.61341214
2025-07-13,5632,AR,129,449069597.3972663
2025-07-13,9816,NFT,130,450414561.35434455
2025-07-13,1376,NEO,131,447353562.65804464
2025-07-13,9104,AIOZ,132,440891072.22215164
2025-07-13,6892,EGLD,133,444052940.1419639
2025-07-13,5692,COMP,134,437908441.2173472
2025-07-13,8104,1INCH,135,447176484.48970366
2025-07-13,29814,ETHFI,136,431519990.1068448
2025-07-13,10791,XEC,137,421817649.38885105
2025-07-13,6783,AXS,138,416694713.5906729
2025-07-13,30494,EIGEN,139,416424254.6921698
2025-07-13,4066,CHZ,140,395997446.2552737
2025-07-13,24091,ZK,141,394035769.71353954
2025-07-13,32452,MOVE,142,393580214.3129295
2025-07-13,29587,W,143,374844664.77334327
2025-07-13,28782,POPCAT,144,364999440.24164236
2025-07-13,35763,KAITO,145,364483310.82417935
2025-07-13,5488,JST,146,361987525.86212647
2025-07-13,10529,SUN,147,360712080.85026985
2025-07-13,17799,AXL,148,359995803.2023418
2025-07-13,21585,SAFE,149,294778125.7854394
2025-07-13,9903,CVX,150,347870181.6357932
2025-07-13,26997,ZRO,151,345930871.2571398
2025-07-13,4172,LUNC,152,346795090.51607716
2025-07-13,14101,RON,153,343730219.2188938
2025-07-13,1659,GNO,154,335395901.871889
2025-07-13,28298,BEAM,155,335161879.91402674
2025-07-13,5198,CTC,156,331453214.2796795
2025-07-13,7431,AKT,157,335758875.30413115
2025-07-13,6945,AMP,158,318785395.1108781
2025-07-13,5964,TWT,159,315101304.9613228
2025-07-13,30083,ATH,160,314767669.99463516
2025-07-13,24911,TURBO,161,305567884.29346305
2025-07-13,30636,ZBCN,162,303896335.7523735
2025-07-13,4195,FTT,163,292572336.2049964
2025-07-13,1168,DCR,164,288036938.9847547
2025-07-13,33788,PNUT,165,282544563.0527959
2025-07-13,31526,MOCA,166,282991455.40673685
2025-07-13,7548,WEMIX,167,279517775.35158855
2025-07-13,30126,MEW,168,281026365.0287929
2025-07-13,32956,GRASS,169,279266103.11663246
2025-07-13,3640,LPT,170,278008488.83411306
2025-07-13,131,DASH,171,275137584.2222257
2025-07-13,3822,TFUEL,172,261397765.8057568
2025-07-13,1455,GLM,173,260943029.8808222
2025-07-13,8119,SFP,174,257812282.92203796
2025-07-13,33280,CHEEMS,175,252490385.02465
2025-07-13,8646,MINA,176,248453427.5163184
2025-07-13,5034,KSM,177,246765682.30451632
2025-07-13,2469,ZIL,178,245711644.85955644
2025-07-13,1684,QTUM,179,241500726.29382426
2025-07-13,24647,BERA,180,239823844.3619134
2025-07-13,27750,TOSHI,181,225705258.56966954
2025-07-13,1697,BAT,182,225884320.8374747
2025-07-13,10407,BabyDoge,183,223732073.45550272
2025-07-13,2586,SNX,184,223698145.44519702
2025-07-13,1896,ZRX,185,223925978.37046894
2025-07-13,4041,MX,186,219191967.37397355
2025-07-13,2577,RVN,187,218879059.86763754
2025-07-13,6536,OM,188,219072376.09690747
2025-07-13,35364,PLUME,189,215946785.60791507
2025-07-13,28850,NOT,190,210959288.85364747
2025-07-13,7653,ROSE,191,211409414.80620062
2025-07-13,23121,BLUR,192,209775867.18977597
2025-07-13,2777,IOTX,193,208012442.2810276
2025-07-13,1785,GAS,194,209823145.75437197
2025-07-13,20641,EURC,195,206954807.72241864
2025-07-13,12885,ASTR,196,204254775.1434015
2025-07-13,32521,NEIRO,197,203323154.10205
2025-07-13,6953,FRAX,198,203707953.5931039
2025-07-13,4948,CKB,199,201251248.96019396
2025-07-13,34026,AI16Z,200,203566117.83966526
2025-07-20,1,BTC,1,2333710393178.455
2025-07-20,1027,ETH,2,453813157955.45685
2025-07-20,52,XRP,3,204742515327.00644
2025-07-20,825,USDT,4,161630655677.25302
2025-07-20,1839,BNB,5,105544792101.08864
2025-07-20,5426,SOL,6,97657854316.82248
2025-07-20,3408,USDC,7,64457319524.616776
2025-07-20,74,DOGE,8,40988476877.56695
2025-07-20,2010,ADA,9,30398288316.603683
2025-07-20,1958,TRX,10,29770276495.388256
2025-07-20,32196,HYPE,11,15364599502.706667
2025-07-20,512,XLM,12,14412723138.421915
2025-07-20,20947,SUI,13,13445599907.093325
2025-07-20,1975,LINK,14,13090820805.205673
2025-07-20,4642,HBAR,15,11510783594.365725
2025-07-20,1831,BCH,16,10902807991.909864
2025-07-20,5805,AVAX,17,10587934857.087742
2025-07-20,5994,SHIB,18,9137277209.009161
2025-07-20,2,LTC,19,8892979953.601477
2025-07-20,3957,LEO,20,8297513238.961899
2025-07-20,11419,TON,21,8093058813.590552
2025-07-20,6636,DOT,22,7182034416.860021
2025-07-20,7083,UNI,23,6708652188.959354
2025-07-20,29470,USDe,24,6102692009.617529
2025-07-20,328,XMR,25,6003287148.1899605
2025-07-20,24478,PEPE,26,5916312974.85697
2025-07-20,11092,BGB,27,5798019942.837961
2025-07-20,4943,DAI,28,5365658621.225653
2025-07-20,7278,AAVE,29,4936143850.18152
2025-07-20,22974,TAO,30,3903964045.574363
2025-07-20,3635,CRO,31,3905270686.244415
2025-07-20,1321,ETC,32,3778915098.5249677
2025-07-20,6535,NEAR,33,3690677811.254643
2025-07-20,21794,APT,34,3482019964.835515
2025-07-20,35697,PI,35,3443917610.237934
2025-07-20,21159,ONDO,36,3310586851.3428674
2025-07-20,8916,ICP,37,3208447254.7298117
2025-07-20,30171,ENA,38,3141887510.491036
2025-07-20,3897,OKB,39,2950739348.412833
2025-07-20,27075,MNT,40,2700984228.6929703
2025-07-20,23095,BONK,41,2661286447.802345
2025-07-20,28321,POL,42,2642720220.635081
2025-07-20,20396,KAS,43,2581284303.7459702
2025-07-20,4030,ALGO,44,2533374945.40909
2025-07-20,11841,ARB,45,2494809240.2985687
2025-07-20,3077,VET,46,2444466043.1913023
2025-07-20,5690,RENDER,47,2256267613.3145623
2025-07-20,36148,USD1,48,2204732992.244989
2025-07-20,4269,GT,49,2153962897.2202473
2025-07-20,35336,TRUMP,50,2150799790.9918437
2025-07-20,13502,WLD,51,2136228703.8510997
2025-07-20,23149,SEI,52,2055292346.4320147
2025-07-20,3794,ATOM,53,2025612080.492852
2025-07-20,2280,FIL,54,1978535240.4414623
2025-07-20,34466,PENGU,55,1954308542.0472305
2025-07-20,3773,FET,56,1914356840.5184162
2025-07-20,33038,SKY,57,1793576442.613624
2025-07-20,28081,SPX,58,1763556032.0187047
2025-07-20,29210,JUP,59,1682981937.187475
2025-07-20,2634,XDC,60,1626689206.2473178
2025-07-20,22861,TIA,61,1553057868.8594701
2025-07-20,2087,KCS,62,1537053781.6908627
2025-07-20,7226,INJ,63,1499906074.9112146
2025-07-20,36507,PUMP,64,1498171037.7283895
2025-07-20,26081,FDUSD,65,1449373286.4939857
2025-07-20,7950,FLR,66,1432441172.3283527
2025-07-20,33597,FARTCOIN,67,1425174331.423294
2025-07-20,35626,IP,68,1420419759.8610854
2025-07-20,3155,QNT,69,1421264715.3792737
2025-07-20,4847,STX,70,1389463455.6835506
2025-07-20,11840,OP,71,1377535542.4629326
2025-07-20,23635,FORM,72,1332291380.08676
2025-07-20,6538,CRV,73,1317836126.6621108
2025-07-20,10804,FLOKI,74,1302584233.9431589
2025-07-20,28752,WIF,75,1214120757.358263
2025-07-20,10603,IMX,76,1204577737.8253367
2025-07-20,29420,VIRTUAL,77,1200609407.3384972
2025-07-20,6719,GRT,78,1148409453.550834
2025-07-20,32684,S,79,1132239569.655482
2025-07-20,7334,CFX,80,1133559955.5265281
2025-07-20,2011,XTZ,81,1129196210.823244
2025-07-20,8000,LDO,82,1071451260.0984197
2025-07-20,32880,KAIA,83,1053947916.3599899
2025-07-20,13855,ENS,84,1045458071.8769674
2025-07-20,36462,A,85,987782823.2959576
2025-07-20,2416,THETA,86,962170419.4198439
2025-07-20,4705,PAXG,87,944650707.4822307
2025-07-20,8425,JASMY,88,945547053.3470162
2025-07-20,1720,IOTA,89,940863861.1919391
2025-07-20,7186,CAKE,90,933766003.313371
2025-07-20,7080,GALA,91,907928797.6635586
2025-07-20,6210,SAND,92,885481472.4123633
2025-07-20,2694,NEXO,93,871854905.7247038
2025-07-20,27772,PYUSD,94,864468469.3272654
2025-07-20,5176,XAUt,95,825036732.0999312
2025-07-20,28177,PYTH,96,831473827.5297229
2025-07-20,29270,AERO,97,807421055.3957793
2025-07-20,8526,RAY,98,778659358.9388717
2025-07-20,9481,PENDLE,99,762018241.3043675
2025-07-20,16086,BTT,100,725285356.5766637
2025-07-20,28541,JTO,101,728129396.4851187
2025-07-20,1437,ZEC,102,726224963.8635167
2025-07-20,5665,HNT,103,725627559.1656269
2025-07-20,4558,FLOW,104,717030520.4056882
2025-07-20,35491,M,105,699698271.6022228
2025-07-20,34104,MORPHO,106,694692131.4758223
2025-07-20,1966,MANA,107,693341992.6485245
2025-07-20,33391,DEEP,108,657800142.4518027
2025-07-20,18679,XCN,109,632829992.783798
2025-07-20,27659,MOG,110,630419346.3386694
2025-07-20,36119,WAL,111,623899198.69411
2025-07-20,3602,BSV,112,622989275.1138109
2025-07-20,7326,DEXE,113,621259863.7706532
2025-07-20,29743,BRETT,114,613645460.2239722
2025-07-20,23254,CORE,115,611838768.9432923
2025-07-20,3871,AB,116,604127383.6624267
2025-07-20,4157,RUNE,117,599792741.0317003
2025-07-20,5632,AR,118,571328356.999639
2025-07-20,3964,RSR,119,563929608.926809
2025-07-20,29814,ETHFI,120,557013133.5530041
2025-07-20,19891,USDD,121,541375372.8598495
2025-07-20,1376,NEO,122,532030744.96824193
2025-07-20,22691,STRK,123,532187283.0269983
2025-07-20,34387,RLUSD,124,527475779.0197073
2025-07-20,28324,DYDX,125,528252348.50081885
2025-07-20,18876,APE,126,528312240.72734416
2025-07-20,8290,SUPER,127,520169990.86145777
2025-07-20,5692,COMP,128,505509437.8477198
2025-07-20,36532,B,129,503283548.4128738
2025-07-20,6892,EGLD,130,500038844.2883301
2025-07-20,33824,SYRUP,131,496991900.00163823
2025-07-20,2563,TUSD,132,493429460.28231853
2025-07-20,30494,EIGEN,133,489380814.1105093
2025-07-20,9104,AIOZ,134,485294403.89622736
2025-07-20,10791,XEC,135,486606942.03483343
2025-07-20,6783,AXS,136,469956747.3472725
2025-07-20,4846,KAVA,137,468144492.289477
2025-07-20,9816,NFT,138,459843358.39443123
2025-07-20,24091,ZK,139,453345554.08625096
2025-07-20,8104,1INCH,140,445762351.6828619
2025-07-20,29587,W,141,442867091.3975864
2025-07-20,4066,CHZ,142,443003224.37275815
2025-07-20,32452,MOVE,143,442999242.1716655
2025-07-20,30933,DOG,144,430208553.403942
2025-07-20,7548,WEMIX,145,415879072.16632247
2025-07-20,9903,CVX,146,413734253.8538459
2025-07-20,28298,BEAM,147,421320286.62608194
2025-07-20,28782,POPCAT,148,411914360.5135654
2025-07-20,26997,ZRO,149,406501032.080189
2025-07-20,1659,GNO,150,400229905.4891291
2025-07-20,35763,KAITO,151,402219496.1952143
2025-07-20,17799,AXL,152,399665908.13986826
2025-07-20,14101,RON,153,392137182.039963
2025-07-20,4172,LUNC,154,388395007.2820448
2025-07-20,7431,AKT,155,371715564.7273598
2025-07-20,24911,TURBO,156,375676125.5059697
2025-07-20,5488,JST,157,373542694.9731135
2025-07-20,30126,MEW,158,365923031.38876086
2025-07-20,30083,ATH,159,362550275.5144583
2025-07-20,4195,FTT,160,358319822.8124974
2025-07-20,10529,SUN,161,360530110.14007926
2025-07-20,6945,AMP,162,358639373.2439788
2025-07-20,5198,CTC,163,355167157.0618953
2025-07-20,5964,TWT,164,348440933.24727595
2025-07-20,6536,OM,165,356063341.0491854
2025-07-20,3640,LPT,166,325246970.6203026
2025-07-20,6953,FRAX,167,320669380.3027671
2025-07-20,21585,SAFE,168,316186750.763403
2025-07-20,131,DASH,169,311248961.80202675
2025-07-20,33788,PNUT,170,310718387.5869853
2025-07-20,31526,MOCA,171,298980542.923039
2025-07-20,1168,DCR,172,297475714.51230145
2025-07-20,27750,TOSHI,173,291541234.07635933
2025-07-20,30636,ZBCN,174,290105570.91019106
2025-07-20,5034,KSM,175,289737388.9772537
2025-07-20,1455,GLM,176,288817205.0793915
2025-07-20,3822,TFUEL,177,285582164.938717
2025-07-20,8646,MINA,178,286122130.71209764
2025-07-20,24647,BERA,179,278435571.5459649
2025-07-20,4948,CKB,180,282507103.25714964
2025-07-20,32956,GRASS,181,277933843.8078034
2025-07-20,6758,SUSHI,182,273591214.4995922
2025-07-20,1684,QTUM,183,271474066.7889333
2025-07-20,8119,SFP,184,271305293.65308064
2025-07-20,2469,ZIL,185,265471268.80598444
2025-07-20,33280,CHEEMS,186,260960270.26006588
2025-07-20,10407,BabyDoge,187,259754984.12884995
2025-07-20,2586,SNX,188,256579862.74930272
2025-07-20,2467,TRAC,189,252697523.66947663
2025-07-20,1896,ZRX,190,254074921.32610923
2025-07-20,23121,BLUR,191,251971654.87764645
2025-07-20,1697,BAT,192,251871794.30858785
2025-07-20,6958,ACH,193,251447399.00273904
2025-07-20,7653,ROSE,194,244899966.83753186
2025-07-20,2577,RVN,195,244294385.2650437
2025-07-20,32521,NEIRO,196,238518277.40539792
2025-07-20,28850,NOT,197,239012087.63005185
2025-07-20,2777,IOTX,198,238188754.60956982
2025-07-20,25028,ORDI,199,232425213.826848
2025-07-20,1785,GAS,200,232423091.48250738
2025-07-27,1,BTC,1,2376827031409.363
2025-07-27,1027,ETH,2,467784636169.14014
2025-07-27,52,XRP,3,192012402524.12723
2025-07-27,825,USDT,4,163615848800.75803
2025-07-27,1839,BNB,5,117456770619.45091
2025-07-27,5426,SOL,6,101524035768.72026
2025-07-27,3408,USDC,7,64287450605.540436
2025-07-27,74,DOGE,8,36186722345.878746
2025-07-27,1958,TRX,9,30319732365.604404
2025-07-27,2010,ADA,10,29460158226.457207
2025-07-27,20947,SUI,11,14954710238.641668
2025-07-27,32196,HYPE,12,14585178211.404804
2025-07-27,512,XLM,13,13853423937.39702
2025-07-27,1975,LINK,14,13042951049.376728
2025-07-27,4642,HBAR,15,12362307213.510841
2025-07-27,1831,BCH,16,11745567438.865477
2025-07-27,5805,AVAX,17,10974849873.887848
2025-07-27,2,LTC,18,8739089557.363611
2025-07-27,11419,TON,19,8338590263.6234665
2025-07-27,5994,SHIB,20,8344189097.072804
2025-07-27,3957,LEO,21,8268923686.937952
2025-07-27,29470,USDe,22,7505081501.6437025
2025-07-27,7083,UNI,23,6909856709.992819
2025-07-27,6636,DOT,24,6789458553.797698
2025-07-27,328,XMR,25,6000601639.830792
2025-07-27,11092,BGB,26,5460031998.956435
2025-07-27,4943,DAI,27,5365541566.027009
2025-07-27,24478,PEPE,28,5383526494.000942
2025-07-27,3635,CRO,29,4677128399.30393
2025-07-27,7278,AAVE,30,4641153661.48537
2025-07-27,30171,ENA,31,4257098453.661097
2025-07-27,22974,TAO,32,4079566198.2642355
2025-07-27,6535,NEAR,33,3667145611.972523
2025-07-27,1321,ETC,34,3562379835.898096
2025-07-27,35697,PI,35,3431436352.121481
2025-07-27,21159,ONDO,36,3377838589.806401
2025-07-27,21794,APT,37,3119276756.8236847
2025-07-27,8916,ICP,38,3109505019.4957986
2025-07-27,3897,OKB,39,2935861383.462461
2025-07-27,27075,MNT,40,2791112871.029053
2025-07-27,20396,KAS,41,2782370582.749959
2025-07-27,23095,BONK,42,2717511594.748952
2025-07-27,34466,PENGU,43,2706448374.0737724
2025-07-27,28321,POL,44,2514688955.395295
2025-07-27,4030,ALGO,45,2486842680.2340555
2025-07-27,11841,ARB,46,2373011093.110014
2025-07-27,3077,VET,47,2263617581.1012316
2025-07-27,4269,GT,48,2246670995.2921124
2025-07-27,5690,RENDER,49,2243476118.0213003
2025-07-27,36148,USD1,50,2206900649.9433413
2025-07-27,13502,WLD,51,2188301973.117881
2025-07-27,35336,TRUMP,52,2064000560.2869682
2025-07-27,33038,SKY,53,2051275665.8123522
2025-07-27,23149,SEI,54,2003050490.9999986
2025-07-27,28081,SPX,55,2001559701.8378463
2025-07-27,3794,ATOM,56,1905724827.5486004
2025-07-27,2280,FIL,57,1886994680.0886307
2025-07-27,3773,FET,58,1805821319.5404701
2025-07-27,29210,JUP,59,1775258447.8929596
2025-07-27,7950,FLR,60,1739914770.7705872
2025-07-27,35626,IP,61,1629682789.7852712
2025-07-27,3155,QNT,62,1589852903.746995
2025-07-27,7226,INJ,63,1544228092.4502966
2025-07-27,22861,TIA,64,1498956862.1121013
2025-07-27,2087,KCS,65,1478261314.6748922
2025-07-27,2634,XDC,66,1466681610.2227213
2025-07-27,26081,FDUSD,67,1450411126.0141797
2025-07-27,6538,CRV,68,1399441100.8521109
2025-07-27,4847,STX,69,1366057951.209048
2025-07-27,33597,FARTCOIN,70,1343301973.6546981
2025-07-27,23635,FORM,71,1325563551.646798
2025-07-27,11840,OP,72,1302607177.8226886
2025-07-27,10804,FLOKI,73,1238412403.2131898
2025-07-27,10603,IMX,74,1136980950.0607889
2025-07-27,13855,ENS,75,1139221620.3681006
2025-07-27,28752,WIF,76,1123383782.239755
2025-07-27,6719,GRT,77,1086653579.057182
2025-07-27,7186,CAKE,78,1064043690.1423185
2025-07-27,29420,VIRTUAL,79,1046997234.6537672
2025-07-27,32880,KAIA,80,1030098803.1108377
2025-07-27,8000,LDO,81,1024404471.0680677
2025-07-27,32684,S,82,973617680.1217186
2025-07-27,7334,CFX,83,957433128.0011374
2025-07-27,2011,XTZ,84,946066976.157374
2025-07-27,4705,PAXG,85,942929519.355834
2025-07-27,2416,THETA,86,929928583.7016258
2025-07-27,36507,PUMP,87,927825966.6919097
2025-07-27,36462,A,88,919861280.459535
2025-07-27,27772,PYUSD,89,890403619.9788488
2025-07-27,8425,JASMY,90,873443388.4248999
2025-07-27,1720,IOTA,91,870450992.2263856
2025-07-27,2694,NEXO,92,861736362.6526084
2025-07-27,7080,GALA,93,833586864.280759
2025-07-27,8526,RAY,94,833013261.4457344
2025-07-27,6210,SAND,95,824021516.2373143
2025-07-27,5176,XAUt,96,822875717.9311968
2025-07-27,28177,PYTH,97,798221221.2496768
2025-07-27,29270,AERO,98,776991138.9898127
2025-07-27,9481,PENDLE,99,733684181.5375463
2025-07-27,28541,JTO,100,726594313.5100664
2025-07-27,16086,BTT,101,686792478.4720082
2025-07-27,4558,FLOW,102,677939666.2363853
2025-07-27,1437,ZEC,103,675486594.6064327
2025-07-27,36119,WAL,104,663815364.024818
2025-07-27,33824,SYRUP,105,669064761.7949727
2025-07-27,27659,MOG,106,652569818.527232
2025-07-27,5665,HNT,107,656490959.8372405
2025-07-27,33391,DEEP,108,643208203.3173712
2025-07-27,1966,MANA,109,644193316.2493209
2025-07-27,34104,MORPHO,110,628675330.1715114
2025-07-27,7326,DEXE,111,627567524.8499743
2025-07-27,3871,AB,112,608466745.9414526
2025-07-27,3602,BSV,113,601866369.2531713
2025-07-27,29743,BRETT,114,595349803.2185526
2025-07-27,34387,RLUSD,115,577571435.4831587
2025-07-27,23254,CORE,116,567625086.784539
2025-07-27,18679,XCN,117,564374451.444179
2025-07-27,19891,USDD,118,546589009.0031488
2025-07-27,9903,CVX,119,558420195.6508133
2025-07-27,29814,ETHFI,120,537391769.5792456
2025-07-27,3964,RSR,121,531758207.8885429
2025-07-27,4157,RUNE,122,527408873.70001143
2025-07-27,8290,SUPER,123,518619440.5112234
2025-07-27,5632,AR,124,517777897.72323054
2025-07-27,35491,M,125,507635112.9583165
2025-07-27,7548,WEMIX,126,499287782.58370376
2025-07-27,9104,AIOZ,127,499868921.30044067
2025-07-27,22691,STRK,128,495299443.89056677
2025-07-27,2563,TUSD,129,493394343.0518893
2025-07-27,28324,DYDX,130,489772573.09982795
2025-07-27,18876,APE,131,486652957.6933938
2025-07-27,9816,NFT,132,485292709.7943723
2025-07-27,6892,EGLD,133,482868945.5744076
2025-07-27,5692,COMP,134,482106524.2784454
2025-07-27,1376,NEO,135,480178477.0913177
2025-07-27,10791,XEC,136,469570474.0424632
2025-07-27,36532,B,137,450692651.7361331
2025-07-27,30494,EIGEN,138,447859495.04793
2025-07-27,24091,ZK,139,446465414.9256724
2025-07-27,6783,AXS,140,441155925.22890913
2025-07-27,4846,KAVA,141,436958027.2089559
2025-07-27,4066,CHZ,142,431302366.6744107
2025-07-27,28298,BEAM,143,431117387.54362696
2025-07-27,29587,W,144,417249903.6077487
2025-07-27,17799,AXL,145,418009847.1510681
2025-07-27,8104,1INCH,146,406876348.41341895
2025-07-27,32452,MOVE,147,394161304.43496996
2025-07-27,26997,ZRO,148,393078024.78316677
2025-07-27,10529,SUN,149,386606505.6040115
2025-07-27,1659,GNO,150,382479047.6271143
2025-07-27,14101,RON,151,377930761.67572045
2025-07-27,28782,POPCAT,152,375382259.0516935
2025-07-27,30636,ZBCN,153,372773521.66558987
2025-07-27,5488,JST,154,369809237.02328354
2025-07-27,30083,ATH,155,368013985.1370786
2025-07-27,30933,DOG,156,364927731.2629731
2025-07-27,24911,TURBO,157,361013671.3145795
2025-07-27,4172,LUNC,158,359299203.11111325
2025-07-27,7431,AKT,159,354566317.1306683
2025-07-27,5198,CTC,160,352380502.1628414
2025-07-27,5964,TWT,161,350255635.1734229
2025-07-27,31526,MOCA,162,330721814.5007911
2025-07-27,6945,AMP,163,333915655.0187618
2025-07-27,35763,KAITO,164,329606181.53127646
2025-07-27,30126,MEW,165,327894637.66844344
2025-07-27,1455,GLM,166,311890709.5338377
2025-07-27,4195,FTT,167,317676601.76193446
2025-07-27,6953,FRAX,168,315829299.33455557
2025-07-27,3640,LPT,169,309621465.7768986
2025-07-27,21585,SAFE,170,309746792.5377174
2025-07-27,1168,DCR,171,298037484.9787878
2025-07-27,131,DASH,172,286164325.5247574
2025-07-27,33788,PNUT,173,287102623.27574265
2025-07-27,4948,CKB,174,287238685.2532519
2025-07-27,6536,OM,175,285966408.0680461
2025-07-27,3822,TFUEL,176,279625907.6922958
2025-07-27,8646,MINA,177,276236017.6286489
2025-07-27,24647,BERA,178,277868658.15455216
2025-07-27,5034,KSM,179,274280919.7284228
2025-07-27,27750,TOSHI,180,264044078.5093859
2025-07-27,23121,BLUR,181,262194574.98373267
2025-07-27,2467,TRAC,182,259062976.8331373
2025-07-27,33280,CHEEMS,183,258918409.44498056
2025-07-27,8119,SFP,184,256944980.10096645
2025-07-27,6758,SUSHI,185,257213068.541158
2025-07-27,2577,RVN,186,253032360.57634863
2025-07-27,1684,QTUM,187,250484746.40043738
2025-07-27,1697,BAT,188,250015783.4301958
2025-07-27,10407,BabyDoge,189,250173646.63424593
2025-07-27,2469,ZIL,190,243239961.7526615
2025-07-27,25028,ORDI,191,244652672.47073415
2025-07-27,1896,ZRX,192,237213135.14781898
2025-07-27,2586,SNX,193,232993511.75019777
2025-07-27,32956,GRASS,194,232127536.93852955
2025-07-27,1785,GAS,195,224586184.69549257
2025-07-27,2777,IOTX,196,224039905.22764364
2025-07-27,35364,PLUME,197,219182046.616058
2025-07-27,12885,ASTR,198,218702088.55565056
2025-07-27,28850,NOT,199,218480501.35546246
2025-07-27,6958,ACH,200,217589855.6684196
2025-08-03,1,BTC,1,2273101191111.861
2025-08-03,1027,ETH,2,422167414241.6376
2025-08-03,52,XRP,3,174932692791.32648
2025-08-03,825,USDT,4,163902591393.3265
2025-08-03,1839,BNB,5,104683642684.03352
2025-08-03,5426,SOL,6,87198666175.52853
2025-08-03,3408,USDC,7,64173323165.96294
2025-08-03,1958,TRX,8,31033052555.319252
2025-08-03,74,DOGE,9,29903281683.340683
2025-08-03,2010,ADA,10,25748242274.557438
2025-08-03,32196,HYPE,11,12758265045.128025
2025-08-03,512,XLM,12,12473865181.567556
2025-08-03,20947,SUI,13,12106117911.52444
2025-08-03,1975,LINK,14,11052999373.809647
2025-08-03,1831,BCH,15,10838268291.474638
2025-08-03,4642,HBAR,16,10546115606.237726
2025-08-03,29470,USDe,17,9280715118.223087
2025-08-03,5805,AVAX,18,9027652351.868433
2025-08-03,11419,TON,19,8619710591.594149
2025-08-03,2,LTC,20,8411888218.16981
2025-08-03,3957,LEO,21,8275057416.976231
2025-08-03,5994,SHIB,22,7191856037.688761
2025-08-03,6636,DOT,23,5779672462.076017
2025-08-03,7083,UNI,24,5752767651.2829075
2025-08-03,328,XMR,25,5597531741.475279
2025-08-03,4943,DAI,26,5365121199.754757
2025-08-03,11092,BGB,27,4935917403.020029
2025-08-03,24478,PEPE,28,4397932494.486134
2025-08-03,3635,CRO,29,4213528870.058278
2025-08-03,7278,AAVE,30,3953788969.144984
2025-08-03,30171,ENA,31,3777950128.1274853
2025-08-03,22974,TAO,32,3345805413.966556
2025-08-03,1321,ETC,33,3039023477.2085624
2025-08-03,6535,NEAR,34,3033275659.2202806
2025-08-03,21159,ONDO,35,2911814946.6417227
2025-08-03,21794,APT,36,2839449768.431946
2025-08-03,35697,PI,37,2805249358.94569
2025-08-03,3897,OKB,38,2784478879.1212487
2025-08-03,8916,ICP,39,2746902166.2349696
2025-08-03,27075,MNT,40,2385830459.198487
2025-08-03,20396,KAS,41,2260146162.099389
2025-08-03,34466,PENGU,42,2224441107.611812
2025-08-03,36148,USD1,43,2166482514.371145
2025-08-03,4030,ALGO,44,2115846475.8256233
2025-08-03,28321,POL,45,2117297521.2075977
2025-08-03,23095,BONK,46,2104011190.9493346
2025-08-03,4269,GT,47,2094076037.609268
2025-08-03,3077,VET,48,1982731297.8652468
2025-08-03,11841,ARB,49,1973256367.325918
2025-08-03,5690,RENDER,50,1852316131.9779732
2025-08-03,35626,IP,51,1807161569.9906874
2025-08-03,13502,WLD,52,1783562506.4417996
2025-08-03,35336,TRUMP,53,1764073231.0152462
2025-08-03,33038,SKY,54,1676096789.4195187
2025-08-03,3794,ATOM,55,1670970407.6129107
2025-08-03,7950,FLR,56,1626361197.7089126
2025-08-03,23149,SEI,57,1619535458.2206533
2025-08-03,2280,FIL,58,1602586425.7968893
2025-08-03,2634,XDC,59,1515362848.99601
2025-08-03,3773,FET,60,1511515585.6582203
2025-08-03,28081,SPX,61,1495700314.2002811
2025-08-03,23635,FORM,62,1454335064.8756194
2025-08-03,26081,FDUSD,63,1449627205.3783045
2025-08-03,29210,JUP,64,1430638368.9388065
2025-08-03,2087,KCS,65,1341406458.4448822
2025-08-03,3155,QNT,66,1340411841.4367924
2025-08-03,7226,INJ,67,1297955389.247189
2025-08-03,6538,CRV,68,1244634792.511729
2025-08-03,4847,STX,69,1227768779.3532233
2025-08-03,22861,TIA,70,1202646508.8849912
2025-08-03,11840,OP,71,1150103842.0606542
2025-08-03,7334,CFX,72,1113139777.5172856
2025-08-03,36507,PUMP,73,1033282764.9392011
2025-08-03,10804,FLOKI,74,1024597515.6510638
2025-08-03,27772,PYUSD,75,1012086544.0969521
2025-08-03,4705,PAXG,76,953451242.1847686
2025-08-03,6719,GRT,77,952906788.1815436
2025-08-03,10603,IMX,78,946424845.9420451
2025-08-03,13855,ENS,79,931192568.1877059
2025-08-03,33597,FARTCOIN,80,927867179.235051
2025-08-03,28752,WIF,81,896919711.1547236
2025-08-03,7186,CAKE,82,891698017.6099602
2025-08-03,32684,S,83,867316686.9609815
2025-08-03,2694,NEXO,84,852992625.2887573
2025-08-03,32880,KAIA,85,842965131.8240955
2025-08-03,5176,XAUt,86,827816156.6278572
2025-08-03,8000,LDO,87,824820357.7061813
2025-08-03,2011,XTZ,88,801634026.204323
2025-08-03,29420,VIRTUAL,89,799138383.7241724
2025-08-03,36462,A,90,785105026.4933852
2025-08-03,2416,THETA,91,748369138.2913275
2025-08-03,8425,JASMY,92,739688231.9185141
2025-08-03,1720,IOTA,93,723886146.3312273
2025-08-03,35491,M,94,691561518.8106362
2025-08-03,8526,RAY,95,689106344.0885178
2025-08-03,7080,GALA,96,690315088.0177554
2025-08-03,6210,SAND,97,682135853.517011
2025-08-03,29270,AERO,98,676604085.624847
2025-08-03,9481,PENDLE,99,660122301.1168722
2025-08-03,28177,PYTH,100,657947642.5777404
2025-08-03,16086,BTT,101,640916614.6519376
2025-08-03,28541,JTO,102,618074177.7160474
2025-08-03,7326,DEXE,103,606004315.9264973
2025-08-03,34387,RLUSD,104,602678684.8261632
2025-08-03,1437,ZEC,105,583771795.98093
2025-08-03,3871,AB,106,576965866.1241703
2025-08-03,4558,FLOW,107,572261796.7762549
2025-08-03,19891,USDD,108,569293308.3843021
2025-08-03,34104,MORPHO,109,560872135.687135
2025-08-03,1966,MANA,110,547602280.7891371
2025-08-03,36119,WAL,111,533002461.7001174
2025-08-03,5665,HNT,112,520850822.5625959
2025-08-03,29743,BRETT,113,515362137.7418147
2025-08-03,3602,BSV,114,513353483.79953855
2025-08-03,33824,SYRUP,115,499045115.01563543
2025-08-03,36532,B,116,499926495.74689734
2025-08-03,18679,XCN,117,495829945.86074436
2025-08-03,2563,TUSD,118,492928880.9739094
2025-08-03,23254,CORE,119,481500094.82493204
2025-08-03,30636,ZBCN,120,475545041.2268279
2025-08-03,9816,NFT,121,472034648.7973081
2025-08-03,33391,DEEP,122,469282092.9995104
2025-08-03,27659,MOG,123,465272938.73431414
2025-08-03,4157,RUNE,124,453728392.42185646
2025-08-03,22691,STRK,125,446401261.73471826
2025-08-03,3964,RSR,126,446102126.62001425
2025-08-03,8290,SUPER,127,429091016.23153883
2025-08-03,4846,KAVA,128,422342488.6301981
2025-08-03,5692,COMP,129,421900705.88317674
2025-08-03,29814,ETHFI,130,421224606.4528885
2025-08-03,18876,APE,131,418760080.25051147
2025-08-03,5632,AR,132,417172435.1631742
2025-08-03,28324,DYDX,133,414085377.2688895
2025-08-03,1376,NEO,134,412141479.5504118
2025-08-03,10529,SUN,135,408396269.2093527
2025-08-03,9903,CVX,136,408397473.6698613
2025-08-03,6892,EGLD,137,407063859.64848024
2025-08-03,9104,AIOZ,138,404033515.0767303
2025-08-03,10791,XEC,139,401122161.8889149
2025-08-03,6783,AXS,140,374881629.07410055
2025-08-03,24091,ZK,141,375026596.462276
2025-08-03,4066,CHZ,142,373471690.04412603
2025-08-03,7548,WEMIX,143,369739288.76425445
2025-08-03,30494,EIGEN,144,357214972.57552564
2025-08-03,29587,W,145,355161050.40001076
2025-08-03,14101,RON,146,349867692.44695735
2025-08-03,8104,1INCH,147,350213606.74531424
2025-08-03,17799,AXL,148,342265406.46248865
2025-08-03,32452,MOVE,149,342083288.26437885
2025-08-03,28298,BEAM,150,335904528.5347045
2025-08-03,4172,LUNC,151,327909692.37500304
2025-08-03,30083,ATH,152,327817917.3301466
2025-08-03,5488,JST,153,322334445.1667519
2025-08-03,1659,GNO,154,314020526.4135883
2025-08-03,5964,TWT,155,309460905.7110081
2025-08-03,24911,TURBO,156,299002837.6521785
2025-08-03,5198,CTC,157,298128956.3203285
2025-08-03,6945,AMP,158,297714532.68592346
2025-08-03,4195,FTT,159,296076463.43898374
2025-08-03,30933,DOG,160,295405785.5797648
2025-08-03,7431,AKT,161,292523818.24573016
2025-08-03,28782,POPCAT,162,289483436.1674311
2025-08-03,1168,DCR,163,278293052.6082305
2025-08-03,35763,KAITO,164,275823981.275055
2025-08-03,2777,IOTX,165,271646295.3180468
2025-08-03,30126,MEW,166,266475232.52649552
2025-08-03,3640,LPT,167,262656657.08149835
2025-08-03,7127,VELO,168,262008266.47862455
2025-08-03,21585,SAFE,169,259495927.8021005
2025-08-03,31526,MOCA,170,259433974.86525735
2025-08-03,6536,OM,171,255908072.89605695
2025-08-03,4948,CKB,172,259076841.2903797
2025-08-03,6953,FRAX,173,257392515.51795375
2025-08-03,3822,TFUEL,174,258174796.31830436
2025-08-03,131,DASH,175,255139751.04612726
2025-08-03,27750,TOSHI,176,250920330.94253433
2025-08-03,36828,USELESS,177,244735569.07082486
2025-08-03,1455,GLM,178,235762087.6282535
2025-08-03,5034,KSM,179,234999048.80586022
2025-08-03,8119,SFP,180,227204269.5565124
2025-08-03,26997,ZRO,181,225118433.41925654
2025-08-03,8646,MINA,182,224263194.06228048
2025-08-03,33788,PNUT,183,223967002.59147075
2025-08-03,24647,BERA,184,222055920.79916614
2025-08-03,28850,NOT,185,217540040.96611217
2025-08-03,1697,BAT,186,218346121.52661443
2025-08-03,2467,TRAC,187,217381311.83574432
2025-08-03,1684,QTUM,188,217335085.61841282
2025-08-03,33280,CHEEMS,189,213114837.310746
2025-08-03,10407,BabyDoge,190,212629722.00787857
2025-08-03,6758,SUSHI,191,209680822.59757814
2025-08-03,2469,ZIL,192,209567157.8317637
2025-08-03,20641,EURC,193,209008808.58113554
2025-08-03,4041,MX,194,208126787.86685002
2025-08-03,2577,RVN,195,208309027.37993908
2025-08-03,23121,BLUR,196,202856642.46829063
2025-08-03,1896,ZRX,197,200708200.52030912
2025-08-03,35931,ZORA,198,199950547.70100966
2025-08-03,2586,SNX,199,199353168.84406063
2025-08-03,6958,ACH,200,192432082.736386
2025-08-10,1,BTC,1,2374750738648.019
2025-08-10,1027,ETH,2,513522361000.04803
2025-08-10,52,XRP,3,189066620933.95746
2025-08-10,825,USDT,4,164551682376.616
2025-08-10,1839,BNB,5,112248479874.46426
2025-08-10,5426,SOL,6,98649073501.06999
2025-08-10,3408,USDC,7,65207047430.108696
2025-08-10,74,DOGE,8,35224016849.80555
2025-08-10,1958,TRX,9,32038713486.695972
2025-08-10,2010,ADA,10,28422909222.62556
2025-08-10,32196,HYPE,11,15112895886.749186
2025-08-10,1975,LINK,12,14987697595.340778
2025-08-10,512,XLM,13,13906042863.709806
2025-08-10,20947,SUI,14,13619398397.762241
2025-08-10,1831,BCH,15,11363336792.288021
2025-08-10,4642,HBAR,16,10995171840.86082
2025-08-10,29470,USDe,17,10251033984.84106
2025-08-10,5805,AVAX,18,10076977215.544579
2025-08-10,2,LTC,19,9429745139.348967
2025-08-10,11419,TON,20,8595527947.04155
2025-08-10,3957,LEO,21,8407191043.617973
2025-08-10,5994,SHIB,22,7999285611.2272005
2025-08-10,7083,UNI,23,6883950717.709913
2025-08-10,6636,DOT,24,6525704199.074074
2025-08-10,4943,DAI,25,5365997062.672497
2025-08-10,3635,CRO,26,5328020327.6191435
2025-08-10,30171,ENA,27,5282974453.567369
2025-08-10,24478,PEPE,28,5082336202.033399
2025-08-10,11092,BGB,29,5076162073.882058
2025-08-10,328,XMR,30,4951520549.971102
2025-08-10,7278,AAVE,31,4664784798.5759945
2025-08-10,22974,TAO,32,3730954000.716725
2025-08-10,1321,ETC,33,3550407314.916223
2025-08-10,27075,MNT,34,3458410784.8121386
2025-08-10,6535,NEAR,35,3419915929.152764
2025-08-10,21159,ONDO,36,3240048052.623386
2025-08-10,21794,APT,37,3162138577.67857
2025-08-10,35697,PI,38,3090657086.5964327
2025-08-10,8916,ICP,39,3022373178.223376
2025-08-10,3897,OKB,40,2795269956.907907
2025-08-10,34466,PENGU,41,2532953915.527466
2025-08-10,28321,POL,42,2527980497.8249984
2025-08-10,20396,KAS,43,2481794397.191821
2025-08-10,11841,ARB,44,2405929880.7268
2025-08-10,4030,ALGO,45,2317895982.2379365
2025-08-10,23095,BONK,46,2225830876.65331
2025-08-10,36148,USD1,47,2178783306.7466826
2025-08-10,3077,VET,48,2162499781.6361704
2025-08-10,3794,ATOM,49,2148486311.9031267
2025-08-10,4269,GT,50,2066326193.4019864
2025-08-10,5690,RENDER,51,2047329928.9555566
2025-08-10,35626,IP,52,2034995445.8474183
2025-08-10,13502,WLD,53,2005206259.943261
2025-08-10,23149,SEI,54,1865164134.8354907
2025-08-10,35336,TRUMP,55,1855991203.006314
2025-08-10,33038,SKY,56,1854935480.7793443
2025-08-10,2280,FIL,57,1794907449.8391333
2025-08-10,28081,SPX,58,1808125926.8368902
2025-08-10,3773,FET,59,1703863342.6838627
2025-08-10,7950,FLR,60,1637522548.4097986
2025-08-10,29210,JUP,61,1625555384.8901432
2025-08-10,2087,KCS,62,1521758154.585004
2025-08-10,23635,FORM,63,1488268387.8687608
2025-08-10,26081,FDUSD,64,1450240841.7086532
2025-08-10,2634,XDC,65,1445543823.9765544
2025-08-10,7226,INJ,66,1440158041.21344
2025-08-10,11840,OP,67,1381780034.8233707
2025-08-10,3155,QNT,68,1378165555.3153107
2025-08-10,22861,TIA,69,1360413750.9727564
2025-08-10,4847,STX,70,1349749740.136407
2025-08-10,6538,CRV,71,1338168482.6530252
2025-08-10,8000,LDO,72,1294772416.7420294
2025-08-10,10603,IMX,73,1147289969.4493597
2025-08-10,10804,FLOKI,74,1132346531.4068472
2025-08-10,36507,PUMP,75,1103055432.474935
2025-08-10,33597,FARTCOIN,76,1088135898.627656
2025-08-10,13855,ENS,77,1079525022.4557889
2025-08-10,7334,CFX,78,1068105607.4352533
2025-08-10,6719,GRT,79,1035302535.7839322
2025-08-10,27772,PYUSD,80,1031517219.4968212
2025-08-10,29270,AERO,81,1042332137.7411729
2025-08-10,28752,WIF,82,1007094502.0596852
2025-08-10,7186,CAKE,83,969435550.9705721
2025-08-10,4705,PAXG,84,961919858.3905632
2025-08-10,29420,VIRTUAL,85,954340834.2078553
2025-08-10,2011,XTZ,86,928850306.9073583
2025-08-10,9481,PENDLE,87,916535141.2531629
2025-08-10,32880,KAIA,88,914529633.2820002
2025-08-10,8526,RAY,89,921957602.7610323
2025-08-10,32684,S,90,897112207.8641043
2025-08-10,2694,NEXO,91,884090525.5417745
2025-08-10,2416,THETA,92,876399096.1416588
2025-08-10,36462,A,93,848935426.6483663
2025-08-10,5176,XAUt,94,834969580.2649548
2025-08-10,1720,IOTA,95,817543552.0239985
2025-08-10,8425,JASMY,96,816681946.4970576
2025-08-10,7080,GALA,97,807481241.6193104
2025-08-10,6210,SAND,98,762158689.0891044
2025-08-10,28177,PYTH,99,735379980.4113435
2025-08-10,35491,M,100,728925930.7570165
2025-08-10,34104,MORPHO,101,697421184.0904481
2025-08-10,28541,JTO,102,694951561.8088995
2025-08-10,16086,BTT,103,683519706.2329465
2025-08-10,7326,DEXE,104,658953983.5936635
2025-08-10,36532,B,105,646395907.7779349
2025-08-10,34387,RLUSD,106,642673235.777556
2025-08-10,1437,ZEC,107,637923004.9507015
2025-08-10,4558,FLOW,108,626381241.0226753
2025-08-10,1966,MANA,109,607865918.800399
2025-08-10,29743,BRETT,110,597119354.5344694
2025-08-10,36119,WAL,111,594352131.6718578
2025-08-10,27659,MOG,112,598766080.4728653
2025-08-10,3871,AB,113,588527648.1512427
2025-08-10,3602,BSV,114,578302746.0589441
2025-08-10,33824,SYRUP,115,568690404.7821845
2025-08-10,5665,HNT,116,567984268.6719643
2025-08-10,3964,RSR,117,548608846.4984097
2025-08-10,33391,DEEP,118,546339337.1396586
2025-08-10,23254,CORE,119,526984504.8351894
2025-08-10,22691,STRK,120,524094578.00856036
2025-08-10,29814,ETHFI,121,520361532.11196685
2025-08-10,5632,AR,122,516368571.3622029
2025-08-10,5692,COMP,123,509444520.71153444
2025-08-10,28324,DYDX,124,509340737.0994662
2025-08-10,19891,USDD,125,505995558.2965227
2025-08-10,4157,RUNE,126,499363667.5497432
2025-08-10,2563,TUSD,127,493441972.6652267
2025-08-10,8290,SUPER,128,486082538.28454715
2025-08-10,18679,XCN,129,486025532.20765
2025-08-10,18876,APE,130,478924729.19389766
2025-08-10,9816,NFT,131,473027103.92865753
2025-08-10,9104,AIOZ,132,468298351.57290757
2025-08-10,1376,NEO,133,461349964.5159329
2025-08-10,30636,ZBCN,134,459008252.2278149
2025-08-10,6892,EGLD,135,458704008.5488609
2025-08-10,30494,EIGEN,136,452402020.90936655
2025-08-10,9903,CVX,137,443465289.6325317
2025-08-10,10791,XEC,138,437925530.8865306
2025-08-10,24091,ZK,139,429601858.8507168
2025-08-10,4846,KAVA,140,425716593.2029777
2025-08-10,10529,SUN,141,423770349.41407084
2025-08-10,4066,CHZ,142,420805121.68181646
2025-08-10,6783,AXS,143,420811521.1156381
2025-08-10,29587,W,144,422250705.6340206
2025-08-10,28298,BEAM,145,421033175.95370436
2025-08-10,14101,RON,146,393299645.92776364
2025-08-10,30083,ATH,147,393985343.93134445
2025-08-10,8104,1INCH,148,392549559.6313253
2025-08-10,26997,ZRO,149,388238113.85681194
2025-08-10,32452,MOVE,150,372313895.3483325
2025-08-10,17799,AXL,151,368826574.202417
2025-08-10,7548,WEMIX,152,360681695.0180965
2025-08-10,1659,GNO,153,358431971.09366566
2025-08-10,30933,DOG,154,356094709.2434924
2025-08-10,35931,ZORA,155,352716892.3778859
2025-08-10,4172,LUNC,156,350841807.1454497
2025-08-10,24911,TURBO,157,349286065.82230234
2025-08-10,5488,JST,158,340103550.16795987
2025-08-10,28782,POPCAT,159,336785191.1937737
2025-08-10,5964,TWT,160,328573118.4134377
2025-08-10,5198,CTC,161,318570277.9242606
2025-08-10,7431,AKT,162,317768168.8354239
2025-08-10,6945,AMP,163,316117445.4038447
2025-08-10,27750,TOSHI,164,317374839.44277394
2025-08-10,4195,FTT,165,309906843.47406477
2025-08-10,30126,MEW,166,301293397.0813373
2025-08-10,3640,LPT,167,298163139.3127026
2025-08-10,35763,KAITO,168,298322841.9699413
2025-08-10,1168,DCR,169,296417529.7929401
2025-08-10,7127,VELO,170,295153423.7760561
2025-08-10,6536,OM,171,288906813.2534202
2025-08-10,21585,SAFE,172,288768709.80763286
2025-08-10,131,DASH,173,285505151.0045686
2025-08-10,31526,MOCA,174,282061836.2878592
2025-08-10,3822,TFUEL,175,268825653.0833282
2025-08-10,2777,IOTX,176,279420418.668745
2025-08-10,6953,FRAX,177,276182541.2236614
2025-08-10,37593,PROVE,178,275359126.39852583
2025-08-10,4948,CKB,179,273002923.71727645
2025-08-10,1455,GLM,180,268604360.54545593
2025-08-10,36410,MYX,181,263626866.68693626
2025-08-10,5034,KSM,182,262784200.5318112
2025-08-10,36828,USELESS,183,261477274.9433963
2025-08-10,33788,PNUT,184,257825389.64688057
2025-08-10,24647,BERA,185,257603461.00822547
2025-08-10,8119,SFP,186,254349684.10708776
2025-08-10,8646,MINA,187,249709525.62455398
2025-08-10,6758,SUSHI,188,245912952.74827904
2025-08-10,33280,CHEEMS,189,243571585.08053565
2025-08-10,1697,BAT,190,234678172.08485144
2025-08-10,10407,BabyDoge,191,234545624.97506106
2025-08-10,2469,ZIL,192,233280810.64429379
2025-08-10,2467,TRAC,193,232538122.1284928
2025-08-10,1684,QTUM,194,232393063.98312324
2025-08-10,2586,SNX,195,229731418.4511329
2025-08-10,2577,RVN,196,226201208.7691804
2025-08-10,28850,NOT,197,226210066.37936857
2025-08-10,1896,ZRX,198,223821991.54872745
2025-08-10,20641,EURC,199,220635917.74518123
2025-08-10,1785,GAS,200,220288403.1098614
2025-08-17,1,BTC,1,2338237132300.648
2025-08-17,1027,ETH,2,539959099357.2324
2025-08-17,52,XRP,3,183546200299.29178
2025-08-17,825,USDT,4,166766955558.52863
2025-08-17,1839,BNB,5,119286358478.69133
2025-08-17,5426,SOL,6,103242643050.8122
2025-08-17,3408,USDC,7,68165129773.08823
2025-08-17,74,DOGE,8,35316422467.756714
2025-08-17,2010,ADA,9,34337707914.288445
2025-08-17,1958,TRX,10,33471631664.394283
2025-08-17,1975,LINK,11,17419568256.40157
2025-08-17,32196,HYPE,12,15383745712.94201
2025-08-17,512,XLM,13,13304435737.489864
2025-08-17,20947,SUI,14,13216771106.914316
2025-08-17,1831,BCH,15,11599216136.173838
2025-08-17,29470,USDe,16,11321386044.744146
2025-08-17,4642,HBAR,17,10693864784.464098
2025-08-17,5805,AVAX,18,10588659920.931883
2025-08-17,2,LTC,19,9208218747.524546
2025-08-17,11419,TON,20,9029354722.481197
2025-08-17,3957,LEO,21,8841435314.612709
2025-08-17,5994,SHIB,22,7677248813.592726
2025-08-17,7083,UNI,23,6930184182.429876
2025-08-17,6636,DOT,24,6523755814.592837
2025-08-17,4943,DAI,25,5364965151.252077
2025-08-17,11092,BGB,26,5325040838.315509
2025-08-17,3635,CRO,27,5051653962.230729
2025-08-17,328,XMR,28,4966671896.242409
2025-08-17,30171,ENA,29,4694403342.10263
2025-08-17,24478,PEPE,30,4680043225.770222
2025-08-17,7278,AAVE,31,4612799541.775776
2025-08-17,27075,MNT,32,4363439052.591093
2025-08-17,22974,TAO,33,3581346888.49978
2025-08-17,1321,ETC,34,3407061742.942104
2025-08-17,6535,NEAR,35,3370808518.359643
2025-08-17,21794,APT,36,3282346403.7462096
2025-08-17,21159,ONDO,37,3183337980.2392035
2025-08-17,35697,PI,38,3001830184.982907
2025-08-17,8916,ICP,39,2942008757.2580953
2025-08-17,11841,ARB,40,2764815962.3718204
2025-08-17,28321,POL,41,2589124356.4612284
2025-08-17,3897,OKB,42,2465833274.728166
2025-08-17,20396,KAS,43,2432203714.787136
2025-08-17,4030,ALGO,44,2310173122.5934877
2025-08-17,36148,USD1,45,2186026244.517123
2025-08-17,4269,GT,46,2177371740.7529635
2025-08-17,3794,ATOM,47,2131074399.404895
2025-08-17,3077,VET,48,2129317182.0227697
2025-08-17,34466,PENGU,49,2066372337.5682771
2025-08-17,23149,SEI,50,2059529448.820048
2025-08-17,5690,RENDER,51,2047234664.822367
2025-08-17,23095,BONK,52,1922727291.5914648
2025-08-17,13502,WLD,53,1881989268.2777517
2025-08-17,35336,TRUMP,54,1848627181.6284764
2025-08-17,35626,IP,55,1816011581.4476924
2025-08-17,7950,FLR,56,1799920750.9109428
2025-08-17,2280,FIL,57,1749072128.8494775
2025-08-17,2087,KCS,58,1690408106.2614698
2025-08-17,3773,FET,59,1669113262.5245135
2025-08-17,33038,SKY,60,1630666686.9882731
2025-08-17,29210,JUP,61,1559353110.7250736
2025-08-17,7226,INJ,62,1544706512.075201
2025-08-17,26081,FDUSD,63,1449901882.9840233
2025-08-17,23635,FORM,64,1423637671.750288
2025-08-17,28081,SPX,65,1415411094.6222248
2025-08-17,2634,XDC,66,1380618651.560672
2025-08-17,22861,TIA,67,1371004075.6383693
2025-08-17,11840,OP,68,1333169909.2065952
2025-08-17,3155,QNT,69,1318046114.957397
2025-08-17,36507,PUMP,70,1293168812.5026262
2025-08-17,4847,STX,71,1286855108.4185185
2025-08-17,29270,AERO,72,1242497173.614452
2025-08-17,8000,LDO,73,1223065916.1793585
2025-08-17,6538,CRV,74,1208524279.2859113
2025-08-17,27772,PYUSD,75,1197607520.7868671
2025-08-17,10603,IMX,76,1120192843.6311061
2025-08-17,10804,FLOKI,77,1013858508.5609523
2025-08-17,6719,GRT,78,983783901.5555437
2025-08-17,13855,ENS,79,974150378.5135857
2025-08-17,33597,FARTCOIN,80,963406643.3658811
2025-08-17,8526,RAY,81,956626399.7187724
2025-08-17,32880,KAIA,82,952837841.905869
2025-08-17,32684,S,83,950752218.0480068
2025-08-17,7186,CAKE,84,952991949.8067634
2025-08-17,4705,PAXG,85,945227973.183784
2025-08-17,9481,PENDLE,86,928318168.6253278
2025-08-17,28752,WIF,87,911730574.4140403
2025-08-17,2011,XTZ,88,902816402.4026371
2025-08-17,7334,CFX,89,901643153.6906238
2025-08-17,2694,NEXO,90,861402928.2478464
2025-08-17,29420,VIRTUAL,91,858258117.0635624
2025-08-17,2416,THETA,92,836649360.3658136
2025-08-17,1720,IOTA,93,826890703.6642686
2025-08-17,5176,XAUt,94,821476139.2268078
2025-08-17,36462,A,95,810560739.270593
2025-08-17,8425,JASMY,96,811375187.0572884
2025-08-17,7080,GALA,97,787076263.8613595
2025-08-17,6210,SAND,98,765695699.3486292
2025-08-17,28177,PYTH,99,719847665.9488988
2025-08-17,35491,M,100,712934795.1178063
2025-08-17,34104,MORPHO,101,677717551.5017135
2025-08-17,16086,BTT,102,672144562.5893021
2025-08-17,34387,RLUSD,103,666675230.9016368
2025-08-17,3871,AB,104,652710721.138297
2025-08-17,28541,JTO,105,649388581.4714218
2025-08-17,4558,FLOW,106,638561992.0235932
2025-08-17,7326,DEXE,107,621471164.0324936
2025-08-17,36119,WAL,108,615688683.5560437
2025-08-17,1437,ZEC,109,599555428.001306
2025-08-17,1966,MANA,110,583176419.7109822
2025-08-17,33391,DEEP,111,578530900.5570304
2025-08-17,29814,ETHFI,112,564334389.3581183
2025-08-17,29743,BRETT,113,558197817.1772152
2025-08-17,3602,BSV,114,552320338.5411453
2025-08-17,36532,B,115,545898667.267256
2025-08-17,22691,STRK,116,536652335.8326815
2025-08-17,3964,RSR,117,534625603.1219784
2025-08-17,33824,SYRUP,118,520849716.63790846
2025-08-17,5665,HNT,119,514618815.7852647
2025-08-17,28324,DYDX,120,513358282.8708867
2025-08-17,24091,ZK,121,503727788.971719
2025-08-17,23254,CORE,122,500226218.41720015
2025-08-17,2563,TUSD,123,493505945.6329495
2025-08-17,19891,USDD,124,485731984.9516085
2025-08-17,4157,RUNE,125,482505752.1281875
2025-08-17,5632,AR,126,480245060.89536923
2025-08-17,18876,APE,127,471730595.2218134
2025-08-17,9104,AIOZ,128,469481633.87442577
2025-08-17,9816,NFT,129,466527279.4195526
2025-08-17,10529,SUN,130,457900707.161541
2025-08-17,27659,MOG,131,455022983.47362494
2025-08-17,5692,COMP,132,454760683.24610746
2025-08-17,30494,EIGEN,133,447338566.7783643
2025-08-17,6892,EGLD,134,444466062.40800583
2025-08-17,1376,NEO,135,445282213.5073141
2025-08-17,8290,SUPER,136,436824196.9858109
2025-08-17,18679,XCN,137,433188586.20526963
2025-08-17,10791,XEC,138,415296515.85850537
2025-08-17,4846,KAVA,139,414072008.7137122
2025-08-17,9903,CVX,140,415239316.2773691
2025-08-17,30636,ZBCN,141,414462827.4912545
2025-08-17,4066,CHZ,142,404406338.9950602
2025-08-17,6783,AXS,143,399964401.8686071
2025-08-17,28298,BEAM,144,395453775.03967094
2025-08-17,29587,W,145,392662876.39634204
2025-08-17,14101,RON,146,391118398.6540515
2025-08-17,30083,ATH,147,383774683.9416456
2025-08-17,26997,ZRO,148,371641565.49734664
2025-08-17,32452,MOVE,149,369394174.2024104
2025-08-17,1659,GNO,150,364709236.930692
2025-08-17,8104,1INCH,151,360021083.55550253
2025-08-17,7548,WEMIX,152,356537925.8743956
2025-08-17,35931,ZORA,153,345867300.03389
2025-08-17,17799,AXL,154,344926716.0200326
2025-08-17,5198,CTC,155,337697987.04916656
2025-08-17,4172,LUNC,156,337817514.62224853
2025-08-17,5488,JST,157,331576512.5897824
2025-08-17,5964,TWT,158,328583203.21627283
2025-08-17,7431,AKT,159,325801845.35066897
2025-08-17,36828,USELESS,160,327125073.2300814
2025-08-17,24911,TURBO,161,307600356.4970724
2025-08-17,4195,FTT,162,307184096.480222
2025-08-17,6945,AMP,163,304521383.5889353
2025-08-17,30933,DOG,164,298956870.667949
2025-08-17,1168,DCR,165,297687612.6253643
2025-08-17,3640,LPT,166,294473460.23301035
2025-08-17,24647,BERA,167,294182650.2368215
2025-08-17,27750,TOSHI,168,294896970.6349916
2025-08-17,28782,POPCAT,169,290499638.0068297
2025-08-17,131,DASH,170,283283688.57182515
2025-08-17,36410,MYX,171,285122089.26643246
2025-08-17,7127,VELO,172,278812432.71117723
2025-08-17,30126,MEW,173,275309947.9060748
2025-08-17,21585,SAFE,174,271879397.5832197
2025-08-17,2777,IOTX,175,270683142.8297218
2025-08-17,6536,OM,176,267147007.25206602
2025-08-17,35763,KAITO,177,266765990.792396
2025-08-17,31526,MOCA,178,264111638.31606004
2025-08-17,33280,CHEEMS,179,262669821.93920323
2025-08-17,5034,KSM,180,260710155.77933916
2025-08-17,3822,TFUEL,181,259703253.10479105
2025-08-17,37593,PROVE,182,259037458.1677742
2025-08-17,1455,GLM,183,255928149.2450552
2025-08-17,6953,FRAX,184,247533658.00537422
2025-08-17,4948,CKB,185,246171221.77285564
2025-08-17,8119,SFP,186,243622289.6150606
2025-08-17,4041,MX,187,242964186.0652483
2025-08-17,8646,MINA,188,242403798.9981808
2025-08-17,2586,SNX,189,240926187.36746705
2025-08-17,1697,BAT,190,240299207.35088763
2025-08-17,5691,SKL,191,228987349.63219377
2025-08-17,33788,PNUT,192,231027629.75972638
2025-08-17,6758,SUSHI,193,229661116.09286723
2025-08-17,1684,QTUM,194,228788160.64545685
2025-08-17,20641,EURC,195,228561645.95286503
2025-08-17,2469,ZIL,196,223157767.13046527
2025-08-17,34812,BIO,197,226046611.6221213
2025-08-17,10407,BabyDoge,198,219603461.03275383
2025-08-17,2577,RVN,199,219069847.63605902
2025-08-17,2467,TRAC,200,217719378.85177493
2025-08-24,1,BTC,1,2259080374750.7114
2025-08-24,1027,ETH,2,576937689784.9149
2025-08-24,52,XRP,3,179985567973.48218
2025-08-24,825,USDT,4,167131635705.35486
2025-08-24,1839,BNB,5,122026880392.87791
2025-08-24,5426,SOL,6,111250385063.19106
2025-08-24,3408,USDC,7,67457193583.577545
2025-08-24,74,DOGE,8,34921992195.36199
2025-08-24,1958,TRX,9,34226428879.853966
2025-08-24,2010,ADA,10,32495620293.731155
2025-08-24,1975,LINK,11,17509622251.00967
2025-08-24,32196,HYPE,12,15342434621.823244
2025-08-24,20947,SUI,13,12930692874.20483
2025-08-24,512,XLM,14,12777955690.63092
2025-08-24,29470,USDe,15,12067408517.74053
2025-08-24,1831,BCH,16,11628289346.266367
2025-08-24,5805,AVAX,17,10863190723.892378
2025-08-24,4642,HBAR,18,10508144469.073854
2025-08-24,2,LTC,19,9009284743.31589
2025-08-24,3957,LEO,20,8813130844.40491
2025-08-24,11419,TON,21,8471769577.484974
2025-08-24,5994,SHIB,22,7643832364.513294
2025-08-24,7083,UNI,23,6869987952.960861
2025-08-24,6636,DOT,24,6617595155.408854
2025-08-24,4943,DAI,25,5365440519.033235
2025-08-24,11092,BGB,26,5335317596.387155
2025-08-24,7278,AAVE,27,5302401621.473181
2025-08-24,3635,CRO,28,5271399649.851803
2025-08-24,328,XMR,29,5089745272.41758
2025-08-24,30171,ENA,30,4597791381.222879
2025-08-24,24478,PEPE,31,4556739417.7916975
2025-08-24,3897,OKB,32,4227699378.13104
2025-08-24,27075,MNT,33,4108814254.0535727
2025-08-24,1321,ETC,34,3562715094.415937
2025-08-24,22974,TAO,35,3539361708.270196
2025-08-24,6535,NEAR,36,3315178477.610366
2025-08-24,21794,APT,37,3173780194.343674
2025-08-24,21159,ONDO,38,3069755252.5740385
2025-08-24,11841,ARB,39,3066011772.422549
2025-08-24,8916,ICP,40,2829648499.4834003
2025-08-24,35697,PI,41,2778679554.3330493
2025-08-24,28321,POL,42,2654784152.389201
2025-08-24,36148,USD1,43,2454867316.8403645
2025-08-24,20396,KAS,44,2391914418.1960893
2025-08-24,4030,ALGO,45,2365445288.771579
2025-08-24,3077,VET,46,2235479014.789812
2025-08-24,3794,ATOM,47,2204474812.0127873
2025-08-24,34466,PENGU,48,2143430795.895921
2025-08-24,4269,GT,49,2143916529.4418216
2025-08-24,5690,RENDER,50,1945960788.4841492
2025-08-24,13502,WLD,51,1891980381.4160745
2025-08-24,35626,IP,52,1912157104.0516877
2025-08-24,23149,SEI,53,1870846902.885831
2025-08-24,23095,BONK,54,1804417947.7086399
2025-08-24,35336,TRUMP,55,1734514480.1091413
2025-08-24,7950,FLR,56,1690399701.9419644
2025-08-24,2280,FIL,57,1659496028.6659114
2025-08-24,2087,KCS,58,1653277034.4329457
2025-08-24,3773,FET,59,1614862071.9328523
2025-08-24,29210,JUP,60,1559781899.7267542
2025-08-24,2634,XDC,61,1456754482.1456437
2025-08-24,26081,FDUSD,62,1448955074.4454033
2025-08-24,7226,INJ,63,1432788783.0320961
2025-08-24,11840,OP,64,1359309881.2012167
2025-08-24,22861,TIA,65,1358147635.1885934
2025-08-24,33038,SKY,66,1344334900.107898
2025-08-24,23635,FORM,67,1319289368.0044663
2025-08-24,8000,LDO,68,1283131718.2237632
2025-08-24,3155,QNT,69,1271321776.823126
2025-08-24,29270,AERO,70,1267021541.5716813
2025-08-24,6538,CRV,71,1257357613.7340019
2025-08-24,28081,SPX,72,1229682938.2347088
2025-08-24,4847,STX,73,1218479443.0480082
2025-08-24,27772,PYUSD,74,1206048992.7198913
2025-08-24,10603,IMX,75,1113623672.7145116
2025-08-24,36507,PUMP,76,1031806024.8638288
2025-08-24,9481,PENDLE,77,989663994.4988061
2025-08-24,10804,FLOKI,78,985045732.874953
2025-08-24,6719,GRT,79,980937986.8281596
2025-08-24,32684,S,80,973677036.4864103
2025-08-24,8526,RAY,81,966956505.6388289
2025-08-24,13855,ENS,82,959381334.4735395
2025-08-24,33597,FARTCOIN,83,940670699.9109852
2025-08-24,4705,PAXG,84,946520028.3641819
2025-08-24,7334,CFX,85,936093887.9042056
2025-08-24,7186,CAKE,86,930210153.8328927
2025-08-24,32880,KAIA,87,905290287.3093883
2025-08-24,2011,XTZ,88,876572370.3940139
2025-08-24,28752,WIF,89,863493502.193771
2025-08-24,34104,MORPHO,90,838386937.8877195
2025-08-24,2416,THETA,91,840057830.9092753
2025-08-24,5176,XAUt,92,829723464.158304
2025-08-24,2694,NEXO,93,825978103.9113665
2025-08-24,7080,GALA,94,821775929.6276325
2025-08-24,1720,IOTA,95,808433828.0876058
2025-08-24,36462,A,96,807544180.91573
2025-08-24,29420,VIRTUAL,97,809192988.5530542
2025-08-24,8425,JASMY,98,782880639.4466164
2025-08-24,6210,SAND,99,757969315.3347279
2025-08-24,28541,JTO,100,715374221.4569598
2025-08-24,28177,PYTH,101,710425136.6853517
2025-08-24,1437,ZEC,102,688694339.1685007
2025-08-24,34387,RLUSD,103,686334524.9171431
2025-08-24,16086,BTT,104,681805747.2399387
2025-08-24,3871,AB,105,655569322.3970945
2025-08-24,4558,FLOW,106,650308872.9011745
2025-08-24,36119,WAL,107,607338238.8778557
2025-08-24,29814,ETHFI,108,592887534.11906
2025-08-24,1966,MANA,109,587428410.4837295
2025-08-24,7326,DEXE,110,578565694.390741
2025-08-24,29743,BRETT,111,554888776.1968445
2025-08-24,3602,BSV,112,553879375.2661285
2025-08-24,1376,NEO,113,546178288.8581977
2025-08-24,22691,STRK,114,534926071.1028257
2025-08-24,33824,SYRUP,115,527187053.4751544
2025-08-24,36532,B,116,525756468.2609156
2025-08-24,28324,DYDX,117,522599866.5865894
2025-08-24,33391,DEEP,118,514979699.0525043
2025-08-24,24091,ZK,119,513448199.5343565
2025-08-24,3964,RSR,120,496759799.3248184
2025-08-24,2563,TUSD,121,493674290.63519657
2025-08-24,5665,HNT,122,493536796.70705026
2025-08-24,23254,CORE,123,487388275.3496354
2025-08-24,10529,SUN,124,474698656.7539836
2025-08-24,5632,AR,125,468867630.51352274
2025-08-24,4157,RUNE,126,467529251.6923313
2025-08-24,18876,APE,127,463412700.6748279
2025-08-24,35491,M,128,464758744.91581374
2025-08-24,9816,NFT,129,461694195.14687866
2025-08-24,30636,ZBCN,130,460288517.9783406
2025-08-24,19891,USDD,131,455657750.06858057
2025-08-24,30494,EIGEN,132,451274786.83340067
2025-08-24,6892,EGLD,133,447255766.50982225
2025-08-24,5692,COMP,134,439639704.62886584
2025-08-24,18679,XCN,135,435886397.4600385
2025-08-24,9104,AIOZ,136,433969097.5852941
2025-08-24,9903,CVX,137,424531100.6281815
2025-08-24,27659,MOG,138,426850541.21498495
2025-08-24,10791,XEC,139,412853011.27860755
2025-08-24,34812,BIO,140,408658886.041982
2025-08-24,6783,AXS,141,403423235.59972453
2025-08-24,4846,KAVA,142,399655956.15847427
2025-08-24,4066,CHZ,143,399276506.9379421
2025-08-24,8290,SUPER,144,398940991.27541536
2025-08-24,30083,ATH,145,391216906.7235529
2025-08-24,29587,W,146,385753012.0170299
2025-08-24,14101,RON,147,386199753.546149
2025-08-24,26997,ZRO,148,382230461.0585859
2025-08-24,28298,BEAM,149,378413966.45794344
2025-08-24,35931,ZORA,150,377705163.12885094
2025-08-24,1659,GNO,151,367195396.5835757
2025-08-24,7548,WEMIX,152,366485886.6015617
2025-08-24,8104,1INCH,153,363830407.7565529
2025-08-24,25264,SNEK,154,358841576.3810629
2025-08-24,32452,MOVE,155,349102768.223882
2025-08-24,5488,JST,156,341562960.5138467
2025-08-24,4172,LUNC,157,334224567.559339
2025-08-24,1684,QTUM,158,326847752.1809715
2025-08-24,17799,AXL,159,327221959.0251932
2025-08-24,5964,TWT,160,325436776.4347035
2025-08-24,5198,CTC,161,314754437.2714489
2025-08-24,6945,AMP,162,312717886.8688444
2025-08-24,24647,BERA,163,307937842.7783637
2025-08-24,4195,FTT,164,297502278.5550234
2025-08-24,24911,TURBO,165,296159793.0121863
2025-08-24,7431,AKT,166,296325590.9041315
2025-08-24,27750,TOSHI,167,293457715.9129911
2025-08-24,3640,LPT,168,288390534.5209434
2025-08-24,1168,DCR,169,285970449.165436
2025-08-24,131,DASH,170,284400173.84225714
2025-08-24,30933,DOG,171,283136214.3999683
2025-08-24,28782,POPCAT,172,276024898.9330485
2025-08-24,7127,VELO,173,276236663.98952085
2025-08-24,21585,SAFE,174,272681983.9338077
2025-08-24,5034,KSM,175,271031405.7143823
2025-08-24,30126,MEW,176,270453011.7394974
2025-08-24,35763,KAITO,177,268639877.48241466
2025-08-24,2777,IOTX,178,267910212.65971014
2025-08-24,36828,USELESS,179,263495979.5019849
2025-08-24,31526,MOCA,180,261309000.30081666
2025-08-24,4041,MX,181,259651433.41094574
2025-08-24,3822,TFUEL,182,253401280.27322882
2025-08-24,6953,FRAX,183,249626306.18779942
2025-08-24,1455,GLM,184,247998582.0373216
2025-08-24,35364,PLUME,185,247171106.11999977
2025-08-24,6536,OM,186,247074902.142274
2025-08-24,2586,SNX,187,237906677.88511196
2025-08-24,1785,GAS,188,237349366.3804007
2025-08-24,4948,CKB,189,237249199.49614325
2025-08-24,33280,CHEEMS,190,234270309.77515775
2025-08-24,8646,MINA,191,232774793.93854976
2025-08-24,1697,BAT,192,232133326.7785696
2025-08-24,6758,SUSHI,193,231646814.96770102
2025-08-24,8119,SFP,194,228563051.60085535
2025-08-24,2469,ZIL,195,227101539.836461
2025-08-24,33788,PNUT,196,225872016.284324
2025-08-24,20641,EURC,197,225571939.0123981
2025-08-24,6748,CFG,198,222098144.17613566
2025-08-24,10407,BabyDoge,199,217705598.88852525
2025-08-24,1896,ZRX,200,217073055.41364193
2025-08-31,1,BTC,1,2155470109683.278
2025-08-31,1027,ETH,2,529904213176.80365
2025-08-31,825,USDT,3,168017521692.72266
2025-08-31,52,XRP,4,165160922656.924
2025-08-31,1839,BNB,5,119397633113.88652
2025-08-31,5426,SOL,6,108650305711.4442
2025-08-31,3408,USDC,7,71548440522.16203
2025-08-31,1958,TRX,8,32261539881.18045
2025-08-31,74,DOGE,9,32233206794.244877
2025-08-31,2010,ADA,10,28991433637.519085
2025-08-31,1975,LINK,11,15748216634.353981
2025-08-31,32196,HYPE,12,14791279412.153322
2025-08-31,29470,USDe,13,12346396677.047798
2025-08-31,20947,SUI,14,11417481260.802929
2025-08-31,512,XLM,15,11070168058.807318
2025-08-31,1831,BCH,16,10847078835.596497
2025-08-31,5805,AVAX,17,9883779087.648445
2025-08-31,3635,CRO,18,9859632479.792103
2025-08-31,4642,HBAR,19,9280592013.450727
2025-08-31,3957,LEO,20,8871967671.737448
2025-08-31,2,LTC,21,8304172375.911689
2025-08-31,11419,TON,22,8131458064.130444
2025-08-31,5994,SHIB,23,7182610489.368597
2025-08-31,7083,UNI,24,6049336250.27269
2025-08-31,6636,DOT,25,6035007687.693591
2025-08-31,4943,DAI,26,5363789542.479316
2025-08-31,11092,BGB,27,5168139055.966299
2025-08-31,328,XMR,28,4832758858.034712
2025-08-31,7278,AAVE,29,4806971065.487515
2025-08-31,30171,ENA,30,4254059903.805518
2025-08-31,24478,PEPE,31,4060983340.5148215
2025-08-31,27075,MNT,32,3801866217.381321
2025-08-31,3897,OKB,33,3648359568.205466
2025-08-31,1321,ETC,34,3173168229.449774
2025-08-31,22974,TAO,35,3087027780.485529
2025-08-31,6535,NEAR,36,2958752251.386726
2025-08-31,21794,APT,37,2925210713.6535316
2025-08-31,28321,POL,38,2911719208.4834514
2025-08-31,35697,PI,39,2881522744.5306306
2025-08-31,21159,ONDO,40,2833648088.8023767
2025-08-31,36148,USD1,41,2635907192.0779524
2025-08-31,11841,ARB,42,2630027284.072199
2025-08-31,8916,ICP,43,2555274635.694265
2025-08-31,35626,IP,44,2423579944.92286
2025-08-31,20396,KAS,45,2234702899.1647677
2025-08-31,3794,ATOM,46,2081047559.4197903
2025-08-31,3077,VET,47,2077258355.7062647
2025-08-31,4269,GT,48,2073220159.7229772
2025-08-31,4030,ALGO,49,2021720230.1654186
2025-08-31,2087,KCS,50,1849050640.6460514
2025-08-31,34466,PENGU,51,1824745671.8676548
2025-08-31,23095,BONK,52,1801100535.358291
2025-08-31,5690,RENDER,53,1774695675.7210433
2025-08-31,13502,WLD,54,1746190418.4432595
2025-08-31,35336,TRUMP,55,1725119159.620993
2025-08-31,23149,SEI,56,1707205320.607339
2025-08-31,2280,FIL,57,1555936802.4204283
2025-08-31,7950,FLR,58,1550065913.8093846
2025-08-31,29210,JUP,59,1524354817.9045565
2025-08-31,33038,SKY,60,1506900652.0125895
2025-08-31,3773,FET,61,1458846901.5352983
2025-08-31,26081,FDUSD,62,1449174284.2736683
2025-08-31,2634,XDC,63,1397174032.9660165
2025-08-31,7226,INJ,64,1271285361.5046556
2025-08-31,3155,QNT,65,1252109082.6733027
2025-08-31,11840,OP,66,1231054457.4690528
2025-08-31,22861,TIA,67,1222557861.2832778
2025-08-31,36507,PUMP,68,1188593823.621918
2025-08-31,27772,PYUSD,69,1180742808.9718947
2025-08-31,23635,FORM,70,1169920942.8362877
2025-08-31,4847,STX,71,1113838146.6366944
2025-08-31,28081,SPX,72,1060874795.8469434
2025-08-31,8000,LDO,73,1067602505.5056549
2025-08-31,28177,PYTH,74,1059350561.4243407
2025-08-31,6538,CRV,75,1048643159.8949318
2025-08-31,29270,AERO,76,1019976139.299482
2025-08-31,4705,PAXG,77,975387181.6853797
2025-08-31,7334,CFX,78,975984818.4974184
2025-08-31,10603,IMX,79,974060656.0170721
2025-08-31,8526,RAY,80,926447015.5389775
2025-08-31,6719,GRT,81,926649922.9160836
2025-08-31,32880,KAIA,82,896422687.7089833
2025-08-31,32684,S,83,893906465.5761138
2025-08-31,10804,FLOKI,84,880650547.8313525
2025-08-31,5176,XAUt,85,852336553.2500589
2025-08-31,7186,CAKE,86,848641196.0957286
2025-08-31,13855,ENS,87,824713212.3406122
2025-08-31,2694,NEXO,88,791099521.19903
2025-08-31,28752,WIF,89,784078023.4878888
2025-08-31,2416,THETA,90,780937343.4605608
2025-08-31,9481,PENDLE,91,778950463.8824946
2025-08-31,36462,A,92,773482151.7868303
2025-08-31,2011,XTZ,93,759735301.1547518
2025-08-31,1720,IOTA,94,755593152.1829731
2025-08-31,33597,FARTCOIN,95,753643547.7247593
2025-08-31,7080,GALA,96,738792140.8180364
2025-08-31,29420,VIRTUAL,97,730699538.4717269
2025-08-31,36532,B,98,715060482.7270046
2025-08-31,6210,SAND,99,712611468.8642507
2025-08-31,8425,JASMY,100,708632314.601309
2025-08-31,35491,M,101,707243571.5067579
2025-08-31,34387,RLUSD,102,701893384.4241178
2025-08-31,28541,JTO,103,702188107.3624883
2025-08-31,3871,AB,104,686323356.4257418
2025-08-31,4558,FLOW,105,680385564.4745424
2025-08-31,1437,ZEC,106,654577814.6656936
2025-08-31,16086,BTT,107,648927799.0485245
2025-08-31,34104,MORPHO,108,637630281.3732052
2025-08-31,7326,DEXE,109,619188282.8642151
2025-08-31,1966,MANA,110,566978765.2946346
2025-08-31,36119,WAL,111,544677678.7828133
2025-08-31,33824,SYRUP,112,536959614.9881879
2025-08-31,3602,BSV,113,516465335.76306254
2025-08-31,22691,STRK,114,512385652.6939803
2025-08-31,29814,ETHFI,115,498289011.46972466
2025-08-31,2563,TUSD,116,492762243.71707284
2025-08-31,5665,HNT,117,474055489.82180655
2025-08-31,1376,NEO,118,470888670.3386633
2025-08-31,28324,DYDX,119,466319728.04207873
2025-08-31,33391,DEEP,120,463002583.6018571
2025-08-31,29743,BRETT,121,461216842.2630573
2025-08-31,9816,NFT,122,453676664.15299034
2025-08-31,19891,USDD,123,447916298.83504915
2025-08-31,26997,ZRO,124,449808825.54682446
2025-08-31,24091,ZK,125,444350667.7500528
2025-08-31,23254,CORE,126,441082277.0458084
2025-08-31,10529,SUN,127,433802894.76940674
2025-08-31,3964,RSR,128,432750112.8956928
2025-08-31,18876,APE,129,423318801.96228546
2025-08-31,6783,AXS,130,418369173.72193986
2025-08-31,4157,RUNE,131,417451694.0132544
2025-08-31,5632,AR,132,416475909.7953841
2025-08-31,4846,KAVA,133,407036666.51886064
2025-08-31,6892,EGLD,134,404991388.26907915
2025-08-31,5692,COMP,135,401868591.0427055
2025-08-31,29587,W,136,394529775.8443579
2025-08-31,10791,XEC,137,394518094.4279899
2025-08-31,4066,CHZ,138,391906154.22058314
2025-08-31,30494,EIGEN,139,391276170.5799227
2025-08-31,9104,AIOZ,140,379161680.66607016
2025-08-31,18679,XCN,141,369543112.8950399
2025-08-31,5488,JST,142,359702056.4633415
2025-08-31,30083,ATH,143,355529136.1753621
2025-08-31,8290,SUPER,144,351947153.26850104
2025-08-31,14101,RON,145,350439569.24223083
2025-08-31,7548,WEMIX,146,346188877.9455781
2025-08-31,30636,ZBCN,147,345764607.0717842
2025-08-31,28298,BEAM,148,347374528.27290034
2025-08-31,9903,CVX,149,344988568.21623075
2025-08-31,1659,GNO,150,338474293.8892427
2025-08-31,8104,1INCH,151,337930079.08969194
2025-08-31,27659,MOG,152,327676910.27258545
2025-08-31,32452,MOVE,153,327220212.6481521
2025-08-31,24647,BERA,154,323070784.9471267
2025-08-31,4172,LUNC,155,321719174.08859813
2025-08-31,17799,AXL,156,311924025.6840422
2025-08-31,5964,TWT,157,307237436.98882365
2025-08-31,3640,LPT,158,301268476.3676891
2025-08-31,5198,CTC,159,295109523.72944283
2025-08-31,1684,QTUM,160,287707600.1995077
2025-08-31,131,DASH,161,292768105.858337
2025-08-31,25264,SNEK,162,290628004.5550604
2025-08-31,7431,AKT,163,285018791.02113307
2025-08-31,6945,AMP,164,280854434.98449886
2025-08-31,21585,SAFE,165,272838744.62309784
2025-08-31,4195,FTT,166,269402084.7577025
2025-08-31,1168,DCR,167,269680858.9707309
2025-08-31,24911,TURBO,168,266819002.91056937
2025-08-31,5034,KSM,169,261851760.7897858
2025-08-31,2777,IOTX,170,259947156.20758343
2025-08-31,34812,BIO,171,258962196.28304473
2025-08-31,35763,KAITO,172,253814185.85430625
2025-08-31,35931,ZORA,173,251575950.96805528
2025-08-31,27750,TOSHI,174,248522758.44225264
2025-08-31,30126,MEW,175,248789025.93165264
2025-08-31,28782,POPCAT,176,248074421.65143064
2025-08-31,4041,MX,177,247281798.92565492
2025-08-31,31526,MOCA,178,246033425.83272246
2025-08-31,3822,TFUEL,179,243628473.63103235
2025-08-31,7127,VELO,180,241640969.16372916
2025-08-31,20641,EURC,181,238446982.38966498
2025-08-31,1455,GLM,182,234811277.87047482
2025-08-31,30933,DOG,183,234493725.4339296
2025-08-31,2586,SNX,184,233546187.02626723
2025-08-31,8119,SFP,185,231623672.2927263
2025-08-31,6953,FRAX,186,230646069.41807088
2025-08-31,4948,CKB,187,226696405.8392414
2025-08-31,1697,BAT,188,225552416.14807448
2025-08-31,8646,MINA,189,225188486.0316177
2025-08-31,1896,ZRX,190,223603644.9788865
2025-08-31,6536,OM,191,221091885.2231174
2025-08-31,2469,ZIL,192,219147007.80065176
2025-08-31,35364,PLUME,193,213939321.7960683
2025-08-31,31278,DRIFT,194,213133031.79931712
2025-08-31,33280,CHEEMS,195,213128092.01236135
2025-08-31,1785,GAS,196,212213412.49701768
2025-08-31,6758,SUSHI,197,209675750.05685195
2025-08-31,33788,PNUT,198,207382649.83024517
2025-08-31,2577,RVN,199,204330250.53451246
2025-08-31,6748,CFG,200,200814614.6310577
2025-09-07,1,BTC,1,2214195958216.8203
2025-09-07,1027,ETH,2,519677461897.37476
2025-09-07,52,XRP,3,171591687430.08435
2025-09-07,825,USDT,4,168887370067.77704
2025-09-07,1839,BNB,5,122570304462.75076
2025-09-07,5426,SOL,6,111881934320.13971
2025-09-07,3408,USDC,7,72519513348.54062
2025-09-07,74,DOGE,8,34460309009.18203
2025-09-07,1958,TRX,9,31325097529.552616
2025-09-07,2010,ADA,10,29867607972.20816
2025-09-07,32196,HYPE,11,15716179675.534147
2025-09-07,1975,LINK,12,15233693246.53815
2025-09-07,29470,USDe,13,12788689917.219173
2025-09-07,20947,SUI,14,12126216822.871214
2025-09-07,1831,BCH,15,12021297529.238665
2025-09-07,512,XLM,16,11469646123.690817
2025-09-07,5805,AVAX,17,10427053189.566753
2025-09-07,4642,HBAR,18,9303056587.483208
2025-09-07,3957,LEO,19,8818290115.519356
2025-09-07,3635,CRO,20,8795391395.896904
2025-09-07,2,LTC,21,8773209676.483637
2025-09-07,11419,TON,22,7951330517.150503
2025-09-07,5994,SHIB,23,7348253300.960865
2025-09-07,6636,DOT,24,6451601220.290179
2025-09-07,7083,UNI,25,5906920715.840121
2025-09-07,33251,WLFI,26,5548452279.74046
2025-09-07,4943,DAI,27,5364232078.779468
2025-09-07,30171,ENA,28,5078660222.839349
2025-09-07,328,XMR,29,5013769685.532288
2025-09-07,7278,AAVE,30,4594777942.605449
2025-09-07,24478,PEPE,31,4157287637.020704
2025-09-07,3897,OKB,32,4123644820.7143188
2025-09-07,27075,MNT,33,3770163151.606635
2025-09-07,11092,BGB,34,3370464287.1008077
2025-09-07,22974,TAO,35,3205760700.014329
2025-09-07,1321,ETC,36,3142113036.6630464
2025-09-07,6535,NEAR,37,3080889018.069079
2025-09-07,21794,APT,38,2941942365.570903
2025-09-07,28321,POL,39,2909501231.4016223
2025-09-07,21159,ONDO,40,2877768306.7985306
2025-09-07,35697,PI,41,2777364040.213155
2025-09-07,35626,IP,42,2683692739.375183
2025-09-07,36148,USD1,43,2659254872.28826
2025-09-07,11841,ARB,44,2626876460.104034
2025-09-07,8916,ICP,45,2592996322.98599
2025-09-07,20396,KAS,46,2135326156.457155
2025-09-07,3794,ATOM,47,2094807952.4665697
2025-09-07,13502,WLD,48,2072066143.2287061
2025-09-07,4269,GT,49,2074216831.7487826
2025-09-07,3077,VET,50,2024689499.5567608
2025-09-07,4030,ALGO,51,2015945649.5278966
2025-09-07,35491,M,52,1958821834.2664661
2025-09-07,34466,PENGU,53,1930460625.882947
2025-09-07,2087,KCS,54,1826331547.6810606
2025-09-07,5690,RENDER,55,1802838680.1440878
2025-09-07,23149,SEI,56,1774488476.549818
2025-09-07,36507,PUMP,57,1722027497.055719
2025-09-07,23095,BONK,58,1701831966.5300782
2025-09-07,35336,TRUMP,59,1697019731.7607498
2025-09-07,33038,SKY,60,1664846311.7586482
2025-09-07,2280,FIL,61,1644790014.537274
2025-09-07,7950,FLR,62,1573114962.8700871
2025-09-07,29210,JUP,63,1572287593.7883143
2025-09-07,23635,FORM,64,1529302003.6992605
2025-09-07,3773,FET,65,1482275074.2929296
2025-09-07,26081,FDUSD,66,1449333328.16458
2025-09-07,2634,XDC,67,1398391506.805743
2025-09-07,7226,INJ,68,1302882731.1903079
2025-09-07,11840,OP,69,1283128917.7123473
2025-09-07,22861,TIA,70,1272786890.6656675
2025-09-07,3155,QNT,71,1234307942.2691708
2025-09-07,28081,SPX,72,1209745534.4993846
2025-09-07,27772,PYUSD,73,1185425976.8686113
2025-09-07,4847,STX,74,1131615558.3405597
2025-09-07,8000,LDO,75,1071974767.8188617
2025-09-07,6538,CRV,76,1066023032.6558512
2025-09-07,4705,PAXG,77,1035593986.8944069
2025-09-07,29270,AERO,78,1015568248.7775761
2025-09-07,10603,IMX,79,1003374174.981049
2025-09-07,28177,PYTH,80,953409275.9686415
2025-09-07,6719,GRT,81,931059579.7471659
2025-09-07,32880,KAIA,82,915221818.2628667
2025-09-07,5176,XAUt,83,887058800.2679774
2025-09-07,7334,CFX,84,882689569.7467318
2025-09-07,32684,S,85,878780484.7044055
2025-09-07,10804,FLOKI,86,879015718.5782694
2025-09-07,8526,RAY,87,863243206.4536282
2025-09-07,7186,CAKE,88,834287362.616857
2025-09-07,28752,WIF,89,831160316.7544628
2025-09-07,13855,ENS,90,828415266.9457066
2025-09-07,2694,NEXO,91,818394980.3266897
2025-09-07,2416,THETA,92,786394229.7558167
2025-09-07,9481,PENDLE,93,785025517.5955348
2025-09-07,1437,ZEC,94,783675413.2525198
2025-09-07,33597,FARTCOIN,95,759315181.3763022
2025-09-07,29420,VIRTUAL,96,750507557.6812233
2025-09-07,2011,XTZ,97,749797926.5824096
2025-09-07,7080,GALA,98,746244533.0100223
2025-09-07,36462,A,99,745160806.6792003
2025-09-07,1720,IOTA,100,744899862.3411084
2025-09-07,6210,SAND,101,741526403.2577235
2025-09-07,34387,RLUSD,102,731049657.4766324
2025-09-07,36410,MYX,103,666437726.7677037
2025-09-07,8425,JASMY,104,693817696.5289435
2025-09-07,28541,JTO,105,676181190.3108437
2025-09-07,34104,MORPHO,106,658260341.6974484
2025-09-07,3871,AB,107,657290612.7896926
2025-09-07,4558,FLOW,108,640573795.3366326
2025-09-07,1966,MANA,109,635650174.9075092
2025-09-07,36532,B,110,621562201.4759892
2025-09-07,16086,BTT,111,622348659.5130004
2025-09-07,36119,WAL,112,613826407.2544214
2025-09-07,7326,DEXE,113,585302504.737586
2025-09-07,33824,SYRUP,114,580398842.9400487
2025-09-07,29814,ETHFI,115,546848693.3899412
2025-09-07,3602,BSV,116,507724075.83805555
2025-09-07,22691,STRK,117,506483879.39115596
2025-09-07,2563,TUSD,118,492991412.1993775
2025-09-07,28324,DYDX,119,469996512.9595348
2025-09-07,1376,NEO,120,468503376.45494485
2025-09-07,30494,EIGEN,121,462541424.6428628
2025-09-07,33391,DEEP,122,453096224.0530439
2025-09-07,19891,USDD,123,452533469.65921086
2025-09-07,26997,ZRO,124,451840152.218367
2025-09-07,3964,RSR,125,451509254.5353533
2025-09-07,29743,BRETT,126,445448827.2179433
2025-09-07,9816,NFT,127,444597122.1433184
2025-09-07,18876,APE,128,440034472.9441332
2025-09-07,24091,ZK,129,436934181.8725971
2025-09-07,23254,CORE,130,434478325.0349242
2025-09-07,5632,AR,131,431465852.1896131
2025-09-07,4157,RUNE,132,427587448.4698627
2025-09-07,5665,HNT,133,426160197.07975197
2025-09-07,6783,AXS,134,410170991.9558206
2025-09-07,5692,COMP,135,404294327.448154
2025-09-07,10529,SUN,136,403345495.8442818
2025-09-07,4846,KAVA,137,397068588.41093534
2025-09-07,4066,CHZ,138,393401012.3635844
2025-09-07,6892,EGLD,139,392617973.31757516
2025-09-07,10791,XEC,140,390516067.1866424
2025-09-07,29587,W,141,370624597.2846497
2025-09-07,9104,AIOZ,142,363947771.1542321
2025-09-07,18679,XCN,143,361432976.2611441
2025-09-07,8290,SUPER,144,362546801.7492631
2025-09-07,1659,GNO,145,356732695.176718
2025-09-07,28298,BEAM,146,351514693.6388207
2025-09-07,30636,ZBCN,147,348114544.52168393
2025-09-07,30083,ATH,148,346312563.4684022
2025-09-07,8104,1INCH,149,344168587.3475519
2025-09-07,9903,CVX,150,344082690.59140587
2025-09-07,7548,WEMIX,151,343205484.56501615
2025-09-07,5488,JST,152,332982281.120024
2025-09-07,27659,MOG,153,329386602.9591079
2025-09-07,4172,LUNC,154,327771557.5263034
2025-09-07,14101,RON,155,325972494.37071997
2025-09-07,32452,MOVE,156,320291117.2662496
2025-09-07,17799,AXL,157,309136409.49269897
2025-09-07,3640,LPT,158,308936608.6095968
2025-09-07,131,DASH,159,305302740.7008269
2025-09-07,5964,TWT,160,303059218.58001435
2025-09-07,5198,CTC,161,287340953.77244633
2025-09-07,25264,SNEK,162,286963760.99821407
2025-09-07,24647,BERA,163,286222744.856581
2025-09-07,1684,QTUM,164,284861078.33242494
2025-09-07,1168,DCR,165,281152543.2901303
2025-09-07,6945,AMP,166,278871041.2573358
2025-09-07,34812,BIO,167,271658013.4700857
2025-09-07,7431,AKT,168,272128033.78388274
2025-09-07,24911,TURBO,169,270711869.4413757
2025-09-07,21585,SAFE,170,270772586.4198682
2025-09-07,37637,SOMI,171,265616579.58371943
2025-09-07,5034,KSM,172,261181603.29566044
2025-09-07,4195,FTT,173,257628205.6399622
2025-09-07,2777,IOTX,174,252814776.01735798
2025-09-07,4041,MX,175,249803773.87039718
2025-09-07,30126,MEW,176,246572306.49973562
2025-09-07,31526,MOCA,177,244988082.7326429
2025-09-07,6953,FRAX,178,243408639.60179782
2025-09-07,28782,POPCAT,179,243753820.56717858
2025-09-07,35763,KAITO,180,240539646.7193037
2025-09-07,3822,TFUEL,181,241063672.36523396
2025-09-07,20641,EURC,182,240358030.43866575
2025-09-07,7127,VELO,183,240990171.5567507
2025-09-07,35364,PLUME,184,238699033.4204588
2025-09-07,35931,ZORA,185,238365608.33408928
2025-09-07,27750,TOSHI,186,238409245.3500869
2025-09-07,1455,GLM,187,234455209.17223498
2025-09-07,1896,ZRX,188,233792843.50250584
2025-09-07,1697,BAT,189,231513818.24765882
2025-09-07,4948,CKB,190,231130519.50854805
2025-09-07,8646,MINA,191,231145153.93848607
2025-09-07,2586,SNX,192,228614377.00620016
2025-09-07,8119,SFP,193,228425769.59079266
2025-09-07,30933,DOG,194,226826399.0333159
2025-09-07,6536,OM,195,222048588.2259555
2025-09-07,36828,USELESS,196,223779356.17473286
2025-09-07,2469,ZIL,197,221384393.70455083
2025-09-07,33788,PNUT,198,216036971.66759676
2025-09-07,33280,CHEEMS,199,213629960.41743287
2025-09-07,10407,BabyDoge,200,214919486.9904564
2025-09-14,1,BTC,1,2299031498756.362
2025-09-14,1027,ETH,2,556399953682.8092
2025-09-14,52,XRP,3,180769458014.05664
2025-09-14,825,USDT,4,170315410542.80087
2025-09-14,5426,SOL,5,130518625831.13103
2025-09-14,1839,BNB,6,129060021155.30539
2025-09-14,3408,USDC,7,73211371928.19817
2025-09-14,74,DOGE,8,42051469805.09483
2025-09-14,1958,TRX,9,32998707777.614777
2025-09-14,2010,ADA,10,31808363688.139248
2025-09-14,32196,HYPE,11,17936622424.72781
2025-09-14,1975,LINK,12,16363469710.103563
2025-09-14,29470,USDe,13,13592435068.219835
2025-09-14,20947,SUI,14,13179924187.723518
2025-09-14,5805,AVAX,15,12453429517.872597
2025-09-14,512,XLM,16,12414392044.18074
2025-09-14,1831,BCH,17,11984539491.038134
2025-09-14,4642,HBAR,18,10216610254.556286
2025-09-14,2,LTC,19,8789910552.911404
2025-09-14,3957,LEO,20,8789541662.373667
2025-09-14,11419,TON,21,8178226646.0948305
2025-09-14,5994,SHIB,22,8074542973.965959
2025-09-14,3635,CRO,23,7945044320.118015
2025-09-14,6636,DOT,24,6989790868.5194435
2025-09-14,7083,UNI,25,5938801465.056082
2025-09-14,328,XMR,26,5645447064.284549
2025-09-14,4943,DAI,27,5364777700.561889
2025-09-14,27075,MNT,28,5334646282.322684
2025-09-14,33251,WLFI,29,5187260071.851239
2025-09-14,30171,ENA,30,5118739312.959049
2025-09-14,24478,PEPE,31,4864161415.739963
2025-09-14,7278,AAVE,32,4668952212.796874
2025-09-14,3897,OKB,33,4196962977.5989223
2025-09-14,22974,TAO,34,3464638012.9945908
2025-09-14,11092,BGB,35,3439011971.744635
2025-09-14,6535,NEAR,36,3385082892.224086
2025-09-14,21159,ONDO,37,3317669251.124174
2025-09-14,1321,ETC,38,3248027327.124558
2025-09-14,13502,WLD,39,3187923399.997551
2025-09-14,21794,APT,40,3174172964.726227
2025-09-14,35626,IP,41,3042176317.0729923
2025-09-14,35697,PI,42,2881019664.0286727
2025-09-14,28321,POL,43,2855392419.879731
2025-09-14,36507,PUMP,44,2832560850.0417595
2025-09-14,11841,ARB,45,2722040540.136953
2025-09-14,36148,USD1,46,2662190376.863993
2025-09-14,8916,ICP,47,2613177526.050206
2025-09-14,35491,M,48,2593300882.165166
2025-09-14,20396,KAS,49,2284786717.1165614
2025-09-14,36410,MYX,50,2150447904.551466
2025-09-14,34466,PENGU,51,2185330513.874697
2025-09-14,3794,ATOM,52,2173397739.97474
2025-09-14,3077,VET,53,2119411091.431156
2025-09-14,4030,ALGO,54,2101248510.241599
2025-09-14,2087,KCS,55,2049567128.8774524
2025-09-14,5690,RENDER,56,2023692167.20271
2025-09-14,23149,SEI,57,1993814586.5128639
2025-09-14,23095,BONK,58,1999453001.9833472
2025-09-14,7950,FLR,59,1765327881.0504217
2025-09-14,33038,SKY,60,1756394103.3797421
2025-09-14,35336,TRUMP,61,1749068249.3367822
2025-09-14,2280,FIL,62,1730693980.9153411
2025-09-14,29210,JUP,63,1670187792.7852466
2025-09-14,3773,FET,64,1564954907.9760587
2025-09-14,4269,GT,65,1418916680.3135319
2025-09-14,7226,INJ,66,1408704087.6289182
2025-09-14,11840,OP,67,1398091860.3062742
2025-09-14,22861,TIA,68,1378982630.8177183
2025-09-14,2634,XDC,69,1362711879.597538
2025-09-14,27772,PYUSD,70,1346901036.0222304
2025-09-14,28081,SPX,71,1260361923.5742018
2025-09-14,10603,IMX,72,1252559583.5422964
2025-09-14,3155,QNT,73,1238705133.4587536
2025-09-14,4847,STX,74,1204411692.0328119
2025-09-14,26081,FDUSD,75,1123761714.9953747
2025-09-14,8000,LDO,76,1103309343.1843314
2025-09-14,6538,CRV,77,1101193713.396838
2025-09-14,29270,AERO,78,1073650793.5481813
2025-09-14,4705,PAXG,79,1052021711.6839472
2025-09-14,6719,GRT,80,1009669228.1514106
2025-09-14,10804,FLOKI,81,968918546.2352339
2025-09-14,32880,KAIA,82,966155690.1109352
2025-09-14,28177,PYTH,83,955858037.4113679
2025-09-14,28752,WIF,84,928666461.7594745
2025-09-14,8526,RAY,85,914696695.2197102
2025-09-14,7334,CFX,86,898078498.1500628
2025-09-14,5176,XAUt,87,897819921.7638209
2025-09-14,32684,S,88,884010223.6536589
2025-09-14,13855,ENS,89,879638186.3322042
2025-09-14,7186,CAKE,90,874492692.4381692
2025-09-14,33597,FARTCOIN,91,870848610.6493769
2025-09-14,23635,FORM,92,862414811.377814
2025-09-14,9481,PENDLE,93,854592332.5494694
2025-09-14,2416,THETA,94,842688350.1112864
2025-09-14,29420,VIRTUAL,95,833477992.6798018
2025-09-14,2694,NEXO,96,827933357.9251878
2025-09-14,1437,ZEC,97,818435394.4462901
2025-09-14,2011,XTZ,98,814708362.4502604
2025-09-14,7080,GALA,99,803249513.1207153
2025-09-14,6210,SAND,100,797163131.7569712
2025-09-14,1720,IOTA,101,780488892.704224
2025-09-14,36462,A,102,769469593.3973352
2025-09-14,30083,ATH,103,740798719.7969114
2025-09-14,34387,RLUSD,104,729798862.8743196
2025-09-14,28541,JTO,105,724585941.4880933
2025-09-14,8425,JASMY,106,724140927.6239909
2025-09-14,1966,MANA,107,689341440.3852962
2025-09-14,29814,ETHFI,108,687862774.3870841
2025-09-14,34104,MORPHO,109,685872117.7295761
2025-09-14,4558,FLOW,110,669713841.7972643
2025-09-14,3871,AB,111,646659949.7572309
2025-09-14,16086,BTT,112,640612913.3330054
2025-09-14,36119,WAL,113,623340625.1529933
2025-09-14,7326,DEXE,114,579728310.5622423
2025-09-14,33824,SYRUP,115,548048349.7743131
2025-09-14,22691,STRK,116,537298141.4688609
2025-09-14,36532,B,117,533038630.424675
2025-09-14,30494,EIGEN,118,530585474.4383369
2025-09-14,3602,BSV,119,527674764.65052176
2025-09-14,29743,BRETT,120,517485277.4128269
2025-09-14,5665,HNT,121,508969675.2320169
2025-09-14,19891,USDD,122,506851774.6648348
2025-09-14,28324,DYDX,123,501051852.87663114
2025-09-14,33391,DEEP,124,494381302.46308565
2025-09-14,2563,TUSD,125,493247274.885321
2025-09-14,26997,ZRO,126,487613506.13602656
2025-09-14,5632,AR,127,476664417.35828745
2025-09-14,1376,NEO,128,475035937.0432189
2025-09-14,23254,CORE,129,463406322.4661444
2025-09-14,4157,RUNE,130,461974476.54870546
2025-09-14,3964,RSR,131,460825778.2203648
2025-09-14,24091,ZK,132,460858770.7199369
2025-09-14,27657,LINEA,133,456980388.6927383
2025-09-14,18876,APE,134,452828976.65341604
2025-09-14,9816,NFT,135,441758863.67418694
2025-09-14,29587,W,136,432343803.2452842
2025-09-14,5692,COMP,137,425046487.1114065
2025-09-14,6783,AXS,138,423963262.5047967
2025-09-14,6892,EGLD,139,421088602.8259865
2025-09-14,4066,CHZ,140,421740786.61191654
2025-09-14,18679,XCN,141,410067602.1398611
2025-09-14,10791,XEC,142,406722564.78530324
2025-09-14,9104,AIOZ,143,403000518.349451
2025-09-14,10529,SUN,144,397025918.5141374
2025-09-14,4846,KAVA,145,390594516.4010141
2025-09-14,28298,BEAM,146,383944050.31081676
2025-09-14,1659,GNO,147,381874144.35521924
2025-09-14,8290,SUPER,148,379525909.46992934
2025-09-14,27659,MOG,149,376929686.687439
2025-09-14,30636,ZBCN,150,374705959.33509487
2025-09-14,8104,1INCH,151,368517033.31917393
2025-09-14,14101,RON,152,354182947.5512385
2025-09-14,32452,MOVE,153,349765107.9727146
2025-09-14,35364,PLUME,154,347131375.27539
2025-09-14,9903,CVX,155,343477682.4501359
2025-09-14,5488,JST,156,339320283.77418983
2025-09-14,7548,WEMIX,157,337092787.3790054
2025-09-14,17799,AXL,158,337629057.33784574
2025-09-14,25264,SNEK,159,337196891.5242374
2025-09-14,5964,TWT,160,332739584.0253714
2025-09-14,4172,LUNC,161,330771683.6709155
2025-09-14,3640,LPT,162,311465607.56969446
2025-09-14,5198,CTC,163,305857622.7253699
2025-09-14,24647,BERA,164,301685976.15889186
2025-09-14,131,DASH,165,300804676.9702636
2025-09-14,24911,TURBO,166,293119104.5535808
2025-09-14,6945,AMP,167,291730955.9140345
2025-09-14,7431,AKT,168,291719506.3367128
2025-09-14,34812,BIO,169,287038232.1651739
2025-09-14,30126,MEW,170,283289724.6441287
2025-09-14,35763,KAITO,171,284251534.3532734
2025-09-14,1168,DCR,172,284810962.7365447
2025-09-14,7127,VELO,173,280536322.5888333
2025-09-14,21585,SAFE,174,279942516.30003405
2025-09-14,28782,POPCAT,175,276171200.8782427
2025-09-14,5034,KSM,176,270352321.8296098
2025-09-14,1684,QTUM,177,265708570.76985013
2025-09-14,4195,FTT,178,265792784.71011147
2025-09-14,27750,TOSHI,179,262375153.07116818
2025-09-14,36828,USELESS,180,258799553.29601535
2025-09-14,2777,IOTX,181,258851376.6993548
2025-09-14,4041,MX,182,257190195.58040142
2025-09-14,31526,MOCA,183,256523456.9237985
2025-09-14,4948,CKB,184,256626721.25248843
2025-09-14,6953,FRAX,185,249903653.3735878
2025-09-14,33788,PNUT,186,249095890.3357408
2025-09-14,3822,TFUEL,187,246980389.6711547
2025-09-14,1455,GLM,188,243690050.52811086
2025-09-14,31278,DRIFT,189,241189387.61058998
2025-09-14,8646,MINA,190,237560479.640511
2025-09-14,1697,BAT,191,237099099.61020285
2025-09-14,20641,EURC,192,236787648.5923922
2025-09-14,2586,SNX,193,236240263.4012047
2025-09-14,8119,SFP,194,235890955.06759727
2025-09-14,30933,DOG,195,234165466.1290147
2025-09-14,1896,ZRX,196,231950738.01447192
2025-09-14,6536,OM,197,231336040.74272656
2025-09-14,2469,ZIL,198,229894296.68578237
2025-09-14,33280,CHEEMS,199,229839304.18747586
2025-09-14,10407,BabyDoge,200,228822360.12809592
2025-09-21,1,BTC,1,2297277504349.1206
2025-09-21,1027,ETH,2,537292542904.14056
2025-09-21,52,XRP,3,177742212925.44406
2025-09-21,825,USDT,4,172010758909.4
2025-09-21,1839,BNB,5,145960957980.87317
2025-09-21,5426,SOL,6,128497210570.03098
2025-09-21,3408,USDC,7,73968147841.45435
2025-09-21,74,DOGE,8,39444998135.06757
2025-09-21,1958,TRX,9,32455547215.941933
2025-09-21,2010,ADA,10,31693248008.71313
2025-09-21,32196,HYPE,11,16971922078.620193
2025-09-21,1975,LINK,12,15594434327.442362
2025-09-21,29470,USDe,13,14078422544.125782
2025-09-21,5805,AVAX,14,13955522465.49677
2025-09-21,20947,SUI,15,12898410529.633747
2025-09-21,512,XLM,16,12127244766.30506
2025-09-21,1831,BCH,17,11844076613.08762
2025-09-21,4642,HBAR,18,9928548234.663988
2025-09-21,3957,LEO,19,8754807578.50369
2025-09-21,2,LTC,20,8709590958.892216
2025-09-21,11419,TON,21,7809565545.657037
2025-09-21,3635,CRO,22,7568706081.710425
2025-09-21,5994,SHIB,23,7514137926.341341
2025-09-21,6636,DOT,24,6917167106.037593
2025-09-21,33251,WLFI,25,5993937974.342179
2025-09-21,7083,UNI,26,5710534845.256073
2025-09-21,328,XMR,27,5394152066.527275
2025-09-21,4943,DAI,28,5364282374.187486
2025-09-21,27075,MNT,29,5071412412.169979
2025-09-21,7278,AAVE,30,4486192736.504694
2025-09-21,30171,ENA,31,4439643835.707383
2025-09-21,24478,PEPE,32,4387109878.298663
2025-09-21,35626,IP,33,4291162256.98923
2025-09-21,3897,OKB,34,4151658074.5109835
2025-09-21,6535,NEAR,35,3919457080.579389
2025-09-21,11092,BGB,36,3644231044.817323
2025-09-21,22974,TAO,37,3317695877.836681
2025-09-21,21794,APT,38,3241621755.6861224
2025-09-21,21159,ONDO,39,3131083765.744643
2025-09-21,1321,ETC,40,3058997732.3553853
2025-09-21,13502,WLD,41,3009094555.7129188
2025-09-21,35697,PI,42,2901806272.361665
2025-09-21,36148,USD1,43,2658790725.150956
2025-09-21,11841,ARB,44,2602747191.2754145
2025-09-21,28321,POL,45,2577753570.522342
2025-09-21,8916,ICP,46,2533663847.290901
2025-09-21,35491,M,47,2482254796.9678226
2025-09-21,36341,ASTER,48,2316864201.5149827
2025-09-21,36507,PUMP,49,2315358977.2098618
2025-09-21,20396,KAS,50,2181239422.2902923
2025-09-21,34466,PENGU,51,2135088832.6724732
2025-09-21,3077,VET,52,2095319051.3235219
2025-09-21,3794,ATOM,53,2068471698.8108044
2025-09-21,5690,RENDER,54,2034002823.7086878
2025-09-21,4030,ALGO,55,2031239587.580779
2025-09-21,2087,KCS,56,2001332116.4806883
2025-09-21,36410,MYX,57,1935986679.2067218
2025-09-21,23149,SEI,58,1916874484.921413
2025-09-21,7950,FLR,59,1853196329.1764283
2025-09-21,23095,BONK,60,1816891808.6178415
2025-09-21,35336,TRUMP,61,1675160831.5406451
2025-09-21,2280,FIL,62,1656197150.677477
2025-09-21,33038,SKY,63,1630951018.3632607
2025-09-21,29210,JUP,64,1620425100.3835037
2025-09-21,3773,FET,65,1506250339.3003018
2025-09-21,10603,IMX,66,1500488135.6669507
2025-09-21,27772,PYUSD,67,1390904200.1125288
2025-09-21,11840,OP,68,1387543772.212269
2025-09-21,4269,GT,69,1385715297.7927854
2025-09-21,2634,XDC,70,1372779724.0975044
2025-09-21,7226,INJ,71,1358726940.0554457
2025-09-21,22861,TIA,72,1329651219.9749658
2025-09-21,3155,QNT,73,1174600517.3062496
2025-09-21,4847,STX,74,1163670962.3279598
2025-09-21,26081,FDUSD,75,1146761675.6123013
2025-09-21,8000,LDO,76,1120321201.764553
2025-09-21,28081,SPX,77,1089385442.1963892
2025-09-21,6538,CRV,78,1085795845.4710727
2025-09-21,4705,PAXG,79,1073190068.3475859
2025-09-21,29270,AERO,80,1020271514.0329295
2025-09-21,32880,KAIA,81,992750788.8131697
2025-09-21,7186,CAKE,82,1002914432.6746961
2025-09-21,6719,GRT,83,969847498.2106619
2025-09-21,7326,DEXE,84,953642966.3360952
2025-09-21,28177,PYTH,85,948462403.8474314
2025-09-21,5176,XAUt,86,908986108.904787
2025-09-21,10804,FLOKI,87,902927482.7509924
2025-09-21,7334,CFX,88,881779371.0799924
2025-09-21,28752,WIF,89,877300654.4542232
2025-09-21,9481,PENDLE,90,851246765.1111075
2025-09-21,1437,ZEC,91,841710280.7278868
2025-09-21,13855,ENS,92,841595550.8758705
2025-09-21,32684,S,93,823938915.3702003
2025-09-21,2694,NEXO,94,823620548.0023986
2025-09-21,8526,RAY,95,809470970.3987932
2025-09-21,29420,VIRTUAL,96,804310383.9875416
2025-09-21,2416,THETA,97,804019975.9628174
2025-09-21,7080,GALA,98,795439334.2929772
2025-09-21,2011,XTZ,99,794819026.9484295
2025-09-21,6210,SAND,100,755420721.4107816
2025-09-21,29814,ETHFI,101,750899596.4624658
2025-09-21,1720,IOTA,102,744546475.7317845
2025-09-21,36462,A,103,737753783.1170837
2025-09-21,34387,RLUSD,104,729782812.0087149
2025-09-21,30083,ATH,105,720373926.3679454
2025-09-21,33597,FARTCOIN,106,709839909.0550585
2025-09-21,28541,JTO,107,700019951.0634894
2025-09-21,8425,JASMY,108,688714646.2474195
2025-09-21,34104,MORPHO,109,664252072.398115
2025-09-21,3871,AB,110,660039108.2100302
2025-09-21,38299,AVNT,111,604686625.6747513
2025-09-21,16086,BTT,112,628816574.3930002
2025-09-21,4558,FLOW,113,627837976.1129535
2025-09-21,1966,MANA,114,616857796.5049577
2025-09-21,30494,EIGEN,115,596408019.8076342
2025-09-21,36119,WAL,116,592183249.9809588
2025-09-21,23635,FORM,117,559715313.8659631
2025-09-21,28324,DYDX,118,540778346.019027
2025-09-21,29587,W,119,535327365.9711554
2025-09-21,10529,SUN,120,529644814.82190955
2025-09-21,5964,TWT,121,525961586.0683144
2025-09-21,22691,STRK,122,526159839.8305935
2025-09-21,19891,USDD,123,526798601.2296294
2025-09-21,27657,LINEA,124,512203989.3042801
2025-09-21,3602,BSV,125,511109139.1970578
2025-09-21,33824,SYRUP,126,503587176.13432723
2025-09-21,29743,BRETT,127,497256276.1450006
2025-09-21,26997,ZRO,128,493502913.19706327
2025-09-21,2563,TUSD,129,493654773.08709717
2025-09-21,5665,HNT,130,460318814.78226537
2025-09-21,1376,NEO,131,457208939.3428345
2025-09-21,33391,DEEP,132,456766280.39047384
2025-09-21,23254,CORE,133,453845779.21946424
2025-09-21,24091,ZK,134,451019587.2616791
2025-09-21,18876,APE,135,445779232.5151448
2025-09-21,9816,NFT,136,441451310.8057464
2025-09-21,4157,RUNE,137,440524570.6720813
2025-09-21,5632,AR,138,438062017.6305587
2025-09-21,36532,B,139,435004756.60139203
2025-09-21,3964,RSR,140,428184749.73654383
2025-09-21,5692,COMP,141,420768901.3229331
2025-09-21,4066,CHZ,142,420112108.05332476
2025-09-21,18679,XCN,143,414695472.91408885
2025-09-21,6892,EGLD,144,412697776.32969606
2025-09-21,6783,AXS,145,396360544.16487694
2025-09-21,10791,XEC,146,385662887.98749506
2025-09-21,28298,BEAM,147,384841545.11974746
2025-09-21,1659,GNO,148,386644297.8358584
2025-09-21,9104,AIOZ,149,379777078.9110453
2025-09-21,14101,RON,150,368401184.5833851
2025-09-21,8290,SUPER,151,362633051.3664874
2025-09-21,9903,CVX,152,360405301.90882736
2025-09-21,30636,ZBCN,153,358473029.6211973
2025-09-21,4846,KAVA,154,358611116.05317706
2025-09-21,7548,WEMIX,155,356794492.4244704
2025-09-21,8104,1INCH,156,354543958.3159114
2025-09-21,32452,MOVE,157,351753765.90765315
2025-09-21,27750,TOSHI,158,347404940.7598326
2025-09-21,24647,BERA,159,337424307.7160052
2025-09-21,17799,AXL,160,335251131.3451886
2025-09-21,27659,MOG,161,331282370.38508517
2025-09-21,5488,JST,162,328690987.52612805
2025-09-21,4172,LUNC,163,326591277.11427605
2025-09-21,31278,DRIFT,164,299781514.5850496
2025-09-21,25264,SNEK,165,303401928.6133307
2025-09-21,3640,LPT,166,300585609.2518164
2025-09-21,4195,FTT,167,299921577.9682997
2025-09-21,5198,CTC,168,296455541.00066966
2025-09-21,35364,PLUME,169,290586484.08010185
2025-09-21,34812,BIO,170,287288729.334968
2025-09-21,1168,DCR,171,288563159.1747311
2025-09-21,30712,MERL,172,285452787.17854434
2025-09-21,131,DASH,173,285150624.39514595
2025-09-21,6945,AMP,174,281901660.8566852
2025-09-21,7431,AKT,175,277321507.78110695
2025-09-21,24911,TURBO,176,275811226.5622089
2025-09-21,35763,KAITO,177,275168609.6296264
2025-09-21,21585,SAFE,178,265370582.49703556
2025-09-21,30126,MEW,179,265385153.60343602
2025-09-21,5034,KSM,180,262995087.40568048
2025-09-21,31526,MOCA,181,261230639.03932327
2025-09-21,20641,EURC,182,260515696.58191064
2025-09-21,4041,MX,183,258527689.46253923
2025-09-21,28782,POPCAT,184,252384002.74902743
2025-09-21,7127,VELO,185,250589892.84646016
2025-09-21,1684,QTUM,186,248389957.78038573
2025-09-21,8119,SFP,187,245422420.51366124
2025-09-21,30986,KMNO,188,244853925.1798277
2025-09-21,3822,TFUEL,189,240164378.9453363
2025-09-21,38408,BARD,190,236235259.3140189
2025-09-21,6953,FRAX,191,238545308.82447258
2025-09-21,1455,GLM,192,237526637.40557092
2025-09-21,4948,CKB,193,233975457.96920323
2025-09-21,2777,IOTX,194,233517276.08754712
2025-09-21,33788,PNUT,195,232737199.83807617
2025-09-21,33280,CHEEMS,196,232186479.90668017
2025-09-21,2586,SNX,197,231579444.00961038
2025-09-21,1697,BAT,198,231149804.4033392
2025-09-21,8646,MINA,199,229144452.76275313
2025-09-21,2469,ZIL,200,229292205.0428723
2025-09-28,1,BTC,1,2234315482475.939
2025-09-28,1027,ETH,2,499889895731.15137
2025-09-28,825,USDT,3,174433110379.6851
2025-09-28,52,XRP,4,171497811439.18762
2025-09-28,1839,BNB,5,138255254206.45013
2025-09-28,5426,SOL,6,114563931978.97787
2025-09-28,3408,USDC,7,73700289263.11592
2025-09-28,74,DOGE,8,35877558857.20561
2025-09-28,1958,TRX,9,31788656295.792133
2025-09-28,2010,ADA,10,28943429395.03474
2025-09-28,32196,HYPE,11,15858458350.489628
2025-09-28,1975,LINK,12,14701836962.194721
2025-09-28,29470,USDe,13,14324680755.974157
2025-09-28,5805,AVAX,14,12671613929.170958
2025-09-28,512,XLM,15,11733346990.947634
2025-09-28,20947,SUI,16,11691270635.446339
2025-09-28,1831,BCH,17,11086235045.737549
2025-09-28,4642,HBAR,18,9163375699.71718
2025-09-28,3957,LEO,19,8864522818.5542
2025-09-28,2,LTC,20,8157797561.689578
2025-09-28,5994,SHIB,21,7082741010.315209
2025-09-28,11419,TON,22,6932436886.867049
2025-09-28,3635,CRO,23,6776465155.324811
2025-09-28,6636,DOT,24,6482567087.2477665
2025-09-28,27075,MNT,25,5813614354.848678
2025-09-28,33251,WLFI,26,5438279082.973586
2025-09-28,4943,DAI,27,5364648009.867665
2025-09-28,328,XMR,28,5355583182.226759
2025-09-28,7083,UNI,29,4884509268.589397
2025-09-28,7278,AAVE,30,4195074015.517738
2025-09-28,30171,ENA,31,4132069621.9181714
2025-09-28,3897,OKB,32,4066071340.899775
2025-09-28,24478,PEPE,33,3969194076.827735
2025-09-28,11092,BGB,34,3611887259.22705
2025-09-28,6535,NEAR,35,3500876678.7405076
2025-09-28,36410,MYX,36,3161937357.6021495
2025-09-28,36341,ASTER,37,3078836083.6671066
2025-09-28,22974,TAO,38,3062595820.144472
2025-09-28,21794,APT,39,2974113045.1608167
2025-09-28,35626,IP,40,2907404789.5893393
2025-09-28,21159,ONDO,41,2861687200.285031
2025-09-28,1321,ETC,42,2848781666.201242
2025-09-28,13502,WLD,43,2802343061.968719
2025-09-28,36148,USD1,44,2692294596.845389
2025-09-28,36645,XPL,45,2597409564.3650084
2025-09-28,35491,M,46,2440459263.675356
2025-09-28,28321,POL,47,2401425792.5386624
2025-09-28,11841,ARB,48,2325367512.122048
2025-09-28,27772,PYUSD,49,2319109485.3837967
2025-09-28,8916,ICP,50,2310435208.2706494
2025-09-28,35697,PI,51,2231682094.3516016
2025-09-28,36507,PUMP,52,2109112852.2600248
2025-09-28,20396,KAS,53,2079001565.8208463
2025-09-28,3794,ATOM,54,1964239262.4314985
2025-09-28,7950,FLR,55,1954862922.5378993
2025-09-28,2087,KCS,56,1933414253.506992
2025-09-28,3077,VET,57,1902375188.5973926
2025-09-28,4030,ALGO,58,1828057082.9977138
2025-09-28,34466,PENGU,59,1824362692.9251285
2025-09-28,5690,RENDER,60,1789003636.074357
2025-09-28,23149,SEI,61,1729906361.604466
2025-09-28,33038,SKY,62,1606943540.3489397
2025-09-28,23095,BONK,63,1592302794.1022775
2025-09-28,10603,IMX,64,1544210882.1132438
2025-09-28,2280,FIL,65,1532253300.063917
2025-09-28,35336,TRUMP,66,1531300685.2006617
2025-09-28,29210,JUP,67,1401940470.8166842
2025-09-28,3773,FET,68,1377942529.178312
2025-09-28,4269,GT,69,1363175352.313921
2025-09-28,2634,XDC,70,1297127926.2925482
2025-09-28,11840,OP,71,1214680743.9339154
2025-09-28,7226,INJ,72,1210806600.8760135
2025-09-28,3155,QNT,73,1210416903.7681284
2025-09-28,22861,TIA,74,1146970507.981134
2025-09-28,4705,PAXG,75,1106936783.9113886
2025-09-28,26081,FDUSD,76,1086297853.5858445
2025-09-28,4847,STX,77,1054329290.7937018
2025-09-28,1437,ZEC,78,991365963.7531974
2025-09-28,8000,LDO,79,1001490886.9665096
2025-09-28,6538,CRV,80,982826136.6709619
2025-09-28,29270,AERO,81,974908181.1142883
2025-09-28,7186,CAKE,82,955263346.2041575
2025-09-28,32880,KAIA,83,948101254.2921305
2025-09-28,28081,SPX,84,933375902.6021407
2025-09-28,5176,XAUt,85,929656581.6496252
2025-09-28,28177,PYTH,86,870705416.1175199
2025-09-28,6719,GRT,87,869441591.5905589
2025-09-28,29814,ETHFI,88,825135843.5894302
2025-09-28,9481,PENDLE,89,817846268.5473012
2025-09-28,2694,NEXO,90,800158807.0139929
2025-09-28,30083,ATH,91,794608314.4388046
2025-09-28,38337,0G,92,796340906.8253539
2025-09-28,10804,FLOKI,93,792108283.3802578
2025-09-28,34387,RLUSD,94,789497446.1625228
2025-09-28,7326,DEXE,95,782216600.4522737
2025-09-28,13855,ENS,96,751306527.9566628
2025-09-28,7334,CFX,97,747290470.6585739
2025-09-28,28752,WIF,98,745080262.5255423
2025-09-28,8526,RAY,99,724263390.3711917
2025-09-28,2011,XTZ,100,714373831.4384891
2025-09-28,2416,THETA,101,708854571.3017775
2025-09-28,32684,S,102,708700663.0734857
2025-09-28,6210,SAND,103,706922084.7099078
2025-09-28,29420,VIRTUAL,104,690051891.7928224
2025-09-28,7080,GALA,105,689064061.9031287
2025-09-28,1720,IOTA,106,676358269.5183036
2025-09-28,3871,AB,107,660912658.4096948
2025-09-28,36462,A,108,658152334.1196116
2025-09-28,30494,EIGEN,109,639912169.6549808
2025-09-28,33597,FARTCOIN,110,634124441.2611134
2025-09-28,28541,JTO,111,621839683.4165001
2025-09-28,8425,JASMY,112,611597087.499798
2025-09-28,16086,BTT,113,582893285.5382576
2025-09-28,34104,MORPHO,114,592918903.5618943
2025-09-28,26997,ZRO,115,587508526.5069209
2025-09-28,1966,MANA,116,575142716.5743241
2025-09-28,4558,FLOW,117,572420552.261178
2025-09-28,5964,TWT,118,569277358.0081471
2025-09-28,36119,WAL,119,568282700.8977501
2025-09-28,29587,W,120,512381808.524217
2025-09-28,10529,SUN,121,504820539.1284504
2025-09-28,22691,STRK,122,502620454.84067255
2025-09-28,2563,TUSD,123,493772138.1159595
2025-09-28,23635,FORM,124,490872181.9795659
2025-09-28,19891,USDD,125,478671419.1512448
2025-09-28,28324,DYDX,126,478210604.1834725
2025-09-28,3602,BSV,127,469344038.5691544
2025-09-28,33824,SYRUP,128,468295123.9460038
2025-09-28,5665,HNT,129,453890348.9199468
2025-09-28,27657,LINEA,130,441034314.32082886
2025-09-28,9816,NFT,131,432220343.05034703
2025-09-28,1376,NEO,132,411607709.0218144
2025-09-28,33391,DEEP,133,410167948.7978393
2025-09-28,4157,RUNE,134,408642792.7298149
2025-09-28,24091,ZK,135,407996537.9122335
2025-09-28,29743,BRETT,136,407622701.64125097
2025-09-28,23254,CORE,137,399682924.5673522
2025-09-28,4066,CHZ,138,400668956.44948393
2025-09-28,18876,APE,139,396061746.7368458
2025-09-28,5692,COMP,140,395554905.4594547
2025-09-28,6892,EGLD,141,382899576.3211203
2025-09-28,18679,XCN,142,380228335.2037719
2025-09-28,28298,BEAM,143,377637475.01578534
2025-09-28,2586,SNX,144,374532208.98559606
2025-09-28,5632,AR,145,376912445.8084582
2025-09-28,38299,AVNT,146,382275871.24931276
2025-09-28,1659,GNO,147,370691139.99985236
2025-09-28,24647,BERA,148,363944733.9651648
2025-09-28,6783,AXS,149,360863437.7183762
2025-09-28,10791,XEC,150,355600958.2376549
2025-09-28,4846,KAVA,151,348842392.0215572
2025-09-28,30636,ZBCN,152,344890665.83531964
2025-09-28,3964,RSR,153,343489324.53091216
2025-09-28,35763,KAITO,154,338738429.3071309
2025-09-28,9104,AIOZ,155,335915736.425861
2025-09-28,8104,1INCH,156,334881557.077884
2025-09-28,8290,SUPER,157,328955692.2999901
2025-09-28,14101,RON,158,326812600.5343984
2025-09-28,30712,MERL,159,330852014.9255653
2025-09-28,4195,FTT,160,328693659.5349211
2025-09-28,7548,WEMIX,161,324222990.4980705
2025-09-28,5488,JST,162,318963472.1911507
2025-09-28,9903,CVX,163,315363391.11872107
2025-09-28,27750,TOSHI,164,313675404.6671784
2025-09-28,35364,PLUME,165,310462362.7316323
2025-09-28,17799,AXL,166,308347561.9319982
2025-09-28,32452,MOVE,167,304353283.5160186
2025-09-28,4172,LUNC,168,303745159.4051031
2025-09-28,31278,DRIFT,169,286961879.8872462
2025-09-28,25264,SNEK,170,285424750.01895356
2025-09-28,31526,MOCA,171,284489432.2915794
2025-09-28,7431,AKT,172,283737090.9945434
2025-09-28,1168,DCR,173,280864576.09949046
2025-09-28,3640,LPT,174,278180428.6963353
2025-09-28,36532,B,175,268441900.2594233
2025-09-28,5198,CTC,176,268670721.98641
2025-09-28,6945,AMP,177,265376601.05118543
2025-09-28,131,DASH,178,264632154.1792237
2025-09-28,27659,MOG,179,263606385.50309506
2025-09-28,20641,EURC,180,258619274.30524105
2025-09-28,5034,KSM,181,250973329.6961517
2025-09-28,4041,MX,182,245519877.70665503
2025-09-28,8119,SFP,183,244840600.04104108
2025-09-28,24911,TURBO,184,242323047.28951916
2025-09-28,21585,SAFE,185,235577743.0468361
2025-09-28,7127,VELO,186,234646809.0191254
2025-09-28,30126,MEW,187,234545332.42271695
2025-09-28,1684,QTUM,188,230625475.27954915
2025-09-28,32956,GRASS,189,228321275.48428777
2025-09-28,34812,BIO,190,227834594.95265877
2025-09-28,38408,BARD,191,227940345.72573626
2025-09-28,4006,AWE,192,224566286.62913993
2025-09-28,2777,IOTX,193,224161913.66235664
2025-09-28,35931,ZORA,194,220341055.72094214
2025-09-28,1455,GLM,195,221855551.54000047
2025-09-28,3822,TFUEL,196,220641721.76830932
2025-09-28,28782,POPCAT,197,220322696.83323058
2025-09-28,1697,BAT,198,214571068.2623317
2025-09-28,38495,MIRA,199,215301512.1336031
2025-09-28,33280,CHEEMS,200,208150726.31689522
2025-10-05,1,BTC,1,2461401577407.1
2025-10-05,1027,ETH,2,545026231211.62317
2025-10-05,52,XRP,3,177857347529.478
2025-10-05,825,USDT,4,177065729228.92612
2025-10-05,1839,BNB,5,162223663310.33575
2025-10-05,5426,SOL,6,124669631531.0289
2025-10-05,3408,USDC,7,75232515884.24239
2025-10-05,74,DOGE,8,38254358727.00415
2025-10-05,1958,TRX,9,32322501041.669445
2025-10-05,2010,ADA,10,29993031311.164463
2025-10-05,32196,HYPE,11,16219928577.754644
2025-10-05,1975,LINK,12,14919823100.270555
2025-10-05,29470,USDe,13,14815494338.100155
2025-10-05,20947,SUI,14,12922906518.470074
2025-10-05,5805,AVAX,15,12704566305.717667
2025-10-05,512,XLM,16,12662625898.839277
2025-10-05,1831,BCH,17,11847292493.492527
2025-10-05,4642,HBAR,18,9169100299.28125
2025-10-05,2,LTC,19,9077712119.575329
2025-10-05,3957,LEO,20,8904224584.52929
2025-10-05,3635,CRO,21,7292778411.798499
2025-10-05,5994,SHIB,22,7339953875.25443
2025-10-05,11419,TON,23,7047619977.415275
2025-10-05,27075,MNT,24,6886644874.287142
2025-10-05,6636,DOT,25,6716819641.055647
2025-10-05,328,XMR,26,5928851255.455335
2025-10-05,4943,DAI,27,5364009841.380203
2025-10-05,7083,UNI,28,5080866316.734488
2025-10-05,33251,WLFI,29,4912575047.045083
2025-10-05,3897,OKB,30,4669218382.161573
2025-10-05,7278,AAVE,31,4359592956.756697
2025-10-05,30171,ENA,32,4184698408.356377
2025-10-05,24478,PEPE,33,4123112988.91187
2025-10-05,11092,BGB,34,3895376316.1327753
2025-10-05,21794,APT,35,3848762436.675402
2025-10-05,6535,NEAR,36,3698134396.1847944
2025-10-05,22974,TAO,37,3163528769.497782
2025-10-05,36341,ASTER,38,3100112893.0351405
2025-10-05,35626,IP,39,2991078565.220641
2025-10-05,1321,ETC,40,2987037176.3101974
2025-10-05,21159,ONDO,41,2898584100.0424757
2025-10-05,13502,WLD,42,2708737353.8607984
2025-10-05,1437,ZEC,43,2688227772.4966297
2025-10-05,36148,USD1,44,2682059359.6081333
2025-10-05,27772,PYUSD,45,2543897289.5481954
2025-10-05,28321,POL,46,2498796951.0129585
2025-10-05,8916,ICP,47,2437219102.7592287
2025-10-05,11841,ARB,48,2335794076.735821
2025-10-05,36507,PUMP,49,2274203885.8224545
2025-10-05,35697,PI,50,2149087813.183861
2025-10-05,35491,M,51,2122651387.521368
2025-10-05,2087,KCS,52,2079067378.3368883
2025-10-05,20396,KAS,53,2005210011.5638418
2025-10-05,34466,PENGU,54,1978364687.0531547
2025-10-05,3077,VET,55,1965092521.4584653
2025-10-05,3794,ATOM,56,1956935078.0049732
2025-10-05,4030,ALGO,57,1924366308.1607022
2025-10-05,7950,FLR,58,1835776028.393076
2025-10-05,5690,RENDER,59,1806655331.848706
2025-10-05,23149,SEI,60,1773138444.125847
2025-10-05,38515,2Z,61,1705489697.4927065
2025-10-05,36645,XPL,62,1670715149.6129394
2025-10-05,2280,FIL,63,1619148468.7881374
2025-10-05,23095,BONK,64,1608142424.1513057
2025-10-05,33038,SKY,65,1573834037.9382505
2025-10-05,35336,TRUMP,66,1557916061.845521
2025-10-05,28081,SPX,67,1464111964.8667521
2025-10-05,10603,IMX,68,1465517592.2632246
2025-10-05,29210,JUP,69,1438654061.500623
2025-10-05,4269,GT,70,1397137989.8250647
2025-10-05,3773,FET,71,1373767046.8106914
2025-10-05,2634,XDC,72,1309128800.1763694
2025-10-05,11840,OP,73,1279223617.1094303
2025-10-05,7226,INJ,74,1270168768.0052376
2025-10-05,3155,QNT,75,1233235550.9457066
2025-10-05,22861,TIA,76,1190116117.319941
2025-10-05,4705,PAXG,77,1169264972.8984652
2025-10-05,7186,CAKE,78,1107664258.0822773
2025-10-05,26081,FDUSD,79,1077863237.1029084
2025-10-05,4847,STX,80,1079532055.1483483
2025-10-05,6538,CRV,81,1070857852.9476278
2025-10-05,8000,LDO,82,1043226639.8089789
2025-10-05,29270,AERO,83,1034688421.2389082
2025-10-05,7326,DEXE,84,978790654.7084954
2025-10-05,5176,XAUt,85,964055345.8087128
2025-10-05,10804,FLOKI,86,957934059.2929586
2025-10-05,29814,ETHFI,87,934137112.6014298
2025-10-05,36410,MYX,88,944178013.3192933
2025-10-05,28177,PYTH,89,923831842.6312428
2025-10-05,32880,KAIA,90,917708824.3641238
2025-10-05,6719,GRT,91,872744268.0942277
2025-10-05,2694,NEXO,92,817543469.3368349
2025-10-05,9481,PENDLE,93,796802557.7569023
2025-10-05,32684,S,94,792270113.8573743
2025-10-05,34387,RLUSD,95,789482788.0297908
2025-10-05,13855,ENS,96,788865899.007765
2025-10-05,1720,IOTA,97,766868959.9280194
2025-10-05,8526,RAY,98,768233973.6975374
2025-10-05,28752,WIF,99,762062645.8029941
2025-10-05,2011,XTZ,100,758051964.7980129
2025-10-05,7334,CFX,101,744040820.0871335
2025-10-05,2416,THETA,102,735949837.5954221
2025-10-05,7080,GALA,103,725535337.5583938
2025-10-05,6210,SAND,104,722082184.3590963
2025-10-05,30494,EIGEN,105,713724933.3037192
2025-10-05,29420,VIRTUAL,106,711880978.1858466
2025-10-05,33597,FARTCOIN,107,676705172.2512953
2025-10-05,3871,AB,108,671509528.750116
2025-10-05,1966,MANA,109,655879608.8592683
2025-10-05,22691,STRK,110,649940288.2641647
2025-10-05,30083,ATH,111,643637532.3108906
2025-10-05,38337,0G,112,617618518.9323646
2025-10-05,36462,A,113,641779082.3805814
2025-10-05,34104,MORPHO,114,637632866.0888066
2025-10-05,8425,JASMY,115,629356147.0060123
2025-10-05,28541,JTO,116,616085715.0388323
2025-10-05,33391,DEEP,117,611266011.0937519
2025-10-05,5964,TWT,118,599603742.7637293
2025-10-05,4558,FLOW,119,599060781.0316691
2025-10-05,16086,BTT,120,597475086.7875047
2025-10-05,36119,WAL,121,594208213.043321
2025-10-05,26997,ZRO,122,584376519.867895
2025-10-05,3602,BSV,123,569995420.1971518
2025-10-05,29587,W,124,561932146.495121
2025-10-05,2563,TUSD,125,494098760.78590906
2025-10-05,33824,SYRUP,126,491457170.3909778
2025-10-05,10529,SUN,127,474513787.2115659
2025-10-05,28324,DYDX,128,474104460.25586444
2025-10-05,19891,USDD,129,470092366.6352491
2025-10-05,5665,HNT,130,469549323.62981784
2025-10-05,29743,BRETT,131,448743859.98053974
2025-10-05,30636,ZBCN,132,458670735.99902207
2025-10-05,131,DASH,133,440045867.7374985
2025-10-05,1376,NEO,134,438101448.9991203
2025-10-05,4066,CHZ,135,437650480.4141556
2025-10-05,9816,NFT,136,434047605.9415354
2025-10-05,24091,ZK,137,433817046.6084573
2025-10-05,18876,APE,138,421627295.7564516
2025-10-05,23635,FORM,139,421319900.8806164
2025-10-05,38482,FF,140,422825101.15506375
2025-10-05,5692,COMP,141,416005532.03648376
2025-10-05,27657,LINEA,142,416461950.13378775
2025-10-05,4157,RUNE,143,414825497.99492717
2025-10-05,28298,BEAM,144,413568839.8720512
2025-10-05,23254,CORE,145,414560390.08637065
2025-10-05,1659,GNO,146,402095376.3476928
2025-10-05,5632,AR,147,393493565.78511566
2025-10-05,18679,XCN,148,391568435.91509765
2025-10-05,2586,SNX,149,387306641.8961429
2025-10-05,6892,EGLD,150,389741592.4217075
2025-10-05,8290,SUPER,151,384127476.1859567
2025-10-05,3964,RSR,152,382189793.777326
2025-10-05,10791,XEC,153,370307581.37168515
2025-10-05,6783,AXS,154,362994773.5409877
2025-10-05,24647,BERA,155,357688077.6417738
2025-10-05,8104,1INCH,156,356198151.0955079
2025-10-05,9903,CVX,157,350316571.8417024
2025-10-05,9104,AIOZ,158,349250781.6431142
2025-10-05,4846,KAVA,159,348939196.3775435
2025-10-05,30712,MERL,160,346468962.90785825
2025-10-05,27750,TOSHI,161,342962032.7507459
2025-10-05,35763,KAITO,162,331006787.9972933
2025-10-05,31278,DRIFT,163,335116339.12906265
2025-10-05,14101,RON,164,330347985.4929852
2025-10-05,5488,JST,165,324759436.36895245
2025-10-05,1168,DCR,166,325238761.30310756
2025-10-05,7548,WEMIX,167,318932028.64851356
2025-10-05,27659,MOG,168,319461681.7378967
2025-10-05,32452,MOVE,169,311530733.4404511
2025-10-05,25264,SNEK,170,305596456.08927006
2025-10-05,17799,AXL,171,305923130.5178803
2025-10-05,4195,FTT,172,305598666.3007871
2025-10-05,4172,LUNC,173,303969247.92924374
2025-10-05,38481,XAN,174,296552044.47630465
2025-10-05,35364,PLUME,175,296217624.2152905
2025-10-05,36532,B,176,290791660.4804984
2025-10-05,3640,LPT,177,289839296.65345436
2025-10-05,38299,AVNT,178,289435184.47731656
2025-10-05,7431,AKT,179,288662654.0232052
2025-10-05,5198,CTC,180,284383954.8357004
2025-10-05,31526,MOCA,181,282016020.30428517
2025-10-05,6945,AMP,182,270319201.3568189
2025-10-05,5034,KSM,183,257375963.95027232
2025-10-05,24911,TURBO,184,253653299.02872172
2025-10-05,8119,SFP,185,251633404.8619715
2025-10-05,20641,EURC,186,251395047.97112784
2025-10-05,30126,MEW,187,246076565.46851987
2025-10-05,30933,DOG,188,245490867.7493771
2025-10-05,30986,KMNO,189,245554295.1361183
2025-10-05,4041,MX,190,243033304.36057082
2025-10-05,21585,SAFE,191,237175258.59400824
2025-10-05,1684,QTUM,192,233298646.0113431
2025-10-05,5567,CELO,193,237436681.187273
2025-10-05,28782,POPCAT,194,228982739.77556652
2025-10-05,34812,BIO,195,228629811.15622464
2025-10-05,35931,ZORA,196,226577500.9065541
2025-10-05,3822,TFUEL,197,225826580.68929037
2025-10-05,1455,GLM,198,222439660.89908627
2025-10-05,2777,IOTX,199,221248358.43211076
2025-10-05,7127,VELO,200,221753513.56656098
2025-10-12,1,BTC,1,2295654718660.5825
2025-10-12,1027,ETH,2,502659982281.5511
2025-10-12,1839,BNB,3,181370523134.28622
2025-10-12,825,USDT,4,180021595871.23227
2025-10-12,52,XRP,5,151884632916.47858
2025-10-12,5426,SOL,6,107950809429.22147
2025-10-12,3408,USDC,7,75671935493.79634
2025-10-12,74,DOGE,8,31444744190.75713
2025-10-12,1958,TRX,9,30592522539.159603
2025-10-12,2010,ADA,10,25138086899.556984
2025-10-12,32196,HYPE,11,13399148795.697275
2025-10-12,1975,LINK,12,12916248617.938673
2025-10-12,29470,USDe,13,12608852633.45658
2025-10-12,512,XLM,14,10957112719.744865
2025-10-12,1831,BCH,15,10799248372.98742
2025-10-12,20947,SUI,16,10200844125.21674
2025-10-12,5805,AVAX,17,9536382597.829021
2025-10-12,3957,LEO,18,8904297524.959614
2025-10-12,4642,HBAR,19,7872709554.098234
2025-10-12,2,LTC,20,7545403952.450303
2025-10-12,27075,MNT,21,7291797266.453271
2025-10-12,5994,SHIB,22,6319001734.865051
2025-10-12,3635,CRO,23,6030316381.663277
2025-10-12,11419,TON,24,5742693360.970777
2025-10-12,328,XMR,25,5621400906.717642
2025-10-12,4943,DAI,26,5366437499.572071
2025-10-12,6636,DOT,27,5280817581.285742
2025-10-12,1437,ZEC,28,4261197606.7054734
2025-10-12,7083,UNI,29,4179992138.479682
2025-10-12,3897,OKB,30,3909926699.7688212
2025-10-12,22974,TAO,31,3871446769.628415
2025-10-12,7278,AAVE,32,3840585041.0576506
2025-10-12,33251,WLFI,33,3469736310.7474556
2025-10-12,11092,BGB,34,3464887962.0758605
2025-10-12,24478,PEPE,35,3157372608.011049
2025-10-12,6535,NEAR,36,3079549415.085116
2025-10-12,30171,ENA,37,2957345360.983119
2025-10-12,21794,APT,38,2773118308.7759156
2025-10-12,36148,USD1,39,2710287202.3074594
2025-10-12,21159,ONDO,40,2580847639.7886934
2025-10-12,1321,ETC,41,2576248466.0479627
2025-10-12,27772,PYUSD,42,2526698991.138381
2025-10-12,36341,ASTER,43,2527614466.4064875
2025-10-12,13502,WLD,44,2208384792.8150644
2025-10-12,35491,M,45,2130599519.2895372
2025-10-12,28321,POL,46,2105468793.8089242
2025-10-12,2087,KCS,47,1891074971.1649184
2025-10-12,8916,ICP,48,1888083545.239452
2025-10-12,11841,ARB,49,1812244663.6888177
2025-10-12,4030,ALGO,50,1790705125.4624774
2025-10-12,35626,IP,51,1766854127.4412067
2025-10-12,35697,PI,52,1729779146.4343445
2025-10-12,3077,VET,53,1655270769.8497148
2025-10-12,20396,KAS,54,1652591258.4593844
2025-10-12,3794,ATOM,55,1648776043.4655168
2025-10-12,34466,PENGU,56,1621555250.2891533
2025-10-12,7950,FLR,57,1523949152.950299
2025-10-12,36507,PUMP,58,1535991252.62569
2025-10-12,33038,SKY,59,1477686635.3825295
2025-10-12,5690,RENDER,60,1420428074.9934113
2025-10-12,23149,SEI,61,1404654252.5640297
2025-10-12,4269,GT,62,1375326838.5366187
2025-10-12,23095,BONK,63,1264369321.3200634
2025-10-12,28081,SPX,64,1256945339.4838698
2025-10-12,4705,PAXG,65,1239423467.7882466
2025-10-12,35336,TRUMP,66,1242344104.353976
2025-10-12,29210,JUP,67,1184616758.844046
2025-10-12,7186,CAKE,68,1179608293.0599911
2025-10-12,2280,FIL,69,1166926773.1496677
2025-10-12,2634,XDC,70,1106933123.6640134
2025-10-12,10603,IMX,71,1113024455.4346056
2025-10-12,3155,QNT,72,1103161036.8428707
2025-10-12,26081,FDUSD,73,1084615317.6155386
2025-10-12,5176,XAUt,74,996758295.4127771
2025-10-12,7226,INJ,75,957271124.3838518
2025-10-12,38515,2Z,76,918718055.7358334
2025-10-12,3773,FET,77,901935921.8654926
2025-10-12,11840,OP,78,868610705.2867117
2025-10-12,22861,TIA,79,864753260.6512421
2025-10-12,34387,RLUSD,80,839848532.7008228
2025-10-12,4847,STX,81,831864100.335818
2025-10-12,29270,AERO,82,831395356.8053162
2025-10-12,8000,LDO,83,822651864.5113317
2025-10-12,36645,XPL,84,817810029.5199603
2025-10-12,6538,CRV,85,788559568.652302
2025-10-12,2694,NEXO,86,783004203.3956949
2025-10-12,6719,GRT,87,728994170.2043409
2025-10-12,10804,FLOKI,88,706476343.6141162
2025-10-12,28177,PYTH,89,698422747.1673014
2025-10-12,32880,KAIA,90,682780999.881297
2025-10-12,36410,MYX,91,682626211.3033377
2025-10-12,34104,MORPHO,92,668089777.8699006
2025-10-12,2011,XTZ,93,670514740.1494719
2025-10-12,131,DASH,94,665671094.6460702
2025-10-12,9481,PENDLE,95,660511425.0293372
2025-10-12,30083,ATH,96,651533615.213313
2025-10-12,29814,ETHFI,97,645901123.8306496
2025-10-12,3871,AB,98,633037758.4845562
2025-10-12,13855,ENS,99,634354315.5285071
2025-10-12,1720,IOTA,100,632344081.191825
2025-10-12,5964,TWT,101,628379860.6535358
2025-10-12,26997,ZRO,102,577492739.7198472
2025-10-12,7334,CFX,103,577922015.1845827
2025-10-12,6210,SAND,104,572660337.6192605
2025-10-12,2416,THETA,105,570675041.2693042
2025-10-12,32684,S,106,567889394.9494649
2025-10-12,2586,SNX,107,585094978.8810519
2025-10-12,22691,STRK,108,563267569.2372749
2025-10-12,8526,RAY,109,560477042.5979878
2025-10-12,7080,GALA,110,553219661.7747201
2025-10-12,28752,WIF,111,552292127.1785312
2025-10-12,8425,JASMY,112,544483115.326285
2025-10-12,30494,EIGEN,113,525412186.1932256
2025-10-12,16086,BTT,114,520765243.32152283
2025-10-12,1966,MANA,115,521420631.93851
2025-10-12,29420,VIRTUAL,116,516921870.09733033
2025-10-12,2563,TUSD,117,493930005.4827225
2025-10-12,7326,DEXE,118,490988280.5315909
2025-10-12,36462,A,119,489374912.9006163
2025-10-12,38337,0G,120,488596353.5420894
2025-10-12,10529,SUN,121,476892647.7284235
2025-10-12,4558,FLOW,122,474450706.30076253
2025-10-12,19891,USDD,123,463650554.7640841
2025-10-12,3602,BSV,124,463360033.1904214
2025-10-12,33391,DEEP,125,451727615.3837066
2025-10-12,28541,JTO,126,451933257.19488484
2025-10-12,33597,FARTCOIN,127,457035064.4567694
2025-10-12,33824,SYRUP,128,445958826.48742753
2025-10-12,5665,HNT,129,420778835.2733002
2025-10-12,9816,NFT,130,419317119.30487484
2025-10-12,30636,ZBCN,131,403762912.38880354
2025-10-12,35931,ZORA,132,407912745.3927559
2025-10-12,29587,W,133,385303386.31055045
2025-10-12,23635,FORM,134,379896863.73972636
2025-10-12,1376,NEO,135,362041922.9595053
2025-10-12,1659,GNO,136,357630815.64911294
2025-10-12,36119,WAL,137,360167644.4605806
2025-10-12,30712,MERL,138,355723979.83952117
2025-10-12,4066,CHZ,139,351996135.29363036
2025-10-12,27750,TOSHI,140,351295268.493303
2025-10-12,18679,XCN,141,350662742.54455215
2025-10-12,29743,BRETT,142,338358174.97094935
2025-10-12,5692,COMP,143,336998953.1668038
2025-10-12,24091,ZK,144,330676991.211109
2025-10-12,36828,USELESS,145,328697761.5759493
2025-10-12,4157,RUNE,146,324700101.1120881
2025-10-12,18876,APE,147,323330855.97347444
2025-10-12,28298,BEAM,148,321173600.14375395
2025-10-12,3964,RSR,149,316264983.72461784
2025-10-12,1168,DCR,150,313275655.77072203
2025-10-12,10791,XEC,151,313428087.30675626
2025-10-12,5488,JST,152,311134317.6117941
2025-10-12,2467,TRAC,153,305965236.19072324
2025-10-12,38482,FF,154,307004805.3970432
2025-10-12,6892,EGLD,155,305453990.21837497
2025-10-12,33280,CHEEMS,156,301009329.3438597
2025-10-12,5632,AR,157,301017841.8543775
2025-10-12,27657,LINEA,158,298275749.43730915
2025-10-12,28324,DYDX,159,296731765.0592242
2025-10-12,6783,AXS,160,283500120.02130604
2025-10-12,8290,SUPER,161,283985058.6756653
2025-10-12,35763,KAITO,162,279878095.8059562
2025-10-12,14101,RON,163,278174692.60553813
2025-10-12,8104,1INCH,164,277106137.3782291
2025-10-12,9104,AIOZ,165,276359231.09233373
2025-10-12,24647,BERA,166,274441928.29264265
2025-10-12,23254,CORE,167,272532940.80876535
2025-10-12,20641,EURC,168,265669218.07619718
2025-10-12,1697,BAT,169,263697165.47513008
2025-10-12,25264,SNEK,170,257945845.67587763
2025-10-12,7548,WEMIX,171,255212393.51416296
2025-10-12,35364,PLUME,172,254690852.4887195
2025-10-12,9903,CVX,173,249636241.04789644
2025-10-12,1698,ZEN,174,247846506.48806426
2025-10-12,17799,AXL,175,242136742.66846782
2025-10-12,3640,LPT,176,241346127.35435948
2025-10-12,31526,MOCA,177,237995595.28110883
2025-10-12,4195,FTT,178,236717704.74435347
2025-10-12,32452,MOVE,179,236172989.28632152
2025-10-12,5198,CTC,180,234232691.40045732
2025-10-12,4041,MX,181,232068916.95857942
2025-10-12,4172,LUNC,182,230659117.7115662
2025-10-12,31278,DRIFT,183,223112660.94979075
2025-10-12,6945,AMP,184,221536390.2367668
2025-10-12,7431,AKT,185,222249416.8339295
2025-10-12,1684,QTUM,186,219589299.1820486
2025-10-12,8119,SFP,187,205997346.0322429
2025-10-12,4846,KAVA,188,206227527.54721025
2025-10-12,27659,MOG,189,204925344.45664477
2025-10-12,30933,DOG,190,204832271.1944319
2025-10-12,5034,KSM,191,199655901.19488457
2025-10-12,4120,PROM,192,196670016.7138498
2025-10-12,10407,BabyDoge,193,194746333.4712294
2025-10-12,3822,TFUEL,194,193008147.59883994
2025-10-12,24911,TURBO,195,192757411.56377178
2025-10-12,30126,MEW,196,188774287.5587269
2025-10-12,21585,SAFE,197,187733593.9612421
2025-10-12,1455,GLM,198,187624320.57771066
2025-10-12,7127,VELO,199,184757573.01701137
2025-10-12,30986,KMNO,200,181748358.97437847
2025-10-19,1,BTC,1,2166454541019.8008
2025-10-19,1027,ETH,2,469224908733.3766
2025-10-19,825,USDT,3,181942422520.25262
2025-10-19,1839,BNB,4,154446038892.45825
2025-10-19,52,XRP,5,143379221560.1684
2025-10-19,5426,SOL,6,102616370328.27547
2025-10-19,3408,USDC,7,75950695768.41469
2025-10-19,1958,TRX,8,30335819255.058212
2025-10-19,74,DOGE,9,29576092233.094322
2025-10-19,2010,ADA,10,23388192663.098686
2025-10-19,32196,HYPE,11,12599332696.621447
2025-10-19,29470,USDe,12,12065908346.869247
2025-10-19,1975,LINK,13,11714373016.154186
2025-10-19,512,XLM,14,10169700963.997517
2025-10-19,1831,BCH,15,9429695798.509176
2025-10-19,20947,SUI,16,9355910007.188354
2025-10-19,5805,AVAX,17,8783339001.654537
2025-10-19,3957,LEO,18,8716723141.36229
2025-10-19,4642,HBAR,19,7226576204.357999
2025-10-19,2,LTC,20,7129311929.037404
2025-10-19,27075,MNT,21,6036196331.94588
2025-10-19,5994,SHIB,22,5938037187.264798
2025-10-19,328,XMR,23,5821108168.493945
2025-10-19,11419,TON,24,5568577478.664887
2025-10-19,4943,DAI,25,5365428765.505473
2025-10-19,3635,CRO,26,5292920894.154474
2025-10-19,6636,DOT,27,4898752174.367445
2025-10-19,22974,TAO,28,4440901607.638935
2025-10-19,7083,UNI,29,3945082672.9062266
2025-10-19,1437,ZEC,30,3842110199.397027
2025-10-19,3897,OKB,31,3576088402.0740223
2025-10-19,30171,ENA,32,3451854321.7598553
2025-10-19,7278,AAVE,33,3393703388.166307
2025-10-19,11092,BGB,34,3270160131.5905952
2025-10-19,33251,WLFI,35,3225658601.266572
2025-10-19,24478,PEPE,36,2943688133.45339
2025-10-19,6535,NEAR,37,2822082004.8784165
2025-10-19,27772,PYUSD,38,2746238075.8497634
2025-10-19,36148,USD1,39,2692215763.805383
2025-10-19,1321,ETC,40,2426263657.936158
2025-10-19,36341,ASTER,41,2422608402.142562
2025-10-19,21159,ONDO,42,2310624940.4630747
2025-10-19,21794,APT,43,2289712637.137697
2025-10-19,35491,M,44,2079008642.6288037
2025-10-19,28321,POL,45,2052586025.2445543
2025-10-19,13502,WLD,46,2024693895.2920442
2025-10-19,2087,KCS,47,1758071241.9832878
2025-10-19,11841,ARB,48,1747392042.1537364
2025-10-19,35626,IP,49,1746266585.0000625
2025-10-19,35697,PI,50,1702735023.646123
2025-10-19,8916,ICP,51,1655217839.0559418
2025-10-19,4030,ALGO,52,1617546839.6036637
2025-10-19,3794,ATOM,53,1529384199.8347595
2025-10-19,3077,VET,54,1516947861.4069176
2025-10-19,20396,KAS,55,1413954635.3102643
2025-10-19,34466,PENGU,56,1397494369.29649
2025-10-19,36507,PUMP,57,1387332488.5246139
2025-10-19,33038,SKY,58,1374144081.4458737
2025-10-19,4705,PAXG,59,1361063622.0232983
2025-10-19,7950,FLR,60,1329788001.531542
2025-10-19,5690,RENDER,61,1312396536.0504096
2025-10-19,4269,GT,62,1283260534.3130443
2025-10-19,23149,SEI,63,1220014087.1376472
2025-10-19,23095,BONK,64,1196352947.2311249
2025-10-19,35336,TRUMP,65,1190676938.5188496
2025-10-19,29210,JUP,66,1111255038.4331465
2025-10-19,2634,XDC,67,1086164311.497601
2025-10-19,2280,FIL,68,1072827783.9119217
2025-10-19,5176,XAUt,69,1044523189.6892006
2025-10-19,3155,QNT,70,1016502528.97135
2025-10-19,26081,FDUSD,71,1010118421.5602386
2025-10-19,10603,IMX,72,1005038507.418777
2025-10-19,7186,CAKE,73,994827267.6195945
2025-10-19,28081,SPX,74,946392332.7446553
2025-10-19,34387,RLUSD,75,873826917.3249815
2025-10-19,7226,INJ,76,854903562.0243979
2025-10-19,22861,TIA,77,836504797.9148171
2025-10-19,38515,2Z,78,820853079.149423
2025-10-19,8000,LDO,79,807056072.4401594
2025-10-19,4847,STX,80,788217020.4458581
2025-10-19,11840,OP,81,779708106.1738542
2025-10-19,6538,CRV,82,774761216.3689612
2025-10-19,2694,NEXO,83,755647486.2988186
2025-10-19,29270,AERO,84,750206126.0776497
2025-10-19,36645,XPL,85,744249936.0077494
2025-10-19,3773,FET,86,688447182.052048
2025-10-19,34104,MORPHO,87,684339003.3477489
2025-10-19,6719,GRT,88,675746352.0380164
2025-10-19,28177,PYTH,89,659729119.0075376
2025-10-19,32880,KAIA,90,652536279.1154342
2025-10-19,10804,FLOKI,91,637696574.7850884
2025-10-19,2011,XTZ,92,633224895.1128749
2025-10-19,29814,ETHFI,93,604508503.6457684
2025-10-19,3871,AB,94,589075937.134655
2025-10-19,1720,IOTA,95,588568000.7346972
2025-10-19,5964,TWT,96,581625919.5545037
2025-10-19,13855,ENS,97,581796913.4834932
2025-10-19,7334,CFX,98,577295020.0699273
2025-10-19,36410,MYX,99,575050866.2987151
2025-10-19,2416,THETA,100,561684476.6330726
2025-10-19,6210,SAND,101,546202412.7322644
2025-10-19,7326,DEXE,102,544660444.9483382
2025-10-19,9481,PENDLE,103,542629743.0080639
2025-10-19,131,DASH,104,543612559.0376012
2025-10-19,2586,SNX,105,535039394.54105955
2025-10-19,28752,WIF,106,530848051.46485054
2025-10-19,29420,VIRTUAL,107,519189686.7516818
2025-10-19,7080,GALA,108,516233111.6480147
2025-10-19,32684,S,109,507982444.65152186
2025-10-19,16086,BTT,110,500869760.5226857
2025-10-19,26997,ZRO,111,500833704.8886025
2025-10-19,8526,RAY,112,498332337.1306738
2025-10-19,8425,JASMY,113,498274971.38236994
2025-10-19,22691,STRK,114,494104884.7549123
2025-10-19,2563,TUSD,115,493010347.34278595
2025-10-19,19891,USDD,116,468883285.46395385
2025-10-19,1966,MANA,117,464693821.81789815
2025-10-19,36462,A,118,461180200.72138476
2025-10-19,33824,SYRUP,119,450800731.1094744
2025-10-19,4558,FLOW,120,445350586.9100343
2025-10-19,10529,SUN,121,444040905.5280693
2025-10-19,3602,BSV,122,436381042.4798988
2025-10-19,28541,JTO,123,425498413.2287914
2025-10-19,30494,EIGEN,124,424184099.1426228
2025-10-19,30083,ATH,125,417883904.3831231
2025-10-19,9816,NFT,126,412323683.4519327
2025-10-19,35931,ZORA,127,399832740.43898517
2025-10-19,38337,0G,128,386140377.6541953
2025-10-19,2467,TRAC,129,381503365.0029345
2025-10-19,33597,FARTCOIN,130,374192324.3944212
2025-10-19,30636,ZBCN,131,368813134.50293654
2025-10-19,3964,RSR,132,368550684.95135564
2025-10-19,1376,NEO,133,364469445.9563689
2025-10-19,5665,HNT,134,362480535.11485606
2025-10-19,5692,COMP,135,359538741.13769066
2025-10-19,29587,W,136,360342304.38980913
2025-10-19,36119,WAL,137,361245717.29650706
2025-10-19,33391,DEEP,138,355424491.7082727
2025-10-19,1659,GNO,139,335224922.5505578
2025-10-19,4066,CHZ,140,332165259.36167866
2025-10-19,30712,MERL,141,325892495.6394056
2025-10-19,18679,XCN,142,323722426.1715
2025-10-19,5488,JST,143,318208380.4941618
2025-10-19,23635,FORM,144,310189891.0610915
2025-10-19,24091,ZK,145,304001643.1619361
2025-10-19,27750,TOSHI,146,304297255.59129876
2025-10-19,18876,APE,147,301021555.2759916
2025-10-19,4157,RUNE,148,300799544.1303018
2025-10-19,10791,XEC,149,294026757.8021763
2025-10-19,7548,WEMIX,150,292961642.1532063
2025-10-19,36828,USELESS,151,295401909.03464204
2025-10-19,1697,BAT,152,292725020.83097154
2025-10-19,38482,FF,153,288857816.7533289
2025-10-19,1168,DCR,154,284909080.43376774
2025-10-19,6892,EGLD,155,282050551.09090686
2025-10-19,27657,LINEA,156,278346848.6010943
2025-10-19,33280,CHEEMS,157,276822589.2467967
2025-10-19,28324,DYDX,158,266053425.94596446
2025-10-19,29743,BRETT,159,266580127.77050003
2025-10-19,14101,RON,160,265364628.34045526
2025-10-19,6783,AXS,161,264485978.29244268
2025-10-19,20641,EURC,162,262140749.13508788
2025-10-19,4195,FTT,163,262522649.00767395
2025-10-19,5632,AR,164,259978935.61858767
2025-10-19,9104,AIOZ,165,259904710.8111796
2025-10-19,28298,BEAM,166,257103171.07209536
2025-10-19,35763,KAITO,167,256558869.62868363
2025-10-19,23254,CORE,168,254619726.03857052
2025-10-19,8290,SUPER,169,253442971.0575798
2025-10-19,24647,BERA,170,246289223.38310403
2025-10-19,8104,1INCH,171,244457311.14846304
2025-10-19,9903,CVX,172,232000756.03986314
2025-10-19,25264,SNEK,173,230096844.0497123
2025-10-19,3640,LPT,174,230469625.58323005
2025-10-19,4172,LUNC,175,230217720.83849165
2025-10-19,35364,PLUME,176,224028556.40401208
2025-10-19,4041,MX,177,222920483.61558712
2025-10-19,5198,CTC,178,222931238.87934434
2025-10-19,17799,AXL,179,217604553.39447966
2025-10-19,32452,MOVE,180,215567152.86108968
2025-10-19,6945,AMP,181,211321911.74833035
2025-10-19,31526,MOCA,182,210176171.65321046
2025-10-19,1684,QTUM,183,209569438.29447728
2025-10-19,1698,ZEN,184,197333324.48018643
2025-10-19,30986,KMNO,185,194846458.59433347
2025-10-19,7431,AKT,186,193113137.64863104
2025-10-19,3822,TFUEL,187,190055408.6140685
2025-10-19,31278,DRIFT,188,192536312.7419505
2025-10-19,8119,SFP,189,191315514.2458441
2025-10-19,5034,KSM,190,187809682.4462282
2025-10-19,27659,MOG,191,182586878.63756222
2025-10-19,1455,GLM,192,178946567.40949538
2025-10-19,4120,PROM,193,178256079.12463912
2025-10-19,21585,SAFE,194,178000467.0761377
2025-10-19,30933,DOG,195,176778582.2521496
2025-10-19,24911,TURBO,196,174811277.327687
2025-10-19,36671,SAHARA,197,174575036.73319736
2025-10-19,10407,BabyDoge,198,171643881.81570002
2025-10-19,1896,ZRX,199,171040954.88485548
2025-10-19,30126,MEW,200,171381284.16782245
2025-10-26,1,BTC,1,2282630201684.861
2025-10-26,1027,ETH,2,501862043765.0272
2025-10-26,825,USDT,3,183175760766.83115
2025-10-26,52,XRP,4,158754447474.80725
2025-10-26,1839,BNB,5,158329020405.00198
2025-10-26,5426,SOL,6,109931487210.12581
2025-10-26,3408,USDC,7,76236239067.61415
2025-10-26,74,DOGE,8,31162496933.208397
2025-10-26,1958,TRX,9,28442767550.25651
2025-10-26,2010,ADA,10,24419130710.513176
2025-10-26,32196,HYPE,11,15928680535.619162
2025-10-26,1975,LINK,12,12572171202.259253
2025-10-26,1831,BCH,13,11143039771.391224
2025-10-26,512,XLM,14,10589107679.427599
2025-10-26,29470,USDe,15,10371298108.68402
2025-10-26,20947,SUI,16,9701387419.287357
2025-10-26,5805,AVAX,17,8888477026.567156
2025-10-26,3957,LEO,18,8264371866.7365265
2025-10-26,4642,HBAR,19,7640263344.137899
2025-10-26,2,LTC,20,7642205081.558284
2025-10-26,328,XMR,21,6422455791.376613
2025-10-26,5994,SHIB,22,6226057889.08601
2025-10-26,27075,MNT,23,5775716671.806884
2025-10-26,11419,TON,24,5611376141.363482
2025-10-26,3635,CRO,25,5541626791.008199
2025-10-26,1437,ZEC,26,5317149874.47667
2025-10-26,4943,DAI,27,5363375678.537357
2025-10-26,6636,DOT,28,5208672843.073914
2025-10-26,7083,UNI,29,4199646432.01138
2025-10-26,22974,TAO,30,4114769280.528401
2025-10-26,33251,WLFI,31,3680942591.5858645
2025-10-26,7278,AAVE,32,3672327419.150626
2025-10-26,30171,ENA,33,3643759238.721838
2025-10-26,3897,OKB,34,3574747453.985829
2025-10-26,11092,BGB,35,3352985311.7798643
2025-10-26,24478,PEPE,36,3083182636.162352
2025-10-26,6535,NEAR,37,3027452612.3833494
2025-10-26,36148,USD1,38,2937380041.857458
2025-10-26,27772,PYUSD,39,2775347798.277738
2025-10-26,21794,APT,40,2574549562.346464
2025-10-26,1321,ETC,41,2563892652.7562137
2025-10-26,21159,ONDO,42,2419392645.012325
2025-10-26,36341,ASTER,43,2314761996.7928762
2025-10-26,35491,M,44,2268513120.3191357
2025-10-26,13502,WLD,45,2131078854.4057631
2025-10-26,28321,POL,46,2129214384.408364
2025-10-26,35697,PI,47,1848356523.3820195
2025-10-26,11841,ARB,48,1844592213.7222211
2025-10-26,8916,ICP,49,1775987241.2647142
2025-10-26,2087,KCS,50,1774040486.1302257
2025-10-26,35626,IP,51,1758030904.3776333
2025-10-26,36507,PUMP,52,1678368653.7557557
2025-10-26,4030,ALGO,53,1681413600.4163208
2025-10-26,20396,KAS,54,1565371179.9587307
2025-10-26,3794,ATOM,55,1546085794.3122916
2025-10-26,3077,VET,56,1539192266.28666
2025-10-26,5176,XAUt,57,1542112286.0684059
2025-10-26,34466,PENGU,58,1402978326.1054351
2025-10-26,33038,SKY,59,1384555641.7169492
2025-10-26,29210,JUP,60,1377505379.4675798
2025-10-26,4705,PAXG,61,1348770418.5227423
2025-10-26,5690,RENDER,62,1335764623.8065648
2025-10-26,7950,FLR,63,1342110550.7827084
2025-10-26,23149,SEI,64,1294126707.8749425
2025-10-26,23095,BONK,65,1257630564.7531815
2025-10-26,35336,TRUMP,66,1255984465.1737287
2025-10-26,4269,GT,67,1245418467.4690387
2025-10-26,2280,FIL,68,1157339986.7772915
2025-10-26,10603,IMX,69,1098167907.8027287
2025-10-26,2634,XDC,70,1104771360.3528297
2025-10-26,28081,SPX,71,1046646746.1502964
2025-10-26,3155,QNT,72,1014883271.3556235
2025-10-26,29420,VIRTUAL,73,999337448.8704857
2025-10-26,26081,FDUSD,74,1002771365.2597766
2025-10-26,7186,CAKE,75,961875969.2917821
2025-10-26,7226,INJ,76,901912796.1043015
2025-10-26,34387,RLUSD,77,897682977.1116809
2025-10-26,22861,TIA,78,886859697.4082989
2025-10-26,11840,OP,79,881529945.4722564
2025-10-26,38515,2Z,80,871689382.0949086
2025-10-26,8000,LDO,81,868423853.0882167
2025-10-26,29270,AERO,82,856916923.734156
2025-10-26,4847,STX,83,848184097.0179104
2025-10-26,6538,CRV,84,814397173.5758947
2025-10-26,34104,MORPHO,85,739372666.7894869
2025-10-26,2694,NEXO,86,738315213.1634567
2025-10-26,10804,FLOKI,87,719256275.5541103
2025-10-26,6719,GRT,88,702485477.5609245
2025-10-26,36645,XPL,89,695024780.864728
2025-10-26,28177,PYTH,90,690105749.3575326
2025-10-26,36922,H,91,691934527.5333151
2025-10-26,32880,KAIA,92,683556510.1027367
2025-10-26,3773,FET,93,660998579.8047315
2025-10-26,2011,XTZ,94,653099444.7823205
2025-10-26,131,DASH,95,620478882.6807097
2025-10-26,1720,IOTA,96,617947753.9032898
2025-10-26,36410,MYX,97,617702945.16027
2025-10-26,13855,ENS,98,613171038.2104268
2025-10-26,7334,CFX,99,595025796.9193752
2025-10-26,29814,ETHFI,100,587499259.7842988
2025-10-26,9481,PENDLE,101,581799269.5972376
2025-10-26,3871,AB,102,578791444.3143773
2025-10-26,6210,SAND,103,572749750.5754725
2025-10-26,28752,WIF,104,567647120.6544771
2025-10-26,7326,DEXE,105,565830293.998427
2025-10-26,2416,THETA,106,563988875.6100172
2025-10-26,5964,TWT,107,545474842.2104069
2025-10-26,22691,STRK,108,543808207.854357
2025-10-26,8425,JASMY,109,537273405.6638013
2025-10-26,7080,GALA,110,530999639.49542534
2025-10-26,8526,RAY,111,507484686.66198623
2025-10-26,16086,BTT,112,509884218.25142276
2025-10-26,32684,S,113,503548839.0549934
2025-10-26,2563,TUSD,114,493217351.94916296
2025-10-26,1966,MANA,115,489093156.69563687
2025-10-26,36462,A,116,478013569.3056541
2025-10-26,33824,SYRUP,117,478037670.5698767
2025-10-26,30494,EIGEN,118,466794624.37578887
2025-10-26,3602,BSV,119,466981258.3505094
2025-10-26,30083,ATH,120,442895055.3414001
2025-10-26,19891,USDD,121,457611845.26376426
2025-10-26,4558,FLOW,122,456036310.0994693
2025-10-26,28541,JTO,123,452617878.2209276
2025-10-26,38482,FF,124,449836703.5219315
2025-10-26,10529,SUN,125,434356598.21754795
2025-10-26,30712,MERL,126,426526912.8938947
2025-10-26,35931,ZORA,127,415490388.073315
2025-10-26,2586,SNX,128,412352045.729656
2025-10-26,33597,FARTCOIN,129,413894670.523999
2025-10-26,9816,NFT,130,404066992.39466894
2025-10-26,2467,TRAC,131,400010971.4841674
2025-10-26,5665,HNT,132,392104225.43436325
2025-10-26,36119,WAL,133,384491212.37790245
2025-10-26,30636,ZBCN,134,379401388.3086469
2025-10-26,1376,NEO,135,377619027.6190263
2025-10-26,33391,DEEP,136,378732840.64184666
2025-10-26,5692,COMP,137,375325204.4623288
2025-10-26,38337,0G,138,375874298.1111533
2025-10-26,1659,GNO,139,369336400.0712067
2025-10-26,29587,W,140,364997470.67219484
2025-10-26,26997,ZRO,141,358170499.88825274
2025-10-26,3964,RSR,142,344276852.2333664
2025-10-26,7548,WEMIX,143,338835167.85798377
2025-10-26,4066,CHZ,144,336475681.3171145
2025-10-26,18876,APE,145,336017213.39384866
2025-10-26,5488,JST,146,335558246.0027601
2025-10-26,27750,TOSHI,147,332914910.5912903
2025-10-26,4157,RUNE,148,326241288.0692229
2025-10-26,18679,XCN,149,322479880.4933521
2025-10-26,10791,XEC,150,319330038.9548003
2025-10-26,36828,USELESS,151,310906166.9392687
2025-10-26,23635,FORM,152,303967979.7849146
2025-10-26,29743,BRETT,153,303069569.1990951
2025-10-26,4195,FTT,154,303366157.37375057
2025-10-26,1168,DCR,155,293923098.0858263
2025-10-26,35763,KAITO,156,292198972.3943174
2025-10-26,6892,EGLD,157,286182448.8304513
2025-10-26,20641,EURC,158,283721769.0630166
2025-10-26,28324,DYDX,159,280691897.38453656
2025-10-26,24091,ZK,160,277051988.38298434
2025-10-26,6783,AXS,161,273168475.02270484
2025-10-26,28298,BEAM,162,266034125.35685036
2025-10-26,4172,LUNC,163,264040214.84272957
2025-10-26,14101,RON,164,263501812.80774006
2025-10-26,5632,AR,165,262130869.4986941
2025-10-26,33280,CHEEMS,166,261427622.72012267
2025-10-26,8290,SUPER,167,259727302.3149441
2025-10-26,38353,MET,168,257882961.50632462
2025-10-26,1697,BAT,169,258374653.0422466
2025-10-26,8104,1INCH,170,257117487.66179314
2025-10-26,9104,AIOZ,171,254292094.74805802
2025-10-26,24647,BERA,172,246671980.21715668
2025-10-26,27657,LINEA,173,241054408.51384473
2025-10-26,23254,CORE,174,240284355.74519104
2025-10-26,3640,LPT,175,239271242.83372808
2025-10-26,7431,AKT,176,236130298.00097173
2025-10-26,1698,ZEN,177,234303108.01740903
2025-10-26,35364,PLUME,178,236884368.08673877
2025-10-26,5198,CTC,179,235919280.02369347
2025-10-26,9903,CVX,180,230871069.12722692
2025-10-26,4041,MX,181,225725041.24656492
2025-10-26,31526,MOCA,182,224840555.04109147
2025-10-26,1684,QTUM,183,217980412.96065885
2025-10-26,6945,AMP,184,216520543.34641716
2025-10-26,32452,MOVE,185,211964439.42154077
2025-10-26,25264,SNEK,186,211363396.4462883
2025-10-26,38299,AVNT,187,205269640.29815808
2025-10-26,17799,AXL,188,203993995.98820767
2025-10-26,30986,KMNO,189,199750465.81494853
2025-10-26,8119,SFP,190,197678500.27945024
2025-10-26,31278,DRIFT,191,193953457.797908
2025-10-26,3822,TFUEL,192,193005580.8152648
2025-10-26,36671,SAHARA,193,189603739.20076287
2025-10-26,27659,MOG,194,188289783.96319354
2025-10-26,36532,B,195,185921337.17687058
2025-10-26,1455,GLM,196,186294138.0150017
2025-10-26,5034,KSM,197,184568092.6232841
2025-10-26,30933,DOG,198,183945474.7152225
2025-10-26,10407,BabyDoge,199,178037059.03829473
2025-10-26,24911,TURBO,200,177181062.9781799
2025-11-02,1,BTC,1,2206559974790.949
2025-11-02,1027,ETH,2,472057079648.9527
2025-11-02,825,USDT,3,183465620165.1339
2025-11-02,52,XRP,4,152016825771.20602
2025-11-02,1839,BNB,5,149357347076.75415
2025-11-02,5426,SOL,6,103772821200.4065
2025-11-02,3408,USDC,7,75806718434.13264
2025-11-02,74,DOGE,8,28286764771.832676
2025-11-02,1958,TRX,9,28252380067.82179
2025-11-02,2010,ADA,10,21903770468.872673
2025-11-02,32196,HYPE,11,14315518419.627096
2025-11-02,1975,LINK,12,12263846298.193253
2025-11-02,1831,BCH,13,10717506979.766047
2025-11-02,512,XLM,14,9778149477.909357
2025-11-02,29470,USDe,15,9270996723.351618
2025-11-02,3957,LEO,16,8867974974.417467
2025-11-02,20947,SUI,17,8683153417.993355
2025-11-02,4642,HBAR,18,8277379302.921774
2025-11-02,5805,AVAX,19,8048372758.495921
2025-11-02,2,LTC,20,7610375892.976528
2025-11-02,1437,ZEC,21,6803677089.833766
2025-11-02,328,XMR,22,6405182056.737794
2025-11-02,5994,SHIB,23,5996403199.828435
2025-11-02,11419,TON,24,5828166164.708095
2025-11-02,4943,DAI,25,5365328278.351892
2025-11-02,3635,CRO,26,5270162270.97796
2025-11-02,22974,TAO,27,5011417436.548958
2025-11-02,6636,DOT,28,4869413648.205627
2025-11-02,27075,MNT,29,4659216694.0560055
2025-11-02,7083,UNI,30,3699611924.216795
2025-11-02,7278,AAVE,31,3530372360.658881
2025-11-02,33251,WLFI,32,3324786845.8742747
2025-11-02,11092,BGB,33,3155255390.3986454
2025-11-02,3897,OKB,34,2992418371.081643
2025-11-02,36148,USD1,35,2932490631.7767773
2025-11-02,24478,PEPE,36,2823333695.607508
2025-11-02,27772,PYUSD,37,2813329500.194167
2025-11-02,6535,NEAR,38,2808926512.593119
2025-11-02,30171,ENA,39,2689545669.947022
2025-11-02,1321,ETC,40,2525820963.0561543
2025-11-02,36341,ASTER,41,2486212172.0270553
2025-11-02,21794,APT,42,2432592158.810102
2025-11-02,35491,M,43,2425133253.7040253
2025-11-02,8916,ICP,44,2313414951.0369964
2025-11-02,21159,ONDO,45,2208852719.8119764
2025-11-02,35697,PI,46,2078453969.684585
2025-11-02,28321,POL,47,2030188841.0948994
2025-11-02,13502,WLD,48,1915870758.6101398
2025-11-02,2087,KCS,49,1743953866.719052
2025-11-02,11841,ARB,50,1697719928.7852771
2025-11-02,4030,ALGO,51,1570754816.342711
2025-11-02,36507,PUMP,52,1548926255.4251392
2025-11-02,5176,XAUt,53,1510014139.944333
2025-11-02,35336,TRUMP,54,1507578572.5252914
2025-11-02,3794,ATOM,55,1461814068.6848946
2025-11-02,3077,VET,56,1405243896.1227827
2025-11-02,20396,KAS,57,1402179774.8893335
2025-11-02,35626,IP,58,1396216069.6936657
2025-11-02,4705,PAXG,59,1324709881.3437805
2025-11-02,33038,SKY,60,1307573056.9340172
2025-11-02,29210,JUP,61,1307185658.1957579
2025-11-02,7950,FLR,62,1254324099.9149258
2025-11-02,23149,SEI,63,1217512592.387024
2025-11-02,5690,RENDER,64,1189918527.5558348
2025-11-02,23095,BONK,65,1176014002.4201994
2025-11-02,2280,FIL,66,1176000021.9947193
2025-11-02,34466,PENGU,67,1123698812.5538895
2025-11-02,131,DASH,68,1120966393.3377028
2025-11-02,29420,VIRTUAL,69,1094006365.0757189
2025-11-02,4269,GT,70,1057064712.5687474
2025-11-02,2634,XDC,71,1033898455.0369316
2025-11-02,26081,FDUSD,72,1024532453.5376358
2025-11-02,10603,IMX,73,1014803262.2730107
2025-11-02,3155,QNT,74,964633158.236927
2025-11-02,29270,AERO,75,908847005.5980797
2025-11-02,34387,RLUSD,76,899049090.6548088
2025-11-02,7186,CAKE,77,849275961.0278513
2025-11-02,28081,SPX,78,815483989.2086124
2025-11-02,22861,TIA,79,805470597.6423391
2025-11-02,11840,OP,80,799209534.0423279
2025-11-02,8000,LDO,81,790518086.7610341
2025-11-02,7226,INJ,82,785308246.2863309
2025-11-02,4847,STX,83,769749017.0587327
2025-11-02,34104,MORPHO,84,738532315.1737514
2025-11-02,2694,NEXO,85,729916216.5508878
2025-11-02,6719,GRT,86,689316465.3360045
2025-11-02,6538,CRV,87,674982903.5606374
2025-11-02,10804,FLOKI,88,668476402.0394496
2025-11-02,32880,KAIA,89,642222932.3397546
2025-11-02,28177,PYTH,90,627498177.4558506
2025-11-02,2011,XTZ,91,617466162.0099465
2025-11-02,7326,DEXE,92,610993151.5587655
2025-11-02,38515,2Z,93,604553241.9634372
2025-11-02,36922,H,94,591272183.579157
2025-11-02,1720,IOTA,95,585294631.2437669
2025-11-02,3773,FET,96,581797121.7286092
2025-11-02,13855,ENS,97,569995576.4208153
2025-11-02,29814,ETHFI,98,563876114.6043055
2025-11-02,28752,WIF,99,544851638.3651705
2025-11-02,22691,STRK,100,544360780.8196094
2025-11-02,6210,SAND,101,543872224.7655208
2025-11-02,5964,TWT,102,536154837.6159126
2025-11-02,7334,CFX,103,531028823.64560044
2025-11-02,9481,PENDLE,104,515856769.97482723
2025-11-02,3871,AB,105,509176362.6528498
2025-11-02,33824,SYRUP,106,503496809.82547945
2025-11-02,8425,JASMY,107,501843130.8533545
2025-11-02,2416,THETA,108,499756196.86818737
2025-11-02,24091,ZK,109,499620151.9052467
2025-11-02,2563,TUSD,110,492984894.79708326
2025-11-02,7080,GALA,111,488213590.7093894
2025-11-02,36645,XPL,112,480044090.58744484
2025-11-02,16086,BTT,113,473847130.3316649
2025-11-02,1966,MANA,114,459499814.8664054
2025-11-02,5665,HNT,115,450418041.145933
2025-11-02,3602,BSV,116,446672841.70182055
2025-11-02,8526,RAY,117,445151043.6590363
2025-11-02,36410,MYX,118,444812722.72926223
2025-11-02,36462,A,119,436618215.17748183
2025-11-02,4558,FLOW,120,434632259.2352793
2025-11-02,19891,USDD,121,432669086.9398164
2025-11-02,10529,SUN,122,427865481.97561336
2025-11-02,30083,ATH,123,413654703.3567173
2025-11-02,32684,S,124,404917923.8010536
2025-11-02,9816,NFT,125,403810084.955769
2025-11-02,30494,EIGEN,126,381862625.4974278
2025-11-02,28541,JTO,127,380929495.1907289
2025-11-02,1376,NEO,128,372707773.2500233
2025-11-02,2586,SNX,129,364224461.2410941
2025-11-02,1659,GNO,130,353372560.84754896
2025-11-02,36119,WAL,131,351574902.77149314
2025-11-02,5488,JST,132,346858661.77494854
2025-11-02,5692,COMP,133,345355884.9592409
2025-11-02,33597,FARTCOIN,134,338982598.64268947
2025-11-02,26997,ZRO,135,336922365.5156608
2025-11-02,3964,RSR,136,335400588.53056675
2025-11-02,30636,ZBCN,137,333559948.96347094
2025-11-02,30712,MERL,138,330837708.16915184
2025-11-02,29587,W,139,322782029.99824524
2025-11-02,4066,CHZ,140,321969247.6157491
2025-11-02,1168,DCR,141,313767722.152225
2025-11-02,33391,DEEP,142,310531737.68399405
2025-11-02,18876,APE,143,310099593.2556845
2025-11-02,1698,ZEN,144,307317470.2999048
2025-11-02,35931,ZORA,145,303424411.85131216
2025-11-02,4157,RUNE,146,303325605.0583854
2025-11-02,1697,BAT,147,301930778.6040842
2025-11-02,10791,XEC,148,297486444.7714588
2025-11-02,4195,FTT,149,291629432.1990054
2025-11-02,27750,TOSHI,150,289482966.6513633
2025-11-02,18679,XCN,151,289298589.9703942
2025-11-02,2467,TRAC,152,284487440.4946501
2025-11-02,38482,FF,153,282806739.9928203
2025-11-02,6892,EGLD,154,281242993.55846435
2025-11-02,5632,AR,155,277472899.00624853
2025-11-02,20641,EURC,156,275160391.19265485
2025-11-02,7548,WEMIX,157,274432374.6451759
2025-11-02,29743,BRETT,158,270604961.3461457
2025-11-02,3640,LPT,159,263005360.7495801
2025-11-02,33280,CHEEMS,160,258409309.96240172
2025-11-02,28324,DYDX,161,257137240.88571477
2025-11-02,6783,AXS,162,245413006.80193654
2025-11-02,28298,BEAM,163,245273391.1981591
2025-11-02,35763,KAITO,164,242734121.00345817
2025-11-02,14101,RON,165,242475093.538672
2025-11-02,8104,1INCH,166,241891201.40181231
2025-11-02,31526,MOCA,167,238377137.12199003
2025-11-02,24647,BERA,168,237772121.13040987
2025-11-02,8290,SUPER,169,237409853.82319736
2025-11-02,4172,LUNC,170,237121705.4383699
2025-11-02,5198,CTC,171,237027712.81770346
2025-11-02,23254,CORE,172,236304494.5044885
2025-11-02,36828,USELESS,173,224032509.8132173
2025-11-02,9104,AIOZ,174,218225185.2209309
2025-11-02,27657,LINEA,175,216300286.82421336
2025-11-02,9903,CVX,176,214662216.70436123
2025-11-02,6945,AMP,177,211068756.87054524
2025-11-02,38337,0G,178,208564305.21231815
2025-11-02,35364,PLUME,179,204566548.8308591
2025-11-02,1684,QTUM,180,201674098.41952556
2025-11-02,23635,FORM,181,201167783.26876324
2025-11-02,7431,AKT,182,200118371.8707802
2025-11-02,4120,PROM,183,198720531.32671374
2025-11-02,4041,MX,184,196911127.78482658
2025-11-02,17799,AXL,185,193763277.30839232
2025-11-02,32452,MOVE,186,193352360.6891083
2025-11-02,38353,MET,187,193275256.50843552
2025-11-02,30986,KMNO,188,189973018.52840325
2025-11-02,5034,KSM,189,189873265.16871616
2025-11-02,1455,GLM,190,185580385.55230126
2025-11-02,8646,MINA,191,182147605.36309615
2025-11-02,36532,B,192,181139352.7601796
2025-11-02,36671,SAHARA,193,179416907.7762585
2025-11-02,8119,SFP,194,177804837.0019156
2025-11-02,3822,TFUEL,195,177636785.0841854
2025-11-02,14280,EUL,196,176229738.9940023
2025-11-02,27659,MOG,197,172079258.28823873
2025-11-02,25264,SNEK,198,170671956.04284126
2025-11-02,1896,ZRX,199,168959780.64776254
2025-11-02,1785,GAS,200,165505081.93889266
2025-11-09,1,BTC,1,2088790591396.249
2025-11-09,1027,ETH,2,432410255530.0266
2025-11-09,825,USDT,3,183476909835.62735
2025-11-09,52,XRP,4,142313221285.9338
2025-11-09,1839,BNB,5,137266229797.27206
2025-11-09,5426,SOL,6,91040230026.78935
2025-11-09,3408,USDC,7,75781195228.69081
2025-11-09,1958,TRX,8,27532786876.889984
2025-11-09,74,DOGE,9,27195234844.825924
2025-11-09,2010,ADA,10,20753499616.85411
2025-11-09,32196,HYPE,11,14048353267.61375
2025-11-09,1975,LINK,12,11099402370.440182
2025-11-09,1831,BCH,13,10041740293.014004
2025-11-09,1437,ZEC,14,10012212265.726295
2025-11-09,512,XLM,15,9171472247.242405
2025-11-09,3957,LEO,16,8473791876.391423
2025-11-09,29470,USDe,17,8454459282.829074
2025-11-09,2,LTC,18,8428059052.062283
2025-11-09,20947,SUI,19,7890783007.707131
2025-11-09,328,XMR,20,7673854049.492922
2025-11-09,5805,AVAX,21,7591902313.600704
2025-11-09,4642,HBAR,22,7501196984.394015
2025-11-09,5994,SHIB,23,5889477511.931507
2025-11-09,4943,DAI,24,5365557235.489957
2025-11-09,6636,DOT,25,5283122266.972321
2025-11-09,11419,TON,26,5247412191.950385
2025-11-09,3635,CRO,27,4615118260.502746
2025-11-09,27075,MNT,28,4340435199.694894
2025-11-09,7083,UNI,29,4139719975.3589506
2025-11-09,8916,ICP,30,4095613107.7133646
2025-11-09,6535,NEAR,31,3923380955.062098
2025-11-09,22974,TAO,32,3921725048.3772726
2025-11-09,7278,AAVE,33,3239807342.244792
2025-11-09,33251,WLFI,34,3108247573.032143
2025-11-09,11092,BGB,35,2851204204.6302624
2025-11-09,36148,USD1,36,2849328891.416941
2025-11-09,27772,PYUSD,37,2816295440.0166073
2025-11-09,3897,OKB,38,2652233840.736231
2025-11-09,24478,PEPE,39,2554117903.328395
2025-11-09,1321,ETC,40,2492365712.979244
2025-11-09,35491,M,41,2487483196.365101
2025-11-09,30171,ENA,42,2427822469.089869
2025-11-09,21794,APT,43,2333742931.1203556
2025-11-09,36341,ASTER,44,2223071983.8187485
2025-11-09,21159,ONDO,45,2119774715.7566495
2025-11-09,2280,FIL,46,1962697627.3029
2025-11-09,28321,POL,47,1897507901.8239794
2025-11-09,35697,PI,48,1882657157.4323852
2025-11-09,13502,WLD,49,1854867749.1103532
2025-11-09,2087,KCS,50,1744168045.8557584
2025-11-09,11841,ARB,51,1648896347.7788374
2025-11-09,4030,ALGO,52,1562723336.0005946
2025-11-09,35336,TRUMP,53,1539992294.4638462
2025-11-09,5176,XAUt,54,1517827110.7821004
2025-11-09,3077,VET,55,1475141928.63612
2025-11-09,36507,PUMP,56,1458333584.4490101
2025-11-09,3794,ATOM,57,1416817523.95255
2025-11-09,20396,KAS,58,1392936753.3171144
2025-11-09,4705,PAXG,59,1332537831.535413
2025-11-09,7950,FLR,60,1252825185.4243264
2025-11-09,33038,SKY,61,1250568044.8949864
2025-11-09,5690,RENDER,62,1247784747.3437378
2025-11-09,35626,IP,63,1229557727.4377391
2025-11-09,29210,JUP,64,1136379401.3007364
2025-11-09,23149,SEI,65,1135626596.9572833
2025-11-09,23095,BONK,66,1063572190.3224708
2025-11-09,2634,XDC,67,1037654353.7991959
2025-11-09,34387,RLUSD,68,1027577165.499267
2025-11-09,131,DASH,69,1020564753.8015184
2025-11-09,3155,QNT,70,1007767857.5863923
2025-11-09,29270,AERO,71,986542613.7637887
2025-11-09,26081,FDUSD,72,984066299.8416673
2025-11-09,4269,GT,73,979575784.4382511
2025-11-09,34466,PENGU,74,960135851.7491276
2025-11-09,29420,VIRTUAL,75,957860206.4202178
2025-11-09,10603,IMX,76,879730973.8550367
2025-11-09,7186,CAKE,77,873906343.8766123
2025-11-09,22861,TIA,78,852738258.634134
2025-11-09,3773,FET,79,826766068.4323692
2025-11-09,11840,OP,80,812391864.1154578
2025-11-09,4847,STX,81,764565417.1939207
2025-11-09,7226,INJ,82,758795673.0424023
2025-11-09,8000,LDO,83,749455774.828475
2025-11-09,2694,NEXO,84,710024583.5634866
2025-11-09,34104,MORPHO,85,703287814.3110772
2025-11-09,6719,GRT,86,702468993.4736189
2025-11-09,38515,2Z,87,685842808.4692792
2025-11-09,36542,SOON,88,682527742.7403082
2025-11-09,6538,CRV,89,677332803.0880009
2025-11-09,22691,STRK,90,673559012.1842897
2025-11-09,2011,XTZ,91,668077224.8391441
2025-11-09,28081,SPX,92,661548591.3621049
2025-11-09,32880,KAIA,93,621674492.6062317
2025-11-09,1168,DCR,94,620776534.7997495
2025-11-09,28177,PYTH,95,606619000.7792948
2025-11-09,10804,FLOKI,96,603429916.0838588
2025-11-09,1720,IOTA,97,583187989.3659226
2025-11-09,36645,XPL,98,571938919.2531471
2025-11-09,29814,ETHFI,99,561676841.866057
2025-11-09,5964,TWT,100,547711589.1668036
2025-11-09,7326,DEXE,101,543151182.8847709
2025-11-09,6210,SAND,102,538107939.5014431
2025-11-09,33824,SYRUP,103,535825592.7920277
2025-11-09,13855,ENS,104,530692239.1048564
2025-11-09,7334,CFX,105,509762663.94173527
2025-11-09,36410,MYX,106,499823162.28240573
2025-11-09,3602,BSV,107,499699567.23835045
2025-11-09,8425,JASMY,108,499447348.932841
2025-11-09,2563,TUSD,109,492615512.5786144
2025-11-09,2416,THETA,110,484448086.4372049
2025-11-09,28752,WIF,111,479781255.41032267
2025-11-09,24091,ZK,112,478402058.454387
2025-11-09,3871,AB,113,475437142.5909245
2025-11-09,7080,GALA,114,474527437.08838165
2025-11-09,9481,PENDLE,115,472097664.450777
2025-11-09,16086,BTT,116,470116114.51092744
2025-11-09,36462,A,117,465494023.72540104
2025-11-09,1966,MANA,118,460550339.5722011
2025-11-09,4558,FLOW,119,454916481.473973
2025-11-09,5665,HNT,120,452040395.2340323
2025-11-09,32684,S,121,443462514.28101754
2025-11-09,10529,SUN,122,429179489.1810807
2025-11-09,19891,USDD,123,412060154.6710164
2025-11-09,8526,RAY,124,402109675.56120634
2025-11-09,9816,NFT,125,400109581.80817056
2025-11-09,36922,H,126,396740861.6216035
2025-11-09,30712,MERL,127,383261852.05434686
2025-11-09,1376,NEO,128,382218564.2374587
2025-11-09,5632,AR,129,378948220.3556409
2025-11-09,30494,EIGEN,130,378813444.1783586
2025-11-09,30083,ATH,131,365179987.4864337
2025-11-09,38337,0G,132,358098820.9007244
2025-11-09,26997,ZRO,133,349215681.18153566
2025-11-09,4066,CHZ,134,342537816.8912222
2025-11-09,5488,JST,135,338741074.8873694
2025-11-09,36119,WAL,136,335970640.1714016
2025-11-09,5692,COMP,137,333453457.6708257
2025-11-09,1659,GNO,138,331946086.319821
2025-11-09,2467,TRAC,139,325847385.81031555
2025-11-09,33597,FARTCOIN,140,322828588.2928846
2025-11-09,29587,W,141,317301705.22081417
2025-11-09,1697,BAT,142,316459840.10383004
2025-11-09,8104,1INCH,143,313391060.9031063
2025-11-09,28541,JTO,144,312991031.71710426
2025-11-09,38482,FF,145,309360675.77974945
2025-11-09,10791,XEC,146,298468761.94250655
2025-11-09,2586,SNX,147,296847382.3759368
2025-11-09,18876,APE,148,296661370.9206698
2025-11-09,33391,DEEP,149,296026149.92527753
2025-11-09,30636,ZBCN,150,294023482.4468839
2025-11-09,6892,EGLD,151,289937443.6369874
2025-11-09,4157,RUNE,152,289151872.114228
2025-11-09,3964,RSR,153,287265271.18457335
2025-11-09,35931,ZORA,154,279657567.47420114
2025-11-09,20641,EURC,155,277006064.4119488
2025-11-09,1698,ZEN,156,270122359.98250943
2025-11-09,4195,FTT,157,261639153.33642408
2025-11-09,28324,DYDX,158,261226693.0659226
2025-11-09,7548,WEMIX,159,249319652.12116227
2025-11-09,3640,LPT,160,248042081.7232936
2025-11-09,18679,XCN,161,244300794.78695562
2025-11-09,6783,AXS,162,240620238.7413433
2025-11-09,29743,BRETT,163,234716004.95844644
2025-11-09,33280,CHEEMS,164,231603958.096714
2025-11-09,27750,TOSHI,165,222164509.69679025
2025-11-09,23254,CORE,166,219517655.77065882
2025-11-09,24647,BERA,167,219493394.51626402
2025-11-09,14101,RON,168,218764985.7198748
2025-11-09,28298,BEAM,169,218566899.5769448
2025-11-09,5198,CTC,170,217286845.15431467
2025-11-09,35763,KAITO,171,214885317.10326496
2025-11-09,36828,USELESS,172,213421619.47060916
2025-11-09,5034,KSM,173,211391053.4057236
2025-11-09,6945,AMP,174,211247051.34375483
2025-11-09,1455,GLM,175,211210581.46260852
2025-11-09,9104,AIOZ,176,207241365.7926351
2025-11-09,4172,LUNC,177,205241781.32297638
2025-11-09,8290,SUPER,178,204254862.72959507
2025-11-09,1684,QTUM,179,204097124.15024602
2025-11-09,9903,CVX,180,202028816.45395496
2025-11-09,4041,MX,181,201009506.84194908
2025-11-09,30986,KMNO,182,200789152.92723522
2025-11-09,8646,MINA,183,198167040.80339122
2025-11-09,27657,LINEA,184,194252162.98686293
2025-11-09,36671,SAHARA,185,186838820.51641387
2025-11-09,17799,AXL,186,183264671.08448425
2025-11-09,38408,BARD,187,182088862.7655952
2025-11-09,7431,AKT,188,181988839.7915596
2025-11-09,8119,SFP,189,180368459.0105486
2025-11-09,1896,ZRX,190,179077549.68933967
2025-11-09,23635,FORM,191,177869266.77570656
2025-11-09,32452,MOVE,192,174033673.16421095
2025-11-09,4846,KAVA,193,170512738.12521222
2025-11-09,5864,YFI,194,170124349.40343824
2025-11-09,7653,ROSE,195,170030833.54747468
2025-11-09,3822,TFUEL,196,169971603.67066
2025-11-09,2577,RVN,197,169508897.09964848
2025-11-09,38353,MET,198,168365725.57989156
2025-11-09,4120,PROM,199,164895126.48637062
2025-11-09,31526,MOCA,200,163748936.96981987
2025-11-16,1,BTC,1,1878720753529.1897
2025-11-16,1027,ETH,2,373295065117.32526
2025-11-16,825,USDT,3,183904667230.54752
2025-11-16,52,XRP,4,133393334681.62743
2025-11-16,1839,BNB,5,127717668629.5504
2025-11-16,5426,SOL,6,76071474097.68506
2025-11-16,3408,USDC,7,74850621684.94919
2025-11-16,1958,TRX,8,27664573576.17622
2025-11-16,74,DOGE,9,24085262080.455482
2025-11-16,2010,ADA,10,17395140569.172585
2025-11-16,32196,HYPE,11,12995392270.060944
2025-11-16,1437,ZEC,12,11394804677.884293
2025-11-16,1831,BCH,13,9651249840.50871
2025-11-16,1975,LINK,14,9576090865.483341
2025-11-16,3957,LEO,15,8455593415.981712
2025-11-16,512,XLM,16,8165368935.738553
2025-11-16,29470,USDe,17,7944744210.861989
2025-11-16,328,XMR,18,7491372497.277127
2025-11-16,2,LTC,19,7338693581.471289
2025-11-16,5805,AVAX,20,6499668367.851914
2025-11-16,4642,HBAR,21,6229755738.6882
2025-11-16,20947,SUI,22,6184927221.513875
2025-11-16,4943,DAI,23,5363750988.192175
2025-11-16,5994,SHIB,24,5246030657.850214
2025-11-16,6636,DOT,25,4560872444.452412
2025-11-16,11419,TON,26,4534913863.548416
2025-11-16,7083,UNI,27,4528136174.361452
2025-11-16,3635,CRO,28,4085263385.074102
2025-11-16,37263,CC,29,3921818538.098885
2025-11-16,27075,MNT,30,3881380522.3964276
2025-11-16,33251,WLFI,31,3479956482.649689
2025-11-16,27772,PYUSD,32,3440553040.999972
2025-11-16,22974,TAO,33,3308072353.6526628
2025-11-16,6535,NEAR,34,2929879524.7372885
2025-11-16,36148,USD1,35,2773146183.732139
2025-11-16,7278,AAVE,36,2642536864.774892
2025-11-16,11092,BGB,37,2633176037.8246856
2025-11-16,8916,ICP,38,2586635582.588875
2025-11-16,36341,ASTER,39,2551266331.0483437
2025-11-16,3897,OKB,40,2390383256.6340117
2025-11-16,1321,ETC,41,2283835031.2973123
2025-11-16,35491,M,42,2230096887.5332065
2025-11-16,21794,APT,43,2073692669.244232
2025-11-16,24478,PEPE,44,2049474000.4963984
2025-11-16,30171,ENA,45,2032417636.3679914
2025-11-16,35697,PI,46,1882901312.9966686
2025-11-16,21159,ONDO,47,1762697190.3358705
2025-11-16,28321,POL,48,1583683575.2946332
2025-11-16,2087,KCS,49,1564682317.4267914
2025-11-16,13502,WLD,50,1564621247.2191045
2025-11-16,5176,XAUt,51,1548891682.8209367
2025-11-16,35336,TRUMP,52,1412016666.8509393
2025-11-16,2280,FIL,53,1405300482.6709266
2025-11-16,4030,ALGO,54,1398191722.1383753
2025-11-16,4705,PAXG,55,1363497389.174294
2025-11-16,3794,ATOM,56,1323174864.4044166
2025-11-16,11841,ARB,57,1299376325.1257374
2025-11-16,3077,VET,58,1295240861.6501071
2025-11-16,36507,PUMP,59,1210220906.654564
2025-11-16,20396,KAS,60,1172682442.6508112
2025-11-16,33038,SKY,61,1144096332.222485
2025-11-16,33793,USDG,62,1126173627.3524923
2025-11-16,7950,FLR,63,1108066952.1113803
2025-11-16,131,DASH,64,1066531921.0573342
2025-11-16,5690,RENDER,65,1045012605.3011304
2025-11-16,34387,RLUSD,66,1027462833.4377543
2025-11-16,23149,SEI,67,990515967.5490458
2025-11-16,22691,STRK,68,990432955.8809092
2025-11-16,3155,QNT,69,987480215.067599
2025-11-16,35626,IP,70,975431549.4627175
2025-11-16,26081,FDUSD,71,968540087.2628332
2025-11-16,2634,XDC,72,942519120.5907387
2025-11-16,29210,JUP,73,888079128.3195099
2025-11-16,4269,GT,74,881418587.3933935
2025-11-16,23095,BONK,75,871856889.8796794
2025-11-16,7186,CAKE,76,799080080.6192538
2025-11-16,34466,PENGU,77,784995397.7995517
2025-11-16,29270,AERO,78,738297950.3478158
2025-11-16,10603,IMX,79,732652767.1726688
2025-11-16,11840,OP,80,726914982.2965268
2025-11-16,29420,VIRTUAL,81,725861183.8539531
2025-11-16,34104,MORPHO,82,715390725.2257093
2025-11-16,22861,TIA,83,692079875.3045048
2025-11-16,8000,LDO,84,651319501.713114
2025-11-16,7226,INJ,85,649386101.4833945
2025-11-16,3773,FET,86,645563943.7553858
2025-11-16,2694,NEXO,87,638274670.1751553
2025-11-16,4847,STX,88,630273480.9323397
2025-11-16,1168,DCR,89,624697237.4338585
2025-11-16,3871,AB,90,602247585.0423331
2025-11-16,6538,CRV,91,594927731.2876287
2025-11-16,6719,GRT,92,592446212.3690907
2025-11-16,2011,XTZ,93,587745632.20506
2025-11-16,36542,SOON,94,579972615.8450917
2025-11-16,36410,MYX,95,578538169.4370666
2025-11-16,2394,TEL,96,571952503.3478417
2025-11-16,29814,ETHFI,97,542827691.0726231
2025-11-16,32880,KAIA,98,537866347.551656
2025-11-16,1720,IOTA,99,533943430.55799407
2025-11-16,38515,2Z,100,513974996.00546974
2025-11-16,10804,FLOKI,101,511881790.5784904
2025-11-16,28177,PYTH,102,507202692.5629286
2025-11-16,33824,SYRUP,103,502710709.76580834
2025-11-16,2563,TUSD,104,492394507.2926055
2025-11-16,5964,TWT,105,484322202.3708132
2025-11-16,13855,ENS,106,473200252.33753514
2025-11-16,6210,SAND,107,469858589.58993524
2025-11-16,7326,DEXE,108,456838623.49957514
2025-11-16,28081,SPX,109,455652942.09466165
2025-11-16,24091,ZK,110,449760928.74498075
2025-11-16,3602,BSV,111,447351418.43399286
2025-11-16,5665,HNT,112,444101078.7265282
2025-11-16,19891,USDD,113,443585731.75098276
2025-11-16,7334,CFX,114,443135681.0576561
2025-11-16,16086,BTT,115,428987303.9555948
2025-11-16,10529,SUN,116,423139061.0692817
2025-11-16,4558,FLOW,117,416582491.5212135
2025-11-16,36645,XPL,118,413709990.59914356
2025-11-16,8425,JASMY,119,413117460.39264774
2025-11-16,28752,WIF,120,409583005.51664245
2025-11-16,2416,THETA,121,404138747.0469021
2025-11-16,9481,PENDLE,122,402738581.5505917
2025-11-16,7080,GALA,123,400122405.56594974
2025-11-16,9816,NFT,124,392799001.9057006
2025-11-16,1966,MANA,125,391881462.2122928
2025-11-16,36462,A,126,386158664.55645776
2025-11-16,30712,MERL,127,380056626.75126946
2025-11-16,32684,S,128,362467414.70059794
2025-11-16,5488,JST,129,358581947.017612
2025-11-16,26997,ZRO,130,343645282.6517728
2025-11-16,8526,RAY,131,340001246.41629297
2025-11-16,36922,H,132,332522349.4339094
2025-11-16,1376,NEO,133,329016019.51765895
2025-11-16,1659,GNO,134,327648182.0418438
2025-11-16,30083,ATH,135,323371123.715229
2025-11-16,4066,CHZ,136,309466541.05510235
2025-11-16,5692,COMP,137,308397613.8844702
2025-11-16,20641,EURC,138,304679023.72415984
2025-11-16,38482,FF,139,299415392.74170005
2025-11-16,30494,EIGEN,140,297327825.3213835
2025-11-16,36119,WAL,141,290311103.3889046
2025-11-16,5632,AR,142,286002596.15758014
2025-11-16,30636,ZBCN,143,273431453.41526055
2025-11-16,37322,VSN,144,271058551.21983683
2025-11-16,10508,FLUID,145,268397311.6815223
2025-11-16,2467,TRAC,146,266403256.84612352
2025-11-16,38337,0G,147,266139556.42046666
2025-11-16,8104,1INCH,148,261413923.90282294
2025-11-16,27077,WTHETA,149,260435005.3412075
2025-11-16,1697,BAT,150,260166726.71213213
2025-11-16,18876,APE,151,259235664.65095076
2025-11-16,29587,W,152,258406780.86367553
2025-11-16,10791,XEC,153,255635594.0645317
2025-11-16,4157,RUNE,154,252308921.47294793
2025-11-16,7548,WEMIX,155,244179186.7233966
2025-11-16,33391,DEEP,156,244020374.94218054
2025-11-16,33597,FARTCOIN,157,243392502.63874754
2025-11-16,6892,EGLD,158,242416638.653864
2025-11-16,2586,SNX,159,239467087.88658524
2025-11-16,28324,DYDX,160,230826710.6393002
2025-11-16,28541,JTO,161,230758573.94956818
2025-11-16,33280,CHEEMS,162,230122219.14360052
2025-11-16,35931,ZORA,163,227418623.09585845
2025-11-16,1698,ZEN,164,226630710.40341884
2025-11-16,3964,RSR,165,222764662.5719235
2025-11-16,4195,FTT,166,220859885.15242434
2025-11-16,1455,GLM,167,218808096.68003455
2025-11-16,3640,LPT,168,209128200.4679818
2025-11-16,18679,XCN,169,207885056.78884652
2025-11-16,38353,MET,170,207520575.96485642
2025-11-16,6783,AXS,171,206578546.90628824
2025-11-16,6945,AMP,172,200772328.79543725
2025-11-16,4041,MX,173,199478852.19946066
2025-11-16,36671,SAHARA,174,188146049.34962422
2025-11-16,28298,BEAM,175,183238106.73560047
2025-11-16,1684,QTUM,176,181724116.3214371
2025-11-16,9903,CVX,177,180924120.20911103
2025-11-16,35763,KAITO,178,178218791.29085198
2025-11-16,24647,BERA,179,177936124.4352719
2025-11-16,8119,SFP,180,177743425.33629555
2025-11-16,14101,RON,181,176226780.52316082
2025-11-16,27750,TOSHI,182,175504008.7061391
2025-11-16,4172,LUNC,183,173488894.65331712
2025-11-16,30986,KMNO,184,173398849.93111214
2025-11-16,23254,CORE,185,173260869.20003378
2025-11-16,5198,CTC,186,171668811.72182545
2025-11-16,5034,KSM,187,171470426.27657074
2025-11-16,38408,BARD,188,168144253.97850809
2025-11-16,36532,B,189,167954566.3343466
2025-11-16,29743,BRETT,190,167489412.42691487
2025-11-16,4120,PROM,191,167184942.243099
2025-11-16,9104,AIOZ,192,163903734.7204582
2025-11-16,8646,MINA,193,163574371.63796073
2025-11-16,27657,LINEA,194,160948440.74863765
2025-11-16,8290,SUPER,195,158202199.91485736
2025-11-16,7431,AKT,196,156457707.61736542
2025-11-16,38828,KITE,197,155588728.0670514
2025-11-16,5864,YFI,198,155363238.2029369
2025-11-16,1896,ZRX,199,150977967.0250754
2025-11-16,1785,GAS,200,150824574.8231216
2025-11-23,1,BTC,1,1731988815913.5574
2025-11-23,1027,ETH,2,338150115887.77795
2025-11-23,825,USDT,3,184435882942.11417
2025-11-23,52,XRP,4,123301552967.25352
2025-11-23,1839,BNB,5,116142929274.39812
2025-11-23,3408,USDC,6,74092991993.05261
2025-11-23,5426,SOL,7,73082308518.48698
2025-11-23,1958,TRX,8,26043062386.7177
2025-11-23,74,DOGE,9,21999646036.835575
2025-11-23,2010,ADA,10,14662723434.601686
2025-11-23,1831,BCH,11,10762389109.03651
2025-11-23,32196,HYPE,12,10706111849.823545
2025-11-23,1437,ZEC,13,9338985728.289656
2025-11-23,1975,LINK,14,8716965391.25679
2025-11-23,3957,LEO,15,8703887446.328663
2025-11-23,512,XLM,16,7971222539.974054
2025-11-23,29470,USDe,17,7388195164.192392
2025-11-23,328,XMR,18,7183165778.016126
2025-11-23,2,LTC,19,6352238885.951693
2025-11-23,4642,HBAR,20,6292595896.7077
2025-11-23,5805,AVAX,21,5694366775.620504
2025-11-23,4943,DAI,22,5364026932.0414505
2025-11-23,20947,SUI,23,5032347053.922451
2025-11-23,5994,SHIB,24,4628905910.94352
2025-11-23,3635,CRO,25,3964496179.5871296
2025-11-23,7083,UNI,26,3864691732.3905754
2025-11-23,33251,WLFI,27,3746615954.487383
2025-11-23,6636,DOT,28,3695792531.8222055
2025-11-23,11419,TON,29,3657328192.2263536
2025-11-23,27772,PYUSD,30,3633420706.0494766
2025-11-23,27075,MNT,31,3303671828.5716352
2025-11-23,22974,TAO,32,3079659211.7010126
2025-11-23,37263,CC,33,2804992022.577866
2025-11-23,36148,USD1,34,2669258240.40084
2025-11-23,36341,ASTER,35,2648739064.3314557
2025-11-23,7278,AAVE,36,2552711611.071566
2025-11-23,11092,BGB,37,2484214591.7741475
2025-11-23,6535,NEAR,38,2331819820.480634
2025-11-23,8916,ICP,39,2190091378.238376
2025-11-23,3897,OKB,40,2172022523.4786353
2025-11-23,1321,ETC,41,2093707104.8893528
2025-11-23,35697,PI,42,2005010659.74697
2025-11-23,35491,M,43,1998766800.2729669
2025-11-23,30171,ENA,44,1757237023.9518957
2025-11-23,24478,PEPE,45,1749727839.7165236
2025-11-23,21794,APT,46,1715504081.6242652
2025-11-23,5176,XAUt,47,1531962717.8727267
2025-11-23,21159,ONDO,48,1500036162.1942208
2025-11-23,2087,KCS,49,1482548430.4623563
2025-11-23,13502,WLD,50,1422928081.4095302
2025-11-23,28321,POL,51,1408689171.6630037
2025-11-23,4705,PAXG,52,1356631627.5406723
2025-11-23,4030,ALGO,53,1263552661.6743274
2025-11-23,35336,TRUMP,54,1251896363.3164206
2025-11-23,3794,ATOM,55,1194410844.3496978
2025-11-23,2280,FIL,56,1159466506.3830714
2025-11-23,33793,USDG,57,1156160317.765892
2025-11-23,11841,ARB,58,1127584913.3358476
2025-11-23,3077,VET,59,1112518417.435855
2025-11-23,20396,KAS,60,1077065436.633348
2025-11-23,7950,FLR,61,1027874251.5809375
2025-11-23,34387,RLUSD,62,1027234344.0891134
2025-11-23,33038,SKY,63,990287711.1224744
2025-11-23,2634,XDC,64,963475555.034667
2025-11-23,26081,FDUSD,65,941204831.0884937
2025-11-23,3155,QNT,66,938313448.6049494
2025-11-23,36507,PUMP,67,892639836.8717492
2025-11-23,5690,RENDER,68,888226045.1255201
2025-11-23,23149,SEI,69,847333134.6491908
2025-11-23,35626,IP,70,811925706.4594746
2025-11-23,4269,GT,71,795704922.4309856
2025-11-23,7186,CAKE,72,760115402.1108133
2025-11-23,29210,JUP,73,759136488.4144734
2025-11-23,23095,BONK,74,730683245.2912517
2025-11-23,131,DASH,75,705721069.8729062
2025-11-23,22691,STRK,76,688531084.4820726
2025-11-23,34466,PENGU,77,649563867.4364208
2025-11-23,3773,FET,78,649321377.9757633
2025-11-23,36410,MYX,79,621848783.1070923
2025-11-23,29270,AERO,80,621145698.4950787
2025-11-23,10603,IMX,81,609716935.9223547
2025-11-23,2694,NEXO,82,606703371.8141577
2025-11-23,29420,VIRTUAL,83,579618327.9364032
2025-11-23,11840,OP,84,571074754.3985708
2025-11-23,4847,STX,85,558148953.6517423
2025-11-23,3871,AB,86,550764303.3606834
2025-11-23,8000,LDO,87,549782456.1734382
2025-11-23,6538,CRV,88,542269673.2192518
2025-11-23,34104,MORPHO,89,537130886.9373959
2025-11-23,7226,INJ,90,534853106.77779025
2025-11-23,6719,GRT,91,521592253.888625
2025-11-23,2011,XTZ,92,520511151.35948485
2025-11-23,22861,TIA,93,515334495.02510566
2025-11-23,2563,TUSD,94,492829378.2590689
2025-11-23,32880,KAIA,95,491731081.65813136
2025-11-23,2394,TEL,96,491089163.4612157
2025-11-23,1720,IOTA,97,478970654.0901899
2025-11-23,19891,USDD,98,472906590.8594189
2025-11-23,28081,SPX,99,467740172.45299274
2025-11-23,5964,TWT,100,454477351.7768751
2025-11-23,1168,DCR,101,439509140.40746593
2025-11-23,10804,FLOKI,102,432736212.78567266
2025-11-23,38515,2Z,103,426356167.9698796
2025-11-23,13855,ENS,104,419035360.6924376
2025-11-23,28177,PYTH,105,414804537.22453016
2025-11-23,7334,CFX,106,413107515.63601416
2025-11-23,29814,ETHFI,107,411568917.86461586
2025-11-23,10529,SUN,108,409460790.0680206
2025-11-23,3602,BSV,109,407885426.5188564
2025-11-23,16086,BTT,110,398736854.0680741
2025-11-23,6210,SAND,111,395831001.2798387
2025-11-23,9816,NFT,112,386529319.51015157
2025-11-23,4558,FLOW,113,379941655.6703945
2025-11-23,7326,DEXE,114,374803800.12044406
2025-11-23,5488,JST,115,372436671.32975554
2025-11-23,30712,MERL,116,370864623.71991503
2025-11-23,9481,PENDLE,117,366271541.9033908
2025-11-23,2416,THETA,118,355455196.4310513
2025-11-23,8425,JASMY,119,352736686.9147499
2025-11-23,36645,XPL,120,351801968.61358756
2025-11-23,33824,SYRUP,121,346944454.83652586
2025-11-23,5665,HNT,122,345946110.20341194
2025-11-23,7080,GALA,123,345827975.9944728
2025-11-23,24091,ZK,124,339280108.81150556
2025-11-23,1659,GNO,125,337558122.6053938
2025-11-23,28752,WIF,126,334439112.38306063
2025-11-23,36462,A,127,333729635.79451597
2025-11-23,1966,MANA,128,322334956.2953397
2025-11-23,20641,EURC,129,316885635.3661859
2025-11-23,26997,ZRO,130,302453700.7708939
2025-11-23,32684,S,131,299546504.0671753
2025-11-23,38482,FF,132,298579357.41545177
2025-11-23,1376,NEO,133,290620225.31987894
2025-11-23,30636,ZBCN,134,290477825.88443196
2025-11-23,1697,BAT,135,286204231.0339334
2025-11-23,8526,RAY,136,284024996.454677
2025-11-23,4066,CHZ,137,281189393.00338113
2025-11-23,38337,0G,138,277656160.6499188
2025-11-23,5692,COMP,139,275887639.5936997
2025-11-23,2467,TRAC,140,268923574.76044184
2025-11-23,8104,1INCH,141,255787964.00814855
2025-11-23,5632,AR,142,255334260.5246062
2025-11-23,36922,H,143,254832030.50953758
2025-11-23,10508,FLUID,144,252861187.97331595
2025-11-23,37322,VSN,145,250086724.81126395
2025-11-23,30494,EIGEN,146,240659560.3217728
2025-11-23,30083,ATH,147,239361234.4368861
2025-11-23,10791,XEC,148,238956140.37951443
2025-11-23,35931,ZORA,149,230740708.5435021
2025-11-23,29587,W,150,224619724.08680108
2025-11-23,33597,FARTCOIN,151,224286808.68216544
2025-11-23,36119,WAL,152,223942661.0230692
2025-11-23,1698,ZEN,153,222779166.90537888
2025-11-23,4157,RUNE,154,220307873.30155328
2025-11-23,33280,CHEEMS,155,214658390.76839402
2025-11-23,6892,EGLD,156,214653576.09166244
2025-11-23,18876,APE,157,213297922.0482074
2025-11-23,7548,WEMIX,158,205021447.08220837
2025-11-23,18679,XCN,159,202846724.88085622
2025-11-23,2586,SNX,160,201711542.46343714
2025-11-23,4041,MX,161,200879255.9846591
2025-11-23,4195,FTT,162,199367231.8952212
2025-11-23,3964,RSR,163,196593675.97753128
2025-11-23,1455,GLM,164,195787167.35131875
2025-11-23,28541,JTO,165,187541683.99814853
2025-11-23,3640,LPT,166,187447076.56877846
2025-11-23,6945,AMP,167,187402105.9672135
2025-11-23,36671,SAHARA,168,186846163.80405945
2025-11-23,28324,DYDX,169,185630928.53374633
2025-11-23,36532,B,170,183868262.17071941
2025-11-23,6783,AXS,171,183132753.56734708
2025-11-23,38828,KITE,172,176776213.07758906
2025-11-23,33391,DEEP,173,176229604.37145168
2025-11-23,36542,SOON,174,175657629.70449933
2025-11-23,30986,KMNO,175,170935914.05741015
2025-11-23,4120,PROM,176,167770395.1468753
2025-11-23,27750,TOSHI,177,167213866.15131658
2025-11-23,9903,CVX,178,164767987.25115833
2025-11-23,1684,QTUM,179,162494563.80813107
2025-11-23,38408,BARD,180,162145348.9316249
2025-11-23,28298,BEAM,181,160739558.89236972
2025-11-23,35763,KAITO,182,157029193.87319776
2025-11-23,27657,LINEA,183,154938273.63220817
2025-11-23,8119,SFP,184,153213726.0847881
2025-11-23,5198,CTC,185,152654665.21598712
2025-11-23,5034,KSM,186,147048521.4913152
2025-11-23,4172,LUNC,187,146520486.55700317
2025-11-23,23254,CORE,188,146001677.27905202
2025-11-23,3822,TFUEL,189,145899503.9013623
2025-11-23,9104,AIOZ,190,144074476.87595603
2025-11-23,23635,FORM,191,141521885.53254175
2025-11-23,32452,MOVE,192,141308683.98932594
2025-11-23,17799,AXL,193,137595332.62837633
2025-11-23,1785,GAS,194,137519087.4298748
2025-11-23,7431,AKT,195,136620176.56895095
2025-11-23,38353,MET,196,135702530.56226993
2025-11-23,14101,RON,197,135675474.20642468
2025-11-23,5864,YFI,198,135659807.96105117
2025-11-23,29743,BRETT,199,134822701.59529138
2025-11-23,24647,BERA,200,133169710.70447294
2025-11-30,1,BTC,1,1803912716317.9216
2025-11-30,1027,ETH,2,361134518751.8193
2025-11-30,825,USDT,3,184639228786.86172
2025-11-30,52,XRP,4,130374682200.99593
2025-11-30,1839,BNB,5,120874173273.36499
2025-11-30,3408,USDC,6,76602094804.63277
2025-11-30,5426,SOL,7,74750142751.83073
2025-11-30,1958,TRX,8,26670106638.022266
2025-11-30,74,DOGE,9,22292853672.348343
2025-11-30,2010,ADA,10,14929731393.716105
2025-11-30,1831,BCH,11,10814407006.471615
2025-11-30,32196,HYPE,12,10750030557.414764
2025-11-30,3957,LEO,13,9071143821.52049
2025-11-30,1975,LINK,14,9046155832.740892
2025-11-30,328,XMR,15,8048355693.347429
2025-11-30,512,XLM,16,8036883378.05974
2025-11-30,29470,USDe,17,7178222791.020241
2025-11-30,1437,ZEC,18,7021277504.300242
2025-11-30,2,LTC,19,6322036028.623479
2025-11-30,4642,HBAR,20,6021092538.775749
2025-11-30,5805,AVAX,21,5909304788.187314
2025-11-30,20947,SUI,22,5528368133.70636
2025-11-30,4943,DAI,23,5364487830.863249
2025-11-30,5994,SHIB,24,4940699666.956816
2025-11-30,33251,WLFI,25,4259448998.3809056
2025-11-30,11419,TON,26,3973008021.075347
2025-11-30,3635,CRO,27,3958317827.632122
2025-11-30,27772,PYUSD,28,3866612888.333089
2025-11-30,7083,UNI,29,3819089521.4808416
2025-11-30,6636,DOT,30,3640030427.759876
2025-11-30,27075,MNT,31,3477135382.726266
2025-11-30,22974,TAO,32,3022144646.669107
2025-11-30,37263,CC,33,2994580351.1661754
2025-11-30,7278,AAVE,34,2715954954.1627564
2025-11-30,36148,USD1,35,2690337720.469503
2025-11-30,11092,BGB,36,2505363616.5126424
2025-11-30,36341,ASTER,37,2502516603.644023
2025-11-30,6535,NEAR,38,2316019471.4211445
2025-11-30,3897,OKB,39,2208582948.594223
2025-11-30,1321,ETC,40,2123218223.0350082
2025-11-30,8916,ICP,41,2089234918.738181
2025-11-30,35697,PI,42,2003734258.4349356
2025-11-30,30171,ENA,43,1922135156.600273
2025-11-30,24478,PEPE,44,1914119996.3539634
2025-11-30,21159,ONDO,45,1597118805.0040252
2025-11-30,5176,XAUt,46,1594279960.8859994
2025-11-30,20396,KAS,47,1547922488.152848
2025-11-30,13502,WLD,48,1477951247.3909483
2025-11-30,35491,M,49,1471321269.3160899
2025-11-30,21794,APT,50,1461576526.307723
2025-11-30,4705,PAXG,51,1415204653.150874
2025-11-30,28321,POL,52,1405120824.7173371
2025-11-30,2087,KCS,53,1303583283.7822607
2025-11-30,33038,SKY,54,1264508194.6426463
2025-11-30,33793,USDG,55,1230253306.5017757
2025-11-30,3155,QNT,56,1229832434.2453597
2025-11-30,4030,ALGO,57,1206200606.950381
2025-11-30,35336,TRUMP,58,1201982305.7798545
2025-11-30,11841,ARB,59,1187414200.4317248
2025-11-30,7950,FLR,60,1153598564.4114985
2025-11-30,2280,FIL,61,1143619283.8712108
2025-11-30,3794,ATOM,62,1142464663.5928304
2025-11-30,3077,VET,63,1125058696.885835
2025-11-30,36507,PUMP,64,1046727589.8197339
2025-11-30,34387,RLUSD,65,1027553166.6810787
2025-11-30,2634,XDC,66,981050708.6987253
2025-11-30,26081,FDUSD,67,923593141.003742
2025-11-30,5690,RENDER,68,889689210.9725387
2025-11-30,23149,SEI,69,874806014.0905839
2025-11-30,4269,GT,70,837961209.96202
2025-11-30,35626,IP,71,836890601.2269006
2025-11-30,7186,CAKE,72,804015421.7466177
2025-11-30,23095,BONK,73,775949962.1940424
2025-11-30,29210,JUP,74,768645881.7300783
2025-11-30,34466,PENGU,75,676648207.4173045
2025-11-30,131,DASH,76,667922877.095707
2025-11-30,27077,WTHETA,77,662728668.3081793
2025-11-30,36410,MYX,78,646314148.0682756
2025-11-30,28081,SPX,79,628805563.5171199
2025-11-30,2694,NEXO,80,611128645.40613
2025-11-30,11840,OP,81,606363664.184884
2025-11-30,10603,IMX,82,605586100.7247689
2025-11-30,29270,AERO,83,599743557.3070589
2025-11-30,29420,VIRTUAL,84,597830716.7906071
2025-11-30,22691,STRK,85,594542897.4829695
2025-11-30,3773,FET,86,592499787.5758353
2025-11-30,6538,CRV,87,588904816.0666922
2025-11-30,8000,LDO,88,575117617.7218024
2025-11-30,7226,INJ,89,573972068.2550814
2025-11-30,4847,STX,90,558283315.6323959
2025-11-30,22861,TIA,91,540762771.0615243
2025-11-30,3871,AB,92,537187318.0194029
2025-11-30,2394,TEL,93,529766835.5364109
2025-11-30,6719,GRT,94,524932821.6963337
2025-11-30,34104,MORPHO,95,524508250.4840011
2025-11-30,19891,USDD,96,517413786.2472208
2025-11-30,2011,XTZ,97,517314843.0611265
2025-11-30,2563,TUSD,98,492484013.8022988
2025-11-30,29814,ETHFI,99,492347578.37258935
2025-11-30,32880,KAIA,100,485078079.57788074
2025-11-30,1720,IOTA,101,454129954.60567546
2025-11-30,10804,FLOKI,102,452940374.138961
2025-11-30,9481,PENDLE,103,437563716.6665246
2025-11-30,5964,TWT,104,435439766.7059758
2025-11-30,13855,ENS,105,433027751.24998873
2025-11-30,5488,JST,106,425079766.5610169
2025-11-30,28177,PYTH,107,423032033.6633184
2025-11-30,3602,BSV,108,413593936.11627257
2025-11-30,1697,BAT,109,410485574.4830131
2025-11-30,16086,BTT,110,406504033.21829325
2025-11-30,7334,CFX,111,404159980.07075566
2025-11-30,6210,SAND,112,395405257.32167006
2025-11-30,5665,HNT,113,394758575.0646418
2025-11-30,38515,2Z,114,394168442.9581586
2025-11-30,10529,SUN,115,394013524.9485335
2025-11-30,9816,NFT,116,390892870.6512038
2025-11-30,1168,DCR,117,389789139.5047408
2025-11-30,30712,MERL,118,380152200.4141964
2025-11-30,4558,FLOW,119,371130780.0825774
2025-11-30,28752,WIF,120,367191062.4242865
2025-11-30,36645,XPL,121,357511698.1562428
2025-11-30,8425,JASMY,122,354466371.6876227
2025-11-30,7080,GALA,123,351954021.6946447
2025-11-30,5692,COMP,124,350030161.6695446
2025-11-30,1659,GNO,125,342135657.5366612
2025-11-30,2416,THETA,126,335701461.0580478
2025-11-30,20641,EURC,127,334204373.39978445
2025-11-30,24091,ZK,128,331283168.5972702
2025-11-30,26997,ZRO,129,330094265.6762383
2025-11-30,1966,MANA,130,317716662.9663605
2025-11-30,7326,DEXE,131,316441238.39108986
2025-11-30,36462,A,132,313607424.36138886
2025-11-30,33824,SYRUP,133,311662633.95887196
2025-11-30,37322,VSN,134,310143413.0375421
2025-11-30,33597,FARTCOIN,135,307913109.3798492
2025-11-30,4066,CHZ,136,306368868.1860393
2025-11-30,30495,MON,137,304349938.9263236
2025-11-30,32684,S,138,302694405.5754751
2025-11-30,1376,NEO,139,300109021.2302542
2025-11-30,8526,RAY,140,288621678.51461065
2025-11-30,30636,ZBCN,141,277993942.4671961
2025-11-30,30494,EIGEN,142,276247182.2091071
2025-11-30,5632,AR,143,269214909.86683875
2025-11-30,38482,FF,144,269127458.76899856
2025-11-30,36922,H,145,262535074.09792414
2025-11-30,8104,1INCH,146,262463571.832397
2025-11-30,2467,TRAC,147,259595792.55927595
2025-11-30,7548,WEMIX,148,252494779.51274547
2025-11-30,1455,GLM,149,249633506.90003562
2025-11-30,38337,0G,150,245811269.0778755
2025-11-30,10791,XEC,151,245366531.28840172
2025-11-30,33280,CHEEMS,152,239282556.80521238
2025-11-30,36119,WAL,153,239064449.27216467
2025-11-30,10508,FLUID,154,235513820.11911732
2025-11-30,4157,RUNE,155,222699049.51162127
2025-11-30,35931,ZORA,156,220334786.72551957
2025-11-30,30083,ATH,157,218974485.07958916
2025-11-30,29587,W,158,213166237.91750216
2025-11-30,4041,MX,159,210258602.9889712
2025-11-30,6892,EGLD,160,205005903.14560843
2025-11-30,18679,XCN,161,202824196.72092035
2025-11-30,30986,KMNO,162,200650954.65818125
2025-11-30,3964,RSR,163,198736048.46645054
2025-11-30,4195,FTT,164,196472014.77141452
2025-11-30,33391,DEEP,165,194280627.779815
2025-11-30,18876,APE,166,193005765.79632622
2025-11-30,28324,DYDX,167,191389342.19483235
2025-11-30,28541,JTO,168,189768989.5753088
2025-11-30,3640,LPT,169,189480355.9441963
2025-11-30,2586,SNX,170,186654686.8793817
2025-11-30,38828,KITE,171,186076534.54589915
2025-11-30,6945,AMP,172,185242725.0570653
2025-11-30,1698,ZEN,173,182096429.32532176
2025-11-30,6783,AXS,174,181994808.7866335
2025-11-30,9903,CVX,175,177623259.77647832
2025-11-30,29743,BRETT,176,169446172.87734643
2025-11-30,4120,PROM,177,169217179.30837667
2025-11-30,27750,TOSHI,178,168303190.1572294
2025-11-30,28298,BEAM,179,167964192.82699874
2025-11-30,35763,KAITO,180,166601519.82767215
2025-11-30,3822,TFUEL,181,166290211.09896156
2025-11-30,8119,SFP,182,165445714.11345688
2025-11-30,38408,BARD,183,165419460.06117484
2025-11-30,1684,QTUM,184,163568076.24770427
2025-11-30,36532,B,185,159797806.06874612
2025-11-30,38353,MET,186,157899603.19480893
2025-11-30,8290,SUPER,187,154459233.0282126
2025-11-30,5198,CTC,188,151860962.10425672
2025-11-30,27657,LINEA,189,151001897.54248008
2025-11-30,4172,LUNC,190,150068005.84350514
2025-11-30,5034,KSM,191,148641671.0714276
2025-11-30,9104,AIOZ,192,147315827.2392953
2025-11-30,1785,GAS,193,143883183.61108932
2025-11-30,7431,AKT,194,143302846.89077342
2025-11-30,36542,SOON,195,142150241.01190034
2025-11-30,23635,FORM,196,141901225.3534537
2025-11-30,5864,YFI,197,140789210.2832214
2025-11-30,24911,TURBO,198,138845496.04912025
2025-11-30,32452,MOVE,199,138724009.23842093
2025-11-30,23254,CORE,200,134826315.05880174
2025-12-07,1,BTC,1,1804411201754.3088
2025-12-07,1027,ETH,2,369485071316.1968
2025-12-07,825,USDT,3,185708580519.34836
2025-12-07,52,XRP,4,123282867346.25502
2025-12-07,1839,BNB,5,123138951920.44243
2025-12-07,3408,USDC,6,78198364307.09119
2025-12-07,5426,SOL,7,74055834015.84361
2025-12-07,1958,TRX,8,27163787850.1644
2025-12-07,74,DOGE,9,22395155616.571114
2025-12-07,2010,ADA,10,14964661330.5794
2025-12-07,1831,BCH,11,11951983819.74361
2025-12-07,32196,HYPE,12,9967712453.67373
2025-12-07,1975,LINK,13,9507065730.577538
2025-12-07,3957,LEO,14,8991640984.614899
2025-12-07,512,XLM,15,7668096632.651926
2025-12-07,29470,USDe,16,6698605946.838211
2025-12-07,328,XMR,17,6689214837.505094
2025-12-07,2,LTC,18,6237437128.461858
2025-12-07,20947,SUI,19,5908441957.697231
2025-12-07,5805,AVAX,20,5775029864.368721
2025-12-07,1437,ZEC,21,5631936528.205201
2025-12-07,4642,HBAR,22,5562486184.5732155
2025-12-07,4943,DAI,23,5364266663.073531
2025-12-07,5994,SHIB,24,4907767451.076606
2025-12-07,33251,WLFI,25,3966113325.685006
2025-12-07,11419,TON,26,3947917937.0062895
2025-12-07,3635,CRO,27,3868629643.0432534
2025-12-07,27772,PYUSD,28,3846246355.8675456
2025-12-07,27075,MNT,29,3561975814.1716213
2025-12-07,6636,DOT,30,3436414667.7061677
2025-12-07,7083,UNI,31,3435778412.078388
2025-12-07,22974,TAO,32,2892998601.317808
2025-12-07,7278,AAVE,33,2860591737.5847363
2025-12-07,36148,USD1,34,2698121095.649157
2025-12-07,11092,BGB,35,2483236836.036984
2025-12-07,37263,CC,36,2303875765.067559
2025-12-07,3897,OKB,37,2260994288.5634813
2025-12-07,6535,NEAR,38,2183180591.254649
2025-12-07,30171,ENA,39,2053762350.0574791
2025-12-07,1321,ETC,40,2028375905.4569886
2025-12-07,36341,ASTER,41,2019624589.0338984
2025-12-07,24478,PEPE,42,1862069108.730613
2025-12-07,35697,PI,43,1855557309.447203
2025-12-07,8916,ICP,44,1853959563.6420033
2025-12-07,5176,XAUt,45,1587936448.701357
2025-12-07,21159,ONDO,46,1440183009.974221
2025-12-07,4705,PAXG,47,1431856461.4952826
2025-12-07,20396,KAS,48,1389276351.1634197
2025-12-07,33793,USDG,49,1368581287.380413
2025-12-07,13502,WLD,50,1350127111.0021658
2025-12-07,2087,KCS,51,1331665280.2142804
2025-12-07,35491,M,52,1288649319.9596639
2025-12-07,28321,POL,53,1269933610.9375165
2025-12-07,21794,APT,54,1256466463.8573341
2025-12-07,33038,SKY,55,1200098840.2234662
2025-12-07,4030,ALGO,56,1170719542.9035954
2025-12-07,11841,ARB,57,1146711564.6940439
2025-12-07,35336,TRUMP,58,1131056676.2660227
2025-12-07,3077,VET,59,1058518708.7369802
2025-12-07,3155,QNT,60,1055282189.1129913
2025-12-07,2280,FIL,61,1054080328.3361238
2025-12-07,3794,ATOM,62,1049047682.0461408
2025-12-07,7950,FLR,63,1038901960.2710527
2025-12-07,36507,PUMP,64,1029851624.7531575
2025-12-07,34387,RLUSD,65,1028150785.077987
2025-12-07,2634,XDC,66,908434869.2317737
2025-12-07,26081,FDUSD,67,843300071.2725359
2025-12-07,5690,RENDER,68,818226124.77534
2025-12-07,4269,GT,69,816092291.7650728
2025-12-07,23149,SEI,70,810850712.7871983
2025-12-07,7186,CAKE,71,754522863.239751
2025-12-07,23095,BONK,72,752669671.2924993
2025-12-07,36410,MYX,73,728645045.2023405
2025-12-07,29210,JUP,74,690719725.5519171
2025-12-07,35626,IP,75,690049743.1775578
2025-12-07,34466,PENGU,76,689844698.751431
2025-12-07,2694,NEXO,77,633765163.2977126
2025-12-07,28081,SPX,78,600283070.5466535
2025-12-07,29270,AERO,79,593304948.4632764
2025-12-07,11840,OP,80,577863385.021717
2025-12-07,10603,IMX,81,564601798.5924753
2025-12-07,131,DASH,82,557312575.0846813
2025-12-07,3773,FET,83,545947054.9313368
2025-12-07,29420,VIRTUAL,84,543550442.9215754
2025-12-07,7226,INJ,85,542748368.4170077
2025-12-07,6538,CRV,86,541839202.456829
2025-12-07,19891,USDD,87,541786136.4022543
2025-12-07,22691,STRK,88,534028382.7072999
2025-12-07,4847,STX,89,530676287.66525656
2025-12-07,8000,LDO,90,510094648.5191729
2025-12-07,2011,XTZ,91,505714037.1413862
2025-12-07,2563,TUSD,92,493572774.69387376
2025-12-07,2394,TEL,93,487689572.55182034
2025-12-07,32880,KAIA,94,484216456.57216156
2025-12-07,38515,2Z,95,482686253.42327094
2025-12-07,3871,AB,96,480390519.93630016
2025-12-07,6719,GRT,97,479177106.57641727
2025-12-07,29814,ETHFI,98,477305848.6867686
2025-12-07,22861,TIA,99,474240594.8138741
2025-12-07,34104,MORPHO,100,448607000.9487501
2025-12-07,10804,FLOKI,101,432002352.8329489
2025-12-07,5964,TWT,102,430655497.4317822
2025-12-07,1720,IOTA,103,421304438.446689
2025-12-07,13855,ENS,104,417442945.27878386
2025-12-07,16086,BTT,105,413317388.10056466
2025-12-07,10529,SUN,106,411365812.2850889
2025-12-07,3602,BSV,107,402966419.7983767
2025-12-07,9481,PENDLE,108,388156794.7075181
2025-12-07,28177,PYTH,109,386713198.5158546
2025-12-07,5488,JST,110,384435507.2162161
2025-12-07,1697,BAT,111,378744763.3674988
2025-12-07,1168,DCR,112,373962887.678949
2025-12-07,33597,FARTCOIN,113,370151005.79355603
2025-12-07,30712,MERL,114,368550229.61048603
2025-12-07,28752,WIF,115,367535034.4296197
2025-12-07,9816,NFT,116,367292202.02325016
2025-12-07,7334,CFX,117,365951487.47714674
2025-12-07,6210,SAND,118,363525787.6499378
2025-12-07,5665,HNT,119,362549050.86602443
2025-12-07,4558,FLOW,120,348005053.6430558
2025-12-07,20641,EURC,121,343046921.53960574
2025-12-07,26997,ZRO,122,332959818.0430393
2025-12-07,1659,GNO,123,331483107.52105516
2025-12-07,8425,JASMY,124,331176539.35963756
2025-12-07,2416,THETA,125,330400385.4240438
2025-12-07,7080,GALA,126,329277044.7463789
2025-12-07,37322,VSN,127,323652650.1787729
2025-12-07,7326,DEXE,128,320933040.30303174
2025-12-07,4066,CHZ,129,311989915.6105947
2025-12-07,33824,SYRUP,130,308641461.52397376
2025-12-07,5692,COMP,131,302492238.82961977
2025-12-07,8526,RAY,132,300012254.298838
2025-12-07,36645,XPL,133,296987518.52202076
2025-12-07,1966,MANA,134,293051846.04092264
2025-12-07,24091,ZK,135,288148270.3539548
2025-12-07,1376,NEO,136,284901099.800007
2025-12-07,36462,A,137,284538865.1688006
2025-12-07,30495,MON,138,276365866.53873515
2025-12-07,4172,LUNC,139,276059861.5393773
2025-12-07,2467,TRAC,140,266265306.49743405
2025-12-07,32684,S,141,264675591.52672902
2025-12-07,38482,FF,142,260979491.56479487
2025-12-07,5632,AR,143,257644875.63971803
2025-12-07,8104,1INCH,144,250262810.534567
2025-12-07,10508,FLUID,145,244417690.2772658
2025-12-07,36119,WAL,146,244054403.17187285
2025-12-07,36532,B,147,243165891.69509202
2025-12-07,33280,CHEEMS,148,235655983.31082842
2025-12-07,10791,XEC,149,233661623.5156384
2025-12-07,4157,RUNE,150,232788923.18370166
2025-12-07,30494,EIGEN,151,230757900.21687406
2025-12-07,1455,GLM,152,227697583.44282475
2025-12-07,6892,EGLD,153,227636519.54672766
2025-12-07,35931,ZORA,154,216453234.58956927
2025-12-07,30986,KMNO,155,213530231.54867163
2025-12-07,30636,ZBCN,156,212194801.10894966
2025-12-07,38337,0G,157,210898929.17523208
2025-12-07,7548,WEMIX,158,209018646.94598183
2025-12-07,4195,FTT,159,202020468.00955835
2025-12-07,30083,ATH,160,201666680.1050842
2025-12-07,4041,MX,161,199157440.83453962
2025-12-07,29587,W,162,195851314.74220926
2025-12-07,18679,XCN,163,194813014.76061252
2025-12-07,3964,RSR,164,193365596.40024877
2025-12-07,38408,BARD,165,180570591.25809482
2025-12-07,28541,JTO,166,178803625.44539672
2025-12-07,3640,LPT,167,178168571.61605418
2025-12-07,29743,BRETT,168,178058994.71018744
2025-12-07,6945,AMP,169,177764070.8496522
2025-12-07,33391,DEEP,170,177285308.7951215
2025-12-07,9903,CVX,171,175464127.69295922
2025-12-07,6783,AXS,172,170889910.3558764
2025-12-07,18876,APE,173,170095412.91247922
2025-12-07,27750,TOSHI,174,169157969.66284642
2025-12-07,4120,PROM,175,167853520.1641185
2025-12-07,28324,DYDX,176,166574639.88371995
2025-12-07,2586,SNX,177,164843755.32582164
2025-12-07,8119,SFP,178,164695722.83349815
2025-12-07,28298,BEAM,179,159691791.88923943
2025-12-07,38353,MET,180,157316221.3321542
2025-12-07,38828,KITE,181,156060443.0785932
2025-12-07,8290,SUPER,182,155056901.3724813
2025-12-07,35763,KAITO,183,153979303.03493458
2025-12-07,3822,TFUEL,184,152575696.0653254
2025-12-07,5198,CTC,185,150227895.09986722
2025-12-07,24911,TURBO,186,149467954.68973324
2025-12-07,1684,QTUM,187,149202904.29167336
2025-12-07,1698,ZEN,188,146817633.30938315
2025-12-07,9104,AIOZ,189,140924438.69929487
2025-12-07,5034,KSM,190,140522371.31044686
2025-12-07,1785,GAS,191,136953271.14042518
2025-12-07,5864,YFI,192,129039843.68464173
2025-12-07,23635,FORM,193,126800729.35004053
2025-12-07,4948,CKB,194,126663704.28505681
2025-12-07,23254,CORE,195,126199278.98297966
2025-12-07,2577,RVN,196,123495122.01476166
2025-12-07,7431,AKT,197,122906266.4329844
2025-12-07,14101,RON,198,122145533.60000068
2025-12-07,32452,MOVE,199,121713017.96039215
2025-12-07,27657,LINEA,200,120565752.19383305
2025-12-14,1,BTC,1,1760171055543.1106
2025-12-14,1027,ETH,2,369398810726.90814
2025-12-14,825,USDT,3,186288195587.12717
2025-12-14,1839,BNB,4,120905156995.37907
2025-12-14,52,XRP,5,119730026116.8643
2025-12-14,3408,USDC,6,78392874884.74294
2025-12-14,5426,SOL,7,72774870872.3122
2025-12-14,1958,TRX,8,26248393027.638058
2025-12-14,74,DOGE,9,22525768056.1375
2025-12-14,2010,ADA,10,14241470880.704212
2025-12-14,1831,BCH,11,11151063565.42889
2025-12-14,32196,HYPE,12,9728846075.357578
2025-12-14,1975,LINK,13,9262803669.987034
2025-12-14,3957,LEO,14,8485074367.628608
2025-12-14,328,XMR,15,7550304255.7516
2025-12-14,512,XLM,16,7418180077.445452
2025-12-14,1437,ZEC,17,6648585834.218739
2025-12-14,29470,USDe,18,6514104594.077966
2025-12-14,2,LTC,19,6051990471.8589325
2025-12-14,20947,SUI,20,5803231540.199493
2025-12-14,5805,AVAX,21,5535723387.951319
2025-12-14,4943,DAI,22,5364284972.989668
2025-12-14,4642,HBAR,23,5023218009.42796
2025-12-14,5994,SHIB,24,4760678010.501847
2025-12-14,27075,MNT,25,4071535628.116475
2025-12-14,27772,PYUSD,26,3874908216.932281
2025-12-14,11419,TON,27,3789459811.397246
2025-12-14,33251,WLFI,28,3646859030.5162663
2025-12-14,3635,CRO,29,3615570566.399926
2025-12-14,7083,UNI,30,3349626999.920525
2025-12-14,6636,DOT,31,3216125896.271262
2025-12-14,22974,TAO,32,2942656376.3809724
2025-12-14,7278,AAVE,33,2885672102.3734303
2025-12-14,36148,USD1,34,2722187033.6215577
2025-12-14,37263,CC,35,2591737072.8995156
2025-12-14,11092,BGB,36,2473296686.0783186
2025-12-14,3897,OKB,37,2289271622.296246
2025-12-14,36341,ASTER,38,2242451438.438687
2025-12-14,35491,M,39,2158333421.8832064
2025-12-14,6535,NEAR,40,2044505206.0493548
2025-12-14,1321,ETC,41,1979124618.5199223
2025-12-14,30171,ENA,42,1807340154.3809662
2025-12-14,24478,PEPE,43,1755434122.321002
2025-12-14,35697,PI,44,1690034386.18782
2025-12-14,8916,ICP,45,1668530009.6208851
2025-12-14,5176,XAUt,46,1627905504.4302552
2025-12-14,4705,PAXG,47,1472615165.869682
2025-12-14,33793,USDG,48,1419671390.3382087
2025-12-14,21159,ONDO,49,1395273751.268201
2025-12-14,13502,WLD,50,1379766523.7172403
2025-12-14,2087,KCS,51,1363861518.546922
2025-12-14,33038,SKY,52,1362271452.264914
2025-12-14,28321,POL,53,1237022309.2373693
2025-12-14,21794,APT,54,1210356439.3063548
2025-12-14,20396,KAS,55,1197353658.30185
2025-12-14,11841,ARB,56,1150697364.512499
2025-12-14,35336,TRUMP,57,1083966832.236076
2025-12-14,4030,ALGO,58,1050757614.1189517
2025-12-14,34387,RLUSD,59,1027504149.3889151
2025-12-14,3794,ATOM,60,1016018929.9064953
2025-12-14,7950,FLR,61,973547911.847385
2025-12-14,3077,VET,62,966191173.1808549
2025-12-14,2280,FIL,63,954723006.5215076
2025-12-14,36507,PUMP,64,936393109.5387032
2025-12-14,3155,QNT,65,928947258.6600251
2025-12-14,2634,XDC,66,870929529.5894798
2025-12-14,4269,GT,67,835930150.7180163
2025-12-14,23149,SEI,68,805654263.6618674
2025-12-14,36410,MYX,69,794985754.2030574
2025-12-14,19891,USDD,70,775125126.7330588
2025-12-14,5690,RENDER,71,767055303.1792063
2025-12-14,23095,BONK,72,749528835.29946
2025-12-14,7186,CAKE,73,722164753.1168658
2025-12-14,26081,FDUSD,74,696164027.7445067
2025-12-14,34466,PENGU,75,653961914.3151495
2025-12-14,35626,IP,76,612692640.0232213
2025-12-14,29210,JUP,77,608595330.2675607
2025-12-14,2694,NEXO,78,608159463.2577869
2025-12-14,11840,OP,79,585553959.705941
2025-12-14,3773,FET,80,540287395.8984926
2025-12-14,6538,CRV,81,534639648.93261
2025-12-14,10603,IMX,82,528878639.35054624
2025-12-14,8000,LDO,83,520818632.5521789
2025-12-14,29270,AERO,84,520602289.3291278
2025-12-14,7226,INJ,85,515968860.2072386
2025-12-14,131,DASH,86,513838482.40221137
2025-12-14,2011,XTZ,87,512326628.2454506
2025-12-14,28081,SPX,88,510052392.5462814
2025-12-14,4847,STX,89,505702686.494387
2025-12-14,29420,VIRTUAL,90,500930486.82118523
2025-12-14,22691,STRK,91,496771925.4824878
2025-12-14,2563,TUSD,92,493020100.65184367
2025-12-14,3871,AB,93,491778655.62097126
2025-12-14,29814,ETHFI,94,479177122.66965723
2025-12-14,30712,MERL,95,477361688.25255585
2025-12-14,22861,TIA,96,462455829.20293254
2025-12-14,32880,KAIA,97,457096888.7478558
2025-12-14,6719,GRT,98,425613276.45241636
2025-12-14,10804,FLOKI,99,424805915.4041945
2025-12-14,5964,TWT,100,418169487.13591623
2025-12-14,34104,MORPHO,101,417518007.35117984
2025-12-14,2394,TEL,102,412520468.23551667
2025-12-14,13855,ENS,103,397475522.5439399
2025-12-14,1720,IOTA,104,396506386.5045667
2025-12-14,16086,BTT,105,396285547.11764306
2025-12-14,38515,2Z,106,391093638.78972363
2025-12-14,10529,SUN,107,386620603.91445464
2025-12-14,3602,BSV,108,384781696.22569305
2025-12-14,5488,JST,109,383189744.9534512
2025-12-14,28752,WIF,110,378888496.8413755
2025-12-14,7334,CFX,111,376473004.7864829
2025-12-14,1697,BAT,112,370981099.1060083
2025-12-14,9816,NFT,113,360816095.37796426
2025-12-14,26997,ZRO,114,359459286.9229676
2025-12-14,28177,PYTH,115,351489039.03734463
2025-12-14,33597,FARTCOIN,116,349216077.0733503
2025-12-14,9481,PENDLE,117,344569476.6238712
2025-12-14,20641,EURC,118,338602236.5920746
2025-12-14,2416,THETA,119,336796017.0181225
2025-12-14,5665,HNT,120,332620256.1775167
2025-12-14,1168,DCR,121,329522173.0819238
2025-12-14,6210,SAND,122,326653738.7019105
2025-12-14,4066,CHZ,123,326009104.51232976
2025-12-14,1659,GNO,124,324854946.4279985
2025-12-14,7080,GALA,125,319056607.0540444
2025-12-14,37322,VSN,126,313279560.83245146
2025-12-14,24091,ZK,127,310326171.5319614
2025-12-14,4558,FLOW,128,308459028.69865614
2025-12-14,8425,JASMY,129,304281418.24420494
2025-12-14,33824,SYRUP,130,300752230.3369716
2025-12-14,5692,COMP,131,285006235.1430732
2025-12-14,7326,DEXE,132,284394399.0486468
2025-12-14,8526,RAY,133,276554106.54165715
2025-12-14,1376,NEO,134,275422409.0851718
2025-12-14,36645,XPL,135,272871036.7682009
2025-12-14,1966,MANA,136,272521500.68284327
2025-12-14,36462,A,137,271671333.65447617
2025-12-14,38482,FF,138,252507732.7573909
2025-12-14,32684,S,139,251699488.44961587
2025-12-14,5632,AR,140,245978670.39572722
2025-12-14,2467,TRAC,141,236308852.929599
2025-12-14,4172,LUNC,142,235591004.61597753
2025-12-14,36532,B,143,235582126.40956575
2025-12-14,10508,FLUID,144,234202125.4458946
2025-12-14,8104,1INCH,145,232951114.590223
2025-12-14,36119,WAL,146,226007585.1319246
2025-12-14,30495,MON,147,223693118.64598325
2025-12-14,10791,XEC,148,222412747.47703242
2025-12-14,4157,RUNE,149,222115887.3440703
2025-12-14,30986,KMNO,150,213130162.96888623
2025-12-14,35931,ZORA,151,208906435.95269158
2025-12-14,1455,GLM,152,208204346.7177795
2025-12-14,30494,EIGEN,153,206053964.0204447
2025-12-14,6892,EGLD,154,205261987.56494474
2025-12-14,4041,MX,155,197836638.72673336
2025-12-14,33280,CHEEMS,156,196924094.59686172
2025-12-14,38337,0G,157,194646834.5930397
2025-12-14,30636,ZBCN,158,192663535.1607788
2025-12-14,18679,XCN,159,188876244.97773758
2025-12-14,4195,FTT,160,186734030.83108854
2025-12-14,29587,W,161,184634020.6734872
2025-12-14,7548,WEMIX,162,181322450.34992853
2025-12-14,3964,RSR,163,179841921.9428289
2025-12-14,38408,BARD,164,178019474.37106675
2025-12-14,33391,DEEP,165,175920942.59013158
2025-12-14,30083,ATH,166,174756549.80664226
2025-12-14,6945,AMP,167,171437446.02811328
2025-12-14,9903,CVX,168,171248727.84194022
2025-12-14,4120,PROM,169,165330487.66028863
2025-12-14,3640,LPT,170,165154375.38581598
2025-12-14,18876,APE,171,165076088.50810212
2025-12-14,23254,CORE,172,165010022.39596027
2025-12-14,8119,SFP,173,162148680.70926633
2025-12-14,8290,SUPER,174,161409309.10257998
2025-12-14,6783,AXS,175,161131527.5172664
2025-12-14,27750,TOSHI,176,160261622.99501598
2025-12-14,29743,BRETT,177,157818460.48581773
2025-12-14,28541,JTO,178,153160434.29395404
2025-12-14,28298,BEAM,179,151307306.37581363
2025-12-14,38828,KITE,180,151223022.72498325
2025-12-14,1684,QTUM,181,150967355.24850687
2025-12-14,2586,SNX,182,150830989.64031658
2025-12-14,28324,DYDX,183,150828593.67564976
2025-12-14,17799,AXL,184,150818483.67309323
2025-12-14,36922,H,185,149269076.58304587
2025-12-14,3822,TFUEL,186,146150802.28173047
2025-12-14,1698,ZEN,187,143036216.78122875
2025-12-14,35763,KAITO,188,141854441.13817677
2025-12-14,9104,AIOZ,189,140692457.036784
2025-12-14,5198,CTC,190,137245539.02341762
2025-12-14,24911,TURBO,191,136584544.72370532
2025-12-14,5034,KSM,192,130758919.07886022
2025-12-14,1785,GAS,193,129913147.85869792
2025-12-14,7431,AKT,194,123622821.34224334
2025-12-14,5864,YFI,195,121559711.7001042
2025-12-14,32452,MOVE,196,120735583.59072112
2025-12-14,14101,RON,197,119975466.34776929
2025-12-14,4948,CKB,198,118372485.76687665
2025-12-14,2577,RVN,199,118153691.91447043
2025-12-14,30933,DOG,200,117217220.1870468
2025-12-21,1,BTC,1,1769360897023.624
2025-12-21,1027,ETH,2,362279782799.1785
2025-12-21,825,USDT,3,186772717343.98547
2025-12-21,1839,BNB,4,118161467207.67047
2025-12-21,52,XRP,5,116421920488.29227
2025-12-21,3408,USDC,6,77092233384.6881
2025-12-21,5426,SOL,7,70844610743.1536
2025-12-21,1958,TRX,8,27295824861.218754
2025-12-21,74,DOGE,9,22016812697.15988
2025-12-21,2010,ADA,10,13144975221.57246
2025-12-21,1831,BCH,11,11783544620.385885
2025-12-21,1975,LINK,12,8803151488.493181
2025-12-21,328,XMR,13,8696915588.869968
2025-12-21,32196,HYPE,14,8314048805.508028
2025-12-21,3957,LEO,15,7470337091.27269
2025-12-21,1437,ZEC,16,7258340942.156291
2025-12-21,512,XLM,17,7015469927.811081
2025-12-21,29470,USDe,18,6420594344.639291
2025-12-21,2,LTC,19,5880405708.544903
2025-12-21,20947,SUI,20,5399476232.449384
2025-12-21,4943,DAI,21,5364755851.326503
2025-12-21,5805,AVAX,22,5213755349.361043
2025-12-21,4642,HBAR,23,4785877184.201401
2025-12-21,5994,SHIB,24,4287062301.190942
2025-12-21,27772,PYUSD,25,3878132141.1989326
2025-12-21,7083,UNI,26,3859795838.993089
2025-12-21,27075,MNT,27,3819085814.9071794
2025-12-21,3635,CRO,28,3694523797.6006474
2025-12-21,33251,WLFI,29,3592644511.232717
2025-12-21,37263,CC,30,3575572983.552316
2025-12-21,11419,TON,31,3575120994.935534
2025-12-21,6636,DOT,32,2965359229.8993173
2025-12-21,36148,USD1,33,2723427238.080572
2025-12-21,7278,AAVE,34,2523987151.237012
2025-12-21,11092,BGB,35,2431010045.955181
2025-12-21,22974,TAO,36,2328085468.3639555
2025-12-21,3897,OKB,37,2244116893.889296
2025-12-21,6535,NEAR,38,1935456424.426827
2025-12-21,1321,ETC,39,1888993509.7351036
2025-12-21,35491,M,40,1858938563.644265
2025-12-21,39064,NIGHT,41,1857833831.0224211
2025-12-21,36341,ASTER,42,1771048743.326035
2025-12-21,35697,PI,43,1729567674.6386778
2025-12-21,24478,PEPE,44,1692016298.8727777
2025-12-21,8916,ICP,45,1664625772.3955665
2025-12-21,5176,XAUt,46,1645192214.9883804
2025-12-21,30171,ENA,47,1619200129.6494946
2025-12-21,4705,PAXG,48,1531524855.1105156
2025-12-21,33038,SKY,49,1511975225.5564718
2025-12-21,33793,USDG,50,1502483141.4713383
2025-12-21,2087,KCS,51,1410026192.8165383
2025-12-21,34387,RLUSD,52,1335899911.3803892
2025-12-21,13502,WLD,53,1265379124.0138497
2025-12-21,20396,KAS,54,1264986931.9516401
2025-12-21,21159,ONDO,55,1232720344.6649075
2025-12-21,21794,APT,56,1181085012.0108309
2025-12-21,28321,POL,57,1134810985.4067361
2025-12-21,11841,ARB,58,1063283671.3455625
2025-12-21,35336,TRUMP,59,1013589701.7319378
2025-12-21,4030,ALGO,60,984579837.5684842
2025-12-21,3794,ATOM,61,938764001.8019416
2025-12-21,3155,QNT,62,930984282.5470273
2025-12-21,2280,FIL,63,930825729.2761441
2025-12-21,7950,FLR,64,920590651.9934738
2025-12-21,3077,VET,65,903087218.7180123
2025-12-21,2634,XDC,66,852933754.3304484
2025-12-21,4269,GT,67,826461918.8804445
2025-12-21,19891,USDD,68,826446507.7645996
2025-12-21,36410,MYX,69,825084342.8024184
2025-12-21,23149,SEI,70,718281918.5933269
2025-12-21,36507,PUMP,71,698460386.9079015
2025-12-21,23095,BONK,72,669317714.4174031
2025-12-21,5690,RENDER,73,658832363.4557395
2025-12-21,7186,CAKE,74,605710396.2329638
2025-12-21,29210,JUP,75,602290845.6038697
2025-12-21,2694,NEXO,76,600471744.7362665
2025-12-21,38837,BEAT,77,578446678.333153
2025-12-21,34466,PENGU,78,569689716.2139206
2025-12-21,35626,IP,79,533136968.1858101
2025-12-21,11840,OP,80,528749601.605126
2025-12-21,26081,FDUSD,81,518027343.0158916
2025-12-21,6538,CRV,82,498124986.4011877
2025-12-21,2563,TUSD,83,492423559.4054687
2025-12-21,131,DASH,84,479099841.7928926
2025-12-21,8000,LDO,85,477883557.19261414
2025-12-21,3773,FET,86,474524549.31445235
2025-12-21,29814,ETHFI,87,469023436.66758454
2025-12-21,2011,XTZ,88,468843600.5715589
2025-12-21,29420,VIRTUAL,89,464520181.4427335
2025-12-21,34104,MORPHO,90,460741035.1660105
2025-12-21,3871,AB,91,460590391.2296071
2025-12-21,29270,AERO,92,459606411.6448947
2025-12-21,7226,INJ,93,455688302.1485483
2025-12-21,4847,STX,94,452550649.8543151
2025-12-21,28081,SPX,95,448294381.0547259
2025-12-21,10603,IMX,96,446348713.68815565
2025-12-21,30712,MERL,97,443396071.6785468
2025-12-21,35053,PIPPIN,98,425563657.2961644
2025-12-21,5488,JST,99,400778157.3119002
2025-12-21,22691,STRK,100,396620326.8088695
2025-12-21,33824,SYRUP,101,395681276.5439379
2025-12-21,22861,TIA,102,394722998.0602981
2025-12-21,10529,SUN,103,393789408.28316706
2025-12-21,6719,GRT,104,390087076.60457623
2025-12-21,16086,BTT,105,389598915.92850477
2025-12-21,10804,FLOKI,106,387952802.39951265
2025-12-21,38515,2Z,107,378417905.15670115
2025-12-21,3602,BSV,108,369086314.28428173
2025-12-21,4066,CHZ,109,368058750.9937079
2025-12-21,32880,KAIA,110,367532233.84159625
2025-12-21,13855,ENS,111,365546605.9229658
2025-12-21,1720,IOTA,112,364873015.5643555
2025-12-21,7334,CFX,113,363230175.28658664
2025-12-21,5964,TWT,114,357209073.99230975
2025-12-21,9816,NFT,115,353548335.83828646
2025-12-21,20641,EURC,116,347643927.54454297
2025-12-21,2394,TEL,117,343255831.45214134
2025-12-21,28177,PYTH,118,342048793.5293132
2025-12-21,28752,WIF,119,340111230.5328875
2025-12-21,36922,H,120,327035775.9842207
2025-12-21,1659,GNO,121,320729772.99977726
2025-12-21,26997,ZRO,122,317360154.13817227
2025-12-21,1697,BAT,123,309616879.61140555
2025-12-21,9481,PENDLE,124,309534382.006559
2025-12-21,6210,SAND,125,305781228.0198926
2025-12-21,5665,HNT,126,304108752.2468636
2025-12-21,8425,JASMY,127,297372895.7685401
2025-12-21,33597,FARTCOIN,128,291476427.3279235
2025-12-21,24091,ZK,129,288341532.1333779
2025-12-21,7080,GALA,130,287501610.2958146
2025-12-21,37322,VSN,131,283860241.6552103
2025-12-21,4558,FLOW,132,281540872.1091247
2025-12-21,2416,THETA,133,278405426.93630403
2025-12-21,1168,DCR,134,274110131.3374867
2025-12-21,7326,DEXE,135,266379963.13270745
2025-12-21,36462,A,136,262290298.08090264
2025-12-21,1966,MANA,137,249090801.23511544
2025-12-21,1376,NEO,138,248069994.8625583
2025-12-21,8526,RAY,139,242654668.6298288
2025-12-21,5692,COMP,140,238603849.55019537
2025-12-21,36645,XPL,141,233015716.6973901
2025-12-21,4172,LUNC,142,226018699.02418727
2025-12-21,30495,MON,143,221664215.08171502
2025-12-21,38482,FF,144,219978607.45937306
2025-12-21,5632,AR,145,219642162.45603597
2025-12-21,32684,S,146,217561927.62218964
2025-12-21,30636,ZBCN,147,217541187.22891888
2025-12-21,8104,1INCH,148,214456785.53542522
2025-12-21,36532,B,149,211372328.14861438
2025-12-21,10791,XEC,150,206943965.00467318
2025-12-21,1455,GLM,151,202806415.1856928
2025-12-21,10508,FLUID,152,200230493.62893507
2025-12-21,4157,RUNE,153,199109326.74582082
2025-12-21,38892,STABLE,154,197410207.02062473
2025-12-21,2467,TRAC,155,197092327.27257395
2025-12-21,35931,ZORA,156,194161323.87345636
2025-12-21,30494,EIGEN,157,194122111.84636343
2025-12-21,36119,WAL,158,193627229.870912
2025-12-21,4041,MX,159,187959076.43349046
2025-12-21,38408,BARD,160,186572820.43773022
2025-12-21,6892,EGLD,161,186329349.22616938
2025-12-21,33280,CHEEMS,162,181191250.516577
2025-12-21,30986,KMNO,163,178371995.63580748
2025-12-21,7548,WEMIX,164,177984176.47446132
2025-12-21,29587,W,165,176355801.7450971
2025-12-21,9903,CVX,166,168558678.01592952
2025-12-21,18679,XCN,167,167797907.27208295
2025-12-21,38337,0G,168,165173580.41534668
2025-12-21,4195,FTT,169,163847667.27132988
2025-12-21,38828,KITE,170,160144462.90189677
2025-12-21,3964,RSR,171,158197879.89284247
2025-12-21,33391,DEEP,172,152749347.67688257
2025-12-21,30083,ATH,173,150903861.98674774
2025-12-21,18876,APE,174,150684978.2170597
2025-12-21,6945,AMP,175,149849288.78134167
2025-12-21,8119,SFP,176,149088601.85758668
2025-12-21,28541,JTO,177,148030753.5568075
2025-12-21,3640,LPT,178,147777963.8599462
2025-12-21,8290,SUPER,179,146208764.91596994
2025-12-21,6783,AXS,180,142818132.96512797
2025-12-21,2586,SNX,181,140944265.61747
2025-12-21,1698,ZEN,182,140742873.64501813
2025-12-21,27750,TOSHI,183,137589753.50251472
2025-12-21,29743,BRETT,184,137446383.9637908
2025-12-21,28298,BEAM,185,136231978.32345855
2025-12-21,1684,QTUM,186,132396904.21417558
2025-12-21,4120,PROM,187,132389137.19492131
2025-12-21,28324,DYDX,188,131518959.67470214
2025-12-21,5198,CTC,189,127393229.33987755
2025-12-21,23254,CORE,190,126633979.42920613
2025-12-21,3822,TFUEL,191,126588085.25506835
2025-12-21,9104,AIOZ,192,122331388.87321623
2025-12-21,23635,FORM,193,121941320.24582449
2025-12-21,5034,KSM,194,121065893.04345094
2025-12-21,35763,KAITO,195,120043551.60527489
2025-12-21,36542,SOON,196,119700146.02590753
2025-12-21,5864,YFI,197,119304521.83177692
2025-12-21,38353,MET,198,117266539.53220513
2025-12-21,1785,GAS,199,117014518.09544972
2025-12-21,24911,TURBO,200,116381206.69127429
2025-12-28,1,BTC,1,1753953881922.356
2025-12-28,1027,ETH,2,355877262213.32745
2025-12-28,825,USDT,3,186688293980.3747
2025-12-28,1839,BNB,4,118290532565.53578
2025-12-28,52,XRP,5,112929746806.72957
2025-12-28,3408,USDC,6,76359862908.55458
2025-12-28,5426,SOL,7,70459749896.75928
2025-12-28,1958,TRX,8,26979373254.60299
2025-12-28,74,DOGE,9,20813536578.168488
2025-12-28,2010,ADA,10,13241227939.965405
2025-12-28,1831,BCH,11,12411259641.243717
2025-12-28,1975,LINK,12,8835112334.006578
2025-12-28,1437,ZEC,13,8726314020.964916
2025-12-28,32196,HYPE,14,8603707638.141415
2025-12-28,328,XMR,15,8357639383.442349
2025-12-28,3957,LEO,16,7815300101.608458
2025-12-28,512,XLM,17,7126901476.799216
2025-12-28,29470,USDe,18,6298438958.830688
2025-12-28,2,LTC,19,6029337534.553973
2025-12-28,5805,AVAX,20,5428809763.655701
2025-12-28,20947,SUI,21,5399011360.377195
2025-12-28,4943,DAI,22,5362790132.705535
2025-12-28,37263,CC,23,5224848133.514602
2025-12-28,4642,HBAR,24,4932115594.185239
2025-12-28,7083,UNI,25,4533942999.7771
2025-12-28,5994,SHIB,26,4353949621.293316
2025-12-28,11419,TON,27,4052326468.9907274
2025-12-28,33251,WLFI,28,3865288451.744398
2025-12-28,27772,PYUSD,29,3737495570.299981
2025-12-28,3635,CRO,30,3575564165.387741
2025-12-28,27075,MNT,31,3383577900.6602325
2025-12-28,36148,USD1,32,3225130503.9347205
2025-12-28,6636,DOT,33,3050095256.7562037
2025-12-28,11092,BGB,34,2419791871.1799326
2025-12-28,22974,TAO,35,2363078325.903685
2025-12-28,7278,AAVE,36,2349235348.5608788
2025-12-28,3897,OKB,37,2255581028.4008884
2025-12-28,6535,NEAR,38,2029485191.2396286
2025-12-28,35491,M,39,1887569634.992548
2025-12-28,1321,ETC,40,1886669325.2738156
2025-12-28,36341,ASTER,41,1781052072.6864264
2025-12-28,24478,PEPE,42,1755089861.8755994
2025-12-28,5176,XAUt,43,1715471157.3688447
2025-12-28,35697,PI,44,1713262367.4857135
2025-12-28,8916,ICP,45,1657778057.0470934
2025-12-28,4705,PAXG,46,1636345754.926686
2025-12-28,30171,ENA,47,1599732541.6005335
2025-12-28,33793,USDG,48,1550618838.8943458
2025-12-28,39064,NIGHT,49,1504031840.3773139
2025-12-28,33038,SKY,50,1469632179.3482177
2025-12-28,2087,KCS,51,1403285740.541133
2025-12-28,13502,WLD,52,1338221052.6363418
2025-12-28,34387,RLUSD,53,1335925632.6537266
2025-12-28,21794,APT,54,1291706502.080219
2025-12-28,21159,ONDO,55,1222893819.7096262
2025-12-28,20396,KAS,56,1205273564.465985
2025-12-28,28321,POL,57,1134036392.993259
2025-12-28,11841,ARB,58,1113783095.5018551
2025-12-28,4030,ALGO,59,1058500518.1522868
2025-12-28,3794,ATOM,60,1005407645.362343
2025-12-28,35336,TRUMP,61,983912130.1893793
2025-12-28,2280,FIL,62,973991603.4602066
2025-12-28,3077,VET,63,955534981.2811841
2025-12-28,2634,XDC,64,935810107.0343268
2025-12-28,7950,FLR,65,907336892.7445801
2025-12-28,3155,QNT,66,882752690.2727947
2025-12-28,36410,MYX,67,878091550.3708901
2025-12-28,4269,GT,68,828005581.4614875
2025-12-28,19891,USDD,69,818224893.142712
2025-12-28,23149,SEI,70,744314527.5484775
2025-12-28,5690,RENDER,71,684807485.155834
2025-12-28,36507,PUMP,72,665796114.4001416
2025-12-28,23095,BONK,73,662338041.4969898
2025-12-28,29210,JUP,74,637650309.0742171
2025-12-28,7186,CAKE,75,628366700.6315814
2025-12-28,2694,NEXO,76,585745130.9356188
2025-12-28,34466,PENGU,77,584726214.9937328
2025-12-28,6538,CRV,78,560014710.6293601
2025-12-28,131,DASH,79,551580239.2440346
2025-12-28,2011,XTZ,80,533914016.82812256
2025-12-28,11840,OP,81,531345229.377751
2025-12-28,35626,IP,82,524374004.0620173
2025-12-28,26081,FDUSD,83,515434735.04942966
2025-12-28,8000,LDO,84,499130474.34311086
2025-12-28,3773,FET,85,497093789.2451796
2025-12-28,2563,TUSD,86,493903442.86059785
2025-12-28,4847,STX,87,480018251.15002704
2025-12-28,7226,INJ,88,475168619.70313615
2025-12-28,10603,IMX,89,468801425.0897962
2025-12-28,28081,SPX,90,466666327.16649437
2025-12-28,29814,ETHFI,91,462934473.3772505
2025-12-28,29420,VIRTUAL,92,457088992.17321104
2025-12-28,34104,MORPHO,93,439816942.9096939
2025-12-28,3871,AB,94,428742546.6600564
2025-12-28,29270,AERO,95,422855268.74124604
2025-12-28,35053,PIPPIN,96,419863315.0189435
2025-12-28,22691,STRK,97,405315829.28260046
2025-12-28,22861,TIA,98,404310324.5407645
2025-12-28,6719,GRT,99,403141776.0008274
2025-12-28,38515,2Z,100,399586510.76395804
2025-12-28,2394,TEL,101,394454844.787665
2025-12-28,16086,BTT,102,389598331.8194098
2025-12-28,10804,FLOKI,103,388264614.47000414
2025-12-28,30712,MERL,104,376032262.1142422
2025-12-28,36922,H,105,374496898.4473986
2025-12-28,33824,SYRUP,106,374287802.2643311
2025-12-28,13855,ENS,107,373330609.0428436
2025-12-28,7334,CFX,108,373194594.3490913
2025-12-28,10529,SUN,109,370211874.4006117
2025-12-28,5964,TWT,110,370089022.3798675
2025-12-28,4066,CHZ,111,369055124.3590113
2025-12-28,5488,JST,112,363355715.165538
2025-12-28,1720,IOTA,113,360786483.9666048
2025-12-28,3602,BSV,114,357672135.4990949
2025-12-28,38837,BEAT,115,353729570.5121762
2025-12-28,20641,EURC,116,351968651.3236217
2025-12-28,32880,KAIA,117,351776989.4679104
2025-12-28,28177,PYTH,118,349714632.90557724
2025-12-28,9816,NFT,119,349489614.3869068
2025-12-28,1659,GNO,120,331987889.6878206
2025-12-28,1697,BAT,121,328376015.9255398
2025-12-28,1168,DCR,122,327498873.039021
2025-12-28,24091,ZK,123,318036754.78615344
2025-12-28,28752,WIF,124,312310854.49679077
2025-12-28,9481,PENDLE,125,310044372.3609607
2025-12-28,33597,FARTCOIN,126,308766857.9442551
2025-12-28,26997,ZRO,127,308285432.6405285
2025-12-28,6210,SAND,128,302352471.08714217
2025-12-28,8425,JASMY,129,296586293.82269573
2025-12-28,7080,GALA,130,291003440.7742645
2025-12-28,5665,HNT,131,280908885.9267849
2025-12-28,36645,XPL,132,279758212.93357325
2025-12-28,2416,THETA,133,274948230.42675674
2025-12-28,37322,VSN,134,273382743.6982724
2025-12-28,1376,NEO,135,261202503.21670473
2025-12-28,5692,COMP,136,257742236.19361657
2025-12-28,7326,DEXE,137,256108990.62357423
2025-12-28,36462,A,138,254202227.44433162
2025-12-28,8526,RAY,139,251040406.94501513
2025-12-28,30495,MON,140,243159642.7276354
2025-12-28,5632,AR,141,241660424.0204039
2025-12-28,1966,MANA,142,241134120.8381859
2025-12-28,30636,ZBCN,143,240537969.54136842
2025-12-28,38892,STABLE,144,229667946.5766238
2025-12-28,32684,S,145,223381525.5223776
2025-12-28,4172,LUNC,146,219668933.04054055
2025-12-28,38482,FF,147,217495755.60151017
2025-12-28,10791,XEC,148,212490412.52772924
2025-12-28,8104,1INCH,149,205144988.01513743
2025-12-28,1455,GLM,150,203129367.12487313
2025-12-28,38337,0G,151,202005083.35916826
2025-12-28,10508,FLUID,152,199318531.60955432
2025-12-28,4157,RUNE,153,194191151.69669822
2025-12-28,30494,EIGEN,154,193325098.5222558
2025-12-28,2467,TRAC,155,193191723.4216876
2025-12-28,35931,ZORA,156,190358761.52403545
2025-12-28,4041,MX,157,187989550.0891741
2025-12-28,36119,WAL,158,186472220.62830055
2025-12-28,33280,CHEEMS,159,183910346.5415628
2025-12-28,30986,KMNO,160,181728813.45517343
2025-12-28,38408,BARD,161,179894615.8505494
2025-12-28,9903,CVX,162,179576515.05028486
2025-12-28,7548,WEMIX,163,179332303.95184368
2025-12-28,29587,W,164,179311033.26309392
2025-12-28,6892,EGLD,165,177241566.5601035
2025-12-28,4558,FLOW,166,171040475.50395253
2025-12-28,18679,XCN,167,167311988.46257988
2025-12-28,28541,JTO,168,164578107.80138543
2025-12-28,38828,KITE,169,163440521.72923267
2025-12-28,3964,RSR,170,162062187.24627453
2025-12-28,1698,ZEN,171,161586704.97915465
2025-12-28,33391,DEEP,172,159000617.19031644
2025-12-28,36532,B,173,156902894.8224624
2025-12-28,18876,APE,174,156895207.9023057
2025-12-28,4120,PROM,175,156683088.63625637
2025-12-28,8119,SFP,176,155733572.8145121
2025-12-28,4195,FTT,177,155636550.24975052
2025-12-28,2586,SNX,178,148552913.9244187
2025-12-28,30083,ATH,179,147669267.348557
2025-12-28,6945,AMP,180,146185976.46336773
2025-12-28,6783,AXS,181,143508395.547832
2025-12-28,28298,BEAM,182,143373984.83537763
2025-12-28,29743,BRETT,183,142760486.435163
2025-12-28,1785,GAS,184,142480767.04506865
2025-12-28,28324,DYDX,185,139734439.84422788
2025-12-28,3640,LPT,186,138936288.48221734
2025-12-28,8290,SUPER,187,136775813.94378674
2025-12-28,1684,QTUM,188,134337115.78815684
2025-12-28,27750,TOSHI,189,130862874.71655723
2025-12-28,5198,CTC,190,128919450.7674809
2025-12-28,3822,TFUEL,191,128419388.08640902
2025-12-28,35763,KAITO,192,127706386.41497798
2025-12-28,23635,FORM,193,127439781.20841812
2025-12-28,38353,MET,194,125934322.58805256
2025-12-28,5034,KSM,195,125825111.95787993
2025-12-28,7127,VELO,196,123413912.55206093
2025-12-28,5864,YFI,197,119046045.19133788
2025-12-28,19269,COW,198,118802176.41319297
2025-12-28,4948,CKB,199,118285481.96228758
2025-12-28,24911,TURBO,200,118004521.12312813
2026-01-04,1,BTC,1,1825680563255.435
2026-01-04,1027,ETH,2,379067572333.48315
2026-01-04,825,USDT,3,187017826309.25015
2026-01-04,52,XRP,4,126814950183.83894
2026-01-04,1839,BNB,5,123187405240.13976
2026-01-04,3408,USDC,6,75443028671.06342
2026-01-04,5426,SOL,7,75422615131.41112
2026-01-04,1958,TRX,8,27829491432.709476
2026-01-04,74,DOGE,9,25111229950.623093
2026-01-04,2010,ADA,10,14383779203.952703
2026-01-04,1831,BCH,11,12766515341.350836
2026-01-04,1975,LINK,12,9487661365.409927
2026-01-04,32196,HYPE,13,9079784064.74449
2026-01-04,1437,ZEC,14,8267586411.58053
2026-01-04,3957,LEO,15,8251040488.047374
2026-01-04,328,XMR,16,7713186221.781413
2026-01-04,512,XLM,17,7532059159.587734
2026-01-04,20947,SUI,18,6410253928.842444
2026-01-04,29470,USDe,19,6299982010.975836
2026-01-04,2,LTC,20,6299783157.157387
2026-01-04,5805,AVAX,21,6120754348.757628
2026-01-04,37263,CC,22,5517267289.436139
2026-01-04,4943,DAI,23,5362891407.6272545
2026-01-04,4642,HBAR,24,5356770028.941913
2026-01-04,5994,SHIB,25,5321734313.341028
2026-01-04,33251,WLFI,26,4559831088.308751
2026-01-04,11419,TON,27,4508519992.670299
2026-01-04,3635,CRO,28,4156140184.4861355
2026-01-04,7083,UNI,29,3677776598.2486234
2026-01-04,27772,PYUSD,30,3632776455.494781
2026-01-04,6636,DOT,31,3535043800.1535234
2026-01-04,27075,MNT,32,3385321826.410215
2026-01-04,36148,USD1,33,3312009907.4526935
2026-01-04,24478,PEPE,34,3010423897.0450892
2026-01-04,22974,TAO,35,2822084861.127138
2026-01-04,7278,AAVE,36,2509898982.686455
2026-01-04,11092,BGB,37,2493539517.789193
2026-01-04,3897,OKB,38,2383989582.332079
2026-01-04,6535,NEAR,39,2215991993.737596
2026-01-04,30171,ENA,40,1992459882.4536722
2026-01-04,1321,ETC,41,1984182728.7506874
2026-01-04,35491,M,42,1977414972.1104763
2026-01-04,36341,ASTER,43,1940039255.3668864
2026-01-04,5176,XAUt,44,1789026401.7921867
2026-01-04,8916,ICP,45,1783299007.983044
2026-01-04,35697,PI,46,1780023793.8345969
2026-01-04,4705,PAXG,47,1634602606.200101
2026-01-04,13502,WLD,48,1598670592.9361742
2026-01-04,33793,USDG,49,1547805060.0810807
2026-01-04,39064,NIGHT,50,1483533381.7218196
2026-01-04,2087,KCS,51,1468588468.3115175
2026-01-04,36410,MYX,52,1465770578.1214676
2026-01-04,21794,APT,53,1456180392.9362864
2026-01-04,33038,SKY,54,1428058115.7275379
2026-01-04,21159,ONDO,55,1384376197.4803205
2026-01-04,20396,KAS,56,1339778216.7928684
2026-01-04,34387,RLUSD,57,1335773074.2707763
2026-01-04,28321,POL,58,1283533747.4530609
2026-01-04,11841,ARB,59,1234634599.725858
2026-01-04,4030,ALGO,60,1200406058.7020535
2026-01-04,3794,ATOM,61,1136378580.5180635
2026-01-04,2280,FIL,62,1092644505.8934686
2026-01-04,35336,TRUMP,63,1080464894.5198112
2026-01-04,23095,BONK,64,1051500734.3352977
2026-01-04,3077,VET,65,1041584743.7669787
2026-01-04,5690,RENDER,66,1031395463.9473181
2026-01-04,2634,XDC,67,989408784.3038119
2026-01-04,7950,FLR,68,972417405.4545735
2026-01-04,3155,QNT,69,939775003.1835858
2026-01-04,19891,USDD,70,896480581.5947886
2026-01-04,4269,GT,71,841962920.0514256
2026-01-04,36507,PUMP,72,832483702.9431489
2026-01-04,23149,SEI,73,806738342.6968206
2026-01-04,34466,PENGU,74,789618739.2857066
2026-01-04,35626,IP,75,723375658.8335899
2026-01-04,29210,JUP,76,695863481.9357848
2026-01-04,7186,CAKE,77,692628638.0813886
2026-01-04,39125,LIT,78,661966280.8838239
2026-01-04,4847,STX,79,645075025.3007938
2026-01-04,11840,OP,80,619763489.9184275
2026-01-04,6538,CRV,81,616888800.447772
2026-01-04,2694,NEXO,82,612006949.6074642
2026-01-04,3773,FET,83,610853082.2394304
2026-01-04,28081,SPX,84,600557702.742649
2026-01-04,29420,VIRTUAL,85,594221188.0490395
2026-01-04,2011,XTZ,86,581471440.470649
2026-01-04,10804,FLOKI,87,546530831.8068115
2026-01-04,10603,IMX,88,544580258.5431898
2026-01-04,131,DASH,89,544005803.2748501
2026-01-04,8000,LDO,90,534704425.9072757
2026-01-04,7226,INJ,91,517521724.4409194
2026-01-04,35053,PIPPIN,92,516634994.1885552
2026-01-04,29270,AERO,93,511558100.9734734
2026-01-04,26081,FDUSD,94,505884198.7832623
2026-01-04,29814,ETHFI,95,504825994.6465715
2026-01-04,22861,TIA,96,494854326.7298978
2026-01-04,2563,TUSD,97,493603004.25622034
2026-01-04,4066,CHZ,98,455139330.1573437
2026-01-04,22691,STRK,99,454952423.7244416
2026-01-04,38515,2Z,100,444355718.24716604
2026-01-04,34104,MORPHO,101,435798244.1504179
2026-01-04,6719,GRT,102,434104687.9277795
2026-01-04,1720,IOTA,103,429328154.1870714
2026-01-04,33824,SYRUP,104,428824079.0261476
2026-01-04,3871,AB,105,426370863.40064615
2026-01-04,7334,CFX,106,412492530.25949174
2026-01-04,16086,BTT,107,412181881.575001
2026-01-04,39120,U,108,409714948.07795024
2026-01-04,28752,WIF,109,404436503.91651314
2026-01-04,33597,FARTCOIN,110,399072843.20614046
2026-01-04,13855,ENS,111,397050372.5937019
2026-01-04,5964,TWT,112,394499589.6710068
2026-01-04,28177,PYTH,113,388911896.28736633
2026-01-04,32880,KAIA,114,387271733.77591085
2026-01-04,2394,TEL,115,385941004.7231286
2026-01-04,10529,SUN,116,384932541.6702497
2026-01-04,5488,JST,117,380096969.043337
2026-01-04,36922,H,118,373954115.09496087
2026-01-04,9481,PENDLE,119,372451063.2498362
2026-01-04,3602,BSV,120,371715051.27225333
2026-01-04,1659,GNO,121,367251450.3692699
2026-01-04,20641,EURC,122,363486169.4052062
2026-01-04,9816,NFT,123,363184234.73533386
2026-01-04,7080,GALA,124,349241401.95204824
2026-01-04,26997,ZRO,125,346914822.98857504
2026-01-04,24091,ZK,126,346806522.779733
2026-01-04,36645,XPL,127,345879518.29893506
2026-01-04,8425,JASMY,128,343843871.3096102
2026-01-04,1697,BAT,129,328012584.56416804
2026-01-04,6210,SAND,130,327009742.41596824
2026-01-04,30495,MON,131,311370300.8315225
2026-01-04,37322,VSN,132,308423766.8014188
2026-01-04,1168,DCR,133,302590021.4256319
2026-01-04,8526,RAY,134,302375196.45643926
2026-01-04,2416,THETA,135,300532923.6462374
2026-01-04,38892,STABLE,136,297905363.1359388
2026-01-04,5665,HNT,137,293132420.41689074
2026-01-04,36462,A,138,287097458.0921936
2026-01-04,7326,DEXE,139,281077452.5511352
2026-01-04,30712,MERL,140,275571011.15005124
2026-01-04,1966,MANA,141,275012685.59246165
2026-01-04,1376,NEO,142,271780247.307295
2026-01-04,30636,ZBCN,143,271079220.2339919
2026-01-04,5692,COMP,144,265263366.07076952
2026-01-04,32684,S,145,263261562.08222905
2026-01-04,5632,AR,146,260852922.26869878
2026-01-04,4172,LUNC,147,243439312.04851288
2026-01-04,1455,GLM,148,237173352.3164875
2026-01-04,10508,FLUID,149,234269144.60455805
2026-01-04,10791,XEC,150,233001209.75920796
2026-01-04,30494,EIGEN,151,226821447.82332087
2026-01-04,38482,FF,152,222655498.5143278
2026-01-04,8104,1INCH,153,220624017.0220066
2026-01-04,30986,KMNO,154,218522574.69469357
2026-01-04,36119,WAL,155,217332773.6535631
2026-01-04,2467,TRAC,156,213699777.28713247
2026-01-04,38337,0G,157,211178602.95355728
2026-01-04,4157,RUNE,158,207863962.32725784
2026-01-04,36532,B,159,207258551.35837
2026-01-04,9903,CVX,160,205001031.56929842
2026-01-04,28541,JTO,161,204644852.07956618
2026-01-04,29743,BRETT,162,201766084.7694334
2026-01-04,18679,XCN,163,199201521.75759807
2026-01-04,29587,W,164,198764446.08045256
2026-01-04,33280,CHEEMS,165,197828035.36935586
2026-01-04,35931,ZORA,166,193647528.98771653
2026-01-04,4041,MX,167,190493701.18551326
2026-01-04,33391,DEEP,168,185080803.63461027
2026-01-04,38408,BARD,169,184156080.5941414
2026-01-04,6892,EGLD,170,180377954.75536245
2026-01-04,8119,SFP,171,179666696.98295948
2026-01-04,6945,AMP,172,177678876.670512
2026-01-04,3964,RSR,173,177533747.701104
2026-01-04,4195,FTT,174,174324573.3413042
2026-01-04,7548,WEMIX,175,169275908.4799566
2026-01-04,38828,KITE,176,168099249.87737203
2026-01-04,18876,APE,177,166536878.9535394
2026-01-04,30083,ATH,178,163272178.5808079
2026-01-04,28324,DYDX,179,161621581.01154545
2026-01-04,6783,AXS,180,161350833.73035562
2026-01-04,1698,ZEN,181,161317204.99366206
2026-01-04,2586,SNX,182,158809644.73323068
2026-01-04,4558,FLOW,183,156614584.41488922
2026-01-04,27750,TOSHI,184,155481210.6374314
2026-01-04,3640,LPT,185,154622658.76052195
2026-01-04,28298,BEAM,186,151964339.19773084
2026-01-04,4120,PROM,187,151368318.21548393
2026-01-04,30933,DOG,188,147779844.034487
2026-01-04,1684,QTUM,189,147260816.65298507
2026-01-04,23635,FORM,190,146910970.82950175
2026-01-04,24911,TURBO,191,146308283.9927104
2026-01-04,8290,SUPER,192,144733830.82658365
2026-01-04,38837,BEAT,193,143687371.3275477
2026-01-04,5198,CTC,194,139495595.00416017
2026-01-04,5034,KSM,195,137871791.7656479
2026-01-04,38353,MET,196,136857709.98875815
2026-01-04,7127,VELO,197,136627501.650078
2026-01-04,1785,GAS,198,135504732.7368468
2026-01-04,4948,CKB,199,134200771.18637726
2026-01-04,3822,TFUEL,200,133704762.60826178
2026-01-11,1,BTC,1,1814250898624.289
2026-01-11,1027,ETH,2,376432996180.8622
2026-01-11,825,USDT,3,186696097638.5213
2026-01-11,52,XRP,4,125713603556.59288
2026-01-11,1839,BNB,5,124339395310.0874
2026-01-11,5426,SOL,6,78753485890.2929
2026-01-11,3408,USDC,7,74625599646.4428
2026-01-11,1958,TRX,8,28342411837.831722
2026-01-11,74,DOGE,9,23178253252.87385
2026-01-11,2010,ADA,10,14033722655.938423
2026-01-11,1831,BCH,11,12942402847.047215
2026-01-11,328,XMR,12,10303010820.94771
2026-01-11,1975,LINK,13,9328632946.028576
2026-01-11,3957,LEO,14,8383198971.350316
2026-01-11,32196,HYPE,15,8275116437.640544
2026-01-11,512,XLM,16,7266793459.583934
2026-01-11,20947,SUI,17,6798247354.823541
2026-01-11,29470,USDe,18,6341353472.811654
2026-01-11,1437,ZEC,19,6274196652.950121
2026-01-11,2,LTC,20,6037666297.483914
2026-01-11,5805,AVAX,21,5885403421.640806
2026-01-11,37263,CC,22,5511225124.442999
2026-01-11,4943,DAI,23,5363644766.091585
2026-01-11,4642,HBAR,24,5015524545.466625
2026-01-11,5994,SHIB,25,4975783107.869576
2026-01-11,33251,WLFI,26,4435488923.3660145
2026-01-11,11419,TON,27,4228120918.6183457
2026-01-11,3635,CRO,28,3868748602.7517796
2026-01-11,27772,PYUSD,29,3680955655.3881783
2026-01-11,7083,UNI,30,3456709013.8783317
2026-01-11,6636,DOT,31,3417822417.362106
2026-01-11,36148,USD1,32,3402553156.947091
2026-01-11,27075,MNT,33,3196913408.9170523
2026-01-11,22974,TAO,34,3032676303.757217
2026-01-11,7278,AAVE,35,2564295403.674908
2026-01-11,11092,BGB,36,2453451877.833963
2026-01-11,24478,PEPE,37,2437012969.6134367
2026-01-11,3897,OKB,38,2327405513.2089996
2026-01-11,6535,NEAR,39,2184436229.34194
2026-01-11,35491,M,40,2072749652.7476418
2026-01-11,1321,ETC,41,1914338090.5793517
2026-01-11,5176,XAUt,42,1853668380.9045453
2026-01-11,30171,ENA,43,1813864348.2782142
2026-01-11,36341,ASTER,44,1780779392.9255211
2026-01-11,35697,PI,45,1749700211.8258746
2026-01-11,4705,PAXG,46,1735579143.1059155
2026-01-11,28321,POL,47,1733806587.3662996
2026-01-11,8916,ICP,48,1717980894.4738793
2026-01-11,13502,WLD,49,1541518478.9239886
2026-01-11,33793,USDG,50,1533505402.0677776
2026-01-11,2087,KCS,51,1439961652.57389
2026-01-11,36410,MYX,52,1399561295.6317039
2026-01-11,33038,SKY,53,1350534158.9776692
2026-01-11,5690,RENDER,54,1342748483.7077706
2026-01-11,34387,RLUSD,55,1335723785.1886566
2026-01-11,21794,APT,56,1328616222.954706
2026-01-11,20396,KAS,57,1266470060.1077015
2026-01-11,21159,ONDO,58,1258316624.2081578
2026-01-11,3794,ATOM,59,1252064572.8355553
2026-01-11,4030,ALGO,60,1168319935.0266025
2026-01-11,39064,NIGHT,61,1168202959.837527
2026-01-11,11841,ARB,62,1165207858.195311
2026-01-11,35336,TRUMP,63,1086998669.886034
2026-01-11,2280,FIL,64,1067719677.954083
2026-01-11,3077,VET,65,988462156.1636462
2026-01-11,19891,USDD,66,934147832.9461015
2026-01-11,23095,BONK,67,918300569.3426024
2026-01-11,7950,FLR,68,917046353.3798409
2026-01-11,2634,XDC,69,905345370.250081
2026-01-11,3155,QNT,70,896046513.2792958
2026-01-11,36507,PUMP,71,846899559.2133574
2026-01-11,4269,GT,72,803689337.5440539
2026-01-11,23149,SEI,73,783082661.4127626
2026-01-11,35626,IP,74,781832778.0471139
2026-01-11,34466,PENGU,75,755657450.4519618
2026-01-11,4847,STX,76,693682957.3471938
2026-01-11,29420,VIRTUAL,77,683209785.1036007
2026-01-11,29210,JUP,78,677586695.7381064
2026-01-11,3773,FET,79,674613647.2073362
2026-01-11,7186,CAKE,80,668011102.4640502
2026-01-11,39125,LIT,81,649939007.8980162
2026-01-11,2694,NEXO,82,618529158.3795491
2026-01-11,11840,OP,83,612238826.8950318
2026-01-11,2011,XTZ,84,609531736.5797758
2026-01-11,6538,CRV,85,580376239.9747903
2026-01-11,28081,SPX,86,540208506.7591022
2026-01-11,8000,LDO,87,532642589.7308274
2026-01-11,10603,IMX,88,532169938.0786988
2026-01-11,7226,INJ,89,517006984.3606425
2026-01-11,29270,AERO,90,504806702.45571864
2026-01-11,4066,CHZ,91,496484365.8852585
2026-01-11,26081,FDUSD,92,495734972.9862088
2026-01-11,2563,TUSD,93,493148442.2655132
2026-01-11,34104,MORPHO,94,488254248.4593029
2026-01-11,10804,FLOKI,95,486531048.8672015
2026-01-11,29814,ETHFI,96,483828289.08216685
2026-01-11,22861,TIA,97,472528811.55216396
2026-01-11,131,DASH,98,466713329.6366882
2026-01-11,33824,SYRUP,99,459486258.03094256
2026-01-11,6719,GRT,100,444165366.72333044
2026-01-11,8425,JASMY,101,441476777.047554
2026-01-11,3871,AB,102,428176140.6842718
2026-01-11,1720,IOTA,103,416717580.0617125
2026-01-11,16086,BTT,104,412001367.5691011
2026-01-11,22691,STRK,105,410321197.06581855
2026-01-11,39120,U,106,409318971.0185454
2026-01-11,38515,2Z,107,401167588.6093087
2026-01-11,10529,SUN,108,396778343.0439014
2026-01-11,32880,KAIA,109,395568820.49387294
2026-01-11,13855,ENS,110,392361181.3379664
2026-01-11,7334,CFX,111,389509031.81964797
2026-01-11,3602,BSV,112,385513078.80065954
2026-01-11,36922,H,113,382259552.8115642
2026-01-11,28177,PYTH,114,380893113.2227201
2026-01-11,28752,WIF,115,375267139.5507993
2026-01-11,33597,FARTCOIN,116,374477650.89073265
2026-01-11,5964,TWT,117,374049419.55774766
2026-01-11,5488,JST,118,372044049.34853274
2026-01-11,9481,PENDLE,119,370226701.7170862
2026-01-11,1659,GNO,120,368749261.1568141
2026-01-11,26997,ZRO,121,368198555.50068635
2026-01-11,9816,NFT,122,368103445.13173795
2026-01-11,2394,TEL,123,361377013.8073217
2026-01-11,24091,ZK,124,360577967.38527477
2026-01-11,20641,EURC,125,357857128.7880678
2026-01-11,18679,XCN,126,348952433.16234285
2026-01-11,35053,PIPPIN,127,342802816.5639472
2026-01-11,7080,GALA,128,328366756.34486496
2026-01-11,8526,RAY,129,320755354.3938906
2026-01-11,6210,SAND,130,310984788.55106974
2026-01-11,37322,VSN,131,304593021.1016138
2026-01-11,1455,GLM,132,302186689.155768
2026-01-11,7326,DEXE,133,296822291.5350775
2026-01-11,36645,XPL,134,295620662.8281055
2026-01-11,2416,THETA,135,294699548.4932803
2026-01-11,1697,BAT,136,292384963.5319205
2026-01-11,30712,MERL,137,282187999.7272804
2026-01-11,36462,A,138,275427885.568289
2026-01-11,1168,DCR,139,275306581.2388724
2026-01-11,1966,MANA,140,275153741.4489629
2026-01-11,30636,ZBCN,141,273551289.6397903
2026-01-11,1376,NEO,142,271213346.3461241
2026-01-11,5692,COMP,143,260678005.41742867
2026-01-11,5665,HNT,144,260664258.10570025
2026-01-11,30495,MON,145,257905983.235342
2026-01-11,33391,DEEP,146,257007674.86285183
2026-01-11,38892,STABLE,147,256089345.38251415
2026-01-11,32684,S,148,242499662.65842372
2026-01-11,5632,AR,149,242172772.87466404
2026-01-11,10508,FLUID,150,234330699.8620339
2026-01-11,36532,B,151,232556419.8241007
2026-01-11,4172,LUNC,152,231988472.1241718
2026-01-11,10791,XEC,153,228454108.8472255
2026-01-11,36119,WAL,154,226363037.75736684
2026-01-11,30494,EIGEN,155,219454762.48598737
2026-01-11,8104,1INCH,156,211374461.40768486
2026-01-11,30986,KMNO,157,209329331.53654137
2026-01-11,2467,TRAC,158,209142516.59342906
2026-01-11,38482,FF,159,206279136.4305732
2026-01-11,4157,RUNE,160,200221824.54213586
2026-01-11,9903,CVX,161,193858236.22905606
2026-01-11,29587,W,162,192463624.3781909
2026-01-11,4041,MX,163,191469702.04864314
2026-01-11,28541,JTO,164,187761096.47111326
2026-01-11,33280,CHEEMS,165,187615181.04357165
2026-01-11,38337,0G,166,186762030.13227567
2026-01-11,6945,AMP,167,184044365.78874964
2026-01-11,6892,EGLD,168,180819429.30054083
2026-01-11,38408,BARD,169,178427634.5633591
2026-01-11,8119,SFP,170,177064045.9663146
2026-01-11,29743,BRETT,171,173925490.90970305
2026-01-11,35931,ZORA,172,172745978.97087827
2026-01-11,30083,ATH,173,169242829.219043
2026-01-11,4195,FTT,174,165434123.9501727
2026-01-11,7548,WEMIX,175,164386691.58014023
2026-01-11,28324,DYDX,176,164325543.4530853
2026-01-11,3964,RSR,177,163895141.76539832
2026-01-11,38828,KITE,178,161890329.02500626
2026-01-11,6783,AXS,179,160221519.46646252
2026-01-11,2586,SNX,180,160050020.229673
2026-01-11,18876,APE,181,156385063.10895115
2026-01-11,1698,ZEN,182,154628328.571755
2026-01-11,4558,FLOW,183,153751253.4447817
2026-01-11,23635,FORM,184,152585093.1962212
2026-01-11,3640,LPT,185,152527391.20331112
2026-01-11,1684,QTUM,186,152039025.88958034
2026-01-11,35347,MELANIA,187,150429316.93339258
2026-01-11,28298,BEAM,188,150350672.45710614
2026-01-11,38590,币安人生,189,150150032.21729514
2026-01-11,5198,CTC,190,147643503.06491956
2026-01-11,30933,DOG,191,147319425.1279007
2026-01-11,7431,AKT,192,145758006.93213016
2026-01-11,27750,TOSHI,193,142235443.65230063
2026-01-11,36542,SOON,194,140790691.63450214
2026-01-11,3822,TFUEL,195,140504508.4092399
2026-01-11,35763,KAITO,196,138963675.86257103
2026-01-11,8290,SUPER,197,136610148.68835703
2026-01-11,1785,GAS,198,135859746.01486817
2026-01-11,4120,PROM,199,134049130.66823073
2026-01-11,9104,AIOZ,200,132890411.92995965
2026-01-18,1,BTC,1,1870599373952.043
2026-01-18,1027,ETH,2,396017955631.4347
2026-01-18,825,USDT,3,186924479079.46725
2026-01-18,1839,BNB,4,127169188810.0307
2026-01-18,52,XRP,5,121132700576.02036
2026-01-18,5426,SOL,6,78048147027.70985
2026-01-18,3408,USDC,7,75961864047.16628
2026-01-18,1958,TRX,8,30092600612.15667
2026-01-18,74,DOGE,9,22168020810.452843
2026-01-18,2010,ADA,10,13510314574.404526
2026-01-18,1831,BCH,11,11825268641.82378
2026-01-18,328,XMR,12,10572634469.291084
2026-01-18,1975,LINK,13,9438919747.62815
2026-01-18,3957,LEO,14,8486661092.944243
2026-01-18,32196,HYPE,15,7407808440.63049
2026-01-18,512,XLM,16,7072941057.0388155
2026-01-18,29470,USDe,17,6470748800.023625
2026-01-18,20947,SUI,18,6440593756.899552
2026-01-18,1437,ZEC,19,6227176863.393391
2026-01-18,5805,AVAX,20,5600635330.771383
2026-01-18,2,LTC,21,5545894652.55655
2026-01-18,4943,DAI,22,5363557965.400731
2026-01-18,4642,HBAR,23,4791855753.900834
2026-01-18,5994,SHIB,24,4776616360.528117
2026-01-18,37263,CC,25,4472167081.944228
2026-01-18,33251,WLFI,26,4435210446.372615
2026-01-18,11419,TON,27,4051084633.9260345
2026-01-18,3635,CRO,28,3924785006.853464
2026-01-18,27772,PYUSD,29,3718432270.387556
2026-01-18,6636,DOT,30,3425263070.0676365
2026-01-18,36148,USD1,31,3393653459.3965564
2026-01-18,7083,UNI,32,3242141754.651127
2026-01-18,27075,MNT,33,3082678831.55081
2026-01-18,22974,TAO,34,2780257582.3145657
2026-01-18,11092,BGB,35,2642236732.519135
2026-01-18,7278,AAVE,36,2590208927.8688164
2026-01-18,3897,OKB,37,2361318511.7197685
2026-01-18,24478,PEPE,38,2265559569.257739
2026-01-18,8916,ICP,39,2135019298.4035459
2026-01-18,6535,NEAR,40,2097981471.028218
2026-01-18,35491,M,41,1971214312.59153
2026-01-18,5176,XAUt,42,1910809858.1968458
2026-01-18,1321,ETC,43,1900698825.060364
2026-01-18,4705,PAXG,44,1795863720.5388525
2026-01-18,36341,ASTER,45,1766961112.5302782
2026-01-18,21159,ONDO,46,1730770538.7959304
2026-01-18,35697,PI,47,1678054371.867016
2026-01-18,30171,ENA,48,1649339647.6022038
2026-01-18,33793,USDG,49,1600460322.4801044
2026-01-18,2087,KCS,50,1504196370.9262245
2026-01-18,33038,SKY,51,1467452595.3685367
2026-01-18,28321,POL,52,1458082568.9694896
2026-01-18,13502,WLD,53,1407700028.84751
2026-01-18,36410,MYX,54,1344090933.9098747
2026-01-18,34387,RLUSD,55,1335816891.505978
2026-01-18,21794,APT,56,1321800264.406244
2026-01-18,11841,ARB,57,1204639420.8655167
2026-01-18,3794,ATOM,58,1185934731.3532255
2026-01-18,4269,GT,59,1177483762.6416278
2026-01-18,20396,KAS,60,1158779109.1865947
2026-01-18,19891,USDD,61,1121515130.2322054
2026-01-18,4030,ALGO,62,1088150784.42602
2026-01-18,5690,RENDER,63,1076762337.6754346
2026-01-18,2280,FIL,64,1071257947.9017712
2026-01-18,35336,TRUMP,65,1017775086.754179
2026-01-18,131,DASH,66,992675716.4650397
2026-01-18,35626,IP,67,962289156.9361475
2026-01-18,3155,QNT,68,957276031.4180918
2026-01-18,3077,VET,69,950649398.663388
2026-01-18,39064,NIGHT,70,943399673.8959581
2026-01-18,36507,PUMP,71,920752839.8324671
2026-01-18,7950,FLR,72,870477466.4085809
2026-01-18,23095,BONK,73,848431921.4624836
2026-01-18,2634,XDC,74,801660812.8555442
2026-01-18,23149,SEI,75,758620500.5988352
2026-01-18,7186,CAKE,76,708454827.2395948
2026-01-18,34466,PENGU,77,673129789.5039195
2026-01-18,29210,JUP,78,666607879.7166653
2026-01-18,11840,OP,79,630501888.9243784
2026-01-18,2011,XTZ,80,626438333.0322605
2026-01-18,2694,NEXO,81,622842820.8723719
2026-01-18,4847,STX,82,622680371.542556
2026-01-18,4066,CHZ,83,611367308.4519444
2026-01-18,6538,CRV,84,585172050.6199578
2026-01-18,3773,FET,85,582557571.2904794
2026-01-18,39120,U,86,574770637.9889772
2026-01-18,29420,VIRTUAL,87,573297868.4070109
2026-01-18,10603,IMX,88,546636124.9657615
2026-01-18,26081,FDUSD,89,503111783.257713
2026-01-18,34104,MORPHO,90,497928528.9780957
2026-01-18,2563,TUSD,91,494336825.73778665
2026-01-18,7226,INJ,92,491868027.8406349
2026-01-18,8000,LDO,93,491170860.3028971
2026-01-18,29814,ETHFI,94,485683466.4706262
2026-01-18,28081,SPX,95,485057707.68611264
2026-01-18,26997,ZRO,96,472095183.4315757
2026-01-18,29270,AERO,97,471216677.8250172
2026-01-18,22861,TIA,98,462087826.6105049
2026-01-18,39125,LIT,99,451266873.97427976
2026-01-18,10804,FLOKI,100,446475123.1949049
2026-01-18,38515,2Z,101,445443750.56701154
2026-01-18,6719,GRT,102,431633916.5181777
2026-01-18,22691,STRK,103,431214063.44799304
2026-01-18,3871,AB,104,422531560.60523313
2026-01-18,36922,H,105,420479936.0010034
2026-01-18,16086,BTT,106,409122572.99597603
2026-01-18,10529,SUN,107,403475195.5249966
2026-01-18,5964,TWT,108,403423838.74229246
2026-01-18,33824,SYRUP,109,399987761.2498807
2026-01-18,1168,DCR,110,395992551.80847234
2026-01-18,7334,CFX,111,395105857.10712314
2026-01-18,1659,GNO,112,389824080.929856
2026-01-18,8425,JASMY,113,384872876.81779087
2026-01-18,3602,BSV,114,383712034.92228144
2026-01-18,13855,ENS,115,381284101.98438203
2026-01-18,6210,SAND,116,379737191.5985816
2026-01-18,1720,IOTA,117,374277233.0559069
2026-01-18,9816,NFT,118,357730669.4685319
2026-01-18,24091,ZK,119,356739808.13192374
2026-01-18,28177,PYTH,120,356691478.1729566
2026-01-18,20641,EURC,121,354479091.0632234
2026-01-18,5488,JST,122,352560334.03354084
2026-01-18,28752,WIF,123,351654714.9161066
2026-01-18,2394,TEL,124,350378385.8695115
2026-01-18,32880,KAIA,125,344208570.38150436
2026-01-18,7080,GALA,126,337700387.4169235
2026-01-18,9481,PENDLE,127,334305522.4021031
2026-01-18,35053,PIPPIN,128,328657045.7442201
2026-01-18,33597,FARTCOIN,129,327833915.44593924
2026-01-18,30636,ZBCN,130,321469608.11849564
2026-01-18,2416,THETA,131,320985733.8847482
2026-01-18,6783,AXS,132,316137166.625337
2026-01-18,1697,BAT,133,303340564.55174947
2026-01-18,1966,MANA,134,301760402.22336936
2026-01-18,18679,XCN,135,292744769.18666834
2026-01-18,38892,STABLE,136,292110938.94444567
2026-01-18,8526,RAY,137,286429790.4655268
2026-01-18,1376,NEO,138,273063521.6886334
2026-01-18,7326,DEXE,139,265544991.6282813
2026-01-18,5692,COMP,140,258025073.27751517
2026-01-18,10508,FLUID,141,253998725.81094813
2026-01-18,5632,AR,142,253781551.7022918
2026-01-18,5665,HNT,143,250765161.09575966
2026-01-18,30712,MERL,144,248505914.65485123
2026-01-18,36119,WAL,145,241631723.96136618
2026-01-18,1455,GLM,146,240075783.3418011
2026-01-18,36645,XPL,147,238722151.52028996
2026-01-18,37322,VSN,148,238284164.21431562
2026-01-18,30495,MON,149,236751312.67037582
2026-01-18,4157,RUNE,150,225982838.72721255
2026-01-18,10791,XEC,151,225106456.46739125
2026-01-18,38590,币安人生,152,224961136.5010518
2026-01-18,32684,S,153,224154367.6054439
2026-01-18,4172,LUNC,154,217861597.90561903
2026-01-18,9903,CVX,155,217211199.01581383
2026-01-18,36532,B,156,212375992.0793448
2026-01-18,8104,1INCH,157,212211207.44932026
2026-01-18,2467,TRAC,158,211802541.8805953
2026-01-18,33391,DEEP,159,208792671.92831042
2026-01-18,1698,ZEN,160,206248158.13621548
2026-01-18,30494,EIGEN,161,200459610.46339795
2026-01-18,36462,A,162,196050091.38122052
2026-01-18,30986,KMNO,163,191992325.9468009
2026-01-18,38482,FF,164,188205106.00454497
2026-01-18,6892,EGLD,165,187737125.81350932
2026-01-18,6945,AMP,166,185771434.04078203
2026-01-18,4041,MX,167,184754845.7700924
2026-01-18,29587,W,168,182342063.4640791
2026-01-18,38337,0G,169,181633344.10045487
2026-01-18,8119,SFP,170,179723714.8848582
2026-01-18,38408,BARD,171,171764057.41490445
2026-01-18,33280,CHEEMS,172,170753946.2905899
2026-01-18,4195,FTT,173,167808432.3207488
2026-01-18,38828,KITE,174,167221271.74489158
2026-01-18,28541,JTO,175,160497165.0463868
2026-01-18,18876,APE,176,160067402.31548622
2026-01-18,3964,RSR,177,158420161.19478717
2026-01-18,30083,ATH,178,157813723.44609275
2026-01-18,35347,MELANIA,179,156984358.7815344
2026-01-18,2586,SNX,180,156461240.84594983
2026-01-18,28298,BEAM,181,154506022.3101296
2026-01-18,29743,BRETT,182,152278998.9380358
2026-01-18,28324,DYDX,183,151488769.06370854
2026-01-18,3640,LPT,184,151211689.1401103
2026-01-18,35931,ZORA,185,151046799.38643333
2026-01-18,4558,FLOW,186,148116187.88006756
2026-01-18,1684,QTUM,187,147902395.23297542
2026-01-18,38353,MET,188,146192875.77265012
2026-01-18,7548,WEMIX,189,142246404.4149801
2026-01-18,3822,TFUEL,190,140270742.15550554
2026-01-18,23635,FORM,191,138009380.4437928
2026-01-18,30933,DOG,192,137339026.6457086
2026-01-18,5198,CTC,193,137189608.3690986
2026-01-18,8290,SUPER,194,135269519.4423608
2026-01-18,23254,CORE,195,135122720.7500679
2026-01-18,19269,COW,196,134908441.54400966
2026-01-18,21585,SAFE,197,132867631.68261506
2026-01-18,1785,GAS,198,131882844.33020933
2026-01-18,5034,KSM,199,129062501.30149546
2026-01-18,7431,AKT,200,127520146.02073544
2026-01-25,1,BTC,1,1729763940105.7124
2026-01-25,1027,ETH,2,339863688334.43036
2026-01-25,825,USDT,3,186673888977.05927
2026-01-25,1839,BNB,4,117914515804.10359
2026-01-25,52,XRP,5,111545550273.88106
2026-01-25,3408,USDC,6,72411330610.04187
2026-01-25,5426,SOL,7,67219284977.5963
2026-01-25,1958,TRX,8,27984624433.082844
2026-01-25,74,DOGE,9,20098419070.698944
2026-01-25,2010,ADA,10,12206935279.126516
2026-01-25,1831,BCH,11,11415354419.262873
2026-01-25,3957,LEO,12,8303787671.644122
2026-01-25,328,XMR,13,8288386812.132904
2026-01-25,1975,LINK,14,8147071248.941121
2026-01-25,32196,HYPE,15,6689355773.979444
2026-01-25,29470,USDe,16,6588910216.168964
2026-01-25,512,XLM,17,6583208175.048713
2026-01-25,1437,ZEC,18,5432672470.598378
2026-01-25,4943,DAI,19,5363661766.51676
2026-01-25,37263,CC,20,5346410889.94105
2026-01-25,20947,SUI,21,5304066528.740239
2026-01-25,2,LTC,22,5157317758.164534
2026-01-25,5805,AVAX,23,4953046250.900605
2026-01-25,36148,USD1,24,4906542801.003768
2026-01-25,33251,WLFI,25,4432316794.93605
2026-01-25,5994,SHIB,26,4422122676.04887
2026-01-25,4642,HBAR,27,4412349419.509997
2026-01-25,27772,PYUSD,28,3748784317.9179997
2026-01-25,11419,TON,29,3660762002.489946
2026-01-25,3635,CRO,30,3546004560.2203727
2026-01-25,6636,DOT,31,3021694832.209109
2026-01-25,7083,UNI,32,2940210454.1809993
2026-01-25,27075,MNT,33,2757952007.954408
2026-01-25,11092,BGB,34,2494900085.893252
2026-01-25,22974,TAO,35,2378393920.2325163
2026-01-25,7278,AAVE,36,2263246067.590076
2026-01-25,5176,XAUt,37,2217864628.0191727
2026-01-25,3897,OKB,38,2132246070.0970914
2026-01-25,35491,M,39,2058643225.182838
2026-01-25,4705,PAXG,40,2038132836.9379053
2026-01-25,24478,PEPE,41,1946763261.7286298
2026-01-25,6535,NEAR,42,1843652994.4614563
2026-01-25,8916,ICP,43,1770128033.0314207
2026-01-25,1321,ETC,44,1726902841.0657744
2026-01-25,33793,USDG,45,1594014465.8072705
2026-01-25,21159,ONDO,46,1570552480.1360333
2026-01-25,36341,ASTER,47,1556060005.0261798
2026-01-25,36410,MYX,48,1475087465.0372355
2026-01-25,33038,SKY,49,1468992521.450267
2026-01-25,35697,PI,50,1450135838.8263466
2026-01-25,2087,KCS,51,1380891996.4491813
2026-01-25,34387,RLUSD,52,1335841912.7930026
2026-01-25,30171,ENA,53,1295884497.9785008
2026-01-25,28321,POL,54,1252210512.1366003
2026-01-25,13502,WLD,55,1219802194.0305352
2026-01-25,21794,APT,56,1137088623.7254708
2026-01-25,4269,GT,57,1105892979.12533
2026-01-25,3794,ATOM,58,1094518819.8114963
2026-01-25,19891,USDD,59,1092564016.4143147
2026-01-25,20396,KAS,60,1074067150.828499
2026-01-25,4030,ALGO,61,1015043676.6417533
2026-01-25,11841,ARB,62,973631750.502115
2026-01-25,5690,RENDER,63,971480438.8454093
2026-01-25,35336,TRUMP,64,950859313.543436
2026-01-25,39064,NIGHT,65,946728005.2960722
2026-01-25,2280,FIL,66,925418596.899309
2026-01-25,3155,QNT,67,885712901.147045
2026-01-25,36507,PUMP,68,871378512.8337405
2026-01-25,3077,VET,69,850102129.6475226
2026-01-25,7950,FLR,70,843043400.4069197
2026-01-25,2634,XDC,71,749313318.7687144
2026-01-25,35626,IP,72,745059195.9911765
2026-01-25,23095,BONK,73,741198933.0445925
2026-01-25,131,DASH,74,740836345.5106868
2026-01-25,39120,U,75,734077998.3962094
2026-01-25,23149,SEI,76,680262421.2457178
2026-01-25,7186,CAKE,77,618684190.6894559
2026-01-25,2011,XTZ,78,603550806.9162349
2026-01-25,29210,JUP,79,592751703.7790451
2026-01-25,2694,NEXO,80,577828185.0780537
2026-01-25,34466,PENGU,81,577819281.7950864
2026-01-25,11840,OP,82,556353715.3031675
2026-01-25,26997,ZRO,83,544927897.6513633
2026-01-25,4847,STX,84,511597923.55844903
2026-01-25,4066,CHZ,85,508195749.54367995
2026-01-25,26081,FDUSD,86,503265984.89696836
2026-01-25,29420,VIRTUAL,87,502131978.4178134
2026-01-25,6538,CRV,88,501426047.3798963
2026-01-25,3773,FET,89,501321835.6685609
2026-01-25,2563,TUSD,90,493938250.0244587
2026-01-25,32880,KAIA,91,493305286.17564595
2026-01-25,10603,IMX,92,457679167.02214575
2026-01-25,34104,MORPHO,93,433181863.14471203
2026-01-25,7226,INJ,94,428056571.5935083
2026-01-25,38515,2Z,95,422207368.51750255
2026-01-25,8000,LDO,96,419089626.4711879
2026-01-25,29270,AERO,97,405135841.7933253
2026-01-25,3871,AB,98,403683767.51730376
2026-01-25,29814,ETHFI,99,397200968.0454149
2026-01-25,10529,SUN,100,395812480.14626133
2026-01-25,39125,LIT,101,393724771.20476806
2026-01-25,16086,BTT,102,392819345.97236115
2026-01-25,5488,JST,103,387275610.5199276
2026-01-25,10804,FLOKI,104,386119127.58614796
2026-01-25,36922,H,105,374025788.25557774
2026-01-25,6719,GRT,106,372971718.01349777
2026-01-25,22861,TIA,107,372726796.3821698
2026-01-25,20641,EURC,108,365431426.3498455
2026-01-25,5964,TWT,109,361928881.64554155
2026-01-25,38892,STABLE,110,359790469.0917658
2026-01-25,9816,NFT,111,354609292.85361016
2026-01-25,33824,SYRUP,112,354560509.1307543
2026-01-25,1720,IOTA,113,353874202.19008094
2026-01-25,1659,GNO,114,351499468.4199422
2026-01-25,22691,STRK,115,349034101.27633
2026-01-25,3602,BSV,116,348159084.8079834
2026-01-25,7334,CFX,117,346079481.0666012
2026-01-25,6210,SAND,118,345816761.174399
2026-01-25,6783,AXS,119,342711318.627114
2026-01-25,8425,JASMY,120,333759992.4355
2026-01-25,2394,TEL,121,333496065.80393106
2026-01-25,28081,SPX,122,332172342.84816146
2026-01-25,13855,ENS,123,329222011.7850512
2026-01-25,28177,PYTH,124,324471754.2647837
2026-01-25,28752,WIF,125,317503143.0130093
2026-01-25,35053,PIPPIN,126,313602979.5585122
2026-01-25,9481,PENDLE,127,312974551.0672365
2026-01-25,1168,DCR,128,301011863.8083949
2026-01-25,7080,GALA,129,279782966.15644354
2026-01-25,1966,MANA,130,277837256.9873186
2026-01-25,33597,FARTCOIN,131,275664590.3800587
2026-01-25,2416,THETA,132,272549387.134181
2026-01-25,30636,ZBCN,133,270410245.2447196
2026-01-25,7326,DEXE,134,255203149.31181598
2026-01-25,8526,RAY,135,253014689.99044666
2026-01-25,1697,BAT,136,249156583.89603874
2026-01-25,1376,NEO,137,242536920.34913316
2026-01-25,24091,ZK,138,238940420.20741972
2026-01-25,5692,COMP,139,235357659.52163014
2026-01-25,10508,FLUID,140,231475463.83808154
2026-01-25,18679,XCN,141,230015815.14226738
2026-01-25,1455,GLM,142,218326898.28649545
2026-01-25,5632,AR,143,217540267.64435965
2026-01-25,38828,KITE,144,214838881.98583484
2026-01-25,36645,XPL,145,213405567.2385233
2026-01-25,5665,HNT,146,210516527.34770352
2026-01-25,9903,CVX,147,207828051.31244522
2026-01-25,38482,FF,148,206294198.83870128
2026-01-25,10791,XEC,149,200924262.8030548
2026-01-25,4172,LUNC,150,199074035.62719324
2026-01-25,36532,B,151,198766507.68830618
2026-01-25,4157,RUNE,152,193695686.51731375
2026-01-25,30495,MON,153,192751565.77845848
2026-01-25,38868,SENT,154,190730544.27511477
2026-01-25,32684,S,155,189725723.7031413
2026-01-25,8104,1INCH,156,189190156.05809554
2026-01-25,36119,WAL,157,189139473.12890813
2026-01-25,38337,0G,158,188808065.81950584
2026-01-25,2467,TRAC,159,183647309.46768534
2026-01-25,37322,VSN,160,181273881.31612465
2026-01-25,4041,MX,161,179230502.13336888
2026-01-25,36462,A,162,177862341.768464
2026-01-25,33391,DEEP,163,175329339.93425018
2026-01-25,38408,BARD,164,173739953.59518993
2026-01-25,8119,SFP,165,173105749.11848935
2026-01-25,30494,EIGEN,166,171541227.7700046
2026-01-25,30986,KMNO,167,166280785.64737642
2026-01-25,6892,EGLD,168,163019925.8813116
2026-01-25,7548,WEMIX,169,162764757.80740237
2026-01-25,6945,AMP,170,161230581.72014448
2026-01-25,1698,ZEN,171,158679298.8926212
2026-01-25,38590,币安人生,172,153698993.05418366
2026-01-25,35347,MELANIA,173,152665530.9075806
2026-01-25,33280,CHEEMS,174,152258267.6747232
2026-01-25,3640,LPT,175,150927261.79567474
2026-01-25,29587,W,176,149102554.12480953
2026-01-25,30083,ATH,177,140802995.13620785
2026-01-25,3964,RSR,178,137830629.82837522
2026-01-25,28298,BEAM,179,137762116.3842375
2026-01-25,7653,ROSE,180,136996112.91520944
2026-01-25,2586,SNX,181,136429370.6353165
2026-01-25,35931,ZORA,182,135229067.05452466
2026-01-25,38356,FOGO,183,132364809.53760792
2026-01-25,28541,JTO,184,132299116.1688032
2026-01-25,5198,CTC,185,131209068.03934042
2026-01-25,18876,APE,186,130928356.12301864
2026-01-25,28324,DYDX,187,130532875.30531576
2026-01-25,4195,FTT,188,130068528.9037999
2026-01-25,1684,QTUM,189,129519186.853601
2026-01-25,3822,TFUEL,190,127541039.53676933
2026-01-25,29743,BRETT,191,125198096.09481502
2026-01-25,39377,SKR,192,121532042.79638053
2026-01-25,4558,FLOW,193,120878337.33705881
2026-01-25,8290,SUPER,194,120377977.00917563
2026-01-25,38353,MET,195,119904409.883376
2026-01-25,27750,TOSHI,196,118260740.29658581
2026-01-25,7431,AKT,197,118166861.90369809
2026-01-25,1785,GAS,198,117994069.92706317
2026-01-25,30712,MERL,199,116194330.0111816
2026-01-25,23635,FORM,200,115997272.42547011
2026-02-01,1,BTC,1,1538153813425.367
2026-02-01,1027,ETH,2,273729186245.6907
2026-02-01,825,USDT,3,185208104041.87643
2026-02-01,1839,BNB,4,103423248457.9898
2026-02-01,52,XRP,5,96838293390.37267
2026-02-01,3408,USDC,6,70395706231.63776
2026-02-01,5426,SOL,7,57124864203.21765
2026-02-01,1958,TRX,8,26955420581.513607
2026-02-01,74,DOGE,9,17588877218.084297
2026-02-01,1831,BCH,10,10312466472.126234
2026-02-01,2010,ADA,11,10310348955.615702
2026-02-01,32196,HYPE,12,9267467577.691261
2026-02-01,3957,LEO,13,7734525824.39169
2026-02-01,328,XMR,14,7469999531.655236
2026-02-01,1975,LINK,15,6663709881.094402
2026-02-01,37263,CC,16,6639485530.098038
2026-02-01,29470,USDe,17,6556073858.721306
2026-02-01,512,XLM,18,5694823448.887726
2026-02-01,4943,DAI,19,5363492010.814262
2026-02-01,1437,ZEC,20,5040036989.527664
2026-02-01,36148,USD1,21,4988411455.26205
2026-02-01,2,LTC,22,4491573354.342581
2026-02-01,5805,AVAX,23,4280290574.0136704
2026-02-01,20947,SUI,24,4243956283.1650887
2026-02-01,5994,SHIB,25,3905523963.2655497
2026-02-01,4642,HBAR,26,3814623413.3014674
2026-02-01,27772,PYUSD,27,3596237455.901519
2026-02-01,33251,WLFI,28,3474495471.5261097
2026-02-01,11419,TON,29,3255248698.953816
2026-02-01,3635,CRO,30,3125249753.8280253
2026-02-01,6636,DOT,31,2486458022.964246
2026-02-01,7083,UNI,32,2439010901.1445827
2026-02-01,5176,XAUt,33,2318826442.3133492
2026-02-01,27075,MNT,34,2228112999.9449515
2026-02-01,11092,BGB,35,2130265713.8825784
2026-02-01,4705,PAXG,36,2066517017.80001
2026-02-01,22974,TAO,37,2005846693.875747
2026-02-01,7278,AAVE,38,1903666580.490886
2026-02-01,3897,OKB,39,1843750574.52172
2026-02-01,24478,PEPE,40,1722719847.7046857
2026-02-01,35491,M,41,1662364017.7768393
2026-02-01,33793,USDG,42,1578326658.8529463
2026-02-01,6535,NEAR,43,1508699441.2157378
2026-02-01,1321,ETC,44,1478345371.0406466
2026-02-01,8916,ICP,45,1436612276.1320448
2026-02-01,33038,SKY,46,1408028024.1671124
2026-02-01,36341,ASTER,47,1379879039.9213548
2026-02-01,35697,PI,48,1355798777.43803
2026-02-01,21159,ONDO,49,1338955935.85933
2026-02-01,34387,RLUSD,50,1336291103.1949446
2026-02-01,36410,MYX,51,1326767811.7365336
2026-02-01,2087,KCS,52,1175354098.23506
2026-02-01,13502,WLD,53,1092390189.7812898
2026-02-01,28321,POL,54,1088536699.056017
2026-02-01,30171,ENA,55,1087535133.5990152
2026-02-01,19891,USDD,56,1058549431.3467091
2026-02-01,35336,TRUMP,57,961513913.7273527
2026-02-01,21794,APT,58,947123045.3907727
2026-02-01,4269,GT,59,942512247.0875633
2026-02-01,3794,ATOM,60,938703090.1089526
2026-02-01,36507,PUMP,61,906020650.1960231
2026-02-01,4030,ALGO,62,891363288.2966685
2026-02-01,7950,FLR,63,850105471.4015927
2026-02-01,20396,KAS,64,833799234.2718449
2026-02-01,3155,QNT,65,822527208.149214
2026-02-01,11841,ARB,66,788748076.3041418
2026-02-01,39064,NIGHT,67,782060236.4424074
2026-02-01,5690,RENDER,68,777177251.2588955
2026-02-01,2280,FIL,69,771034027.0880169
2026-02-01,39120,U,70,758788046.5920122
2026-02-01,3077,VET,71,702406499.3986797
2026-02-01,2634,XDC,72,695789828.9756496
2026-02-01,23095,BONK,73,617086012.4249294
2026-02-01,29210,JUP,74,565179245.6547602
2026-02-01,23149,SEI,75,558168876.873573
2026-02-01,131,DASH,76,553104596.0415434
2026-02-01,2694,NEXO,77,515610439.2992366
2026-02-01,35626,IP,78,515544326.1779608
2026-02-01,7186,CAKE,79,505325423.2616475
2026-02-01,26997,ZRO,80,505210777.4709608
2026-02-01,2011,XTZ,81,496236357.02161515
2026-02-01,2563,TUSD,82,493711133.51916945
2026-02-01,34466,PENGU,83,474257874.7815937
2026-02-01,4066,CHZ,84,472217837.3401725
2026-02-01,4847,STX,85,463485325.06584924
2026-02-01,26081,FDUSD,86,455035192.9978788
2026-02-01,38892,STABLE,87,448465577.4507323
2026-02-01,11840,OP,88,442725572.37751704
2026-02-01,34104,MORPHO,89,419363879.4880463
2026-02-01,20641,EURC,90,414807110.732679
2026-02-01,3773,FET,91,413982367.5171625
2026-02-01,6538,CRV,92,408742142.1426486
2026-02-01,29420,VIRTUAL,93,402208663.4471324
2026-02-01,39125,LIT,94,379421103.8898474
2026-02-01,38515,2Z,95,369025863.29061896
2026-02-01,5488,JST,96,366218497.5628805
2026-02-01,10603,IMX,97,353934811.18571734
2026-02-01,7226,INJ,98,352428596.00315166
2026-02-01,16086,BTT,99,348796388.98192865
2026-02-01,8000,LDO,100,346438420.5052078
2026-02-01,29814,ETHFI,101,339662235.72429985
2026-02-01,29270,AERO,102,339034203.14648503
2026-02-01,33824,SYRUP,103,338674958.4593011
2026-02-01,32880,KAIA,104,337692404.14199233
2026-02-01,9816,NFT,105,336764553.5407878
2026-02-01,10529,SUN,106,332838599.0040874
2026-02-01,1168,DCR,107,331785631.56352174
2026-02-01,10804,FLOKI,108,323876389.58081776
2026-02-01,6719,GRT,109,316632217.29381275
2026-02-01,22861,TIA,110,313392650.5625614
2026-02-01,3602,BSV,111,306206245.9841852
2026-02-01,1720,IOTA,112,302346083.60826486
2026-02-01,1659,GNO,113,295236297.0701229
2026-02-01,6783,AXS,114,293400769.35749376
2026-02-01,28177,PYTH,115,293233622.5831661
2026-02-01,38417,RIVER,116,292140300.37571347
2026-02-01,22691,STRK,117,289906654.90169626
2026-02-01,38868,SENT,118,288854045.96939313
2026-02-01,5964,TWT,119,288440135.56886494
2026-02-01,7334,CFX,120,283291770.00700253
2026-02-01,8425,JASMY,121,282990546.8753272
2026-02-01,3871,AB,122,275409938.0027649
2026-02-01,28081,SPX,123,267549402.76101327
2026-02-01,36922,H,124,267372904.3472006
2026-02-01,2394,TEL,125,265942212.31657517
2026-02-01,6210,SAND,126,265494985.28358498
2026-02-01,24091,ZK,127,261325329.241131
2026-02-01,13855,ENS,128,258285535.7867058
2026-02-01,9481,PENDLE,129,255441442.45760974
2026-02-01,38828,KITE,130,250186800.99343026
2026-02-01,28752,WIF,131,245392664.91872644
2026-02-01,30636,ZBCN,132,224920719.2305892
2026-02-01,1376,NEO,133,222109396.20155284
2026-02-01,7080,GALA,134,221784566.94318134
2026-02-01,1966,MANA,135,220515348.1269569
2026-02-01,33597,FARTCOIN,136,216419138.14340472
2026-02-01,2416,THETA,137,213363455.22891042
2026-02-01,1455,GLM,138,210065186.78374028
2026-02-01,7326,DEXE,139,209423629.4474644
2026-02-01,18679,XCN,140,205799813.7334924
2026-02-01,4172,LUNC,141,202021457.41451818
2026-02-01,10508,FLUID,142,197024317.09315342
2026-02-01,30495,MON,143,193272896.2482643
2026-02-01,5692,COMP,144,190467696.77415535
2026-02-01,8526,RAY,145,189294301.98254582
2026-02-01,1697,BAT,146,186242328.18080488
2026-02-01,38482,FF,147,185709077.98917764
2026-02-01,35053,PIPPIN,148,184109552.77427495
2026-02-01,36532,B,149,183355903.04329696
2026-02-01,36645,XPL,150,182320585.87026992
2026-02-01,5665,HNT,151,180296236.3429436
2026-02-01,10791,XEC,152,176627699.80024785
2026-02-01,4041,MX,153,174736122.6796913
2026-02-01,2467,TRAC,154,173814875.38710955
2026-02-01,9903,CVX,155,173038948.29944193
2026-02-01,37322,VSN,156,171369715.07726508
2026-02-01,4157,RUNE,157,161590054.16556343
2026-02-01,5632,AR,158,161187439.76161507
2026-02-01,8104,1INCH,159,160115299.98656145
2026-02-01,7548,WEMIX,160,150829370.5389863
2026-02-01,36462,A,161,147797808.1142497
2026-02-01,30494,EIGEN,162,147708663.56662858
2026-02-01,38408,BARD,163,147106395.75729436
2026-02-01,8119,SFP,164,145300892.2050289
2026-02-01,36119,WAL,165,144998392.03124878
2026-02-01,32684,S,166,143637925.68995
2026-02-01,38337,0G,167,137944163.86020523
2026-02-01,6892,EGLD,168,135782948.90190345
2026-02-01,6945,AMP,169,134064667.87321495
2026-02-01,7653,ROSE,170,133288504.67478116
2026-02-01,24613,EDU,171,130062426.88139601
2026-02-01,33391,DEEP,172,128568314.41250686
2026-02-01,30986,KMNO,173,128124035.04953021
2026-02-01,1785,GAS,174,127588275.48941435
2026-02-01,38590,币安人生,175,126310445.62096103
2026-02-01,3640,LPT,176,125577839.22105324
2026-02-01,28298,BEAM,177,125254336.12633371
2026-02-01,1698,ZEN,178,125118538.72438729
2026-02-01,38356,FOGO,179,124715655.86602104
2026-02-01,28541,JTO,180,122723385.47779372
2026-02-01,29587,W,181,120899472.62639385
2026-02-01,35347,MELANIA,182,119370784.83633915
2026-02-01,4195,FTT,183,118519725.20961389
2026-02-01,4558,FLOW,184,117456216.28140908
2026-02-01,35931,ZORA,185,117448038.16052371
2026-02-01,33280,CHEEMS,186,115583126.88441543
2026-02-01,2586,SNX,187,115253326.48343498
2026-02-01,38353,MET,188,114334819.1224233
2026-02-01,30083,ATH,189,113875974.57061738
2026-02-01,3822,TFUEL,190,113709768.44334723
2026-02-01,1684,QTUM,191,112569327.1203685
2026-02-01,3964,RSR,192,111479425.7028799
2026-02-01,4006,AWE,193,110165640.5425066
2026-02-01,18876,APE,194,109065925.299069
2026-02-01,28324,DYDX,195,108322726.2717322
2026-02-01,30933,DOG,196,105904087.8125584
2026-02-01,7431,AKT,197,102328036.57059906
2026-02-01,38978,IRYS,198,101768273.3256905
2026-02-01,38151,YZY,199,99308623.32559279
2026-02-01,36133,HOME,200,97883031.49909306
2026-02-08,1,BTC,1,1404341704722.1116
2026-02-08,1027,ETH,2,252098272910.28412
2026-02-08,825,USDT,3,184484202461.09763
2026-02-08,1839,BNB,4,87304736193.11385
2026-02-08,52,XRP,5,87244835100.75363
2026-02-08,3408,USDC,6,72893531350.2132
2026-02-08,5426,SOL,7,49389065517.752266
2026-02-08,1958,TRX,8,26315775878.29247
2026-02-08,74,DOGE,9,16315978978.648119
2026-02-08,1831,BCH,10,10535907734.081121
2026-02-08,2010,ADA,11,9746249675.83775
2026-02-08,32196,HYPE,12,8423756132.430365
2026-02-08,3957,LEO,13,7739727612.952664
2026-02-08,29470,USDe,14,6426373148.041626
2026-02-08,37263,CC,15,6379559145.871937
2026-02-08,1975,LINK,16,6254247622.3876295
2026-02-08,328,XMR,17,5872128743.798726
2026-02-08,4943,DAI,18,5364114482.714404
2026-02-08,36148,USD1,19,5327695360.161046
2026-02-08,512,XLM,20,5286753420.935448
2026-02-08,2,LTC,21,4190629855.8572183
2026-02-08,1437,ZEC,22,3958467392.359807
2026-02-08,5805,AVAX,23,3924586184.906542
2026-02-08,4642,HBAR,24,3924289085.22737
2026-02-08,27772,PYUSD,25,3856381633.387034
2026-02-08,20947,SUI,26,3747101613.262459
2026-02-08,5994,SHIB,27,3608326843.0135946
2026-02-08,11419,TON,28,3427118758.8958197
2026-02-08,3635,CRO,29,3179386193.729225
2026-02-08,33251,WLFI,30,2797423543.186177
2026-02-08,5176,XAUt,31,2605861658.7284265
2026-02-08,4705,PAXG,32,2314572693.504745
2026-02-08,6636,DOT,33,2224124263.0769467
2026-02-08,7083,UNI,34,2200853542.5188785
2026-02-08,27075,MNT,35,2088016170.076039
2026-02-08,11092,BGB,36,1827197950.9877706
2026-02-08,22974,TAO,37,1736934777.644239
2026-02-08,7278,AAVE,38,1724727560.6102593
2026-02-08,35491,M,39,1669166615.2211168
2026-02-08,36410,MYX,40,1625988522.0133653
2026-02-08,3897,OKB,41,1594757879.731686
2026-02-08,24478,PEPE,42,1563290813.6196103
2026-02-08,33038,SKY,43,1558356631.4099216
2026-02-08,36341,ASTER,44,1547914929.9984648
2026-02-08,33793,USDG,45,1533934953.9888864
2026-02-08,34387,RLUSD,46,1491875785.2849188
2026-02-08,6535,NEAR,47,1337331558.9548433
2026-02-08,8916,ICP,48,1335083312.1214213
2026-02-08,1321,ETC,49,1332721328.4463844
2026-02-08,35697,PI,50,1288824437.5542378
2026-02-08,21159,ONDO,51,1256531911.6747277
2026-02-08,2087,KCS,52,1123614436.4508488
2026-02-08,13502,WLD,53,1091908512.5396736
2026-02-08,19891,USDD,54,1011834826.4298247
2026-02-08,28321,POL,55,1011656441.3674816
2026-02-08,30171,ENA,56,988807616.2751269
2026-02-08,3794,ATOM,57,959477676.3493935
2026-02-08,20396,KAS,58,925190725.6960285
2026-02-08,39064,NIGHT,59,876216853.3069998
2026-02-08,4030,ALGO,60,859755163.7021867
2026-02-08,21794,APT,61,818618868.393604
2026-02-08,7950,FLR,62,811232890.6447563
2026-02-08,4269,GT,63,809357720.831633
2026-02-08,3155,QNT,64,796894969.7123334
2026-02-08,35336,TRUMP,65,781640510.2977176
2026-02-08,39120,U,66,759548004.0691787
2026-02-08,36507,PUMP,67,740476823.5312494
2026-02-08,2280,FIL,68,701252499.5770812
2026-02-08,5690,RENDER,69,700884320.5045307
2026-02-08,2634,XDC,70,700684968.9710866
2026-02-08,3077,VET,71,690442963.6121112
2026-02-08,11841,ARB,72,678804736.2080367
2026-02-08,23095,BONK,73,550928533.1898534
2026-02-08,2694,NEXO,74,521223316.6387791
2026-02-08,29210,JUP,75,515967161.4803288
2026-02-08,26997,ZRO,76,505651673.93821365
2026-02-08,23149,SEI,77,503966255.01243037
2026-02-08,2563,TUSD,78,493367322.35371596
2026-02-08,4847,STX,79,488779968.66805696
2026-02-08,131,DASH,80,468554527.14813596
2026-02-08,7186,CAKE,81,454547155.3379754
2026-02-08,20641,EURC,82,450996089.7713927
2026-02-08,2011,XTZ,83,443773417.2408669
2026-02-08,35626,IP,84,443185233.6035128
2026-02-08,34104,MORPHO,85,438613107.9289209
2026-02-08,1168,DCR,86,428725724.2115546
2026-02-08,4066,CHZ,87,423646583.92339915
2026-02-08,26081,FDUSD,88,412414739.4676382
2026-02-08,34466,PENGU,89,407161808.6202075
2026-02-08,39125,LIT,90,404994613.96748996
2026-02-08,11840,OP,91,403028501.373414
2026-02-08,29420,VIRTUAL,92,379400343.79235023
2026-02-08,5488,JST,93,372447323.7698648
2026-02-08,3773,FET,94,371383070.03956765
2026-02-08,6538,CRV,95,369261075.0828603
2026-02-08,32880,KAIA,96,346912030.3135252
2026-02-08,36922,H,97,337452237.2773219
2026-02-08,1659,GNO,98,331096251.4488123
2026-02-08,9816,NFT,99,330009044.84614754
2026-02-08,38892,STABLE,100,326945996.62477034
2026-02-08,10529,SUN,101,326011931.5723783
2026-02-08,33824,SYRUP,102,324072514.14084
2026-02-08,16086,BTT,103,323825921.6865666
2026-02-08,29814,ETHFI,104,320072310.49319893
2026-02-08,7226,INJ,105,319209650.0383511
2026-02-08,10603,IMX,106,314520067.47103846
2026-02-08,38515,2Z,107,307865876.32755333
2026-02-08,8000,LDO,108,299260613.588323
2026-02-08,1720,IOTA,109,296862842.5415985
2026-02-08,10804,FLOKI,110,296337529.1702625
2026-02-08,38828,KITE,111,295108847.7390482
2026-02-08,6719,GRT,112,294900479.822054
2026-02-08,29270,AERO,113,294049841.40311927
2026-02-08,22861,TIA,114,290818324.8623153
2026-02-08,35053,PIPPIN,115,288499294.4390377
2026-02-08,2394,TEL,116,281591725.4400051
2026-02-08,3602,BSV,117,281026297.4657668
2026-02-08,28081,SPX,118,274176429.9253081
2026-02-08,8425,JASMY,119,268765993.11985546
2026-02-08,28177,PYTH,120,263602586.8508463
2026-02-08,22691,STRK,121,261482434.50044575
2026-02-08,3871,AB,122,248722274.71209356
2026-02-08,38417,RIVER,123,246479149.8264701
2026-02-08,7334,CFX,124,240415241.5765453
2026-02-08,6210,SAND,125,228705879.99539244
2026-02-08,28752,WIF,126,227643993.53621307
2026-02-08,5964,TWT,127,227467623.32851598
2026-02-08,13855,ENS,128,225816822.23358104
2026-02-08,30636,ZBCN,129,225805465.4072798
2026-02-08,6783,AXS,130,213636898.05149132
2026-02-08,38868,SENT,131,202619409.64148375
2026-02-08,2416,THETA,132,202500178.51731294
2026-02-08,1966,MANA,133,200271975.08455417
2026-02-08,30495,MON,134,196894716.08248955
2026-02-08,18679,XCN,135,196642049.0596901
2026-02-08,33597,FARTCOIN,136,194960572.21921694
2026-02-08,1376,NEO,137,192490388.09850872
2026-02-08,1455,GLM,138,192334981.13522863
2026-02-08,7080,GALA,139,191998071.30315715
2026-02-08,9481,PENDLE,140,191729435.78328934
2026-02-08,4172,LUNC,141,190557979.9949018
2026-02-08,38482,FF,142,189220847.33781484
2026-02-08,37322,VSN,143,187980055.44139484
2026-02-08,24091,ZK,144,186398225.36731872
2026-02-08,9903,CVX,145,184724552.94238192
2026-02-08,38408,BARD,146,179555355.60487208
2026-02-08,1697,BAT,147,179120836.0915179
2026-02-08,10508,FLUID,148,178843108.9464888
2026-02-08,7326,DEXE,149,174779290.18485108
2026-02-08,2467,TRAC,150,169349950.2859218
2026-02-08,5692,COMP,151,169034820.085612
2026-02-08,4041,MX,152,166149588.9312925
2026-02-08,8526,RAY,153,164244522.41393122
2026-02-08,10791,XEC,154,157214513.10608995
2026-02-08,36532,B,155,156100391.07232657
2026-02-08,5665,HNT,156,153013703.70932725
2026-02-08,36645,XPL,157,148811401.54567212
2026-02-08,7548,WEMIX,158,147324445.9676249
2026-02-08,4157,RUNE,159,146523765.66319227
2026-02-08,4006,AWE,160,145791895.98260334
2026-02-08,8104,1INCH,161,137623910.70988655
2026-02-08,6892,EGLD,162,135354564.40054065
2026-02-08,36462,A,163,134523685.787817
2026-02-08,6945,AMP,164,134427377.55403018
2026-02-08,8119,SFP,165,134309561.2607826
2026-02-08,36119,WAL,166,133161704.99403042
2026-02-08,5632,AR,167,128706932.27046382
2026-02-08,39377,SKR,168,127239930.18010943
2026-02-08,35347,MELANIA,169,123861263.83300503
2026-02-08,30494,EIGEN,170,122519217.24116349
2026-02-08,28298,BEAM,171,121475591.79162899
2026-02-08,32684,S,172,121383843.87008215
2026-02-08,33391,DEEP,173,120230969.49409667
2026-02-08,3640,LPT,174,118930205.45791525
2026-02-08,30986,KMNO,175,116636898.68344778
2026-02-08,38337,0G,176,115688801.4536723
2026-02-08,24613,EDU,177,113963168.17705132
2026-02-08,28541,JTO,178,110394331.22711311
2026-02-08,7653,ROSE,179,109214902.57277903
2026-02-08,3822,TFUEL,180,108097286.0243143
2026-02-08,30933,DOG,181,107625928.1087689
2026-02-08,5864,YFI,182,107425871.67624377
2026-02-08,38978,IRYS,183,107293727.38360202
2026-02-08,1698,ZEN,184,106804624.76797302
2026-02-08,38353,MET,185,106037798.00043313
2026-02-08,29587,W,186,105663802.75913018
2026-02-08,1785,GAS,187,105120161.64802828
2026-02-08,3964,RSR,188,102873776.72586745
2026-02-08,4195,FTT,189,101585904.7971024
2026-02-08,38151,YZY,190,100145361.3886479
2026-02-08,2586,SNX,191,99405238.2336783
2026-02-08,18934,STG,192,98264139.46522073
2026-02-08,24647,BERA,193,98033846.26706548
2026-02-08,1684,QTUM,194,98021764.07461023
2026-02-08,30083,ATH,195,97944960.852774
2026-02-08,33280,CHEEMS,196,97371837.37419763
2026-02-08,35931,ZORA,197,96892220.58277711
2026-02-08,693,XVG,198,96660098.31462435
2026-02-08,18876,APE,199,96120453.18298055
2026-02-08,38590,币安人生,200,95141859.31078482
2026-02-15,1,BTC,1,1375079353894.8572
2026-02-15,1027,ETH,2,237286537032.65182
2026-02-15,825,USDT,3,183709835907.74628
2026-02-15,52,XRP,4,89844333208.58028
2026-02-15,1839,BNB,5,83811594202.46118
2026-02-15,3408,USDC,6,73615992048.23961
2026-02-15,5426,SOL,7,48857751207.81302
2026-02-15,1958,TRX,8,26562070062.2545
2026-02-15,74,DOGE,9,17324129975.237263
2026-02-15,1831,BCH,10,11079147557.003338
2026-02-15,2010,ADA,11,10162735023.037476
2026-02-15,32196,HYPE,12,7944153216.856349
2026-02-15,3957,LEO,13,7758295012.153935
2026-02-15,29470,USDe,14,6297450672.0885515
2026-02-15,1975,LINK,15,6218442909.121278
2026-02-15,37263,CC,16,6121227415.289802
2026-02-15,328,XMR,17,6110554028.927183
2026-02-15,512,XLM,18,5593802793.775142
2026-02-15,4943,DAI,19,5364255890.27462
2026-02-15,36148,USD1,20,5281600431.7039995
2026-02-15,1437,ZEC,21,4919333870.569182
2026-02-15,4642,HBAR,22,4312570696.7459755
2026-02-15,2,LTC,23,4229884610.3575163
2026-02-15,27772,PYUSD,24,4037141509.937144
2026-02-15,5805,AVAX,25,4009406630.7743025
2026-02-15,5994,SHIB,26,3858720330.8114285
2026-02-15,20947,SUI,27,3743911726.751333
2026-02-15,11419,TON,28,3604502267.640299
2026-02-15,3635,CRO,29,3293413342.963046
2026-02-15,33251,WLFI,30,2701187076.9895916
2026-02-15,5176,XAUt,31,2599950027.36634
2026-02-15,4705,PAXG,32,2305286853.684203
2026-02-15,6636,DOT,33,2259860527.3977833
2026-02-15,7083,UNI,34,2202326322.7737074
2026-02-15,27075,MNT,35,2040878042.135682
2026-02-15,22974,TAO,36,1969552864.1856833
2026-02-15,7278,AAVE,37,1930048340.9802644
2026-02-15,24478,PEPE,38,1834292008.479985
2026-02-15,36341,ASTER,39,1808275369.9663854
2026-02-15,3897,OKB,40,1666529629.0233696
2026-02-15,11092,BGB,41,1656344174.5840657
2026-02-15,35491,M,42,1655053635.404157
2026-02-15,35697,PI,43,1596183000.2320065
2026-02-15,33793,USDG,44,1571628745.8810875
2026-02-15,33038,SKY,45,1532695777.9114928
2026-02-15,34387,RLUSD,46,1521919414.2649508
2026-02-15,6535,NEAR,47,1359857899.5726416
2026-02-15,1321,ETC,48,1357439968.9085395
2026-02-15,21159,ONDO,49,1342481275.5484748
2026-02-15,8916,ICP,50,1325525917.4970853
2026-02-15,13502,WLD,51,1145660552.8823316
2026-02-15,28321,POL,52,1143610357.635993
2026-02-15,2087,KCS,53,1096816147.5821671
2026-02-15,3794,ATOM,54,1054258762.8798289
2026-02-15,19891,USDD,55,1045883521.2431561
2026-02-15,30171,ENA,56,1000726526.1553291
2026-02-15,39064,NIGHT,57,938275323.6027166
2026-02-15,20396,KAS,58,873620545.4395106
2026-02-15,3155,QNT,59,851561821.7133847
2026-02-15,4030,ALGO,60,850098921.412844
2026-02-15,7950,FLR,61,831074445.4902548
2026-02-15,4269,GT,62,824048497.9650807
2026-02-15,35336,TRUMP,63,791945224.637747
2026-02-15,36507,PUMP,64,779185980.6077105
2026-02-15,5690,RENDER,65,743868699.0457102
2026-02-15,21794,APT,66,726583277.720317
2026-02-15,2634,XDC,67,725057034.2091964
2026-02-15,2280,FIL,68,724990505.7491162
2026-02-15,3077,VET,69,718889683.8434224
2026-02-15,39120,U,70,714867523.3040262
2026-02-15,35053,PIPPIN,71,697920028.2835549
2026-02-15,11841,ARB,72,667473619.819069
2026-02-15,23095,BONK,73,576171747.2113563
2026-02-15,36922,H,74,552744329.0433193
2026-02-15,2694,NEXO,75,538623207.4397825
2026-02-15,36410,MYX,76,538340571.3990592
2026-02-15,29210,JUP,77,527820833.1318558
2026-02-15,26997,ZRO,78,523653638.7295738
2026-02-15,23149,SEI,79,507790889.21047133
2026-02-15,34104,MORPHO,80,504531274.4464715
2026-02-15,2563,TUSD,81,493802304.4076889
2026-02-15,4847,STX,82,484115914.9440273
2026-02-15,131,DASH,83,471906323.3049771
2026-02-15,20641,EURC,84,461356775.03959996
2026-02-15,38892,STABLE,85,448312996.9940283
2026-02-15,34466,PENGU,86,442720492.4941862
2026-02-15,7186,CAKE,87,431183639.31272036
2026-02-15,2011,XTZ,88,428043429.53142464
2026-02-15,29420,VIRTUAL,89,414466424.1150286
2026-02-15,39125,LIT,90,413593819.11704993
2026-02-15,4066,CHZ,91,411731483.1544457
2026-02-15,1168,DCR,92,408910776.3508114
2026-02-15,11840,OP,93,400547464.07801
2026-02-15,35626,IP,94,396588298.43229276
2026-02-15,3773,FET,95,395684764.9694223
2026-02-15,26081,FDUSD,96,394961485.92973435
2026-02-15,38828,KITE,97,375300061.68430305
2026-02-15,6538,CRV,98,366456638.3452892
2026-02-15,5488,JST,99,363362983.9733383
2026-02-15,32880,KAIA,100,357297791.27838665
2026-02-15,10529,SUN,101,342127777.4797638
2026-02-15,16086,BTT,102,341894536.9338205
2026-02-15,3602,BSV,103,341160806.26681435
2026-02-15,1659,GNO,104,338993173.6349722
2026-02-15,9816,NFT,105,336617240.7465394
2026-02-15,10603,IMX,106,332505843.5427786
2026-02-15,29814,ETHFI,107,329949741.97572994
2026-02-15,28177,PYTH,108,329162007.81755793
2026-02-15,7226,INJ,109,314327056.8028688
2026-02-15,10804,FLOKI,110,305747466.46384454
2026-02-15,33824,SYRUP,111,304756250.60282224
2026-02-15,22861,TIA,112,299353040.83665484
2026-02-15,6719,GRT,113,298128887.8399364
2026-02-15,28081,SPX,114,297867154.89120865
2026-02-15,1720,IOTA,115,294421408.1984084
2026-02-15,8425,JASMY,116,290702289.0032968
2026-02-15,8000,LDO,117,287490843.07540965
2026-02-15,7334,CFX,118,286934909.15918154
2026-02-15,29270,AERO,119,282965087.6632086
2026-02-15,22691,STRK,120,266019242.83973762
2026-02-15,2394,TEL,121,264920085.1513516
2026-02-15,38515,2Z,122,264165363.14282927
2026-02-15,30495,MON,123,260169725.8545727
2026-02-15,13855,ENS,124,256431787.87878993
2026-02-15,3871,AB,125,250597290.0620765
2026-02-15,5665,HNT,126,248622737.15753424
2026-02-15,38417,RIVER,127,245905098.97337976
2026-02-15,6783,AXS,128,237536623.98268712
2026-02-15,6210,SAND,129,233868126.52854127
2026-02-15,28752,WIF,130,230343026.65220827
2026-02-15,5964,TWT,131,221845729.07438326
2026-02-15,2416,THETA,132,207942118.75420362
2026-02-15,9481,PENDLE,133,206320441.14273962
2026-02-15,5692,COMP,134,205444255.38962784
2026-02-15,1966,MANA,135,204030723.8813297
2026-02-15,18679,XCN,136,203864436.52089614
2026-02-15,30636,ZBCN,137,199937293.58603647
2026-02-15,1376,NEO,138,198979884.71083125
2026-02-15,7326,DEXE,139,197947276.16189715
2026-02-15,33597,FARTCOIN,140,197708124.6953047
2026-02-15,24091,ZK,141,196787582.87245223
2026-02-15,1697,BAT,142,192947308.67276815
2026-02-15,7080,GALA,143,192662741.3024743
2026-02-15,9903,CVX,144,191463992.59542358
2026-02-15,4172,LUNC,145,187603752.86105883
2026-02-15,1455,GLM,146,187289555.78357586
2026-02-15,38482,FF,147,186151002.56417283
2026-02-15,37322,VSN,148,185293158.50842747
2026-02-15,4006,AWE,149,181112913.64566475
2026-02-15,10508,FLUID,150,178016883.79818758
2026-02-15,38408,BARD,151,177766711.30035812
2026-02-15,2467,TRAC,152,174191311.86493573
2026-02-15,36645,XPL,153,173317055.75982925
2026-02-15,8526,RAY,154,167484411.1664412
2026-02-15,4041,MX,155,165509139.2785047
2026-02-15,10791,XEC,156,164397662.57241908
2026-02-15,38868,SENT,157,160533877.46598178
2026-02-15,7548,WEMIX,158,144707584.6682287
2026-02-15,36532,B,159,143864019.50378755
2026-02-15,6892,EGLD,160,143524702.03246856
2026-02-15,4157,RUNE,161,142359113.81937882
2026-02-15,24647,BERA,162,141430913.48456326
2026-02-15,38337,0G,163,139624414.45801052
2026-02-15,33391,DEEP,164,138929722.3449739
2026-02-15,36462,A,165,138386493.09607756
2026-02-15,32684,S,166,138266806.9649428
2026-02-15,8104,1INCH,167,134406889.0086368
2026-02-15,8119,SFP,168,133212572.60684796
2026-02-15,36119,WAL,169,132282905.52051263
2026-02-15,5632,AR,170,132058201.67714944
2026-02-15,6945,AMP,171,130566327.31539544
2026-02-15,30494,EIGEN,172,123931333.90809545
2026-02-15,30986,KMNO,173,119268136.74239872
2026-02-15,3640,LPT,174,118661116.9542863
2026-02-15,28541,JTO,175,117791494.37107813
2026-02-15,28298,BEAM,176,117091686.9474409
2026-02-15,19269,COW,177,116673740.95178977
2026-02-15,35347,MELANIA,178,116657338.44451661
2026-02-15,4195,FTT,179,115336493.74235845
2026-02-15,39377,SKR,180,112157509.0169565
2026-02-15,1698,ZEN,181,112136698.48940217
2026-02-15,24613,EDU,182,109828403.06371076
2026-02-15,29587,W,183,109159327.95616475
2026-02-15,3822,TFUEL,184,109004609.51313366
2026-02-15,1785,GAS,185,108665584.71189573
2026-02-15,38353,MET,186,108241661.16410266
2026-02-15,30083,ATH,187,106315352.70448428
2026-02-15,1684,QTUM,188,104140570.30540496
2026-02-15,38590,币安人生,189,103267621.42554413
2026-02-15,5864,YFI,190,101531401.88437466
2026-02-15,2577,RVN,191,100856655.85163675
2026-02-15,18934,STG,192,100500379.64364289
2026-02-15,2586,SNX,193,99799031.35645004
2026-02-15,693,XVG,194,99452869.33748308
2026-02-15,18876,APE,195,98337806.94311745
2026-02-15,3964,RSR,196,98216504.31134082
2026-02-15,38151,YZY,197,97768011.76859812
2026-02-15,30933,DOG,198,96552535.9920544
2026-02-15,36133,HOME,199,95501160.97484428
2026-02-15,7431,AKT,200,95113478.15283243
2026-02-22,1,BTC,1,1352741276622.5706
2026-02-22,1027,ETH,2,236292200074.60358
2026-02-22,825,USDT,3,183540396906.39352
2026-02-22,52,XRP,4,85003624550.38168
2026-02-22,1839,BNB,5,83779895963.26024
2026-02-22,3408,USDC,6,74430076585.23997
2026-02-22,5426,SOL,7,47064548934.02315
2026-02-22,1958,TRX,8,27520364266.598892
2026-02-22,74,DOGE,9,16117465047.889784
2026-02-22,1831,BCH,10,11405334472.48121
2026-02-22,2010,ADA,11,9788830113.74807
2026-02-22,3957,LEO,12,7554441501.735586
2026-02-22,32196,HYPE,13,7507796384.652285
2026-02-22,29470,USDe,14,6148056656.186836
2026-02-22,1975,LINK,15,6141116836.4967
2026-02-22,37263,CC,16,6069316046.622242
2026-02-22,328,XMR,17,6047399803.861129
2026-02-22,4943,DAI,18,5364991446.759377
2026-02-22,512,XLM,19,5090516998.393163
2026-02-22,36148,USD1,20,5023840044.028006
2026-02-22,4642,HBAR,21,4215649785.774064
2026-02-22,2,LTC,22,4110520916.5521727
2026-02-22,27772,PYUSD,23,4079054993.9192953
2026-02-22,1437,ZEC,24,4048020774.7098217
2026-02-22,5805,AVAX,25,3830483573.8949623
2026-02-22,5994,SHIB,26,3646352745.673215
2026-02-22,20947,SUI,27,3555995245.459828
2026-02-22,11419,TON,28,3291462373.1929884
2026-02-22,33251,WLFI,29,3169467848.241139
2026-02-22,3635,CRO,30,3109277431.523835
2026-02-22,5176,XAUt,31,2683075533.1538877
2026-02-22,4705,PAXG,32,2381059509.6372766
2026-02-22,7083,UNI,33,2210587866.2277446
2026-02-22,6636,DOT,34,2188819468.472679
2026-02-22,27075,MNT,35,1970762670.280214
2026-02-22,22974,TAO,36,1854247130.2638197
2026-02-22,7278,AAVE,37,1806421887.353801
2026-02-22,35491,M,38,1725514048.3022714
2026-02-22,36341,ASTER,39,1721155671.8115323
2026-02-22,24478,PEPE,40,1673739662.8990881
2026-02-22,3897,OKB,41,1628157940.3008387
2026-02-22,33793,USDG,42,1627172760.0727935
2026-02-22,11092,BGB,43,1598061224.825619
2026-02-22,34387,RLUSD,44,1558625020.5300663
2026-02-22,35697,PI,45,1510595049.2032275
2026-02-22,33038,SKY,46,1479897076.6128888
2026-02-22,1321,ETC,47,1325842698.8050296
2026-02-22,6535,NEAR,48,1315408941.395637
2026-02-22,21159,ONDO,49,1276445606.6796162
2026-02-22,8916,ICP,50,1181586087.0093112
2026-02-22,19891,USDD,51,1137771748.9312372
2026-02-22,28321,POL,52,1129415665.0901246
2026-02-22,2087,KCS,53,1129138565.4206712
2026-02-22,3794,ATOM,54,1112413243.3838267
2026-02-22,13502,WLD,55,1096099455.6722462
2026-02-22,39064,NIGHT,56,963975949.9039785
2026-02-22,20396,KAS,57,826749899.2612152
2026-02-22,30171,ENA,58,823015575.3925436
2026-02-22,4269,GT,59,820808183.902206
2026-02-22,35336,TRUMP,60,787433484.6884385
2026-02-22,7950,FLR,61,785310775.5985795
2026-02-22,3155,QNT,62,773009457.7932439
2026-02-22,4030,ALGO,63,770896114.8916783
2026-02-22,5690,RENDER,64,733041529.6486144
2026-02-22,39120,U,65,714911348.0881753
2026-02-22,36507,PUMP,66,714909479.5157319
2026-02-22,2280,FIL,67,699962651.652348
2026-02-22,2634,XDC,68,691187289.5266883
2026-02-22,21794,APT,69,655522199.3278496
2026-02-22,3077,VET,70,640694912.2145537
2026-02-22,35053,PIPPIN,71,622896976.326187
2026-02-22,34104,MORPHO,72,606829649.8048984
2026-02-22,2694,NEXO,73,558554896.9805329
2026-02-22,11841,ARB,74,550634840.8463482
2026-02-22,23095,BONK,75,536513717.98769736
2026-02-22,38892,STABLE,76,522135314.10924226
2026-02-22,2563,TUSD,77,494252446.34824616
2026-02-22,29210,JUP,78,487710652.32335556
2026-02-22,26997,ZRO,79,486652003.1493508
2026-02-22,23149,SEI,80,463850548.25960445
2026-02-22,38828,KITE,81,461219650.6672469
2026-02-22,20641,EURC,82,459846324.2983315
2026-02-22,4847,STX,83,442847739.5373733
2026-02-22,1168,DCR,84,434097332.1561157
2026-02-22,7186,CAKE,85,426611373.8230359
2026-02-22,131,DASH,86,416566012.94061345
2026-02-22,34466,PENGU,87,412979078.6329887
2026-02-22,29420,VIRTUAL,88,408397938.480228
2026-02-22,2011,XTZ,89,408210202.85972816
2026-02-22,26081,FDUSD,90,394106873.2147162
2026-02-22,36922,H,91,393371440.3900181
2026-02-22,5488,JST,92,379819345.6450195
2026-02-22,35626,IP,93,375432989.9941266
2026-02-22,3773,FET,94,363661509.67970943
2026-02-22,39125,LIT,95,361456156.6103399
2026-02-22,4066,CHZ,96,358605734.66334534
2026-02-22,7226,INJ,97,350712014.96622825
2026-02-22,32880,KAIA,98,345811899.52462256
2026-02-22,6538,CRV,99,340725253.0234478
2026-02-22,16086,BTT,100,332009670.3254291
2026-02-22,29814,ETHFI,101,331141098.93879044
2026-02-22,9816,NFT,102,330808608.3831324
2026-02-22,10529,SUN,103,327268064.5073427
2026-02-22,1659,GNO,104,318613589.4497443
2026-02-22,10603,IMX,105,318171203.64119446
2026-02-22,3602,BSV,106,312499987.1580743
2026-02-22,28177,PYTH,107,299235113.602009
2026-02-22,1720,IOTA,108,292801737.4843404
2026-02-22,29270,AERO,109,290319329.92480886
2026-02-22,6719,GRT,110,286480406.8307158
2026-02-22,28081,SPX,111,283247306.13018227
2026-02-22,8425,JASMY,112,278150796.89565873
2026-02-22,10804,FLOKI,113,277884961.76793987
2026-02-22,22861,TIA,114,275604576.5113971
2026-02-22,5665,HNT,115,270647820.08431417
2026-02-22,7334,CFX,116,264584418.3767808
2026-02-22,8000,LDO,117,261245419.04649714
2026-02-22,2394,TEL,118,259502363.57639718
2026-02-22,11840,OP,119,259354548.0789108
2026-02-22,33824,SYRUP,120,256370114.61590073
2026-02-22,38515,2Z,121,243353319.9485279
2026-02-22,3871,AB,122,241602355.9137373
2026-02-22,13855,ENS,123,240985508.23635802
2026-02-22,22691,STRK,124,236501973.05931905
2026-02-22,36410,MYX,125,223506801.02447382
2026-02-22,5964,TWT,126,222297367.16971114
2026-02-22,6783,AXS,127,220882204.350656
2026-02-22,6210,SAND,128,217257472.82171848
2026-02-22,7326,DEXE,129,217167463.47355777
2026-02-22,30495,MON,130,215124001.78005064
2026-02-22,28752,WIF,131,210814699.4038399
2026-02-22,30636,ZBCN,132,207303461.92428982
2026-02-22,9481,PENDLE,133,197701430.65547955
2026-02-22,4172,LUNC,134,193606209.17153758
2026-02-22,2416,THETA,135,192840363.2495855
2026-02-22,37322,VSN,136,189097375.4771937
2026-02-22,1376,NEO,137,188853372.33219877
2026-02-22,9903,CVX,138,188699193.27532747
2026-02-22,1966,MANA,139,188029638.09017643
2026-02-22,38482,FF,140,184427551.5237852
2026-02-22,18679,XCN,141,183501561.2733399
2026-02-22,38408,BARD,142,177720705.38708204
2026-02-22,24091,ZK,143,176077988.11138135
2026-02-22,1697,BAT,144,175321379.12115014
2026-02-22,5692,COMP,145,175313396.31123674
2026-02-22,33597,FARTCOIN,146,174725157.0551669
2026-02-22,7080,GALA,147,172069494.10930085
2026-02-22,8526,RAY,148,166238044.0148029
2026-02-22,10508,FLUID,149,164857944.47306678
2026-02-22,2467,TRAC,150,164010025.626257
2026-02-22,38967,RAVE,151,163588481.0100207
2026-02-22,1455,GLM,152,162906648.97697324
2026-02-22,36645,XPL,153,161090745.31409383
2026-02-22,4041,MX,154,159849187.1275268
2026-02-22,38417,RIVER,155,156934908.02159753
2026-02-22,38868,SENT,156,155824749.62190726
2026-02-22,10791,XEC,157,155325360.04107422
2026-02-22,2586,SNX,158,147927129.5608038
2026-02-22,7548,WEMIX,159,144280234.6973254
2026-02-22,4157,RUNE,160,140949711.13102198
2026-02-22,38337,0G,161,137226143.22755456
2026-02-22,28541,JTO,162,133111334.9842451
2026-02-22,36532,B,163,132176834.77551992
2026-02-22,6892,EGLD,164,130948529.34815338
2026-02-22,36462,A,165,129819769.8588429
2026-02-22,5632,AR,166,129334925.94166835
2026-02-22,8119,SFP,167,129233895.49233866
2026-02-22,8104,1INCH,168,128607932.30796538
2026-02-22,33391,DEEP,169,127709058.83396722
2026-02-22,6945,AMP,170,126321304.9671422
2026-02-22,19269,COW,171,125698946.14284259
2026-02-22,24647,BERA,172,124941307.79420774
2026-02-22,36119,WAL,173,123364336.21549924
2026-02-22,32684,S,174,118936301.4624009
2026-02-22,3640,LPT,175,112647304.09605956
2026-02-22,35347,MELANIA,176,112503210.68796451
2026-02-22,4195,FTT,177,109655312.34957299
2026-02-22,30494,EIGEN,178,107713623.67155841
2026-02-22,30986,KMNO,179,106899587.7329855
2026-02-22,4006,AWE,180,105658171.1295265
2026-02-22,28298,BEAM,181,105358853.52119946
2026-02-22,29587,W,182,103516198.80893052
2026-02-22,3822,TFUEL,183,103021808.73853971
2026-02-22,24613,EDU,184,102721726.1342047
2026-02-22,36133,HOME,185,101979877.11192939
2026-02-22,1698,ZEN,186,101580016.27493463
2026-02-22,1785,GAS,187,100342266.02715278
2026-02-22,5864,YFI,188,99961236.26076111
2026-02-22,39377,SKR,189,99959637.18908305
2026-02-22,38353,MET,190,99526980.11454932
2026-02-22,38151,YZY,191,99355771.0816839
2026-02-22,693,XVG,192,98409920.1397194
2026-02-22,38356,FOGO,193,96923082.50517403
2026-02-22,1684,QTUM,194,96734691.67963368
2026-02-22,7653,ROSE,195,96317200.458379
2026-02-22,2577,RVN,196,95707832.60512115
2026-02-22,18934,STG,197,93187657.59503011
2026-02-22,30083,ATH,198,92983199.26367322
2026-02-22,30933,DOG,199,92549150.4934034
2026-02-22,1896,ZRX,200,90519289.06293824
2026-03-01,1,BTC,1,1314540492493.9294
2026-03-01,1027,ETH,2,234030248246.46057
2026-03-01,825,USDT,3,183663380633.05322
2026-03-01,1839,BNB,4,84284300487.97672
2026-03-01,52,XRP,5,82577634833.3692
2026-03-01,3408,USDC,6,75197152987.32385
2026-03-01,5426,SOL,7,47609786567.82679
2026-03-01,1958,TRX,8,26594611381.42369
2026-03-01,74,DOGE,9,15531129169.975468
2026-03-01,2010,ADA,10,9870456692.291391
2026-03-01,1831,BCH,11,8839058246.523699
2026-03-01,3957,LEO,12,8384880455.293911
2026-03-01,32196,HYPE,13,8159339268.516752
2026-03-01,328,XMR,14,6308649669.428747
2026-03-01,37263,CC,15,6142875700.410681
2026-03-01,1975,LINK,16,6140890882.07824
2026-03-01,29470,USDe,17,6027243892.881622
2026-03-01,4943,DAI,18,5365766959.275723
2026-03-01,512,XLM,19,5082298440.234577
2026-03-01,36148,USD1,20,4678207737.360304
2026-03-01,27772,PYUSD,21,4202686026.5057635
2026-03-01,4642,HBAR,22,4169511134.0509105
2026-03-01,2,LTC,23,4094866719.180846
2026-03-01,5805,AVAX,24,3899278974.910396
2026-03-01,1437,ZEC,25,3529479177.7761416
2026-03-01,20947,SUI,26,3461662340.202404
2026-03-01,5994,SHIB,27,3259097204.1318345
2026-03-01,3635,CRO,28,3071289152.7286334
2026-03-01,5176,XAUt,29,3027677928.472662
2026-03-01,33251,WLFI,30,2992157995.560495
2026-03-01,11419,TON,31,2948409870.2922053
2026-03-01,4705,PAXG,32,2575602349.715331
2026-03-01,6636,DOT,33,2567402813.9999514
2026-03-01,7083,UNI,34,2374160216.6207147
2026-03-01,27075,MNT,35,2070029447.7605236
2026-03-01,22974,TAO,36,1898594208.1220236
2026-03-01,35491,M,37,1885006417.157798
2026-03-01,33793,USDG,38,1767515890.8092215
2026-03-01,36341,ASTER,39,1754815156.7880409
2026-03-01,7278,AAVE,40,1741210933.0693352
2026-03-01,3897,OKB,41,1592260052.6132827
2026-03-01,35697,PI,42,1579244961.52686
2026-03-01,33038,SKY,43,1540374321.6590714
2026-03-01,11092,BGB,44,1500445454.8976932
2026-03-01,34387,RLUSD,45,1495179497.10326
2026-03-01,6535,NEAR,46,1482805325.2375424
2026-03-01,24478,PEPE,47,1427471872.1131682
2026-03-01,1321,ETC,48,1320821719.9665506
2026-03-01,8916,ICP,49,1301069000.905727
2026-03-01,21159,ONDO,50,1226977357.9319181
2026-03-01,28321,POL,51,1113211756.7144604
2026-03-01,13502,WLD,52,1104697190.8371944
2026-03-01,19891,USDD,53,1078303844.077155
2026-03-01,2087,KCS,54,1005065176.4072622
2026-03-01,39064,NIGHT,55,954354063.889456
2026-03-01,3794,ATOM,56,891862539.9236053
2026-03-01,30171,ENA,57,851822940.3412278
2026-03-01,20396,KAS,58,800935695.1892307
2026-03-01,35336,TRUMP,59,795369989.1127172
2026-03-01,4269,GT,60,793442377.4252392
2026-03-01,7950,FLR,61,791102616.1754433
2026-03-01,4030,ALGO,62,761184316.7290406
2026-03-01,3155,QNT,63,746359682.9844459
2026-03-01,2280,FIL,64,729496817.1811311
2026-03-01,21794,APT,65,724876677.8404133
2026-03-01,5690,RENDER,66,694016264.6250049
2026-03-01,34104,MORPHO,67,679931373.7865157
2026-03-01,36507,PUMP,68,679632723.3229045
2026-03-01,39120,U,69,665020783.2535241
2026-03-01,2634,XDC,70,641888422.6880041
2026-03-01,3077,VET,71,613740119.1861889
2026-03-01,11841,ARB,72,591178817.0922266
2026-03-01,29210,JUP,73,576271707.4808972
2026-03-01,35053,PIPPIN,74,570687357.4602484
2026-03-01,38892,STABLE,75,566260695.6877545
2026-03-01,2694,NEXO,76,544785518.4781789
2026-03-01,26997,ZRO,77,539824815.9779346
2026-03-01,23095,BONK,78,513359179.7638695
2026-03-01,1168,DCR,79,511155948.7488497
2026-03-01,2563,TUSD,80,494005624.4566595
2026-03-01,20641,EURC,81,465259378.7364739
2026-03-01,23149,SEI,82,461425156.2352414
2026-03-01,4847,STX,83,458642799.9601193
2026-03-01,38828,KITE,84,455844545.16016674
2026-03-01,29420,VIRTUAL,85,449263571.15788347
2026-03-01,7186,CAKE,86,430036168.3279052
2026-03-01,5488,JST,87,422771082.0774463
2026-03-01,34466,PENGU,88,421936811.1442435
2026-03-01,131,DASH,89,401880910.91841704
2026-03-01,2011,XTZ,90,399860026.5326078
2026-03-01,26081,FDUSD,91,380787726.6420202
2026-03-01,29814,ETHFI,92,372569950.97998524
2026-03-01,6538,CRV,93,355458726.07452625
2026-03-01,4066,CHZ,94,342108164.43694836
2026-03-01,32880,KAIA,95,341390457.68281484
2026-03-01,3773,FET,96,340336409.7961742
2026-03-01,39125,LIT,97,339797839.6246737
2026-03-01,16086,BTT,98,333581210.65914065
2026-03-01,1659,GNO,99,332251567.1608343
2026-03-01,9816,NFT,100,329425382.2842638
2026-03-01,10603,IMX,101,319696049.4871221
2026-03-01,36922,H,102,314933306.3850388
2026-03-01,29270,AERO,103,311570525.853572
2026-03-01,35626,IP,104,308636591.0965935
2026-03-01,3602,BSV,105,303693702.89904743
2026-03-01,7226,INJ,106,299644299.76875126
2026-03-01,28081,SPX,107,295970749.6038672
2026-03-01,10529,SUN,108,290381919.8907195
2026-03-01,38417,RIVER,109,284870467.14252347
2026-03-01,1720,IOTA,110,284187663.7342652
2026-03-01,22861,TIA,111,282691358.3394613
2026-03-01,28177,PYTH,112,275857861.43334055
2026-03-01,7326,DEXE,113,275631734.1395736
2026-03-01,6719,GRT,114,274927145.19168127
2026-03-01,33824,SYRUP,115,268055125.4803841
2026-03-01,8425,JASMY,116,267402390.502064
2026-03-01,10804,FLOKI,117,259141346.78251493
2026-03-01,11840,OP,118,257619012.56165305
2026-03-01,8000,LDO,119,254705262.7794008
2026-03-01,38515,2Z,120,252402537.66294622
2026-03-01,7334,CFX,121,243486233.3637509
2026-03-01,6210,SAND,122,242259236.22458124
2026-03-01,2394,TEL,123,240215757.9884169
2026-03-01,3871,AB,124,238927835.824315
2026-03-01,5665,HNT,125,238324018.35848612
2026-03-01,4172,LUNC,126,233414131.93111378
2026-03-01,13855,ENS,127,226967238.02081203
2026-03-01,30495,MON,128,226062916.59443092
2026-03-01,38408,BARD,129,224216351.11852658
2026-03-01,22691,STRK,130,220593136.7726328
2026-03-01,6783,AXS,131,214233699.89130247
2026-03-01,5964,TWT,132,211965870.6094955
2026-03-01,9481,PENDLE,133,208253850.7590251
2026-03-01,30636,ZBCN,134,198601046.26873684
2026-03-01,36532,B,135,191294110.309248
2026-03-01,28752,WIF,136,190144532.76878077
2026-03-01,1966,MANA,137,189411837.9729557
2026-03-01,2416,THETA,138,185616615.536862
2026-03-01,38482,FF,139,184586930.02924722
2026-03-01,37322,VSN,140,184539165.87456697
2026-03-01,1376,NEO,141,182161279.01331943
2026-03-01,36645,XPL,142,175629492.26080656
2026-03-01,5692,COMP,143,175523961.3704217
2026-03-01,18679,XCN,144,172321391.0928999
2026-03-01,9903,CVX,145,171317232.72698143
2026-03-01,24091,ZK,146,171033298.77558166
2026-03-01,36119,WAL,147,169651990.35343984
2026-03-01,10508,FLUID,148,166241841.5887506
2026-03-01,7080,GALA,149,165153055.2188309
2026-03-01,4041,MX,150,164839222.61047205
2026-03-01,8526,RAY,151,158034049.1657473
2026-03-01,2467,TRAC,152,156759688.96043375
2026-03-01,33597,FARTCOIN,153,153475777.89682594
2026-03-01,38868,SENT,154,152049559.23751327
2026-03-01,1697,BAT,155,151116535.72121075
2026-03-01,10791,XEC,156,141017870.78133008
2026-03-01,4157,RUNE,157,137671850.54621914
2026-03-01,24647,BERA,158,136516707.02399343
2026-03-01,1455,GLM,159,133759622.97429134
2026-03-01,38337,0G,160,132504643.96576889
2026-03-01,7548,WEMIX,161,131093713.35885409
2026-03-01,8119,SFP,162,130328606.7370347
2026-03-01,8104,1INCH,163,128644047.28073521
2026-03-01,6892,EGLD,164,127558081.51204097
2026-03-01,36462,A,165,127040374.2947683
2026-03-01,33391,DEEP,166,121338400.5671877
2026-03-01,6945,AMP,167,120593837.28076085
2026-03-01,19269,COW,168,116352155.74356219
2026-03-01,28541,JTO,169,116312283.68288651
2026-03-01,30494,EIGEN,170,114161821.45872334
2026-03-01,39377,SKR,171,113870692.89295886
2026-03-01,3640,LPT,172,113641200.98867868
2026-03-01,32684,S,173,113133479.45614588
2026-03-01,30083,ATH,174,110045573.78868628
2026-03-01,35347,MELANIA,175,108827862.48593985
2026-03-01,2586,SNX,176,107171314.62735331
2026-03-01,18934,STG,177,104238722.45456028
2026-03-01,1785,GAS,178,103259234.05464347
2026-03-01,5632,AR,179,100721184.72363618
2026-03-01,4006,AWE,180,100593836.13134366
2026-03-01,29587,W,181,100177320.0527898
2026-03-01,3822,TFUEL,182,98915657.06754108
2026-03-01,38151,YZY,183,98138363.82362881
2026-03-01,36133,HOME,184,98013126.62431718
2026-03-01,4195,FTT,185,96262693.53211471
2026-03-01,38356,FOGO,186,95753727.23752634
2026-03-01,36410,MYX,187,95411008.70504133
2026-03-01,1684,QTUM,188,94468528.14996752
2026-03-01,1698,ZEN,189,93903207.66311963
2026-03-01,5864,YFI,190,92622923.43682666
2026-03-01,28298,BEAM,191,92229147.00124551
2026-03-01,3964,RSR,192,91084090.39517167
2026-03-01,38353,MET,193,90663499.3454215
2026-03-01,2577,RVN,194,90629504.9719807
2026-03-01,693,XVG,195,89873528.0059436
2026-03-01,30986,KMNO,196,87634806.7047837
2026-03-01,1896,ZRX,197,87610352.15144794
2026-03-01,38967,RAVE,198,86784213.9788535
2026-03-01,24613,EDU,199,85966530.83985433
2026-03-01,27750,TOSHI,200,85541703.95704214
2026-03-08,1,BTC,1,1319376616734.188
2026-03-08,1027,ETH,2,233732786477.68854
2026-03-08,825,USDT,3,183896475449.42627
2026-03-08,1839,BNB,4,83456642748.54784
2026-03-08,52,XRP,5,82131069471.43092
2026-03-08,3408,USDC,6,77243850592.4832
2026-03-08,5426,SOL,7,46581180939.38351
2026-03-08,1958,TRX,8,27387260490.6762
2026-03-08,74,DOGE,9,13671433984.273188
2026-03-08,2010,ADA,10,8994176640.328297
2026-03-08,1831,BCH,11,8856541711.216194
2026-03-08,3957,LEO,12,8325984475.859396
2026-03-08,32196,HYPE,13,7916245249.944734
2026-03-08,328,XMR,14,6179586591.829934
2026-03-08,1975,LINK,15,6035445468.877745
2026-03-08,29470,USDe,16,5936459992.768501
2026-03-08,37263,CC,17,5697622161.386166
2026-03-08,4943,DAI,18,5365193962.497791
2026-03-08,512,XLM,19,4895599756.667125
2026-03-08,36148,USD1,20,4595067274.459963
2026-03-08,27772,PYUSD,21,4134715316.929596
2026-03-08,4642,HBAR,22,4071279025.596691
2026-03-08,2,LTC,23,4049300007.861972
2026-03-08,5805,AVAX,24,3808424148.7320237
2026-03-08,20947,SUI,25,3430790373.1504107
2026-03-08,1437,ZEC,26,3274569718.704514
2026-03-08,11419,TON,27,3221447529.767391
2026-03-08,5994,SHIB,28,3113434732.3248262
2026-03-08,3635,CRO,29,3043530039.9623976
2026-03-08,5176,XAUt,30,2846399128.27833
2026-03-08,33251,WLFI,31,2697296529.316733
2026-03-08,4705,PAXG,32,2526624263.8024755
2026-03-08,6636,DOT,33,2427986587.191614
2026-03-08,7083,UNI,34,2320128853.955842
2026-03-08,27075,MNT,35,2127044448.3776882
2026-03-08,3897,OKB,36,2050611550.1116085
2026-03-08,35697,PI,37,2036507727.8132977
2026-03-08,22974,TAO,38,1962822299.6759446
2026-03-08,35491,M,39,1926541585.4186974
2026-03-08,33793,USDG,40,1702622823.9437582
2026-03-08,36341,ASTER,41,1698501853.8933234
2026-03-08,33038,SKY,42,1665700722.0118654
2026-03-08,7278,AAVE,43,1624534070.1881032
2026-03-08,34387,RLUSD,44,1579510077.3807964
2026-03-08,6535,NEAR,45,1562866030.4957676
2026-03-08,11092,BGB,46,1509751793.7751393
2026-03-08,8916,ICP,47,1332219343.083111
2026-03-08,24478,PEPE,48,1316797448.9128742
2026-03-08,1321,ETC,49,1244203232.0796735
2026-03-08,21159,ONDO,50,1187013642.00593
2026-03-08,19891,USDD,51,1059215679.1437457
2026-03-08,2087,KCS,52,1052616845.0337945
2026-03-08,13502,WLD,53,1042662962.9071928
2026-03-08,28321,POL,54,1011423025.0509905
2026-03-08,39120,U,55,979877039.6717988
2026-03-08,39064,NIGHT,56,922151234.976704
2026-03-08,3794,ATOM,57,862643266.6692284
2026-03-08,30171,ENA,58,839670200.5755204
2026-03-08,20396,KAS,59,805256392.8170297
2026-03-08,4269,GT,60,801318556.3295423
2026-03-08,7950,FLR,61,758343032.5694079
2026-03-08,3155,QNT,62,754359883.0580142
2026-03-08,34104,MORPHO,63,753924720.9605058
2026-03-08,4030,ALGO,64,727290407.7054521
2026-03-08,21794,APT,65,725388682.7338116
2026-03-08,2280,FIL,66,710395905.6329833
2026-03-08,5690,RENDER,67,701702587.1738689
2026-03-08,35336,TRUMP,68,690098985.6700207
2026-03-08,36507,PUMP,69,679561943.121922
2026-03-08,2634,XDC,70,631737008.0737303
2026-03-08,26997,ZRO,71,593206669.4801264
2026-03-08,3077,VET,72,583058374.9642171
2026-03-08,29210,JUP,73,574445660.1647323
2026-03-08,2694,NEXO,74,564699938.1808302
2026-03-08,11841,ARB,75,562245144.2401358
2026-03-08,38892,STABLE,76,547662901.8773147
2026-03-08,38828,KITE,77,512035372.25390244
2026-03-08,2563,TUSD,78,494310936.7311541
2026-03-08,23095,BONK,79,490363925.35519856
2026-03-08,1168,DCR,80,488248599.362067
2026-03-08,4847,STX,81,454788313.4968028
2026-03-08,20641,EURC,82,454663767.50738454
2026-03-08,5488,JST,83,442191992.0851023
2026-03-08,7186,CAKE,84,428952226.7267205
2026-03-08,23149,SEI,85,422775334.31194925
2026-03-08,29420,VIRTUAL,86,412813825.2880849
2026-03-08,34466,PENGU,87,408144335.6180911
2026-03-08,2011,XTZ,88,387415181.6418818
2026-03-08,29814,ETHFI,89,385167939.6124345
2026-03-08,131,DASH,90,383763084.3235369
2026-03-08,26081,FDUSD,91,373000130.62036
2026-03-08,4066,CHZ,92,371702388.618184
2026-03-08,6538,CRV,93,343002470.3444466
2026-03-08,35053,PIPPIN,94,334058139.694507
2026-03-08,36922,H,95,332043992.47451276
2026-03-08,9816,NFT,96,330594545.8034228
2026-03-08,7326,DEXE,97,328225729.6073351
2026-03-08,1659,GNO,98,325353412.8184455
2026-03-08,3773,FET,99,319221168.49241835
2026-03-08,16086,BTT,100,317940519.69101644
2026-03-08,32880,KAIA,101,310882307.56745034
2026-03-08,10529,SUN,102,309572326.34617996
2026-03-08,10603,IMX,103,295022660.41591847
2026-03-08,29270,AERO,104,293099376.74271625
2026-03-08,38417,RIVER,105,284573160.842988
2026-03-08,7226,INJ,106,279758147.2414835
2026-03-08,22861,TIA,107,277482088.40567493
2026-03-08,28081,SPX,108,276409704.01428753
2026-03-08,35626,IP,109,274788446.3962265
2026-03-08,1720,IOTA,110,274251055.79618746
2026-03-08,8425,JASMY,111,270900676.77585375
2026-03-08,3602,BSV,112,267051338.4690845
2026-03-08,6719,GRT,113,265300494.244853
2026-03-08,28177,PYTH,114,262538923.99543697
2026-03-08,10804,FLOKI,115,261751032.2931782
2026-03-08,39125,LIT,116,255086926.49545562
2026-03-08,38515,2Z,117,254916893.25323036
2026-03-08,33824,SYRUP,118,252108179.61214596
2026-03-08,11840,OP,119,244569721.73596996
2026-03-08,7334,CFX,120,244535420.85430014
2026-03-08,2394,TEL,121,243360314.6735367
2026-03-08,38408,BARD,122,240673740.4773428
2026-03-08,8000,LDO,123,237953232.07995337
2026-03-08,6210,SAND,124,228387270.7654653
2026-03-08,4172,LUNC,125,227179161.0789478
2026-03-08,30495,MON,126,221434093.6052793
2026-03-08,9903,CVX,127,218572126.97752535
2026-03-08,3871,AB,128,218022823.49700275
2026-03-08,13855,ENS,129,215969828.45516187
2026-03-08,5665,HNT,130,215959827.13121107
2026-03-08,22691,STRK,131,209144706.00055984
2026-03-08,5964,TWT,132,207157748.40940136
2026-03-08,36532,B,133,206680763.1218406
2026-03-08,9481,PENDLE,134,194950351.2810571
2026-03-08,30636,ZBCN,135,192483132.94031268
2026-03-08,6783,AXS,136,188846076.98973414
2026-03-08,37322,VSN,137,179802403.26507443
2026-03-08,18679,XCN,138,178605569.63084003
2026-03-08,1966,MANA,139,177263125.21926972
2026-03-08,28752,WIF,140,177248348.22909802
2026-03-08,2416,THETA,141,175363846.18037012
2026-03-08,1376,NEO,142,170832776.02555788
2026-03-08,38482,FF,143,168905294.47845045
2026-03-08,36645,XPL,144,167676092.17972302
2026-03-08,38868,SENT,145,166587849.65263113
2026-03-08,5692,COMP,146,166395565.78912932
2026-03-08,24091,ZK,147,166217967.16128436
2026-03-08,10508,FLUID,148,166129001.8238238
2026-03-08,4041,MX,149,165324364.20918843
2026-03-08,36119,WAL,150,164433932.76256573
2026-03-08,7080,GALA,151,155435035.13866103
2026-03-08,8526,RAY,152,151660826.74914876
2026-03-08,2467,TRAC,153,151210448.5032719
2026-03-08,33597,FARTCOIN,154,145669086.62037483
2026-03-08,4157,RUNE,155,144158048.07162654
2026-03-08,1697,BAT,156,142964795.07152617
2026-03-08,33391,DEEP,157,139226359.6938739
2026-03-08,7548,WEMIX,158,135369623.2560735
2026-03-08,10791,XEC,159,134535059.338338
2026-03-08,8119,SFP,160,128349954.51748934
2026-03-08,8104,1INCH,161,126727419.20224729
2026-03-08,39377,SKR,162,125348996.55029982
2026-03-08,36462,A,163,124017571.6772005
2026-03-08,1455,GLM,164,122723221.86948943
2026-03-08,24647,BERA,165,121934234.61226746
2026-03-08,19269,COW,166,120795624.06842823
2026-03-08,6892,EGLD,167,119805887.40524207
2026-03-08,38337,0G,168,117665027.4888453
2026-03-08,18934,STG,169,116822018.5668041
2026-03-08,6945,AMP,170,115429317.77516633
2026-03-08,7431,AKT,171,115115719.64063479
2026-03-08,30494,EIGEN,172,114602963.40622628
2026-03-08,28541,JTO,173,112960908.00868182
2026-03-08,32684,S,174,111059200.91078448
2026-03-08,3640,LPT,175,110452008.94336829
2026-03-08,35347,MELANIA,176,105213892.02152784
2026-03-08,2586,SNX,177,104235299.37117523
2026-03-08,5632,AR,178,102770134.58808342
2026-03-08,23635,FORM,179,102546345.81864288
2026-03-08,3964,RSR,180,102467767.93845122
2026-03-08,30083,ATH,181,101158805.81134492
2026-03-08,38151,YZY,182,98306647.55093539
2026-03-08,29587,W,183,98199697.96002272
2026-03-08,1785,GAS,184,96796357.79733384
2026-03-08,28298,BEAM,185,95520731.5599503
2026-03-08,4006,AWE,186,95223984.4225598
2026-03-08,39595,ROBO,187,93103616.61150283
2026-03-08,3822,TFUEL,188,92989103.46283963
2026-03-08,1698,ZEN,189,91871060.06999122
2026-03-08,1684,QTUM,190,90852434.66650996
2026-03-08,35600,SIGN,191,89935738.77447368
2026-03-08,4195,FTT,192,88883177.35542165
2026-03-08,35763,KAITO,193,88416287.45803887
2026-03-08,5864,YFI,194,88030911.86397246
2026-03-08,38356,FOGO,195,87723054.15049946
2026-03-08,1896,ZRX,196,86194538.63673241
2026-03-08,2577,RVN,197,85590752.30487631
2026-03-08,27750,TOSHI,198,84883281.43485855
2026-03-08,23254,CORE,199,84772087.13289858
2026-03-08,39611,MANTRA,200,84620346.59369652
2026-03-15,1,BTC,1,1455986216124.704
2026-03-15,1027,ETH,2,262803782250.143
2026-03-15,825,USDT,3,184050420896.6315
2026-03-15,1839,BNB,4,91864509931.85045
2026-03-15,52,XRP,5,88630385244.1437
2026-03-15,3408,USDC,6,79149573471.70161
2026-03-15,5426,SOL,7,52708609307.46138
2026-03-15,1958,TRX,8,28318808934.247974
2026-03-15,74,DOGE,9,16473127850.666828
2026-03-15,2010,ADA,10,9738973171.383675
2026-03-15,32196,HYPE,11,9586050842.440992
2026-03-15,1831,BCH,12,9395811871.690027
2026-03-15,3957,LEO,13,8351717257.952886
2026-03-15,1975,LINK,14,6714293904.37362
2026-03-15,328,XMR,15,6607732054.81578
2026-03-15,29470,USDe,16,5921522714.009299
2026-03-15,37263,CC,17,5733759228.357842
2026-03-15,512,XLM,18,5584778208.893139
2026-03-15,4943,DAI,19,5365467306.918065
2026-03-15,36148,USD1,20,4570088360.569099
2026-03-15,2,LTC,21,4323718486.776836
2026-03-15,5805,AVAX,22,4289716246.581505
2026-03-15,4642,HBAR,23,4164398124.3071175
2026-03-15,27772,PYUSD,24,4129763219.655921
2026-03-15,20947,SUI,25,3987381585.305357
2026-03-15,1437,ZEC,26,3800033955.7602677
2026-03-15,5994,SHIB,27,3500133293.5433335
2026-03-15,3635,CRO,28,3217262358.97228
2026-03-15,11419,TON,29,3208917622.676949
2026-03-15,22974,TAO,30,3057968996.8515005
2026-03-15,33251,WLFI,31,2881742666.994947
2026-03-15,5176,XAUt,32,2800261773.779599
2026-03-15,27075,MNT,33,2634196737.6888843
2026-03-15,7083,UNI,34,2569579870.3640757
2026-03-15,4705,PAXG,35,2493877987.779527
2026-03-15,6636,DOT,36,2409639756.0891476
2026-03-15,3897,OKB,37,2032507905.2917728
2026-03-15,35697,PI,38,1887509378.624416
2026-03-15,35491,M,39,1868688816.574341
2026-03-15,7278,AAVE,40,1787727041.926555
2026-03-15,36341,ASTER,41,1779053697.3401158
2026-03-15,33793,USDG,42,1767223486.9817948
2026-03-15,6535,NEAR,43,1739808088.888953
2026-03-15,33038,SKY,44,1690911245.145645
2026-03-15,34387,RLUSD,45,1552657925.9839835
2026-03-15,11092,BGB,46,1519981123.0512397
2026-03-15,8916,ICP,47,1470462775.6238098
2026-03-15,24478,PEPE,48,1427255915.4497252
2026-03-15,1321,ETC,49,1319517608.7322278
2026-03-15,21159,ONDO,50,1314951806.45386
2026-03-15,19891,USDD,51,1114490071.7951777
2026-03-15,2087,KCS,52,1098560661.221265
2026-03-15,13502,WLD,53,1065326839.6553948
2026-03-15,28321,POL,54,1031811660.4757137
2026-03-15,39120,U,55,1004837433.2206255
2026-03-15,5690,RENDER,56,983350082.0679109
2026-03-15,35336,TRUMP,57,942122474.7372221
2026-03-15,30171,ENA,58,935566724.5595821
2026-03-15,3794,ATOM,59,926041671.0932034
2026-03-15,20396,KAS,60,843598936.1995727
2026-03-15,39064,NIGHT,61,835758409.1165662
2026-03-15,4269,GT,62,829879797.8266056
2026-03-15,4030,ALGO,63,822063869.3016183
2026-03-15,3155,QNT,64,809349917.6174256
2026-03-15,34104,MORPHO,65,776299266.870032
2026-03-15,7950,FLR,66,748377632.7411871
2026-03-15,21794,APT,67,741007417.0970695
2026-03-15,2280,FIL,68,680738185.0955267
2026-03-15,26997,ZRO,69,658569190.9771897
2026-03-15,36507,PUMP,70,645699230.6765921
2026-03-15,2634,XDC,71,635529191.9856889
2026-03-15,3077,VET,72,634487809.9265941
2026-03-15,11841,ARB,73,615978125.626244
2026-03-15,2694,NEXO,74,592556662.6103483
2026-03-15,38892,STABLE,75,589444927.6104717
2026-03-15,29210,JUP,76,570439667.9112198
2026-03-15,23095,BONK,77,534084100.5668839
2026-03-15,7186,CAKE,78,500785616.0101117
2026-03-15,29420,VIRTUAL,79,495377425.7960569
2026-03-15,2563,TUSD,80,494208369.32380706
2026-03-15,5488,JST,81,484066860.98861915
2026-03-15,34466,PENGU,82,469399109.93079203
2026-03-15,4847,STX,83,465296623.70605844
2026-03-15,1168,DCR,84,465047602.59081846
2026-03-15,23149,SEI,85,463737064.28076535
2026-03-15,38417,RIVER,86,448061410.73736554
2026-03-15,20641,EURC,87,446529333.5708717
2026-03-15,3773,FET,88,445243743.2453557
2026-03-15,7326,DEXE,89,437092480.7626488
2026-03-15,131,DASH,90,426984450.71774286
2026-03-15,2011,XTZ,91,416806783.3996259
2026-03-15,29814,ETHFI,92,411577583.05418277
2026-03-15,38828,KITE,93,395894718.4031905
2026-03-15,4066,CHZ,94,389592717.8490007
2026-03-15,26081,FDUSD,95,375072976.13999003
2026-03-15,35053,PIPPIN,96,370857255.0901751
2026-03-15,6538,CRV,97,358392439.2208593
2026-03-15,16086,BTT,98,357326946.0237623
2026-03-15,1659,GNO,99,354767887.37694234
2026-03-15,32880,KAIA,100,341697979.5931812
2026-03-15,10603,IMX,101,337878959.16665864
2026-03-15,9816,NFT,102,329673525.1044298
2026-03-15,7334,CFX,103,318528705.4048739
2026-03-15,22861,TIA,104,316390016.49910784
2026-03-15,10529,SUN,105,315919688.03624755
2026-03-15,36922,H,106,312545532.3974929
2026-03-15,29270,AERO,107,311592817.0871237
2026-03-15,7226,INJ,108,310630112.9497411
2026-03-15,33824,SYRUP,109,306144750.03245986
2026-03-15,3602,BSV,110,303706957.69178593
2026-03-15,28081,SPX,111,294412211.61373645
2026-03-15,38515,2Z,112,294126569.715792
2026-03-15,8425,JASMY,113,289367621.3789347
2026-03-15,10804,FLOKI,114,286878939.4065932
2026-03-15,28177,PYTH,115,278518846.8951126
2026-03-15,35626,IP,116,277687091.56752086
2026-03-15,1720,IOTA,117,277354614.2677545
2026-03-15,6719,GRT,118,276199849.09894407
2026-03-15,35509,VVV,119,272938306.1409379
2026-03-15,39125,LIT,120,272667518.62518466
2026-03-15,11840,OP,121,271446064.33639514
2026-03-15,8000,LDO,122,261861428.96964175
2026-03-15,30495,MON,123,253664957.70716223
2026-03-15,6210,SAND,124,249204968.40256754
2026-03-15,2394,TEL,125,247756942.04502094
2026-03-15,38408,BARD,126,243727140.68567285
2026-03-15,13855,ENS,127,237434829.08434018
2026-03-15,18679,XCN,128,231901449.37941235
2026-03-15,4172,LUNC,129,227816741.68130165
2026-03-15,5665,HNT,130,227138561.854142
2026-03-15,5964,TWT,131,225983755.5078609
2026-03-15,22691,STRK,132,224032393.19776773
2026-03-15,3871,AB,133,215370491.66042963
2026-03-15,9481,PENDLE,134,213481707.67624915
2026-03-15,6783,AXS,135,210221092.39436242
2026-03-15,9903,CVX,136,208310469.0521919
2026-03-15,1376,NEO,137,203650385.89214212
2026-03-15,30636,ZBCN,138,201406433.58407125
2026-03-15,36645,XPL,139,193156712.8993989
2026-03-15,5692,COMP,140,190319084.2526567
2026-03-15,10508,FLUID,141,189901445.23676482
2026-03-15,37322,VSN,142,186163837.61836034
2026-03-15,1966,MANA,143,183388772.46920052
2026-03-15,36532,B,144,180674802.55213508
2026-03-15,36119,WAL,145,180148243.59031445
2026-03-15,24091,ZK,146,179500103.67304295
2026-03-15,2416,THETA,147,178809135.09239227
2026-03-15,38482,FF,148,173755426.22623453
2026-03-15,33391,DEEP,149,173030341.1920378
2026-03-15,28752,WIF,150,169689961.56929722
2026-03-15,8526,RAY,151,168436265.59639123
2026-03-15,33597,FARTCOIN,152,165672836.83604634
2026-03-15,7080,GALA,153,165567546.40411627
2026-03-15,4041,MX,154,164780923.35769492
2026-03-15,2467,TRAC,155,161790819.11779487
2026-03-15,4157,RUNE,156,157429914.7998819
2026-03-15,38868,SENT,157,155679245.6416846
2026-03-15,24647,BERA,158,153207532.6665568
2026-03-15,1697,BAT,159,150940069.06508696
2026-03-15,8119,SFP,160,145929440.22515598
2026-03-15,10791,XEC,161,145357377.15053076
2026-03-15,8104,1INCH,162,140818794.513616
2026-03-15,30494,EIGEN,163,136904055.04075316
2026-03-15,36462,A,164,136337009.29392308
2026-03-15,32684,S,165,133648573.68476833
2026-03-15,1455,GLM,166,133404462.38257498
2026-03-15,7548,WEMIX,167,132504077.04272462
2026-03-15,19269,COW,168,131874517.58361048
2026-03-15,28541,JTO,169,128571805.85573775
2026-03-15,18934,STG,170,127870644.32913849
2026-03-15,7431,AKT,171,127669586.11357407
2026-03-15,6892,EGLD,172,126831223.37248337
2026-03-15,38337,0G,173,122640507.65580377
2026-03-15,39377,SKR,174,121623375.80948512
2026-03-15,35347,MELANIA,175,121412045.67540385
2026-03-15,5632,AR,176,120567820.26515514
2026-03-15,30083,ATH,177,117176633.80010079
2026-03-15,6945,AMP,178,116259127.64224876
2026-03-15,3640,LPT,179,115481013.36081313
2026-03-15,36410,MYX,180,115312828.81340691
2026-03-15,3964,RSR,181,112344640.77333437
2026-03-15,2586,SNX,182,110152906.6250933
2026-03-15,1698,ZEN,183,109137493.43758652
2026-03-15,1785,GAS,184,107016399.4731542
2026-03-15,23635,FORM,185,102740082.39184716
2026-03-15,4006,AWE,186,101946876.52603555
2026-03-15,1684,QTUM,187,100388197.83541954
2026-03-15,28298,BEAM,188,99537713.09946643
2026-03-15,38151,YZY,189,97910108.13828857
2026-03-15,7653,ROSE,190,96138286.70239365
2026-03-15,33280,CHEEMS,191,95058441.83443001
2026-03-15,3822,TFUEL,192,94556374.55906683
2026-03-15,29587,W,193,93755904.70072822
2026-03-15,5864,YFI,194,93304007.4878297
2026-03-15,4195,FTT,195,93005673.18229195
2026-03-15,27750,TOSHI,196,92581383.2864915
2026-03-15,1896,ZRX,197,91188146.50888859
2026-03-15,32956,GRASS,198,90744011.43403333
2026-03-15,30986,KMNO,199,90024820.64842324
2026-03-15,38356,FOGO,200,89618604.40433238
2026-03-22,1,BTC,1,1357110732583.465
2026-03-22,1027,ETH,2,247785984500.94925
2026-03-22,825,USDT,3,184158878810.34982
2026-03-22,1839,BNB,4,85441839967.78471
2026-03-22,52,XRP,5,84955072329.51817
2026-03-22,3408,USDC,6,78976280761.93889
2026-03-22,5426,SOL,7,49266819067.16782
2026-03-22,1958,TRX,8,29420429455.27803
2026-03-22,74,DOGE,9,13832967086.99828
2026-03-22,32196,HYPE,10,9843688011.47509
2026-03-22,1831,BCH,11,9368247601.641676
2026-03-22,2010,ADA,12,9045573670.518616
2026-03-22,3957,LEO,13,8552327906.735493
2026-03-22,328,XMR,14,6678964749.719144
2026-03-22,1975,LINK,15,6150007887.258869
2026-03-22,29470,USDe,16,5918264752.393587
2026-03-22,37263,CC,17,5424870948.076193
2026-03-22,4943,DAI,18,5364765271.314386
2026-03-22,512,XLM,19,5146847940.845794
2026-03-22,36148,USD1,20,4407638538.559963
2026-03-22,2,LTC,21,4117554243.4988647
2026-03-22,27772,PYUSD,22,4107330303.312356
2026-03-22,5805,AVAX,23,3893936683.522263
2026-03-22,4642,HBAR,24,3859415646.473529
2026-03-22,1437,ZEC,25,3603224734.1762586
2026-03-22,20947,SUI,26,3527493851.330159
2026-03-22,5994,SHIB,27,3361682343.703959
2026-03-22,3635,CRO,28,3110378268.9328327
2026-03-22,11419,TON,29,3073737302.625832
2026-03-22,22974,TAO,30,2818838639.082091
2026-03-22,33251,WLFI,31,2685268682.237025
2026-03-22,5176,XAUt,32,2520283544.9360895
2026-03-22,6636,DOT,33,2365196762.6798587
2026-03-22,27075,MNT,34,2331116256.2970495
2026-03-22,4705,PAXG,35,2248050209.2983513
2026-03-22,7083,UNI,36,2197982905.9646506
2026-03-22,35491,M,37,2160931730.380701
2026-03-22,35697,PI,38,1860255393.1017675
2026-03-22,33793,USDG,39,1775664158.9570816
2026-03-22,3897,OKB,40,1769203699.5088913
2026-03-22,36341,ASTER,41,1649735307.8000228
2026-03-22,6535,NEAR,42,1644404182.0468936
2026-03-22,7278,AAVE,43,1635222871.487743
2026-03-22,33038,SKY,44,1633385168.4287965
2026-03-22,34387,RLUSD,45,1526980573.730184
2026-03-22,11092,BGB,46,1414317586.9792852
2026-03-22,24478,PEPE,47,1355864533.4625583
2026-03-22,8916,ICP,48,1290036369.0977824
2026-03-22,1321,ETC,49,1252807885.3752809
2026-03-22,21159,ONDO,50,1195390647.0819013
2026-03-22,19891,USDD,51,1162929940.8487227
2026-03-22,2087,KCS,52,1045875691.8710573
2026-03-22,39120,U,53,1004728920.5305386
2026-03-22,20396,KAS,54,994545672.344303
2026-03-22,28321,POL,55,977464023.9927106
2026-03-22,13502,WLD,56,913959151.1081334
2026-03-22,3794,ATOM,57,882493777.8942264
2026-03-22,3155,QNT,58,866889780.2860012
2026-03-22,5690,RENDER,59,835304763.063259
2026-03-22,30171,ENA,60,811013098.3171614
2026-03-22,4030,ALGO,61,760848381.5670226
2026-03-22,4269,GT,62,759772910.9867818
2026-03-22,35336,TRUMP,63,743016990.3255279
2026-03-22,21794,APT,64,736596451.5912251
2026-03-22,39064,NIGHT,65,704735943.3660784
2026-03-22,7950,FLR,66,682152919.1667079
2026-03-22,34104,MORPHO,67,672978975.813838
2026-03-22,2280,FIL,68,646331169.6762072
2026-03-22,2634,XDC,69,606403497.353632
2026-03-22,7326,DEXE,70,598521016.0894964
2026-03-22,26997,ZRO,71,592346293.7660435
2026-03-22,3077,VET,72,590482410.848789
2026-03-22,36507,PUMP,73,585546430.2486198
2026-03-22,38417,RIVER,74,573931694.2579453
2026-03-22,2694,NEXO,75,570120208.5731257
2026-03-22,11841,ARB,76,558760618.1990612
2026-03-22,38892,STABLE,77,535917452.27170044
2026-03-22,29210,JUP,78,533409765.06730133
2026-03-22,5488,JST,79,527880513.00273305
2026-03-22,23095,BONK,80,500394685.7745992
2026-03-22,2563,TUSD,81,494072722.21536636
2026-03-22,3773,FET,82,464605530.10581213
2026-03-22,7186,CAKE,83,452755533.32007027
2026-03-22,29420,VIRTUAL,84,431745484.2992354
2026-03-22,29814,ETHFI,85,425642631.72354347
2026-03-22,20641,EURC,86,425368895.9743214
2026-03-22,34466,PENGU,87,420071205.5925305
2026-03-22,4847,STX,88,419754679.1179737
2026-03-22,2011,XTZ,89,408421293.43762594
2026-03-22,131,DASH,90,406931769.2913417
2026-03-22,23149,SEI,91,405820339.4796968
2026-03-22,1168,DCR,92,399320111.7887818
2026-03-22,38828,KITE,93,395643934.98745465
2026-03-22,26081,FDUSD,94,385538225.8989473
2026-03-22,4066,CHZ,95,358663801.6196759
2026-03-22,10529,SUN,96,351167109.85792404
2026-03-22,9816,NFT,97,329116517.5762075
2026-03-22,1659,GNO,98,327570613.9779222
2026-03-22,16086,BTT,99,326584235.61744463
2026-03-22,6538,CRV,100,319433954.0188269
2026-03-22,32880,KAIA,101,315036214.4566337
2026-03-22,7334,CFX,102,312529219.6899241
2026-03-22,10603,IMX,103,310831353.8204015
2026-03-22,7226,INJ,104,294493136.91923004
2026-03-22,29270,AERO,105,283616622.95771474
2026-03-22,3602,BSV,106,279591618.03371596
2026-03-22,22861,TIA,107,279252039.7251178
2026-03-22,10804,FLOKI,108,269508020.75617105
2026-03-22,28081,SPX,109,267550504.76048183
2026-03-22,35509,VVV,110,265958262.02954674
2026-03-22,33824,SYRUP,111,264999098.1647601
2026-03-22,8425,JASMY,112,263145043.3491498
2026-03-22,6719,GRT,113,262649691.34649122
2026-03-22,38515,2Z,114,250105378.65969393
2026-03-22,1720,IOTA,115,249169054.097125
2026-03-22,11840,OP,116,242551810.15090495
2026-03-22,8000,LDO,117,239954069.1248047
2026-03-22,39125,LIT,118,235069167.1017378
2026-03-22,35626,IP,119,232016607.8322333
2026-03-22,36922,H,120,231349551.06471518
2026-03-22,30636,ZBCN,121,226684450.88052914
2026-03-22,6210,SAND,122,225857074.7918022
2026-03-22,13855,ENS,123,224691148.01075712
2026-03-22,30495,MON,124,223572000.70704272
2026-03-22,2394,TEL,125,221076604.34019908
2026-03-22,28177,PYTH,126,220765319.45223013
2026-03-22,36532,B,127,217403257.76798958
2026-03-22,5665,HNT,128,215672878.24990666
2026-03-22,5964,TWT,129,208747391.4291235
2026-03-22,4172,LUNC,130,201981999.44911695
2026-03-22,22691,STRK,131,201962077.9364252
2026-03-22,3871,AB,132,200372934.92532244
2026-03-22,9481,PENDLE,133,193005470.9983122
2026-03-22,33597,FARTCOIN,134,184662769.6532188
2026-03-22,18679,XCN,135,184349362.20258072
2026-03-22,37322,VSN,136,184313170.99881762
2026-03-22,6783,AXS,137,184307825.5504085
2026-03-22,5692,COMP,138,183452297.80553684
2026-03-22,1376,NEO,139,183196813.74298474
2026-03-22,36119,WAL,140,174072548.79001406
2026-03-22,9903,CVX,141,173114675.86256066
2026-03-22,28752,WIF,142,171518389.492679
2026-03-22,24091,ZK,143,167899852.63755038
2026-03-22,38482,FF,144,167869045.08215946
2026-03-22,1966,MANA,145,165965187.9456809
2026-03-22,4041,MX,146,164351714.19184792
2026-03-22,36645,XPL,147,163783898.0541101
2026-03-22,2416,THETA,148,159265459.45305657
2026-03-22,8526,RAY,149,156399702.40799507
2026-03-22,38837,BEAT,150,155395684.2240059
2026-03-22,7431,AKT,151,151522132.29189518
2026-03-22,2467,TRAC,152,150713581.96850416
2026-03-22,10508,FLUID,153,148835863.39886236
2026-03-22,7080,GALA,154,144928017.11185214
2026-03-22,8119,SFP,155,143283594.98470092
2026-03-22,4157,RUNE,156,140947696.9519613
2026-03-22,33391,DEEP,157,140771122.8381684
2026-03-22,38868,SENT,158,140748616.02990252
2026-03-22,1697,BAT,159,136177292.30630463
2026-03-22,30083,ATH,160,135435783.963119
2026-03-22,10791,XEC,161,134740180.87599805
2026-03-22,8104,1INCH,162,128030865.8804827
2026-03-22,7548,WEMIX,163,127257794.41186103
2026-03-22,1455,GLM,164,126886886.37520176
2026-03-22,28541,JTO,165,125780779.99936895
2026-03-22,36462,A,166,124037044.8084607
2026-03-22,32684,S,167,121080226.43701611
2026-03-22,30494,EIGEN,168,120937999.4067848
2026-03-22,19269,COW,169,118922735.62235606
2026-03-22,24647,BERA,170,118724442.86630785
2026-03-22,6892,EGLD,171,115494714.07207058
2026-03-22,18934,STG,172,114791743.18945958
2026-03-22,35347,MELANIA,173,113688000.64832173
2026-03-22,38337,0G,174,113485988.61538596
2026-03-22,38408,BARD,175,109641148.55345869
2026-03-22,39377,SKR,176,109047105.50248937
2026-03-22,5632,AR,177,108712199.66191325
2026-03-22,3640,LPT,178,105895021.592083
2026-03-22,6945,AMP,179,100737427.6180855
2026-03-22,2586,SNX,180,98368365.38401832
2026-03-22,38151,YZY,181,97967378.75601406
2026-03-22,1785,GAS,182,97569565.11923014
2026-03-22,4006,AWE,183,97455581.2426149
2026-03-22,1698,ZEN,184,96906034.95161085
2026-03-22,4195,FTT,185,95800788.6910223
2026-03-22,3964,RSR,186,95637316.85263012
2026-03-22,23635,FORM,187,94502542.76374911
2026-03-22,29587,W,188,91146805.93892887
2026-03-22,5864,YFI,189,90720959.4064946
2026-03-22,35053,PIPPIN,190,90537775.44769137
2026-03-22,1684,QTUM,191,89305162.915282
2026-03-22,2577,RVN,192,88677137.8644033
2026-03-22,35763,KAITO,193,88215871.18693773
2026-03-22,36410,MYX,194,88152520.6233141
2026-03-22,28298,BEAM,195,87890754.16226357
2026-03-22,3822,TFUEL,196,87493067.57743017
2026-03-22,35600,SIGN,197,86702510.13456072
2026-03-22,7653,ROSE,198,84866877.93996795
2026-03-22,30986,KMNO,199,84689863.06199916
2026-03-22,32956,GRASS,200,83973998.2569936
2026-03-29,1,BTC,1,1319687428532.2107
2026-03-29,1027,ETH,2,239277984931.29834
2026-03-29,825,USDT,3,184074466414.3742
2026-03-29,1839,BNB,4,82588324783.37422
2026-03-29,52,XRP,5,81421218810.93779
2026-03-29,3408,USDC,6,77788517459.79666
2026-03-29,5426,SOL,7,46613967625.50968
2026-03-29,1958,TRX,8,30460673800.39976
2026-03-29,74,DOGE,9,15306904201.618279
2026-03-29,32196,HYPE,10,9687730638.135778
2026-03-29,1831,BCH,11,9047499232.93472
2026-03-29,3957,LEO,12,8892695797.110706
2026-03-29,2010,ADA,13,8647333154.197306
2026-03-29,328,XMR,14,6031933944.311811
2026-03-29,1975,LINK,15,5951765695.621976
2026-03-29,29470,USDe,16,5883532206.248115
2026-03-29,37263,CC,17,5763742145.256218
2026-03-29,512,XLM,18,5433945349.985895
2026-03-29,4943,DAI,19,5364607392.88837
2026-03-29,36148,USD1,20,4383161337.031615
2026-03-29,2,LTC,21,4103936821.590882
2026-03-29,27772,PYUSD,22,3867797799.13214
2026-03-29,4642,HBAR,23,3811330167.7634964
2026-03-29,5805,AVAX,24,3711384011.892871
2026-03-29,1437,ZEC,25,3566139963.1380715
2026-03-29,5994,SHIB,26,3406737222.2031097
2026-03-29,22974,TAO,27,3397403952.55663
2026-03-29,20947,SUI,28,3300962487.690422
2026-03-29,11419,TON,29,2998044744.6969657
2026-03-29,3635,CRO,30,2975751195.9254827
2026-03-29,35491,M,31,2828685594.515553
2026-03-29,33251,WLFI,32,2811653387.113961
2026-03-29,5176,XAUt,33,2487796252.761459
2026-03-29,4705,PAXG,34,2289266702.851473
2026-03-29,27075,MNT,35,2200356102.220823
2026-03-29,7083,UNI,36,2120020979.9224331
2026-03-29,6636,DOT,37,2109341062.5970695
2026-03-29,33793,USDG,38,1806565771.1779847
2026-03-29,3897,OKB,39,1752581202.621502
2026-03-29,35697,PI,40,1752102491.2291565
2026-03-29,33038,SKY,41,1651377898.8572366
2026-03-29,36341,ASTER,42,1633947320.800744
2026-03-29,6535,NEAR,43,1501313719.8268833
2026-03-29,7278,AAVE,44,1466982608.5522146
2026-03-29,19891,USDD,45,1410530550.5145652
2026-03-29,34387,RLUSD,46,1410259894.6738884
2026-03-29,24478,PEPE,47,1353356756.4446192
2026-03-29,11092,BGB,48,1334713218.232461
2026-03-29,35766,SIREN,49,1289327743.1062832
2026-03-29,21159,ONDO,50,1253548488.0950506
2026-03-29,1321,ETC,51,1237538050.6450894
2026-03-29,8916,ICP,52,1210066783.0774937
2026-03-29,39120,U,53,1104833985.153406
2026-03-29,2087,KCS,54,1050270963.5400224
2026-03-29,28321,POL,55,964817842.3896177
2026-03-29,20396,KAS,56,898702735.0855467
2026-03-29,5690,RENDER,57,855401926.9740025
2026-03-29,13502,WLD,58,842789267.4219811
2026-03-29,3155,QNT,59,830378921.6789496
2026-03-29,3794,ATOM,60,821863156.3544774
2026-03-29,39064,NIGHT,61,809647417.4112767
2026-03-29,30171,ENA,62,762118958.374148
2026-03-29,4269,GT,63,747984349.3758137
2026-03-29,21794,APT,64,730741417.4401693
2026-03-29,4030,ALGO,65,720518292.1321605
2026-03-29,35336,TRUMP,66,665291310.5642773
2026-03-29,7950,FLR,67,654715542.9533631
2026-03-29,2280,FIL,68,610780669.4496051
2026-03-29,26997,ZRO,69,609049549.2478201
2026-03-29,7326,DEXE,70,599902969.0868233
2026-03-29,34104,MORPHO,71,596598904.3013079
2026-03-29,2634,XDC,72,592531143.1408188
2026-03-29,2694,NEXO,73,566465487.4483118
2026-03-29,3077,VET,74,561692096.9846679
2026-03-29,36507,PUMP,75,554612627.8735021
2026-03-29,11841,ARB,76,532780795.6476206
2026-03-29,38892,STABLE,77,526148616.355117
2026-03-29,5488,JST,78,518676976.1887356
2026-03-29,3773,FET,79,516669683.12726355
2026-03-29,29210,JUP,80,502978718.8687213
2026-03-29,23095,BONK,81,495817715.3942018
2026-03-29,2563,TUSD,82,493435792.63028514
2026-03-29,7186,CAKE,83,443136530.80326504
2026-03-29,29420,VIRTUAL,84,423321637.0573597
2026-03-29,20641,EURC,85,419853267.2702467
2026-03-29,4066,CHZ,86,412193638.26139987
2026-03-29,131,DASH,87,402033282.4608546
2026-03-29,26081,FDUSD,88,398080896.0138939
2026-03-29,34466,PENGU,89,392370968.3841892
2026-03-29,4847,STX,90,388273622.1656344
2026-03-29,2011,XTZ,91,366699148.68930185
2026-03-29,29814,ETHFI,92,360655850.6273198
2026-03-29,23149,SEI,93,355269184.34244126
2026-03-29,1168,DCR,94,350602390.84380555
2026-03-29,10529,SUN,95,331944744.5350061
2026-03-29,9816,NFT,96,323459739.48681605
2026-03-29,16086,BTT,97,309287416.6009843
2026-03-29,1659,GNO,98,308909655.858469
2026-03-29,6538,CRV,99,308017324.62251073
2026-03-29,29270,AERO,100,292617296.8891519
2026-03-29,38828,KITE,101,286718431.1193464
2026-03-29,32880,KAIA,102,286403961.2560589
2026-03-29,10603,IMX,103,283729408.1778546
2026-03-29,7226,INJ,104,279738657.97576684
2026-03-29,38417,RIVER,105,274780481.0085518
2026-03-29,7334,CFX,106,274017407.0707338
2026-03-29,3602,BSV,107,271554856.9361451
2026-03-29,35509,VVV,108,269549321.87708306
2026-03-29,22861,TIA,109,260790437.37722585
2026-03-29,10804,FLOKI,110,258943861.11814794
2026-03-29,8425,JASMY,111,256915076.9028858
2026-03-29,8000,LDO,112,255816248.46859792
2026-03-29,6719,GRT,113,251677417.38418293
2026-03-29,28081,SPX,114,245073602.0221583
2026-03-29,30495,MON,115,238684253.26153135
2026-03-29,38515,2Z,116,233239893.31619367
2026-03-29,1720,IOTA,117,232211045.2103917
2026-03-29,33824,SYRUP,118,231527488.65259323
2026-03-29,30636,ZBCN,119,229588596.4025682
2026-03-29,11840,OP,120,215803852.4081073
2026-03-29,36922,H,121,214981296.45053476
2026-03-29,28177,PYTH,122,213330607.7880575
2026-03-29,6210,SAND,123,211622591.7050008
2026-03-29,13855,ENS,124,211562523.10446385
2026-03-29,5665,HNT,125,208507620.261061
2026-03-29,39125,LIT,126,206275333.5006545
2026-03-29,2394,TEL,127,198097961.95659432
2026-03-29,4172,LUNC,128,195898337.43622145
2026-03-29,36532,B,129,195464172.04803088
2026-03-29,6783,AXS,130,189735437.8380576
2026-03-29,3871,AB,131,189427975.48416698
2026-03-29,22691,STRK,132,188792345.57685867
2026-03-29,18679,XCN,133,188068567.27183205
2026-03-29,9481,PENDLE,134,185159623.20514852
2026-03-29,5964,TWT,135,184053837.64295766
2026-03-29,37322,VSN,136,183722305.45113087
2026-03-29,35626,IP,137,182619059.36610168
2026-03-29,1376,NEO,138,179392217.9410776
2026-03-29,5692,COMP,139,178261940.00861862
2026-03-29,28752,WIF,140,170839154.4505805
2026-03-29,38482,FF,141,163959783.8413041
2026-03-29,4041,MX,142,163322522.94555426
2026-03-29,9903,CVX,143,163159337.48851138
2026-03-29,24091,ZK,144,162542251.5416377
2026-03-29,33597,FARTCOIN,145,161970231.06735104
2026-03-29,1966,MANA,146,158651225.20970607
2026-03-29,18934,STG,147,158135820.3666419
2026-03-29,36645,XPL,148,155617047.07241568
2026-03-29,8526,RAY,149,150595389.60350427
2026-03-29,36119,WAL,150,149839940.16670576
2026-03-29,2416,THETA,151,148720950.36393964
2026-03-29,2467,TRAC,152,140411807.94807908
2026-03-29,8119,SFP,153,138068090.3324558
2026-03-29,4157,RUNE,154,137880009.3261945
2026-03-29,1697,BAT,155,136302777.41461813
2026-03-29,38868,SENT,156,133230531.20050403
2026-03-29,7080,GALA,157,131556390.33163221
2026-03-29,10791,XEC,158,131446942.76970536
2026-03-29,7431,AKT,159,130522747.0457022
2026-03-29,10508,FLUID,160,129561346.4578083
2026-03-29,28541,JTO,161,126627469.44860968
2026-03-29,1455,GLM,162,126592148.10649672
2026-03-29,30083,ATH,163,126076363.79585981
2026-03-29,33391,DEEP,164,125117253.48494671
2026-03-29,8104,1INCH,165,121256844.15515529
2026-03-29,7548,WEMIX,166,119747394.90091094
2026-03-29,36462,A,167,118028647.17908494
2026-03-29,35347,MELANIA,168,115204474.9763642
2026-03-29,30494,EIGEN,169,114939367.482109
2026-03-29,32684,S,170,114709061.18429719
2026-03-29,38837,BEAT,171,111147037.78688993
2026-03-29,6892,EGLD,172,110121838.0815842
2026-03-29,19269,COW,173,109682404.87478389
2026-03-29,5632,AR,174,109268484.93744747
2026-03-29,38408,BARD,175,106828832.17339988
2026-03-29,24647,BERA,176,102562257.25301737
2026-03-29,3640,LPT,177,101052584.56447598
2026-03-29,38337,0G,178,99970161.69239381
2026-03-29,38151,YZY,179,99032167.40486157
2026-03-29,1785,GAS,180,98368702.58700044
2026-03-29,3964,RSR,181,95462150.54763271
2026-03-29,39377,SKR,182,94466322.96599162
2026-03-29,2586,SNX,183,94305871.95982508
2026-03-29,23635,FORM,184,94252766.03360073
2026-03-29,4195,FTT,185,93427361.9119502
2026-03-29,4006,AWE,186,93307544.29160517
2026-03-29,6748,CFG,187,93278061.78960206
2026-03-29,2577,RVN,188,92765096.74934119
2026-03-29,1698,ZEN,189,91850088.60600013
2026-03-29,35763,KAITO,190,91323947.43858036
2026-03-29,6945,AMP,191,85336022.17612372
2026-03-29,5864,YFI,192,85106175.07112712
2026-03-29,1684,QTUM,193,84708244.08125867
2026-03-29,1896,ZRX,194,83679386.09423327
2026-03-29,29587,W,195,82110017.03285095
2026-03-29,3822,TFUEL,196,80331577.88976842
2026-03-29,28298,BEAM,197,78418089.08072893
2026-03-29,28324,DYDX,198,78023154.79288188
2026-03-29,7653,ROSE,199,77469688.72096282
2026-03-29,33280,CHEEMS,200,76581165.11674611
2026-04-05,1,BTC,1,1380467523200.7883
2026-04-05,1027,ETH,2,254537277849.23956
2026-04-05,825,USDT,3,184077733153.44528
2026-04-05,1839,BNB,4,82023502501.4043
2026-04-05,52,XRP,5,81392773662.1218
2026-04-05,3408,USDC,6,77503707044.86632
2026-04-05,5426,SOL,7,46900105241.5903
2026-04-05,1958,TRX,8,30217160548.429462
2026-04-05,74,DOGE,9,15632225961.912838
2026-04-05,32196,HYPE,10,9435868622.829243
2026-04-05,3957,LEO,11,9296689971.504185
2026-04-05,2010,ADA,12,9039521930.12407
2026-04-05,1831,BCH,13,8559371011.736068
2026-04-05,1975,LINK,14,6406933743.58602
2026-04-05,328,XMR,15,6105660031.788238
2026-04-05,29470,USDe,16,5884893139.667616
2026-04-05,512,XLM,17,5377082307.375613
2026-04-05,4943,DAI,18,5364499072.850266
2026-04-05,37263,CC,19,5354824803.862576
2026-04-05,36148,USD1,20,4396870421.579791
2026-04-05,2,LTC,21,4168405364.4659996
2026-04-05,1437,ZEC,22,4066242747.0740447
2026-04-05,27772,PYUSD,23,3965254588.133328
2026-04-05,5805,AVAX,24,3909708570.8846455
2026-04-05,4642,HBAR,25,3810189796.737784
2026-04-05,35491,M,26,3566670880.9683175
2026-04-05,5994,SHIB,27,3527639745.229919
2026-04-05,20947,SUI,28,3438018926.427041
2026-04-05,22974,TAO,29,3343837863.931159
2026-04-05,11419,TON,30,3096107938.6383615
2026-04-05,33251,WLFI,31,3029406316.2976494
2026-04-05,3635,CRO,32,2947792961.992307
2026-04-05,5176,XAUt,33,2567154694.9528136
2026-04-05,4705,PAXG,34,2365766266.949448
2026-04-05,27075,MNT,35,2198063201.0237837
2026-04-05,6636,DOT,36,2085513390.0724897
2026-04-05,7083,UNI,37,1986133760.6213138
2026-04-05,33793,USDG,38,1862533307.4131682
2026-04-05,3897,OKB,39,1748343987.98074
2026-04-05,35697,PI,40,1735888910.1617422
2026-04-05,33038,SKY,41,1713032001.8388085
2026-04-05,36341,ASTER,42,1651827056.3276708
2026-04-05,6535,NEAR,43,1611052492.4609928
2026-04-05,19891,USDD,44,1540480953.1976469
2026-04-05,7278,AAVE,45,1445357823.8591874
2026-04-05,24478,PEPE,46,1439157753.7566497
2026-04-05,34387,RLUSD,47,1370600843.4672797
2026-04-05,1321,ETC,48,1363712124.7693574
2026-04-05,11092,BGB,49,1306641319.9555695
2026-04-05,8916,ICP,50,1259838195.4145236
2026-04-05,21159,ONDO,51,1258011928.5308192
2026-04-05,2087,KCS,52,1090282829.7642894
2026-04-05,4030,ALGO,53,1079254790.8217366
2026-04-05,39120,U,54,1048860225.7421684
2026-04-05,5690,RENDER,55,985048662.9238098
2026-04-05,28321,POL,56,962767539.7657623
2026-04-05,3155,QNT,57,910400773.6011198
2026-04-05,20396,KAS,58,860428387.426367
2026-04-05,3794,ATOM,59,849916685.6684407
2026-04-05,13502,WLD,60,803470843.2472777
2026-04-05,4269,GT,61,752090815.4214909
2026-04-05,7326,DEXE,62,723447276.2501451
2026-04-05,30171,ENA,63,704240021.9549648
2026-04-05,39064,NIGHT,64,699165778.7544526
2026-04-05,21794,APT,65,674673981.5551592
2026-04-05,35336,TRUMP,66,668792269.8029937
2026-04-05,2280,FIL,67,647835814.7736405
2026-04-05,7950,FLR,68,640496599.734189
2026-04-05,3077,VET,69,639268306.487052
2026-04-05,2634,XDC,70,620133491.9465363
2026-04-05,34104,MORPHO,71,606037887.0860864
2026-04-05,26997,ZRO,72,581296854.420127
2026-04-05,38892,STABLE,73,579714538.0246627
2026-04-05,29210,JUP,74,577251300.9417919
2026-04-05,11841,ARB,75,567577079.2205261
2026-04-05,36507,PUMP,76,562094570.6992269
2026-04-05,5488,JST,77,561078678.8316615
2026-04-05,2694,NEXO,78,547917988.5568388
2026-04-05,3773,FET,79,530364134.6562735
2026-04-05,23095,BONK,80,497216662.1937796
2026-04-05,2563,TUSD,81,493983016.2023853
2026-04-05,7186,CAKE,82,486377088.93082047
2026-04-05,29420,VIRTUAL,83,418929001.20259434
2026-04-05,20641,EURC,84,413575021.5580694
2026-04-05,4066,CHZ,85,399228312.3266211
2026-04-05,34466,PENGU,86,395752743.973596
2026-04-05,26081,FDUSD,87,394031225.6755844
2026-04-05,4847,STX,88,386710766.351033
2026-04-05,131,DASH,89,384475708.5827788
2026-04-05,35766,SIREN,90,383157769.01417994
2026-04-05,2011,XTZ,91,372441024.6174121
2026-04-05,23149,SEI,92,368345314.9406719
2026-04-05,29814,ETHFI,93,355075260.7974197
2026-04-05,1168,DCR,94,353137957.4182174
2026-04-05,10529,SUN,95,339634144.24231726
2026-04-05,35509,VVV,96,332913873.71867347
2026-04-05,3602,BSV,97,327457224.52991635
2026-04-05,9816,NFT,98,324346993.7207062
2026-04-05,1659,GNO,99,322017766.4670427
2026-04-05,39720,EDGE,100,320516349.1431575
2026-04-05,6538,CRV,101,314949291.4711046
2026-04-05,16086,BTT,102,309021272.0528835
2026-04-05,38515,2Z,103,306556394.3439008
2026-04-05,30495,MON,104,305777357.62109923
2026-04-05,32880,KAIA,105,295747213.5528118
2026-04-05,29270,AERO,106,292437068.003935
2026-04-05,7226,INJ,107,282002948.1623784
2026-04-05,30636,ZBCN,108,269597887.25545365
2026-04-05,8000,LDO,109,268611942.7981831
2026-04-05,10603,IMX,110,267409508.77706555
2026-04-05,7334,CFX,111,267314595.11151937
2026-04-05,8425,JASMY,112,260470663.02781036
2026-04-05,1720,IOTA,113,258861231.65275213
2026-04-05,22861,TIA,114,258638148.87360853
2026-04-05,10804,FLOKI,115,258489473.08987254
2026-04-05,6719,GRT,116,257091092.1827169
2026-04-05,39125,LIT,117,252619506.11624214
2026-04-05,28081,SPX,118,251075629.20775732
2026-04-05,38828,KITE,119,249212143.42931142
2026-04-05,33824,SYRUP,120,241875662.81243372
2026-04-05,11840,OP,121,235267677.2109925
2026-04-05,28177,PYTH,122,230262894.3473099
2026-04-05,6210,SAND,123,223697654.98403943
2026-04-05,38417,RIVER,124,219989068.24430865
2026-04-05,36645,XPL,125,218754947.00076056
2026-04-05,13855,ENS,126,217818247.5595456
2026-04-05,36922,H,127,210907139.17176566
2026-04-05,37322,VSN,128,209397628.36350268
2026-04-05,2394,TEL,129,209056297.17964536
2026-04-05,4172,LUNC,130,200111284.37446335
2026-04-05,1376,NEO,131,196431619.83621445
2026-04-05,22691,STRK,132,189608113.0402318
2026-04-05,5665,HNT,133,186984341.0936792
2026-04-05,6783,AXS,134,186893522.84183237
2026-04-05,36532,B,135,186584096.4689536
2026-04-05,28752,WIF,136,181437704.03378808
2026-04-05,18679,XCN,137,178743079.75953135
2026-04-05,35626,IP,138,174389142.86760634
2026-04-05,1966,MANA,139,171145751.1305802
2026-04-05,9481,PENDLE,140,168881169.6227218
2026-04-05,33597,FARTCOIN,141,168856892.7390107
2026-04-05,5692,COMP,142,168363904.40239444
2026-04-05,5964,TWT,143,167794652.66869715
2026-04-05,9903,CVX,144,166842791.30643946
2026-04-05,8526,RAY,145,166042560.98952922
2026-04-05,4041,MX,146,164008210.19591263
2026-04-05,38482,FF,147,163946179.81893703
2026-04-05,36119,WAL,148,161203813.2055856
2026-04-05,2416,THETA,149,155649658.3047341
2026-04-05,18934,STG,150,151195903.35468888
2026-04-05,8119,SFP,151,150746703.55048484
2026-04-05,3871,AB,152,150222641.22037736
2026-04-05,2467,TRAC,153,148309107.7725096
2026-04-05,24091,ZK,154,145426036.8208337
2026-04-05,1697,BAT,155,142402323.66903555
2026-04-05,33391,DEEP,156,139416036.6332561
2026-04-05,7080,GALA,157,137812740.05617413
2026-04-05,10791,XEC,158,136977873.91515204
2026-04-05,4157,RUNE,159,135421526.07870182
2026-04-05,36462,A,160,128038823.5765565
2026-04-05,1455,GLM,161,126130025.51411523
2026-04-05,28541,JTO,162,125188596.20254397
2026-04-05,30083,ATH,163,124690147.33926864
2026-04-05,8104,1INCH,164,124660232.50271913
2026-04-05,7431,AKT,165,119746199.3382151
2026-04-05,32684,S,166,117431834.54420292
2026-04-05,10508,FLUID,167,117247650.97883369
2026-04-05,1785,GAS,168,115453726.28275204
2026-04-05,38868,SENT,169,114463794.85140316
2026-04-05,19269,COW,170,114174712.91962174
2026-04-05,7548,WEMIX,171,111518000.56279685
2026-04-05,6892,EGLD,172,110940519.921295
2026-04-05,35347,MELANIA,173,109532897.16898832
2026-04-05,5632,AR,174,108228485.79674982
2026-04-05,30494,EIGEN,175,106485920.69183643
2026-04-05,38337,0G,176,105364738.79679102
2026-04-05,1684,QTUM,177,102646660.35751703
2026-04-05,35763,KAITO,178,102136914.44022776
2026-04-05,3640,LPT,179,101214432.11091985
2026-04-05,4195,FTT,180,99277536.9751522
2026-04-05,2586,SNX,181,98616633.45421325
2026-04-05,38151,YZY,182,98425908.54803272
2026-04-05,24647,BERA,183,97463396.04577431
2026-04-05,4006,AWE,184,95436497.19259286
2026-04-05,1698,ZEN,185,94211878.4413083
2026-04-05,28298,BEAM,186,93142615.86458091
2026-04-05,3964,RSR,187,92839234.21402942
2026-04-05,2577,RVN,188,92696597.12059556
2026-04-05,39377,SKR,189,92474249.706482
2026-04-05,38408,BARD,190,91872835.05283497
2026-04-05,6748,CFG,191,91513450.59579352
2026-04-05,36066,KTA,192,88841531.33900997
2026-04-05,5864,YFI,193,86619270.61926015
2026-04-05,1896,ZRX,194,86532052.7473061
2026-04-05,21585,SAFE,195,85882324.99132332
2026-04-05,2566,ONT,196,85830450.28625216
2026-04-05,28324,DYDX,197,84389328.40612692
2026-04-05,109,DGB,198,81189411.51832522
2026-04-05,3822,TFUEL,199,81176983.69554242
2026-04-05,37070,ICNT,200,79623358.003833
2026-04-12,1,BTC,1,1416165056771.1416
2026-04-12,1027,ETH,2,264578932620.4992
2026-04-12,825,USDT,3,184667585826.12592
2026-04-12,52,XRP,4,81362233214.22552
2026-04-12,1839,BNB,5,80752163026.00351
2026-04-12,3408,USDC,6,78753258321.55525
2026-04-12,5426,SOL,7,46894316359.90092
2026-04-12,1958,TRX,8,30469167381.254025
2026-04-12,74,DOGE,9,15399384855.440462
2026-04-12,32196,HYPE,10,10451766856.282715
2026-04-12,3957,LEO,11,9317751671.512161
2026-04-12,2010,ADA,12,8532651597.066172
2026-04-12,1831,BCH,13,8431264270.990173
2026-04-12,1975,LINK,14,6352786314.326901
2026-04-12,328,XMR,15,6181868048.734621
2026-04-12,1437,ZEC,16,6022366483.5342455
2026-04-12,29470,USDe,17,5824817869.462725
2026-04-12,37263,CC,18,5582451251.710205
2026-04-12,4943,DAI,19,5363087297.693354
2026-04-12,512,XLM,20,4979701344.406296
2026-04-12,2,LTC,21,4121817850.724843
2026-04-12,36148,USD1,22,4076868225.148948
2026-04-12,27772,PYUSD,23,4015018111.7384124
2026-04-12,5805,AVAX,24,3900367354.322166
2026-04-12,4642,HBAR,25,3691301210.01872
2026-04-12,35491,M,26,3659602647.6500106
2026-04-12,11419,TON,27,3601315866.046958
2026-04-12,20947,SUI,28,3562471237.427104
2026-04-12,5994,SHIB,29,3395623187.216315
2026-04-12,3635,CRO,30,2880037377.5590534
2026-04-12,22974,TAO,31,2809051012.5246525
2026-04-12,5176,XAUt,32,2600083680.4584813
2026-04-12,33251,WLFI,33,2490596130.2374434
2026-04-12,4705,PAXG,34,2361951589.6433606
2026-04-12,27075,MNT,35,2178348499.1003313
2026-04-12,33793,USDG,36,2159416379.8418627
2026-04-12,6636,DOT,37,2053872828.3400226
2026-04-12,7083,UNI,38,1923993239.6422322
2026-04-12,6535,NEAR,39,1740830174.6963954
2026-04-12,3897,OKB,40,1731853318.8022482
2026-04-12,35697,PI,41,1694517652.2915082
2026-04-12,33038,SKY,42,1693783441.2272592
2026-04-12,36341,ASTER,43,1636855739.8286428
2026-04-12,38967,RAVE,44,1562824382.1813862
2026-04-12,19891,USDD,45,1531773168.9472413
2026-04-12,34387,RLUSD,46,1441419553.4077425
2026-04-12,24478,PEPE,47,1432532385.630345
2026-04-12,7278,AAVE,48,1383287302.5734904
2026-04-12,8916,ICP,49,1329267636.1244698
2026-04-12,11092,BGB,50,1329090274.5967777
2026-04-12,1321,ETC,51,1271136036.337221
2026-04-12,21159,ONDO,52,1180632204.1216617
2026-04-12,2087,KCS,53,1116643713.4501834
2026-04-12,39120,U,54,1027404247.3208007
2026-04-12,5690,RENDER,55,978110117.5776954
2026-04-12,13502,WLD,56,945541433.2471093
2026-04-12,4030,ALGO,57,907583115.1082269
2026-04-12,3155,QNT,58,896686296.666663
2026-04-12,28321,POL,59,869651969.1907507
2026-04-12,3794,ATOM,60,867609491.5367812
2026-04-12,20396,KAS,61,860912656.7099929
2026-04-12,7326,DEXE,62,822366262.1794013
2026-04-12,30171,ENA,63,800458818.4647225
2026-04-12,4269,GT,64,755608800.7257619
2026-04-12,5488,JST,65,693635117.4044108
2026-04-12,34104,MORPHO,66,683394946.0740293
2026-04-12,11841,ARB,67,669497523.2088114
2026-04-12,2280,FIL,68,662507149.3153639
2026-04-12,7950,FLR,69,659771953.2765132
2026-04-12,21794,APT,70,654156002.9971079
2026-04-12,35336,TRUMP,71,650053991.9015554
2026-04-12,39064,NIGHT,72,630913810.0419521
2026-04-12,26997,ZRO,73,604517748.2406287
2026-04-12,2634,XDC,74,595774737.8784995
2026-04-12,36507,PUMP,75,592793606.3898728
2026-04-12,35766,SIREN,76,584727072.0375847
2026-04-12,3077,VET,77,579933402.0028067
2026-04-12,29210,JUP,78,568854833.4511851
2026-04-12,2694,NEXO,79,559275774.4851956
2026-04-12,38892,STABLE,80,546270953.1660898
2026-04-12,131,DASH,81,519244529.049336
2026-04-12,3773,FET,82,518984029.07271725
2026-04-12,23095,BONK,83,495617269.8713782
2026-04-12,2563,TUSD,84,494069928.2715476
2026-04-12,7186,CAKE,85,479344539.7994615
2026-04-12,29420,VIRTUAL,86,422519231.59119606
2026-04-12,20641,EURC,87,417163633.49868757
2026-04-12,34466,PENGU,88,404582921.9189765
2026-04-12,26081,FDUSD,89,400636896.2812036
2026-04-12,30495,MON,90,386707641.76463807
2026-04-12,4847,STX,91,384731988.7570799
2026-04-12,2011,XTZ,92,369541562.3342041
2026-04-12,4066,CHZ,93,367511774.9687585
2026-04-12,35509,VVV,94,366982833.1974329
2026-04-12,23149,SEI,95,366007081.76120985
2026-04-12,1168,DCR,96,363704551.8910424
2026-04-12,10529,SUN,97,353202074.95070666
2026-04-12,29270,AERO,98,328855108.8976413
2026-04-12,9816,NFT,99,328236105.46899784
2026-04-12,29814,ETHFI,100,323029265.1415106
2026-04-12,16086,BTT,101,320641896.1815496
2026-04-12,6538,CRV,102,310692290.67077905
2026-04-12,1659,GNO,103,310601696.00658906
2026-04-12,39720,EDGE,104,309348745.46869725
2026-04-12,3602,BSV,105,304664595.6464355
2026-04-12,32880,KAIA,106,292903284.6190854
2026-04-12,7226,INJ,107,289062924.44098026
2026-04-12,28081,SPX,108,278798498.4914049
2026-04-12,10603,IMX,109,275559368.28672695
2026-04-12,39125,LIT,110,272825688.88728344
2026-04-12,7334,CFX,111,267558140.92191467
2026-04-12,38515,2Z,112,266582392.8978928
2026-04-12,8000,LDO,113,266288698.00828174
2026-04-12,33824,SYRUP,114,264203515.9200012
2026-04-12,22861,TIA,115,263688532.47711208
2026-04-12,10804,FLOKI,116,262432243.56471705
2026-04-12,8425,JASMY,117,258917112.7913249
2026-04-12,30636,ZBCN,118,256351689.9809661
2026-04-12,6719,GRT,119,254284744.8688084
2026-04-12,36922,H,120,252730338.97076672
2026-04-12,28177,PYTH,121,248943537.2878541
2026-04-12,1720,IOTA,122,238699439.93403265
2026-04-12,38828,KITE,123,229475008.63362083
2026-04-12,11840,OP,124,228390159.57885084
2026-04-12,36645,XPL,125,224045948.53382558
2026-04-12,4172,LUNC,126,220851883.1753949
2026-04-12,6210,SAND,127,219806044.96503028
2026-04-12,13855,ENS,128,212910673.6024228
2026-04-12,5692,COMP,129,203967496.69664183
2026-04-12,37322,VSN,130,200280701.08979878
2026-04-12,2394,TEL,131,197062009.31301126
2026-04-12,1376,NEO,132,190708634.09562007
2026-04-12,28752,WIF,133,187239639.49011064
2026-04-12,5665,HNT,134,187227526.63456175
2026-04-12,22691,STRK,135,187018542.0816687
2026-04-12,38482,FF,136,184337686.77508724
2026-04-12,33597,FARTCOIN,137,183524167.3149071
2026-04-12,6783,AXS,138,182892567.75199026
2026-04-12,38590,币安人生,139,177735313.46468085
2026-04-12,18679,XCN,140,177177920.0910707
2026-04-12,5964,TWT,141,174333386.26533252
2026-04-12,9481,PENDLE,142,173136182.66824308
2026-04-12,35626,IP,143,171244198.7158402
2026-04-12,1966,MANA,144,170461897.3658861
2026-04-12,38417,RIVER,145,168209192.10537535
2026-04-12,8526,RAY,146,167152844.01347014
2026-04-12,9903,CVX,147,166882378.07848796
2026-04-12,2416,THETA,148,165888761.16513583
2026-04-12,4041,MX,149,162915175.56067917
2026-04-12,36532,B,150,161888038.7777217
2026-04-12,36119,WAL,151,160008604.48478377
2026-04-12,18934,STG,152,152340292.50132307
2026-04-12,3871,AB,153,151131689.16872784
2026-04-12,24091,ZK,154,146369084.2079826
2026-04-12,2467,TRAC,155,144757844.5419045
2026-04-12,8119,SFP,156,142900558.09127697
2026-04-12,1697,BAT,157,142286922.16894123
2026-04-12,28541,JTO,158,139869971.2745567
2026-04-12,33391,DEEP,159,138429626.9481462
2026-04-12,7080,GALA,160,137389916.29843453
2026-04-12,10791,XEC,161,135420077.26549706
2026-04-12,4157,RUNE,162,134916505.1543705
2026-04-12,38337,0G,163,131101249.82618125
2026-04-12,8104,1INCH,164,128425132.0132804
2026-04-12,36462,A,165,125701777.07513946
2026-04-12,1455,GLM,166,123607091.09513977
2026-04-12,10508,FLUID,167,123036219.9539917
2026-04-12,36300,SKYAI,168,122046273.2655178
2026-04-12,19269,COW,169,118306774.21028478
2026-04-12,32684,S,170,116578369.7674744
2026-04-12,7431,AKT,171,116031694.35172004
2026-04-12,7548,WEMIX,172,115407338.14311372
2026-04-12,38868,SENT,173,115367971.82909565
2026-04-12,6892,EGLD,174,109987581.02175961
2026-04-12,5632,AR,175,108821440.74053006
2026-04-12,30083,ATH,176,108806465.36860801
2026-04-12,6748,CFG,177,108506443.81457786
2026-04-12,1785,GAS,178,107291991.1030096
2026-04-12,30494,EIGEN,179,104751685.00026159
2026-04-12,21585,SAFE,180,103763754.67222372
2026-04-12,3640,LPT,181,102882949.52105953
2026-04-12,1698,ZEN,182,102336989.33058728
2026-04-12,35347,MELANIA,183,101193451.92019586
2026-04-12,4006,AWE,184,99357803.70651142
2026-04-12,38408,BARD,185,99297968.79679275
2026-04-12,24647,BERA,186,98635621.59303892
2026-04-12,2586,SNX,187,96626712.2693416
2026-04-12,35763,KAITO,188,96602989.44396453
2026-04-12,4195,FTT,189,94684589.25246395
2026-04-12,1684,QTUM,190,93568404.41970931
2026-04-12,28298,BEAM,191,92429289.38862935
2026-04-12,38151,YZY,192,91956305.48801802
2026-04-12,3964,RSR,193,91305190.63674808
2026-04-12,2577,RVN,194,90211399.15750498
2026-04-12,5864,YFI,195,89460901.9954391
2026-04-12,38837,BEAT,196,88051925.35524537
2026-04-12,36066,KTA,197,87659504.0055119
2026-04-12,1896,ZRX,198,86246303.0677112
2026-04-12,39377,SKR,199,84441185.63716024
2026-04-12,109,DGB,200,83839265.02426152
2026-04-19,1,BTC,1,1478477263785.3298
2026-04-19,1027,ETH,2,273353589358.5333
2026-04-19,825,USDT,3,187259742560.50858
2026-04-19,52,XRP,4,85868366795.67953
2026-04-19,1839,BNB,5,83099265427.03397
2026-04-19,3408,USDC,6,78248904464.5549
2026-04-19,5426,SOL,7,48101114711.80307
2026-04-19,1958,TRX,8,31201492239.5034
2026-04-19,74,DOGE,9,14322116968.22713
2026-04-19,32196,HYPE,10,10363450357.356657
2026-04-19,3957,LEO,11,9349201539.163511
2026-04-19,2010,ADA,12,8774954497.01018
2026-04-19,1831,BCH,13,8719703201.257807
2026-04-19,1975,LINK,14,6595294854.281987
2026-04-19,328,XMR,15,6413526309.111364
2026-04-19,37263,CC,16,5651581277.274389
2026-04-19,512,XLM,17,5531189302.082807
2026-04-19,29470,USDe,18,5525333936.61765
2026-04-19,4943,DAI,19,5363855837.814618
2026-04-19,1437,ZEC,20,5020877919.112232
2026-04-19,35491,M,21,4467162222.329166
2026-04-19,36148,USD1,22,4208815766.752561
2026-04-19,27772,PYUSD,23,4196377329.154796
2026-04-19,2,LTC,24,4167825275.868397
2026-04-19,5805,AVAX,25,3890354367.9430203
2026-04-19,4642,HBAR,26,3784340592.7067165
2026-04-19,20947,SUI,27,3649644828.3599925
2026-04-19,5994,SHIB,28,3475107580.3387995
2026-04-19,11419,TON,29,3208874230.8123584
2026-04-19,3635,CRO,30,2996220162.100078
2026-04-19,5176,XAUt,31,2650789385.756581
2026-04-19,22974,TAO,32,2599523774.922677
2026-04-19,33251,WLFI,33,2457509875.663393
2026-04-19,4705,PAXG,34,2339303178.2319818
2026-04-19,33793,USDG,35,2289677620.7772384
2026-04-19,6636,DOT,36,2083680472.9485517
2026-04-19,7083,UNI,37,2058796361.8303652
2026-04-19,27075,MNT,38,2040297545.8314364
2026-04-19,33038,SKY,39,1749122793.4428158
2026-04-19,35697,PI,40,1742343746.3706148
2026-04-19,3897,OKB,41,1734335527.7621338
2026-04-19,6535,NEAR,42,1716800405.2892363
2026-04-19,36341,ASTER,43,1659461016.9805298
2026-04-19,24478,PEPE,44,1509134122.9011655
2026-04-19,34387,RLUSD,45,1429883226.6859987
2026-04-19,19891,USDD,46,1396735620.237763
2026-04-19,7278,AAVE,47,1389345390.7827888
2026-04-19,8916,ICP,48,1329814492.340692
2026-04-19,11092,BGB,49,1316216185.925991
2026-04-19,1321,ETC,50,1288190863.1005967
2026-04-19,7326,DEXE,51,1284763696.4911158
2026-04-19,21159,ONDO,52,1219735484.906307
2026-04-19,2087,KCS,53,1131348127.853081
2026-04-19,39120,U,54,1027559972.8003967
2026-04-19,30171,ENA,55,985200582.3279601
2026-04-19,20396,KAS,56,935875250.136852
2026-04-19,28321,POL,57,932222770.2371691
2026-04-19,4030,ALGO,58,904698560.8387493
2026-04-19,5690,RENDER,59,895940235.6886036
2026-04-19,3794,ATOM,60,885952129.4029001
2026-04-19,3155,QNT,61,880306262.9488906
2026-04-19,13502,WLD,62,849300717.7184925
2026-04-19,4269,GT,63,819440771.3822749
2026-04-19,34104,MORPHO,64,779070888.6043401
2026-04-19,21794,APT,65,734911815.4197626
2026-04-19,11841,ARB,66,733971526.6490682
2026-04-19,2280,FIL,67,700752337.1564895
2026-04-19,7950,FLR,68,680387927.8680592
2026-04-19,35336,TRUMP,69,649279498.0089339
2026-04-19,5488,JST,70,621753595.4217693
2026-04-19,39064,NIGHT,71,604373988.7144133
2026-04-19,29210,JUP,72,599557232.184666
2026-04-19,3077,VET,73,597064409.1056134
2026-04-19,36507,PUMP,74,588545213.2349279
2026-04-19,2634,XDC,75,582422317.6571039
2026-04-19,2694,NEXO,76,566607020.7727141
2026-04-19,38892,STABLE,77,562652003.8467288
2026-04-19,23095,BONK,78,520227738.74744475
2026-04-19,26997,ZRO,79,507503506.5184393
2026-04-19,2563,TUSD,80,494128121.51653206
2026-04-19,7186,CAKE,81,493950649.34196025
2026-04-19,35766,SIREN,82,480635330.6621835
2026-04-19,3773,FET,83,472510152.13415974
2026-04-19,38590,币安人生,84,444335975.1064764
2026-04-19,29420,VIRTUAL,85,440225258.56045526
2026-04-19,34466,PENGU,86,437002880.2030869
2026-04-19,39720,EDGE,87,430239745.82412815
2026-04-19,20641,EURC,88,428727723.39939076
2026-04-19,131,DASH,89,424940678.4008151
2026-04-19,4066,CHZ,90,416259657.88686
2026-04-19,26081,FDUSD,91,413635792.44049275
2026-04-19,35509,VVV,92,409515373.3551693
2026-04-19,4847,STX,93,398688397.7254556
2026-04-19,2011,XTZ,94,383402269.1933196
2026-04-19,23149,SEI,95,377672402.5769634
2026-04-19,29814,ETHFI,96,376488987.67083627
2026-04-19,30495,MON,97,356186638.63559157
2026-04-19,10529,SUN,98,346939349.32444245
2026-04-19,1168,DCR,99,343573721.4042482
2026-04-19,29270,AERO,100,342101555.32342553
2026-04-19,22861,TIA,101,335222014.7274924
2026-04-19,9816,NFT,102,332740218.33605397
2026-04-19,6538,CRV,103,331828898.43859464
2026-04-19,16086,BTT,104,318633584.1203601
2026-04-19,7226,INJ,105,317737471.2855931
2026-04-19,1659,GNO,106,313584304.29962224
2026-04-19,10603,IMX,107,310019480.09915876
2026-04-19,3602,BSV,108,308006118.89480525
2026-04-19,8000,LDO,109,304426910.5658486
2026-04-19,7334,CFX,110,302578751.89508736
2026-04-19,32880,KAIA,111,296477218.61339194
2026-04-19,10804,FLOKI,112,289270453.45531714
2026-04-19,28081,SPX,113,287770353.5296702
2026-04-19,38515,2Z,114,287641812.10079443
2026-04-19,8425,JASMY,115,277923308.5206235
2026-04-19,36922,H,116,272957738.9376704
2026-04-19,30636,ZBCN,117,265197719.87445822
2026-04-19,33824,SYRUP,118,263050696.53574127
2026-04-19,6719,GRT,119,261896600.35830855
2026-04-19,11840,OP,120,255977768.54363582
2026-04-19,28177,PYTH,121,249810375.67102963
2026-04-19,1720,IOTA,122,248146085.9733286
2026-04-19,5692,COMP,123,242780947.69905
2026-04-19,38828,KITE,124,242025409.5203817
2026-04-19,6210,SAND,125,227071268.95866862
2026-04-19,4172,LUNC,126,225717741.73172376
2026-04-19,39125,LIT,127,223027816.10440248
2026-04-19,13855,ENS,128,220994940.1914498
2026-04-19,2416,THETA,129,211316514.31743237
2026-04-19,9481,PENDLE,130,206645526.36827046
2026-04-19,5665,HNT,131,200845917.22707632
2026-04-19,2394,TEL,132,199440239.205612
2026-04-19,22691,STRK,133,198896199.31127533
2026-04-19,1376,NEO,134,196765440.22014675
2026-04-19,37322,VSN,135,195176272.14409432
2026-04-19,28752,WIF,136,194252664.97663474
2026-04-19,33597,FARTCOIN,137,192113287.7996946
2026-04-19,36645,XPL,138,186856449.99896988
2026-04-19,6783,AXS,139,185031323.14239907
2026-04-19,36300,SKYAI,140,181198781.6632058
2026-04-19,1966,MANA,141,177712841.39016032
2026-04-19,35626,IP,142,176845555.27216855
2026-04-19,18679,XCN,143,176390579.4802552
2026-04-19,5964,TWT,144,172542854.10263923
2026-04-19,38967,RAVE,145,171618718.5729183
2026-04-19,8526,RAY,146,170379156.98334554
2026-04-19,38482,FF,147,169483695.0515091
2026-04-19,9903,CVX,148,168185842.7142443
2026-04-19,4041,MX,149,162923854.10167995
2026-04-19,36119,WAL,150,162522698.92082265
2026-04-19,6748,CFG,151,153074831.57905656
2026-04-19,3871,AB,152,151967091.19995397
2026-04-19,7080,GALA,153,151300198.37755987
2026-04-19,8119,SFP,154,150090223.70168555
2026-04-19,24091,ZK,155,149813476.02309176
2026-04-19,33391,DEEP,156,146600787.88612738
2026-04-19,1697,BAT,157,145656552.03171405
2026-04-19,2467,TRAC,158,145180335.9905717
2026-04-19,4157,RUNE,159,145115875.2391428
2026-04-19,28541,JTO,160,141517827.02279642
2026-04-19,10791,XEC,161,138601472.50497425
2026-04-19,5632,AR,162,133773609.99913523
2026-04-19,7431,AKT,163,132528342.70642297
2026-04-19,18934,STG,164,130123325.47838782
2026-04-19,8104,1INCH,165,129630383.74488956
2026-04-19,36462,A,166,129129573.53067273
2026-04-19,1455,GLM,167,126599362.390042
2026-04-19,10508,FLUID,168,120568707.02865557
2026-04-19,6892,EGLD,169,119785716.99041454
2026-04-19,38337,0G,170,119683462.34967642
2026-04-19,30494,EIGEN,171,119652563.72051908
2026-04-19,32684,S,172,119216466.53061704
2026-04-19,2130,ENJ,173,114904265.7952094
2026-04-19,38417,RIVER,174,112400060.2169841
2026-04-19,38868,SENT,175,111927212.725353
2026-04-19,3964,RSR,176,111766009.76526968
2026-04-19,28324,DYDX,177,111706672.24890399
2026-04-19,30083,ATH,178,111148812.15266588
2026-04-19,38837,BEAT,179,111117590.40121731
2026-04-19,7548,WEMIX,180,107859405.45312412
2026-04-19,1785,GAS,181,107641896.9944774
2026-04-19,21585,SAFE,182,104680628.3110886
2026-04-19,1698,ZEN,183,103664916.00860144
2026-04-19,3640,LPT,184,102594940.72465445
2026-04-19,35347,MELANIA,185,102092729.4877128
2026-04-19,35763,KAITO,186,100793459.00644268
2026-04-19,19269,COW,187,99769266.60646866
2026-04-19,4006,AWE,188,99441153.38491006
2026-04-19,2586,SNX,189,98314495.00541145
2026-04-19,37070,ICNT,190,97930192.55336653
2026-04-19,28298,BEAM,191,97481689.85744545
2026-04-19,23635,FORM,192,96342185.70629998
2026-04-19,24647,BERA,193,96090506.63526338
2026-04-19,33280,CHEEMS,194,95809698.53741325
2026-04-19,4195,FTT,195,94651313.77965073
2026-04-19,36532,B,196,94479988.47921553
2026-04-19,1684,QTUM,197,93893469.23254038
2026-04-19,5864,YFI,198,93834673.01546653
2026-04-19,2577,RVN,199,93491270.68877468
2026-04-19,38408,BARD,200,92216246.08662795
2026-04-26,1,BTC,1,1574822261171.3552
2026-04-26,1027,ETH,2,285999819452.3985
2026-04-26,825,USDT,3,189819976600.45682
2026-04-26,52,XRP,4,88306623209.33244
2026-04-26,1839,BNB,5,85739105543.99162
2026-04-26,3408,USDC,6,77785619417.97903
2026-04-26,5426,SOL,7,50081978726.53895
2026-04-26,1958,TRX,8,30665417173.22991
2026-04-26,74,DOGE,9,16850180557.947165
2026-04-26,32196,HYPE,10,10852911178.440176
2026-04-26,3957,LEO,11,9543104341.2976
2026-04-26,2010,ADA,12,9130265204.53601
2026-04-26,1831,BCH,13,9112806100.247774
2026-04-26,328,XMR,14,7227413714.042522
2026-04-26,1975,LINK,15,6903144631.288285
2026-04-26,1437,ZEC,16,5911852285.4234495
2026-04-26,37263,CC,17,5770032562.1115465
2026-04-26,512,XLM,18,5688701909.148285
2026-04-26,35491,M,19,5612960345.7568245
2026-04-26,4943,DAI,20,5365247337.088037
2026-04-26,36148,USD1,21,4384402038.591012
2026-04-26,2,LTC,22,4341501810.124782
2026-04-26,5805,AVAX,23,4086819641.9628725
2026-04-26,4642,HBAR,24,4001227707.1376276
2026-04-26,29470,USDe,25,3759500870.4320345
2026-04-26,20947,SUI,26,3740832924.0381837
2026-04-26,5994,SHIB,27,3664099511.080902
2026-04-26,27772,PYUSD,28,3447962752.673694
2026-04-26,11419,TON,29,3281965298.3156037
2026-04-26,3635,CRO,30,3058210526.1805415
2026-04-26,22974,TAO,31,2731285912.655084
2026-04-26,5176,XAUt,32,2618008811.9446025
2026-04-26,33793,USDG,33,2396976725.4975348
2026-04-26,33251,WLFI,34,2384547638.132391
2026-04-26,4705,PAXG,35,2251352595.689023
2026-04-26,27075,MNT,36,2148243798.4083824
2026-04-26,6636,DOT,37,2121950376.4660919
2026-04-26,7083,UNI,38,2092983157.4787354
2026-04-26,33038,SKY,39,2047903502.4759748
2026-04-26,35697,PI,40,1866132711.4659405
2026-04-26,6535,NEAR,41,1805249313.114357
2026-04-26,3897,OKB,42,1777049877.9891403
2026-04-26,36341,ASTER,43,1636998126.8620095
2026-04-26,24478,PEPE,44,1614619535.9862683
2026-04-26,34387,RLUSD,45,1603428733.837641
2026-04-26,7278,AAVE,46,1488113579.320827
2026-04-26,19891,USDD,47,1451860728.1028252
2026-04-26,11092,BGB,48,1386839219.5851564
2026-04-26,8916,ICP,49,1350578168.2302732
2026-04-26,1321,ETC,50,1334421955.5384183
2026-04-26,21159,ONDO,51,1300370346.808919
2026-04-26,7326,DEXE,52,1152092552.6631038
2026-04-26,2087,KCS,53,1151308915.435604
2026-04-26,4030,ALGO,54,1068937330.5614614
2026-04-26,39120,U,55,1057924093.5108538
2026-04-26,3794,ATOM,56,1011929231.4142078
2026-04-26,28321,POL,57,982166441.8116695
2026-04-26,30171,ENA,58,959220990.9969053
2026-04-26,5690,RENDER,59,946321523.2296078
2026-04-26,20396,KAS,60,927999540.1930686
2026-04-26,34104,MORPHO,61,862658264.2753414
2026-04-26,13502,WLD,62,856452576.5283369
2026-04-26,3155,QNT,63,855378829.8145107
2026-04-26,4269,GT,64,828469378.4474733
2026-04-26,11841,ARB,65,797565047.4397081
2026-04-26,21794,APT,66,794253699.6906786
2026-04-26,38892,STABLE,67,740502491.7752552
2026-04-26,2280,FIL,68,730529795.2332644
2026-04-26,5488,JST,69,692392419.4534167
2026-04-26,7950,FLR,70,679679377.88415
2026-04-26,29210,JUP,71,658792148.0924618
2026-04-26,3077,VET,72,634398539.5207319
2026-04-26,35336,TRUMP,73,608180418.0758436
2026-04-26,2634,XDC,74,595303155.6611941
2026-04-26,2694,NEXO,75,594006065.3387728
2026-04-26,39064,NIGHT,76,591330675.1137888
2026-04-26,36507,PUMP,77,585370835.6689215
2026-04-26,34466,PENGU,78,563223875.1625918
2026-04-26,23095,BONK,79,554961244.2786139
2026-04-26,4066,CHZ,80,514853969.5101065
2026-04-26,7186,CAKE,81,501576573.1486414
2026-04-26,35766,SIREN,82,496293469.93190074
2026-04-26,2563,TUSD,83,494686016.85737425
2026-04-26,26997,ZRO,84,494370833.51932377
2026-04-26,3773,FET,85,478982399.99896514
2026-04-26,29420,VIRTUAL,86,467611134.6553687
2026-04-26,131,DASH,87,460238957.71727455
2026-04-26,20641,EURC,88,446823985.8273718
2026-04-26,35509,VVV,89,441273951.64874846
2026-04-26,39720,EDGE,90,438566387.74343693
2026-04-26,23149,SEI,91,435549384.0687554
2026-04-26,29270,AERO,92,427591139.5440367
2026-04-26,4847,STX,93,420233261.34608614
2026-04-26,26081,FDUSD,94,414878721.2310489
2026-04-26,36922,H,95,409918189.6856479
2026-04-26,2011,XTZ,96,401556455.33500206
2026-04-26,8000,LDO,97,380816573.3125528
2026-04-26,30495,MON,98,379385943.6262293
2026-04-26,30636,ZBCN,99,379137994.74154234
2026-04-26,7226,INJ,100,374207790.9815557
2026-04-26,29814,ETHFI,101,371357081.16859883
2026-04-26,28081,SPX,102,360769911.1440291
2026-04-26,10529,SUN,103,352258480.4549286
2026-04-26,10603,IMX,104,351861379.2917707
2026-04-26,38590,币安人生,105,345667415.7791326
2026-04-26,1168,DCR,106,345387149.1931813
2026-04-26,6538,CRV,107,344443403.54917836
2026-04-26,4172,LUNC,108,341548680.9275289
2026-04-26,1659,GNO,109,333216010.75399023
2026-04-26,22861,TIA,110,324772739.285151
2026-04-26,7334,CFX,111,320650491.16692466
2026-04-26,3602,BSV,112,320577474.81332654
2026-04-26,16086,BTT,113,318951853.50257266
2026-04-26,9816,NFT,114,318128994.45824486
2026-04-26,10804,FLOKI,115,314859431.20954645
2026-04-26,38515,2Z,116,307621088.69696265
2026-04-26,32880,KAIA,117,305656607.4749587
2026-04-26,33824,SYRUP,118,300314109.64298385
2026-04-26,8425,JASMY,119,293780487.797017
2026-04-26,28177,PYTH,120,285332937.568351
2026-04-26,38828,KITE,121,276740742.7838388
2026-04-26,6719,GRT,122,270849112.3234272
2026-04-26,11840,OP,123,270787745.1521894
2026-04-26,1720,IOTA,124,255119635.05623555
2026-04-26,6783,AXS,125,241227813.91294476
2026-04-26,13855,ENS,126,238465880.09390512
2026-04-26,6210,SAND,127,237718756.0812154
2026-04-26,22691,STRK,128,233449903.2006497
2026-04-26,39125,LIT,129,228337276.1280524
2026-04-26,38967,RAVE,130,225181788.63959426
2026-04-26,5692,COMP,131,224115726.93510187
2026-04-26,9481,PENDLE,132,223677833.47340894
2026-04-26,2416,THETA,133,214413254.60403684
2026-04-26,33597,FARTCOIN,134,208332534.1862223
2026-04-26,1376,NEO,135,206223764.74322987
2026-04-26,2394,TEL,136,205026993.58964244
2026-04-26,8526,RAY,137,201940511.984175
2026-04-26,35626,IP,138,192494196.41044164
2026-04-26,5964,TWT,139,190752722.6547457
2026-04-26,36300,SKYAI,140,189765869.89501947
2026-04-26,1966,MANA,141,188359949.96411163
2026-04-26,37322,VSN,142,186971645.53253344
2026-04-26,5665,HNT,143,185956893.53906146
2026-04-26,36645,XPL,144,181395639.7614567
2026-04-26,4157,RUNE,145,179053369.38895765
2026-04-26,18679,XCN,146,178916161.58618087
2026-04-26,28752,WIF,147,178094309.70596784
2026-04-26,8119,SFP,148,176084693.97607
2026-04-26,9903,CVX,149,173470971.2794279
2026-04-26,36119,WAL,150,173362202.16666433
2026-04-26,2467,TRAC,151,167993688.02828017
2026-04-26,28541,JTO,152,164462613.18545246
2026-04-26,38482,FF,153,162820145.11070326
2026-04-26,4041,MX,154,162099367.114453
2026-04-26,7080,GALA,155,162062390.99770856
2026-04-26,1697,BAT,156,157496815.29046872
2026-04-26,24091,ZK,157,155592765.06986514
2026-04-26,33391,DEEP,158,155523632.99370915
2026-04-26,3871,AB,159,153780176.9813886
2026-04-26,36462,A,160,149907878.82587904
2026-04-26,39870,CHIP,161,146966106.19229597
2026-04-26,10791,XEC,162,142751987.91849053
2026-04-26,7431,AKT,163,142629016.45488596
2026-04-26,18934,STG,164,137494735.73239982
2026-04-26,1455,GLM,165,136767399.8415475
2026-04-26,38837,BEAT,166,136630223.62582737
2026-04-26,38868,SENT,167,136152777.23893648
2026-04-26,8104,1INCH,168,135950449.15570036
2026-04-26,36532,B,169,135172419.47893378
2026-04-26,32684,S,170,134703558.25629827
2026-04-26,28324,DYDX,171,133008194.36365522
2026-04-26,6892,EGLD,172,132539964.76584317
2026-04-26,10508,FLUID,173,132329464.81690551
2026-04-26,5632,AR,174,129261159.171763
2026-04-26,6748,CFG,175,126875785.80376133
2026-04-26,38417,RIVER,176,126780419.44189893
2026-04-26,30494,EIGEN,177,125808895.78286079
2026-04-26,3964,RSR,178,120339900.6139537
2026-04-26,2130,ENJ,179,118046688.63172738
2026-04-26,38337,0G,180,118012321.57854028
2026-04-26,30083,ATH,181,116228132.63702758
2026-04-26,33280,CHEEMS,182,112328718.40777001
2026-04-26,2586,SNX,183,111502114.07054701
2026-04-26,7548,WEMIX,184,110238471.76160395
2026-04-26,1698,ZEN,185,110159582.77517949
2026-04-26,35347,MELANIA,186,110066841.21138246
2026-04-26,1785,GAS,187,109630859.01844579
2026-04-26,18876,APE,188,109440592.67043667
2026-04-26,3640,LPT,189,108318125.63018654
2026-04-26,4006,AWE,190,107394066.91173206
2026-04-26,19269,COW,191,106324970.1653133
2026-04-26,28298,BEAM,192,104926908.41418378
2026-04-26,21585,SAFE,193,104060769.96042009
2026-04-26,36569,SPK,194,100234281.94578283
2026-04-26,1896,ZRX,195,98865065.8774206
2026-04-26,35763,KAITO,196,98842845.4435617
2026-04-26,23635,FORM,197,98835320.7165319
2026-04-26,5864,YFI,198,98683099.22477575
2026-04-26,2577,RVN,199,98111895.10065448
2026-04-26,4195,FTT,200,97974807.67033692
2026-05-03,1,BTC,1,1572611765257.2517
2026-05-03,1027,ETH,2,280192142917.38934
2026-05-03,825,USDT,3,189546122498.44635
2026-05-03,52,XRP,4,85747110981.24548
2026-05-03,1839,BNB,5,83227967133.5455
2026-05-03,3408,USDC,6,77250260781.44272
2026-05-03,5426,SOL,7,48353570672.145996
2026-05-03,1958,TRX,8,32090571380.4116
2026-05-03,74,DOGE,9,16684097057.075294
2026-05-03,32196,HYPE,10,10573402521.724154
2026-05-03,3957,LEO,11,9488046092.803347
2026-05-03,2010,ADA,12,9026630082.189116
2026-05-03,1831,BCH,13,8877786197.986063
2026-05-03,328,XMR,14,7221533417.457181
2026-05-03,1437,ZEC,15,6879336888.967544
2026-05-03,1975,LINK,16,6639516379.670122
2026-05-03,37263,CC,17,5681528926.303251
2026-05-03,4943,DAI,18,5364877967.354079
2026-05-03,512,XLM,19,5266049306.958417
2026-05-03,36148,USD1,20,4500436271.382918
2026-05-03,2,LTC,21,4264278934.1015215
2026-05-03,5805,AVAX,22,3922590243.398701
2026-05-03,29470,USDe,23,3909796166.205624
2026-05-03,35491,M,24,3873142800.539882
2026-05-03,4642,HBAR,25,3804882461.5637784
2026-05-03,20947,SUI,26,3686595021.9019456
2026-05-03,5994,SHIB,27,3634365594.549369
2026-05-03,11419,TON,28,3504871427.4225035
2026-05-03,27772,PYUSD,29,3400238132.327956
2026-05-03,22974,TAO,30,3148196622.537838
2026-05-03,3635,CRO,31,2965637524.404318
2026-05-03,5176,XAUt,32,2729485222.7627916
2026-05-03,33793,USDG,33,2495030231.977964
2026-05-03,4705,PAXG,34,2207717837.120781
2026-05-03,27075,MNT,35,2086707586.8618083
2026-05-03,7083,UNI,36,2058578820.5241907
2026-05-03,6636,DOT,37,2035516452.3827515
2026-05-03,33251,WLFI,38,1856364628.3061342
2026-05-03,33038,SKY,39,1855300682.3114574
2026-05-03,35697,PI,40,1833062337.3285909
2026-05-03,3897,OKB,41,1795682597.1311257
2026-05-03,36341,ASTER,42,1735465340.5742366
2026-05-03,6535,NEAR,43,1651148732.675163
2026-05-03,24478,PEPE,44,1632210684.23006
2026-05-03,34387,RLUSD,45,1568042479.077639
2026-05-03,19891,USDD,46,1491655132.4498315
2026-05-03,7278,AAVE,47,1424383344.1131892
2026-05-03,11092,BGB,48,1399667052.889743
2026-05-03,21159,ONDO,49,1399041220.0435424
2026-05-03,1321,ETC,50,1329164910.0960288
2026-05-03,8916,ICP,51,1295202528.7591827
2026-05-03,2087,KCS,52,1130711220.8919106
2026-05-03,39120,U,53,1047463090.8619846
2026-05-03,28321,POL,54,1014892813.0994791
2026-05-03,4030,ALGO,55,1009063501.0451928
2026-05-03,3794,ATOM,56,949610527.1626946
2026-05-03,5690,RENDER,57,947278897.6436633
2026-05-03,20396,KAS,58,922357831.5998929
2026-05-03,34104,MORPHO,59,892206644.5064824
2026-05-03,30171,ENA,60,880334065.5581475
2026-05-03,7326,DEXE,61,864606581.7940449
2026-05-03,3155,QNT,62,823112740.7060561
2026-05-03,4269,GT,63,822153782.5999267
2026-05-03,21794,APT,64,796666938.4614972
2026-05-03,13502,WLD,65,784308158.0267901
2026-05-03,38892,STABLE,66,736172634.0828533
2026-05-03,5488,JST,67,723367301.200573
2026-05-03,11841,ARB,68,722058021.1167465
2026-05-03,2280,FIL,69,717651303.3696834
2026-05-03,7950,FLR,70,646831343.6514009
2026-05-03,34466,PENGU,71,620673476.6831306
2026-05-03,3077,VET,72,619975928.1494596
2026-05-03,36507,PUMP,73,598456847.5294002
2026-05-03,29210,JUP,74,589254790.5168862
2026-05-03,2694,NEXO,75,582221844.8180248
2026-05-03,2634,XDC,76,580372007.386917
2026-05-03,36922,H,77,554753380.627475
2026-05-03,23095,BONK,78,549364588.9325821
2026-05-03,35766,SIREN,79,543194887.357502
2026-05-03,35336,TRUMP,80,542316831.2526726
2026-05-03,39064,NIGHT,81,502202000.6939691
2026-05-03,131,DASH,82,495789484.0426064
2026-05-03,29420,VIRTUAL,83,494775222.7321076
2026-05-03,2563,TUSD,84,493800003.4032552
2026-05-03,7186,CAKE,85,488528389.2724541
2026-05-03,36300,SKYAI,86,466066829.1064937
2026-05-03,4172,LUNC,87,465977468.3025873
2026-05-03,3773,FET,88,465234169.2071059
2026-05-03,26997,ZRO,89,437851987.5874958
2026-05-03,35509,VVV,90,436778037.54018545
2026-05-03,20641,EURC,91,433959363.6346514
2026-05-03,36532,B,92,423490828.1239264
2026-05-03,39720,EDGE,93,419925849.1486598
2026-05-03,29270,AERO,94,418850653.40138835
2026-05-03,4066,CHZ,95,416581213.14906704
2026-05-03,23149,SEI,96,408920480.9486153
2026-05-03,4847,STX,97,406288126.4214688
2026-05-03,26081,FDUSD,98,402382335.3083171
2026-05-03,2011,XTZ,99,392843609.3464602
2026-05-03,38590,币安人生,100,390528817.9590761
2026-05-03,7226,INJ,101,374211469.36241144
2026-05-03,10529,SUN,102,370803473.7416333
2026-05-03,6538,CRV,103,350202977.44565856
2026-05-03,30636,ZBCN,104,347551811.92488056
2026-05-03,29814,ETHFI,105,345770950.8698611
2026-05-03,28081,SPX,106,345341725.880183
2026-05-03,30495,MON,107,344600321.33892095
2026-05-03,1659,GNO,108,342323078.84916836
2026-05-03,1168,DCR,109,331067043.6418807
2026-05-03,10603,IMX,110,330053074.9006273
2026-05-03,16086,BTT,111,318031128.6525968
2026-05-03,22861,TIA,112,317322774.4177909
2026-05-03,3602,BSV,113,316884602.28018564
2026-05-03,9816,NFT,114,314789141.7341815
2026-05-03,7334,CFX,115,314031394.2205753
2026-05-03,8000,LDO,116,310008325.03498447
2026-05-03,10804,FLOKI,117,304056424.190116
2026-05-03,33824,SYRUP,118,296975690.44829583
2026-05-03,38515,2Z,119,293591544.6564847
2026-05-03,32880,KAIA,120,284166017.41181064
2026-05-03,28177,PYTH,121,281892527.702692
2026-05-03,8425,JASMY,122,275199789.351582
2026-05-03,9481,PENDLE,123,269210295.87598324
2026-05-03,6719,GRT,124,265140373.92224696
2026-05-03,11840,OP,125,264757005.23979563
2026-05-03,38828,KITE,126,263840441.48726645
2026-05-03,1720,IOTA,127,241194652.4568452
2026-05-03,13855,ENS,128,236162139.64662907
2026-05-03,39125,LIT,129,230827408.4942231
2026-05-03,22691,STRK,130,228409695.6177115
2026-05-03,5692,COMP,131,225886174.8272833
2026-05-03,6783,AXS,132,225779145.21029073
2026-05-03,8526,RAY,133,218138256.93113047
2026-05-03,2416,THETA,134,213115742.81093827
2026-05-03,6210,SAND,135,211086936.27999967
2026-05-03,39841,GENIUS,136,206408683.50024852
2026-05-03,33597,FARTCOIN,137,202694399.63871148
2026-05-03,18679,XCN,138,198065766.27878287
2026-05-03,1376,NEO,139,194872289.02963167
2026-05-03,2394,TEL,140,194004467.3519271
2026-05-03,28752,WIF,141,187640837.43238354
2026-05-03,37322,VSN,142,185477324.35387605
2026-05-03,7431,AKT,143,183593585.7691446
2026-05-03,5964,TWT,144,183104622.6633141
2026-05-03,28541,JTO,145,182935997.57692152
2026-05-03,4157,RUNE,146,180836122.44857922
2026-05-03,5665,HNT,147,179423418.9730577
2026-05-03,35626,IP,148,175810457.52271625
2026-05-03,2467,TRAC,149,175538346.84513813
2026-05-03,1966,MANA,150,174932463.443544
2026-05-03,9903,CVX,151,170001470.78204563
2026-05-03,24091,ZK,152,168889652.6026823
2026-05-03,36119,WAL,153,164420570.62262672
2026-05-03,4041,MX,154,162070129.93291938
2026-05-03,36645,XPL,155,161439430.7377906
2026-05-03,1697,BAT,156,160144873.23524407
2026-05-03,8119,SFP,157,160028400.00984335
2026-05-03,38967,RAVE,158,154562539.68073788
2026-05-03,33391,DEEP,159,154281985.2673785
2026-05-03,38837,BEAT,160,154021888.13395587
2026-05-03,3871,AB,161,152730668.22501597
2026-05-03,7080,GALA,162,147141082.67803273
2026-05-03,18934,STG,163,146581472.94266576
2026-05-03,38482,FF,164,145354734.6614031
2026-05-03,36462,A,165,144133287.58453414
2026-05-03,10791,XEC,166,143058070.24471295
2026-05-03,38770,MEGA,167,140781848.51755753
2026-05-03,5632,AR,168,140203711.74032646
2026-05-03,1455,GLM,169,139077763.25566462
2026-05-03,8104,1INCH,170,133531235.73649038
2026-05-03,34812,BIO,171,130727794.49707253
2026-05-03,30494,EIGEN,172,128030606.52217774
2026-05-03,1698,ZEN,173,127948645.08829118
2026-05-03,32684,S,174,125944101.29807863
2026-05-03,38417,RIVER,175,125592879.1791963
2026-05-03,18876,APE,176,125003657.22986414
2026-05-03,10508,FLUID,177,124069564.28735888
2026-05-03,11165,ORCA,178,122143785.93599679
2026-05-03,38868,SENT,179,122139840.13521779
2026-05-03,28324,DYDX,180,121734254.82128297
2026-05-03,6892,EGLD,181,121164614.31189361
2026-05-03,6748,CFG,182,119450468.589171
2026-05-03,39870,CHIP,183,119006136.2098921
2026-05-03,33280,CHEEMS,184,114880562.4889674
2026-05-03,30083,ATH,185,114654946.02950484
2026-05-03,3964,RSR,186,114338417.98830421
2026-05-03,38337,0G,187,113475096.07453305
2026-05-03,35763,KAITO,188,113165409.08360742
2026-05-03,25028,ORDI,189,113043363.14301758
2026-05-03,7548,WEMIX,190,111884090.96848354
2026-05-03,23635,FORM,191,109498255.28590427
2026-05-03,4006,AWE,192,109471523.2039469
2026-05-03,2586,SNX,193,109261469.00418366
2026-05-03,21585,SAFE,194,105916063.2243318
2026-05-03,3640,LPT,195,105691832.2547058
2026-05-03,2130,ENJ,196,104887005.26428652
2026-05-03,19269,COW,197,104655806.29689145
2026-05-03,1785,GAS,198,104433083.34263654
2026-05-03,35347,MELANIA,199,103284643.27796242
2026-05-03,38978,IRYS,200,99024109.64371318
2026-05-10,1,BTC,1,1645048947954.7544
2026-05-10,1027,ETH,2,285911686766.0652
2026-05-10,825,USDT,3,189663275781.69498
2026-05-10,52,XRP,4,91013920571.79344
2026-05-10,1839,BNB,5,89452310582.28961
2026-05-10,3408,USDC,6,77857221360.77835
2026-05-10,5426,SOL,7,55712492849.15778
2026-05-10,1958,TRX,8,33243351948.79306
2026-05-10,74,DOGE,9,19116691295.568684
2026-05-10,32196,HYPE,10,10946926915.924288
2026-05-10,2010,ADA,11,10226800523.924318
2026-05-10,1437,ZEC,12,9882206749.832975
2026-05-10,1831,BCH,13,9287418381.09894
2026-05-10,3957,LEO,14,9277366715.952347
2026-05-10,1975,LINK,15,7789079259.156276
2026-05-10,328,XMR,16,7560036386.642226
2026-05-10,11419,TON,17,6640533450.3532295
2026-05-10,37263,CC,18,5999528095.077466
2026-05-10,512,XLM,19,5671601887.479541
2026-05-10,4943,DAI,20,5364025795.959416
2026-05-10,20947,SUI,21,5335647098.928411
2026-05-10,2,LTC,22,4658787416.08688
2026-05-10,5805,AVAX,23,4417739307.8483715
2026-05-10,36148,USD1,24,4404951694.996963
2026-05-10,35491,M,25,4288903641.629808
2026-05-10,4642,HBAR,26,4225259551.505326
2026-05-10,29470,USDe,27,3978954578.6233745
2026-05-10,5994,SHIB,28,3892966902.8821406
2026-05-10,22974,TAO,29,3486141501.5578403
2026-05-10,27772,PYUSD,30,3420348503.6231713
2026-05-10,3635,CRO,31,3301581079.399718
2026-05-10,5176,XAUt,32,2777196386.216678
2026-05-10,33793,USDG,33,2770320244.5568604
2026-05-10,7083,UNI,34,2541310357.528633
2026-05-10,27075,MNT,35,2354908167.5715528
2026-05-10,6636,DOT,36,2326761541.2261553
2026-05-10,4705,PAXG,37,2213132367.8739367
2026-05-10,33251,WLFI,38,2188296099.700771
2026-05-10,21159,ONDO,39,2071130396.190345
2026-05-10,6535,NEAR,40,2028853981.045161
2026-05-10,3897,OKB,41,1868140299.8299408
2026-05-10,8916,ICP,42,1859412903.893511
2026-05-10,36341,ASTER,43,1848137413.0368207
2026-05-10,33038,SKY,44,1830366290.8775172
2026-05-10,35697,PI,45,1828791682.0081136
2026-05-10,24478,PEPE,46,1824318287.8798144
2026-05-10,7278,AAVE,47,1573533426.7342591
2026-05-10,1321,ETC,48,1560172689.4026651
2026-05-10,34387,RLUSD,49,1545191225.322606
2026-05-10,11092,BGB,50,1509301224.8230283
2026-05-10,19891,USDD,51,1487563218.2192113
2026-05-10,30171,ENA,52,1192989216.2929552
2026-05-10,2087,KCS,53,1155845547.3318782
2026-05-10,4030,ALGO,54,1150095616.5947113
2026-05-10,28321,POL,55,1111679243.877146
2026-05-10,34104,MORPHO,56,1072603384.9402232
2026-05-10,7326,DEXE,57,1061741987.2260617
2026-05-10,20396,KAS,58,1057794590.6784315
2026-05-10,39120,U,59,1047442857.3188562
2026-05-10,5690,RENDER,60,1045246853.5698668
2026-05-10,3794,ATOM,61,1022706221.940173
2026-05-10,13502,WLD,62,944838908.0666265
2026-05-10,21794,APT,63,931546959.2879407
2026-05-10,3155,QNT,64,906716080.7002587
2026-05-10,2280,FIL,65,894997793.3605696
2026-05-10,29210,JUP,66,885344282.4377834
2026-05-10,11841,ARB,67,884611022.0949599
2026-05-10,4269,GT,68,849766541.4707448
2026-05-10,35766,SIREN,69,837609947.6809454
2026-05-10,38892,STABLE,70,775443772.4325706
2026-05-10,7950,FLR,71,749414940.9323728
2026-05-10,36507,PUMP,72,727635022.6235377
2026-05-10,5488,JST,73,726420416.8336779
2026-05-10,35509,VVV,74,682955647.8281667
2026-05-10,3077,VET,75,680995854.7601049
2026-05-10,23095,BONK,76,679427178.8869282
2026-05-10,34466,PENGU,77,669690223.802937
2026-05-10,2634,XDC,78,625414421.7081721
2026-05-10,131,DASH,79,604216431.9409609
2026-05-10,2694,NEXO,80,598645350.8081638
2026-05-10,29420,VIRTUAL,81,595453122.4686356
2026-05-10,35336,TRUMP,82,578742137.9464167
2026-05-10,36922,H,83,572970076.912305
2026-05-10,4172,LUNC,84,555014809.6531975
2026-05-10,39064,NIGHT,85,553403714.2323192
2026-05-10,3773,FET,86,543626721.8109457
2026-05-10,36300,SKYAI,87,540035357.353684
2026-05-10,23149,SEI,88,529351282.8315072
2026-05-10,7186,CAKE,89,528514980.4151844
2026-05-10,2563,TUSD,90,494454341.0846399
2026-05-10,29270,AERO,91,494117811.4855133
2026-05-10,4847,STX,92,487145463.25946593
2026-05-10,26997,ZRO,93,486452244.7318826
2026-05-10,4066,CHZ,94,471537595.47408956
2026-05-10,38590,币安人生,95,456544771.1252248
2026-05-10,20641,EURC,96,454540679.55994266
2026-05-10,39720,EDGE,97,454207648.69467366
2026-05-10,28081,SPX,98,449722443.07147783
2026-05-10,2011,XTZ,99,434891245.0920243
2026-05-10,7226,INJ,100,428531704.7527568
2026-05-10,30495,MON,101,419147653.5622225
2026-05-10,22861,TIA,102,415524593.72807705
2026-05-10,36532,B,103,407089560.7818624
2026-05-10,26081,FDUSD,104,399409855.4407687
2026-05-10,10529,SUN,105,393052458.1045616
2026-05-10,6538,CRV,106,391326355.78252286
2026-05-10,29814,ETHFI,107,387569522.20758814
2026-05-10,10603,IMX,108,386608208.59457403
2026-05-10,38515,2Z,109,362831474.19647825
2026-05-10,8425,JASMY,110,359281562.4094429
2026-05-10,10804,FLOKI,111,356271266.7372054
2026-05-10,1659,GNO,112,354843693.52094996
2026-05-10,11840,OP,113,351398139.43873453
2026-05-10,8000,LDO,114,351365200.9023607
2026-05-10,30636,ZBCN,115,349629365.7342994
2026-05-10,3602,BSV,116,349154651.04565233
2026-05-10,7334,CFX,117,349114206.41807735
2026-05-10,28177,PYTH,118,341780098.3195112
2026-05-10,1168,DCR,119,340081557.2203605
2026-05-10,16086,BTT,120,338811392.005078
2026-05-10,9481,PENDLE,121,335884573.83418137
2026-05-10,38828,KITE,122,318798328.05692923
2026-05-10,9816,NFT,123,317493816.50928766
2026-05-10,32880,KAIA,124,312181721.9458998
2026-05-10,6719,GRT,125,309466619.4010878
2026-05-10,22691,STRK,126,307621905.430375
2026-05-10,33824,SYRUP,127,306669371.01034576
2026-05-10,13855,ENS,128,295195072.32193196
2026-05-10,1720,IOTA,129,278567908.23680836
2026-05-10,33597,FARTCOIN,130,265593571.96886727
2026-05-10,39125,LIT,131,264298148.67239714
2026-05-10,6783,AXS,132,248045548.71266434
2026-05-10,6210,SAND,133,244878510.31199616
2026-05-10,28541,JTO,134,239215583.0527754
2026-05-10,8526,RAY,135,236110840.95091268
2026-05-10,2416,THETA,136,235993236.71468204
2026-05-10,5692,COMP,137,232114069.41461653
2026-05-10,28752,WIF,138,231578773.25731263
2026-05-10,1376,NEO,139,225709681.77955264
2026-05-10,33391,DEEP,140,221595207.13423902
2026-05-10,7431,AKT,141,220963485.54600084
2026-05-10,39379,GWEI,142,219005326.1671914
2026-05-10,4157,RUNE,143,214401675.7504447
2026-05-10,2394,TEL,144,213171366.3329859
2026-05-10,5964,TWT,145,211873677.22036058
2026-05-10,35626,IP,146,211503254.1483969
2026-05-10,36119,WAL,147,203633859.9407786
2026-05-10,18679,XCN,148,201885073.14570495
2026-05-10,1966,MANA,149,197611182.71011817
2026-05-10,7080,GALA,150,194622042.74086437
2026-05-10,36645,XPL,151,193243151.8334203
2026-05-10,39841,GENIUS,152,190934598.46361625
2026-05-10,24091,ZK,153,187452202.20891443
2026-05-10,38849,PIEVERSE,154,185274052.7849879
2026-05-10,5665,HNT,155,182960390.36169782
2026-05-10,9903,CVX,156,181671999.31851056
2026-05-10,6748,CFG,157,177822511.0984856
2026-05-10,2467,TRAC,158,177741701.06647497
2026-05-10,37322,VSN,159,176757099.0239822
2026-05-10,38967,RAVE,160,175605080.60544118
2026-05-10,10791,XEC,161,173204378.63605022
2026-05-10,1697,BAT,162,168255040.1146827
2026-05-10,5632,AR,163,165613465.7804105
2026-05-10,30494,EIGEN,164,165042781.34804654
2026-05-10,18934,STG,165,164617181.02985618
2026-05-10,8119,SFP,166,164264773.78021786
2026-05-10,36462,A,167,162007521.15424994
2026-05-10,4041,MX,168,160902014.16726175
2026-05-10,32684,S,169,158376448.8450389
2026-05-10,18876,APE,170,157355800.77447692
2026-05-10,38482,FF,171,153010211.01243663
2026-05-10,1455,GLM,172,149463899.49062315
2026-05-10,3871,AB,173,149002842.4183149
2026-05-10,34958,TAG,174,148677393.2122892
2026-05-10,8104,1INCH,175,146564675.99587485
2026-05-10,10508,FLUID,176,143755453.64954913
2026-05-10,38770,MEGA,177,143539480.0086351
2026-05-10,28324,DYDX,178,143301270.5445397
2026-05-10,6892,EGLD,179,142158564.24409896
2026-05-10,38837,BEAT,180,141288289.76143232
2026-05-10,30083,ATH,181,135179814.48908433
2026-05-10,3964,RSR,182,131841981.89408566
2026-05-10,36671,SAHARA,183,130816582.09932509
2026-05-10,38868,SENT,184,128082062.93392573
2026-05-10,39870,CHIP,185,127634873.57406552
2026-05-10,1698,ZEN,186,127394632.58939993
2026-05-10,2586,SNX,187,125374365.776485
2026-05-10,7548,WEMIX,188,123767264.93835273
2026-05-10,33280,CHEEMS,189,122890397.71481875
2026-05-10,38417,RIVER,190,122244380.66976039
2026-05-10,38337,0G,191,122200911.53539065
2026-05-10,35763,KAITO,192,121925813.26145355
2026-05-10,34118,BANANAS31,193,121670776.50878906
2026-05-10,3640,LPT,194,118724469.47644803
2026-05-10,21585,SAFE,195,117307356.62501338
2026-05-10,23635,FORM,196,115531642.43232217
2026-05-10,1785,GAS,197,115480250.92308828
2026-05-10,4195,FTT,198,114906165.72394197
2026-05-10,30986,KMNO,199,113685598.6666223
2026-05-10,34812,BIO,200,112778898.74857756
2026-05-17,1,BTC,1,1550948157298.7512
2026-05-17,1027,ETH,2,256776555435.53738
2026-05-17,825,USDT,3,189743590138.95056
2026-05-17,1839,BNB,4,87447929101.60544
2026-05-17,52,XRP,5,86618963529.71303
2026-05-17,3408,USDC,6,76932539735.07521
2026-05-17,5426,SOL,7,49253948441.86711
2026-05-17,1958,TRX,8,33695099219.08092
2026-05-17,74,DOGE,9,18491169681.76831
2026-05-17,32196,HYPE,10,11559198312.625065
2026-05-17,3957,LEO,11,9277830094.860014
2026-05-17,2010,ADA,12,9120763311.017963
2026-05-17,1437,ZEC,13,8923520249.959305
2026-05-17,1831,BCH,14,8104762158.446231
2026-05-17,328,XMR,15,7177597711.417032
2026-05-17,1975,LINK,16,6946809226.658165
2026-05-17,37263,CC,17,5946390673.273288
2026-05-17,4943,DAI,18,5363881677.519401
2026-05-17,11419,TON,19,5162949527.102816
2026-05-17,512,XLM,20,4999992107.411878
2026-05-17,36148,USD1,21,4505206599.561564
2026-05-17,29470,USDe,22,4348274257.958152
2026-05-17,2,LTC,23,4211350443.248704
2026-05-17,20947,SUI,24,4180322007.6819205
2026-05-17,35491,M,25,4119510428.3339453
2026-05-17,5805,AVAX,26,3963666510.902462
2026-05-17,4642,HBAR,27,3904714724.4683404
2026-05-17,27772,PYUSD,28,3464657157.760287
2026-05-17,5994,SHIB,29,3380684483.8137608
2026-05-17,3635,CRO,30,3115546072.2458916
2026-05-17,33793,USDG,31,3027725766.2171135
2026-05-17,22974,TAO,32,2873532403.588767
2026-05-17,5176,XAUt,33,2685493811.697541
2026-05-17,7083,UNI,34,2203414853.250456
2026-05-17,4705,PAXG,35,2132728418.5906363
2026-05-17,6636,DOT,36,2102841047.5495772
2026-05-17,27075,MNT,37,2099655909.628308
2026-05-17,6535,NEAR,38,1950326543.4102407
2026-05-17,33251,WLFI,39,1904930384.3367388
2026-05-17,3897,OKB,40,1721946936.2104192
2026-05-17,36341,ASTER,41,1682552270.4467585
2026-05-17,21159,ONDO,42,1681018146.908815
2026-05-17,35697,PI,43,1626457446.7559042
2026-05-17,33038,SKY,44,1606824538.1888843
2026-05-17,34387,RLUSD,45,1551557666.7668083
2026-05-17,19891,USDD,46,1535422268.1741436
2026-05-17,24478,PEPE,47,1520865154.029171
2026-05-17,8916,ICP,48,1405288925.2506607
2026-05-17,11092,BGB,49,1391228251.9644704
2026-05-17,1321,ETC,50,1387187333.5256867
2026-05-17,7278,AAVE,51,1372545160.2570782
2026-05-17,7326,DEXE,52,1108218589.5410235
2026-05-17,2087,KCS,53,1072357776.3647215
2026-05-17,39120,U,54,1062446062.2730871
2026-05-17,3794,ATOM,55,1032278755.619146
2026-05-17,28321,POL,56,965708766.9521747
2026-05-17,4030,ALGO,57,959265705.41183
2026-05-17,30171,ENA,58,941685245.8455304
2026-05-17,20396,KAS,59,932851656.8928111
2026-05-17,5690,RENDER,60,929972333.6668115
2026-05-17,3155,QNT,61,906271831.5463303
2026-05-17,34104,MORPHO,62,852831965.5539848
2026-05-17,4269,GT,63,803502827.0931876
2026-05-17,38892,STABLE,64,797543952.0932776
2026-05-17,13502,WLD,65,796455173.5684603
2026-05-17,7950,FLR,66,779719800.1473091
2026-05-17,21794,APT,67,760368586.3572311
2026-05-17,5488,JST,68,756138764.0747464
2026-05-17,2280,FIL,69,734756844.3971353
2026-05-17,11841,ARB,70,715268265.5907762
2026-05-17,36922,H,71,652742018.0785692
2026-05-17,35509,VVV,72,645860529.1883491
2026-05-17,29210,JUP,73,644499496.9094981
2026-05-17,2634,XDC,74,626156889.4796963
2026-05-17,36507,PUMP,75,606468250.0252109
2026-05-17,3077,VET,76,572234649.8601835
2026-05-17,2694,NEXO,77,558064447.4771256
2026-05-17,23095,BONK,78,530727288.56711304
2026-05-17,34466,PENGU,79,525438653.8928006
2026-05-17,39064,NIGHT,80,522781331.7181469
2026-05-17,131,DASH,81,517924034.4949912
2026-05-17,35336,TRUMP,82,494542890.62765497
2026-05-17,2563,TUSD,83,494147408.1732391
2026-05-17,4066,CHZ,84,480176213.6909688
2026-05-17,7186,CAKE,85,470189102.43099016
2026-05-17,29420,VIRTUAL,86,460893204.3576923
2026-05-17,7226,INJ,87,456327399.67829436
2026-05-17,20641,EURC,88,453626552.52935517
2026-05-17,23149,SEI,89,434451928.3566996
2026-05-17,3773,FET,90,431727632.0534914
2026-05-17,4172,LUNC,91,428082207.43980277
2026-05-17,4847,STX,92,424492353.78274834
2026-05-17,39720,EDGE,93,419521510.9646673
2026-05-17,38590,币安人生,94,413360352.56046283
2026-05-17,26997,ZRO,95,411979847.117009
2026-05-17,26081,FDUSD,96,393561527.64147437
2026-05-17,36532,B,97,387034550.57510465
2026-05-17,38828,KITE,98,386092275.53838396
2026-05-17,29270,AERO,99,386006802.4281408
2026-05-17,10529,SUN,100,378520078.87420666
2026-05-17,2011,XTZ,101,368152649.3926702
2026-05-17,35766,SIREN,102,361126109.308083
2026-05-17,22861,TIA,103,349179685.6882925
2026-05-17,6538,CRV,104,345026480.9166898
2026-05-17,10603,IMX,105,344227840.55405575
2026-05-17,28081,SPX,106,338768558.13201946
2026-05-17,29814,ETHFI,107,332260233.34079254
2026-05-17,30495,MON,108,328711306.68748796
2026-05-17,7334,CFX,109,319267688.1457636
2026-05-17,32880,KAIA,110,318593421.7588074
2026-05-17,1659,GNO,111,316957772.11773854
2026-05-17,16086,BTT,112,315663050.7881802
2026-05-17,36300,SKYAI,113,315597620.8095341
2026-05-17,9481,PENDLE,114,313001630.0587608
2026-05-17,3602,BSV,115,303628766.6439292
2026-05-17,30636,ZBCN,116,303357683.5436279
2026-05-17,2394,TEL,117,302455940.05966055
2026-05-17,38515,2Z,118,301858927.25151896
2026-05-17,8000,LDO,119,295624919.2024832
2026-05-17,10804,FLOKI,120,292168928.7851839
2026-05-17,1168,DCR,121,287168077.61990166
2026-05-17,9816,NFT,122,285404273.4065711
2026-05-17,8425,JASMY,123,282091010.12103635
2026-05-17,11840,OP,124,275763501.9686732
2026-05-17,6719,GRT,125,266572482.3694688
2026-05-17,22691,STRK,126,256403386.58000538
2026-05-17,13855,ENS,127,250940592.4248608
2026-05-17,28177,PYTH,128,250927221.28347334
2026-05-17,33824,SYRUP,129,246609601.43830067
2026-05-17,1720,IOTA,130,244697801.57841298
2026-05-17,39379,GWEI,131,244563611.92500284
2026-05-17,38849,PIEVERSE,132,235406201.33225942
2026-05-17,39125,LIT,133,215359472.66824347
2026-05-17,7431,AKT,134,212995248.39593223
2026-05-17,5964,TWT,135,211738091.33608896
2026-05-17,5692,COMP,136,211053773.0481799
2026-05-17,6210,SAND,137,207586679.43246135
2026-05-17,28541,JTO,138,202590327.2178904
2026-05-17,38482,FF,139,202132784.36554
2026-05-17,1376,NEO,140,200158320.56211272
2026-05-17,6783,AXS,141,195274203.2732006
2026-05-17,2416,THETA,142,194190297.1401355
2026-05-17,28752,WIF,143,192133218.48060524
2026-05-17,8526,RAY,144,187525986.76383662
2026-05-17,33597,FARTCOIN,145,184156224.21767536
2026-05-17,18679,XCN,146,183183067.72537252
2026-05-17,1966,MANA,147,172410912.92297682
2026-05-17,37322,VSN,148,168496518.98980984
2026-05-17,35626,IP,149,168282916.72358805
2026-05-17,33391,DEEP,150,167362911.01635042
2026-05-17,38837,BEAT,151,166901819.43215352
2026-05-17,36119,WAL,152,163746438.88503355
2026-05-17,9903,CVX,153,163551331.8818754
2026-05-17,2467,TRAC,154,163505174.2617214
2026-05-17,4041,MX,155,163401434.41386238
2026-05-17,7080,GALA,156,157814753.1150024
2026-05-17,4157,RUNE,157,155235818.41231814
2026-05-17,5665,HNT,158,150077548.4687036
2026-05-17,36645,XPL,159,150075401.23867226
2026-05-17,6748,CFG,160,149643551.49084517
2026-05-17,24091,ZK,161,148824877.34739706
2026-05-17,39841,GENIUS,162,147399082.3183847
2026-05-17,10791,XEC,163,145582491.19475684
2026-05-17,18876,APE,164,143875393.3140378
2026-05-17,1697,BAT,165,143471355.90584242
2026-05-17,3871,AB,166,142474701.0686292
2026-05-17,38417,RIVER,167,141384592.2181867
2026-05-17,8119,SFP,168,139706699.55284
2026-05-17,5632,AR,169,137421105.5132372
2026-05-17,30494,EIGEN,170,137365737.95995754
2026-05-17,38967,RAVE,171,137039076.34118655
2026-05-17,1455,GLM,172,132371901.5156832
2026-05-17,36462,A,173,131454135.93571883
2026-05-17,8104,1INCH,174,127702846.22518553
2026-05-17,7548,WEMIX,175,127363011.20722882
2026-05-17,32684,S,176,126475821.6388236
2026-05-17,18934,STG,177,125994144.87030604
2026-05-17,10508,FLUID,178,122052615.94604093
2026-05-17,36671,SAHARA,179,120540265.54935555
2026-05-17,35763,KAITO,180,117639641.70625246
2026-05-17,34958,TAG,181,117311052.25084879
2026-05-17,30083,ATH,182,116656279.29975463
2026-05-17,6892,EGLD,183,115824839.68222767
2026-05-17,28324,DYDX,184,113609584.27037738
2026-05-17,4195,FTT,185,111398234.94667004
2026-05-17,3964,RSR,186,110107910.9064462
2026-05-17,38868,SENT,187,108604925.04665537
2026-05-17,38978,IRYS,188,108259551.54181927
2026-05-17,33280,CHEEMS,189,108242936.61815631
2026-05-17,2586,SNX,190,105434239.76589815
2026-05-17,1698,ZEN,191,104969783.18568094
2026-05-17,39870,CHIP,192,103410602.97393964
2026-05-17,38337,0G,193,102854539.91840139
2026-05-17,4006,AWE,194,102436547.13525999
2026-05-17,38770,MEGA,195,101709200.07632838
2026-05-17,3640,LPT,196,101234612.3469069
2026-05-17,1785,GAS,197,100394015.04559049
2026-05-17,21585,SAFE,198,97829115.30107231
2026-05-17,35347,MELANIA,199,95797916.79511987
2026-05-17,23635,FORM,200,94245346.3666235
2026-05-24,1,BTC,1,1542240365519.724
2026-05-24,1027,ETH,2,253197489204.774
2026-05-24,825,USDT,3,189395452457.48535
2026-05-24,1839,BNB,4,88432164682.18642
2026-05-24,52,XRP,5,83510805172.77252
2026-05-24,3408,USDC,6,76396305894.76442
2026-05-24,5426,SOL,7,49282726039.15255
2026-05-24,1958,TRX,8,34615207724.55743
2026-05-24,32196,HYPE,9,15988247855.393787
2026-05-24,74,DOGE,10,15776504734.434393
2026-05-24,1437,ZEC,11,11053647492.41539
2026-05-24,3957,LEO,12,9244509179.175137
2026-05-24,2010,ADA,13,8769449820.251366
2026-05-24,328,XMR,14,7244290930.664856
2026-05-24,1831,BCH,15,6950497848.534914
2026-05-24,1975,LINK,16,6855825785.149089
2026-05-24,37263,CC,17,6418072190.488784
2026-05-24,4943,DAI,18,5362066820.914059
2026-05-24,512,XLM,19,4947135287.419366
2026-05-24,36148,USD1,20,4767581255.21308
2026-05-24,11419,TON,21,4753743065.277193
2026-05-24,29470,USDe,22,4446557316.228929
2026-05-24,20947,SUI,23,4133241969.9065175
2026-05-24,2,LTC,24,4073795771.5556417
2026-05-24,5805,AVAX,25,3975373084.9773335
2026-05-24,4642,HBAR,26,3833329656.5685763
2026-05-24,35491,M,27,3739947168.7277946
2026-05-24,27772,PYUSD,28,3614379887.8286643
2026-05-24,5994,SHIB,29,3285022203.1266937
2026-05-24,6535,NEAR,30,3101834087.996852
2026-05-24,3635,CRO,31,3086512463.3397117
2026-05-24,22974,TAO,32,3007995525.9210486
2026-05-24,33793,USDG,33,2748277938.7436233
2026-05-24,5176,XAUt,34,2698752402.992517
2026-05-24,27075,MNT,35,2151516055.809562
2026-05-24,7083,UNI,36,2151304749.9229236
2026-05-24,4705,PAXG,37,2145592026.3793116
2026-05-24,21159,ONDO,38,2139022673.7964907
2026-05-24,6636,DOT,39,2097584457.111941
2026-05-24,33251,WLFI,40,1947102777.578739
2026-05-24,36341,ASTER,41,1830998914.4303463
2026-05-24,3897,OKB,42,1745283645.6109338
2026-05-24,34387,RLUSD,43,1744389785.5900476
2026-05-24,33038,SKY,44,1624248555.2042825
2026-05-24,35697,PI,45,1576256759.8213341
2026-05-24,19891,USDD,46,1515565520.3433142
2026-05-24,24478,PEPE,47,1478840845.970943
2026-05-24,8916,ICP,48,1414085683.271042
2026-05-24,1321,ETC,49,1397008212.609034
2026-05-24,11092,BGB,50,1383699109.777198
2026-05-24,7278,AAVE,51,1317425036.1350105
2026-05-24,7326,DEXE,52,1271437353.9141438
2026-05-24,34104,MORPHO,53,1099054752.534484
2026-05-24,2087,KCS,54,1086473915.9048705
2026-05-24,39120,U,55,1062634427.3297856
2026-05-24,5690,RENDER,56,1047522871.1744398
2026-05-24,3794,ATOM,57,1044836564.0488456
2026-05-24,13502,WLD,58,998242718.6467929
2026-05-24,4030,ALGO,59,995492450.7960517
2026-05-24,3155,QNT,60,965666657.5973986
2026-05-24,28321,POL,61,961628146.1612847
2026-05-24,20396,KAS,62,915876696.3599123
2026-05-24,30171,ENA,63,890706344.9906703
2026-05-24,35509,VVV,64,888280577.3531528
2026-05-24,38892,STABLE,65,828083069.0984312
2026-05-24,5488,JST,66,794069732.7130287
2026-05-24,4269,GT,67,788070238.7461946
2026-05-24,21794,APT,68,774113066.9664215
2026-05-24,2280,FIL,69,748241151.2888869
2026-05-24,7950,FLR,70,715746327.0214845
2026-05-24,29210,JUP,71,666591543.5981828
2026-05-24,11841,ARB,72,660368828.1677183
2026-05-24,36922,H,73,642363602.8942606
2026-05-24,2634,XDC,74,633062340.9276909
2026-05-24,36507,PUMP,75,613758348.9587678
2026-05-24,131,DASH,76,583331516.5306319
2026-05-24,3077,VET,77,569370742.9525287
2026-05-24,34466,PENGU,78,562621107.0825384
2026-05-24,2694,NEXO,79,554523282.5125474
2026-05-24,39064,NIGHT,80,553003639.0402178
2026-05-24,23095,BONK,81,528537184.4094153
2026-05-24,7226,INJ,82,513680557.90050817
2026-05-24,2563,TUSD,83,493917323.63469267
2026-05-24,35336,TRUMP,84,488948335.2605265
2026-05-24,29420,VIRTUAL,85,485940399.99786097
2026-05-24,3773,FET,86,470472386.18976974
2026-05-24,39720,EDGE,87,459904618.7939588
2026-05-24,38590,币安人生,88,455291430.30683786
2026-05-24,7186,CAKE,89,454693149.697257
2026-05-24,20641,EURC,90,445545663.5835428
2026-05-24,4172,LUNC,91,444334857.49245095
2026-05-24,4847,STX,92,442205070.5193515
2026-05-24,26997,ZRO,93,432224036.8303954
2026-05-24,23149,SEI,94,431416619.6432088
2026-05-24,29270,AERO,95,411595683.0559966
2026-05-24,10529,SUN,96,387351130.80120665
2026-05-24,22861,TIA,97,381468979.18372416
2026-05-24,4066,CHZ,98,377790320.6371324
2026-05-24,26081,FDUSD,99,373080641.7080834
2026-05-24,35766,SIREN,100,367735921.11930287
2026-05-24,2011,XTZ,101,363770341.33977616
2026-05-24,38828,KITE,102,362179598.16609585
2026-05-24,38515,2Z,103,360191123.354623
2026-05-24,6538,CRV,104,342224890.18212116
2026-05-24,10603,IMX,105,327932283.0132906
2026-05-24,36300,SKYAI,106,326758044.0091718
2026-05-24,28081,SPX,107,326423201.30781066
2026-05-24,28177,PYTH,108,324735865.20352745
2026-05-24,29814,ETHFI,109,324051908.35802835
2026-05-24,39125,LIT,110,323754389.7187123
2026-05-24,32880,KAIA,111,323697332.88481694
2026-05-24,38837,BEAT,112,317031130.1442538
2026-05-24,16086,BTT,113,316316520.496741
2026-05-24,9481,PENDLE,114,310395105.23834944
2026-05-24,1659,GNO,115,310353329.4955043
2026-05-24,30495,MON,116,298941731.67137885
2026-05-24,3602,BSV,117,296899996.3092565
2026-05-24,30636,ZBCN,118,294524619.7857284
2026-05-24,8000,LDO,119,290065654.1881999
2026-05-24,1168,DCR,120,286266544.46830845
2026-05-24,7334,CFX,121,283680435.0038622
2026-05-24,2394,TEL,122,281646029.01107126
2026-05-24,6719,GRT,123,279853528.1985026
2026-05-24,10804,FLOKI,124,279090637.4015709
2026-05-24,9816,NFT,125,273204308.3757565
2026-05-24,8425,JASMY,126,270080261.4125281
2026-05-24,11840,OP,127,269753861.1462543
2026-05-24,39965,NEX,128,269333780.1267
2026-05-24,36532,B,129,254062717.67856115
2026-05-24,13855,ENS,130,251257252.06358352
2026-05-24,22691,STRK,131,250139287.0103035
2026-05-24,1720,IOTA,132,250122545.75572765
2026-05-24,7431,AKT,133,245693815.37770328
2026-05-24,39841,GENIUS,134,242922598.9684108
2026-05-24,28541,JTO,135,238477211.38728657
2026-05-24,33824,SYRUP,136,227773852.1709783
2026-05-24,2467,TRAC,137,211968965.8735473
2026-05-24,39379,GWEI,138,209037061.70677158
2026-05-24,6210,SAND,139,205990343.25473154
2026-05-24,8526,RAY,140,202786677.2116003
2026-05-24,5692,COMP,141,200786013.86190468
2026-05-24,6783,AXS,142,199488302.0051412
2026-05-24,38482,FF,143,199095009.6721195
2026-05-24,1376,NEO,144,198620886.5416958
2026-05-24,2416,THETA,145,192972698.4438239
2026-05-24,5964,TWT,146,192776409.90200236
2026-05-24,28752,WIF,147,187054533.58150107
2026-05-24,38849,PIEVERSE,148,184643031.66227645
2026-05-24,18679,XCN,149,182721874.9544325
2026-05-24,33597,FARTCOIN,150,179560512.82003006
2026-05-24,35626,IP,151,174028622.83645773
2026-05-24,1966,MANA,152,170918101.2221182
2026-05-24,33391,DEEP,153,166623190.7091198
2026-05-24,30494,EIGEN,154,165779029.82157323
2026-05-24,6748,CFG,155,165712246.8453993
2026-05-24,9903,CVX,156,163204139.72300088
2026-05-24,4041,MX,157,162601414.4019002
2026-05-24,37322,VSN,158,160473413.62655094
2026-05-24,34958,TAG,159,158487711.9231639
2026-05-24,4157,RUNE,160,158173292.71946412
2026-05-24,7080,GALA,161,151721961.260649
2026-05-24,36119,WAL,162,151169425.160247
2026-05-24,5665,HNT,163,147023834.7744575
2026-05-24,1697,BAT,164,146981090.82790387
2026-05-24,36645,XPL,165,146365492.7292692
2026-05-24,24091,ZK,166,143491168.92951837
2026-05-24,38967,RAVE,167,143197716.74585062
2026-05-24,10791,XEC,168,140817342.90442166
2026-05-24,1455,GLM,169,138838698.92973214
2026-05-24,8119,SFP,170,137480261.09572658
2026-05-24,3871,AB,171,135949369.33973676
2026-05-24,5632,AR,172,134896255.97550678
2026-05-24,18876,APE,173,134400707.00287697
2026-05-24,32684,S,174,130518213.48403688
2026-05-24,33280,CHEEMS,175,130182462.69340189
2026-05-24,7548,WEMIX,176,128469325.8167051
2026-05-24,36462,A,177,127493402.78099136
2026-05-24,8104,1INCH,178,127069820.52390146
2026-05-24,10508,FLUID,179,126023451.36113963
2026-05-24,32956,GRASS,180,125663597.30477639
2026-05-24,38417,RIVER,181,125369401.09918308
2026-05-24,30083,ATH,182,123685896.06225742
2026-05-24,28324,DYDX,183,122697409.3542524
2026-05-24,35763,KAITO,184,119004909.85507633
2026-05-24,6892,EGLD,185,117353365.8045606
2026-05-24,38868,SENT,186,115899446.78988682
2026-05-24,34118,BANANAS31,187,115855591.13350087
2026-05-24,36671,SAHARA,188,112362958.4841831
2026-05-24,1698,ZEN,189,110787473.85562322
2026-05-24,18934,STG,190,109875893.43955463
2026-05-24,3640,LPT,191,108274175.79125921
2026-05-24,21585,SAFE,192,107543278.25388221
2026-05-24,4195,FTT,193,103890672.71004672
2026-05-24,2586,SNX,194,103240692.14217423
2026-05-24,3964,RSR,195,102625864.75952885
2026-05-24,38337,0G,196,100036041.21062379
2026-05-24,1785,GAS,197,99907273.42219076
2026-05-24,36044,NXPC,198,99508872.15364373
2026-05-24,24647,BERA,199,96962746.49550682
2026-05-24,4006,AWE,200,96798926.00415409
2026-05-31,1,BTC,1,1474289937551.7124
2026-05-31,1027,ETH,2,241894375408.03046
2026-05-31,825,USDT,3,187967178429.59958
2026-05-31,1839,BNB,4,95506212743.77109
2026-05-31,52,XRP,5,82512382705.24333
2026-05-31,3408,USDC,6,75761056679.5143
2026-05-31,5426,SOL,7,47615418414.26975
2026-05-31,1958,TRX,8,33267091066.216934
2026-05-31,32196,HYPE,9,18274350435.27267
2026-05-31,74,DOGE,10,15486806639.045624
2026-05-31,1437,ZEC,11,9474833834.269707
2026-05-31,3957,LEO,12,9228427674.673458
2026-05-31,512,XLM,13,8718428857.769115
2026-05-31,2010,ADA,14,8522607534.635151
2026-05-31,328,XMR,15,6773460284.828587
2026-05-31,1975,LINK,16,6636018875.754027
2026-05-31,1831,BCH,17,6060331095.472901
2026-05-31,37263,CC,18,6023131382.294315
2026-05-31,4943,DAI,19,5362753230.6495905
2026-05-31,11419,TON,20,5045665110.938358
2026-05-31,36148,USD1,21,4705335056.323566
2026-05-31,29470,USDe,22,4499705680.579101
2026-05-31,4642,HBAR,23,4183809129.763437
2026-05-31,2,LTC,24,4016302969.102672
2026-05-31,35491,M,25,3885900858.858295
2026-05-31,5805,AVAX,26,3868641611.0928683
2026-05-31,20947,SUI,27,3581364656.9377613
2026-05-31,5994,SHIB,28,3247062903.263877
2026-05-31,27772,PYUSD,29,3059049617.682946
2026-05-31,3635,CRO,30,3017652626.8418717
2026-05-31,6535,NEAR,31,3012344997.2823567
2026-05-31,22974,TAO,32,2802250004.0375695
2026-05-31,5176,XAUt,33,2769192697.8489766
2026-05-31,33793,USDG,34,2618016311.3261604
2026-05-31,27075,MNT,35,2199605920.9257503
2026-05-31,4705,PAXG,36,2116217964.1661901
2026-05-31,6636,DOT,37,2000609202.5642977
2026-05-31,3897,OKB,38,1948033613.3540587
2026-05-31,7083,UNI,39,1918938298.3882616
2026-05-31,36341,ASTER,40,1885317918.2960923
2026-05-31,33251,WLFI,41,1883776900.610007
2026-05-31,21159,ONDO,42,1768982702.0800838
2026-05-31,34387,RLUSD,43,1697986171.2613375
2026-05-31,7326,DEXE,44,1590000794.6010015
2026-05-31,33038,SKY,45,1580708605.876135
2026-05-31,35697,PI,46,1577548613.9831007
2026-05-31,8916,ICP,47,1504615536.518494
2026-05-31,11092,BGB,48,1466162955.19242
2026-05-31,19891,USDD,49,1441671726.4607105
2026-05-31,24478,PEPE,50,1413397310.426577
2026-05-31,36922,H,51,1306990537.9890785
2026-05-31,1321,ETC,52,1282350602.0868628
2026-05-31,7278,AAVE,53,1264055092.5778654
2026-05-31,13502,WLD,54,1175984379.6307547
2026-05-31,4030,ALGO,55,1134694053.031259
2026-05-31,5690,RENDER,56,1080731253.6515229
2026-05-31,39120,U,57,1069610246.8448238
2026-05-31,2087,KCS,58,1054895138.9466211
2026-05-31,34104,MORPHO,59,1046288128.0771692
2026-05-31,3794,ATOM,60,998032632.1003642
2026-05-31,28321,POL,61,989651500.6166866
2026-05-31,38892,STABLE,62,879833271.1001639
2026-05-31,3155,QNT,63,869601680.5154965
2026-05-31,35509,VVV,64,857168924.7657019
2026-05-31,20396,KAS,65,843126583.0737891
2026-05-31,4269,GT,66,805305742.2972088
2026-05-31,5488,JST,67,797911184.9406743
2026-05-31,30171,ENA,68,794200147.714054
2026-05-31,21794,APT,69,773607496.498025
2026-05-31,2280,FIL,70,735905268.6708163
2026-05-31,2634,XDC,71,693576985.2748853
2026-05-31,7950,FLR,72,665974421.5098673
2026-05-31,7226,INJ,73,653171396.4976982
2026-05-31,11841,ARB,74,646304294.8009979
2026-05-31,38590,币安人生,75,643501557.8175839
2026-05-31,29210,JUP,76,632935286.4638544
2026-05-31,36507,PUMP,77,631596081.5652021
2026-05-31,3773,FET,78,607973116.2348874
2026-05-31,39064,NIGHT,79,605288904.3729672
2026-05-31,2694,NEXO,80,549609927.8778358
2026-05-31,3077,VET,81,522566247.404972
2026-05-31,131,DASH,82,510888215.5901929
2026-05-31,34466,PENGU,83,496679402.0380881
2026-05-31,2563,TUSD,84,493733512.7515307
2026-05-31,23095,BONK,85,484853586.81132275
2026-05-31,4172,LUNC,86,483269813.2827
2026-05-31,7186,CAKE,87,482579133.3915582
2026-05-31,23149,SEI,88,482210989.13637334
2026-05-31,35336,TRUMP,89,477728213.66349065
2026-05-31,29420,VIRTUAL,90,473529919.351826
2026-05-31,39720,EDGE,91,455039972.3010559
2026-05-31,20641,EURC,92,435065016.83117515
2026-05-31,4847,STX,93,434225951.82091075
2026-05-31,26997,ZRO,94,392476657.75597197
2026-05-31,29270,AERO,95,388883772.26397413
2026-05-31,38828,KITE,96,371569502.7016062
2026-05-31,22861,TIA,97,367924996.2086477
2026-05-31,35766,SIREN,98,359064055.3449009
2026-05-31,2011,XTZ,99,355807925.298432
2026-05-31,10529,SUN,100,355014296.82509255
2026-05-31,26081,FDUSD,101,353923289.2729873
2026-05-31,4066,CHZ,102,351639381.7669874
2026-05-31,39125,LIT,103,342571404.58191794
2026-05-31,38837,BEAT,104,334425936.3690739
2026-05-31,29814,ETHFI,105,330370697.1304384
2026-05-31,6538,CRV,106,326134526.321316
2026-05-31,10603,IMX,107,324624464.89496034
2026-05-31,28177,PYTH,108,323935325.92258894
2026-05-31,38515,2Z,109,322590240.80308217
2026-05-31,16086,BTT,110,308387644.09082085
2026-05-31,28081,SPX,111,308109510.4937844
2026-05-31,30636,ZBCN,112,305631142.7051568
2026-05-31,1659,GNO,113,303357826.29203355
2026-05-31,32880,KAIA,114,301793454.0374103
2026-05-31,30495,MON,115,281416660.3965319
2026-05-31,6719,GRT,116,280890906.181777
2026-05-31,3602,BSV,117,280592943.5441075
2026-05-31,1168,DCR,118,277981413.6773263
2026-05-31,8000,LDO,119,277575668.7674808
2026-05-31,10804,FLOKI,120,273897899.2580166
2026-05-31,7334,CFX,121,272324700.7784928
2026-05-31,1720,IOTA,122,271226847.22141594
2026-05-31,8425,JASMY,123,270643871.5823389
2026-05-31,9816,NFT,124,268930840.27886075
2026-05-31,11840,OP,125,254668123.0661009
2026-05-31,2394,TEL,126,253519085.6313061
2026-05-31,18934,STG,127,251492985.4166814
2026-05-31,28541,JTO,128,247739164.38836664
2026-05-31,22691,STRK,129,242819322.42273945
2026-05-31,13855,ENS,130,237650327.49862728
2026-05-31,36532,B,131,237438009.57278526
2026-05-31,38482,FF,132,236029053.84967852
2026-05-31,9481,PENDLE,133,232819656.22077
2026-05-31,7431,AKT,134,228782188.2148577
2026-05-31,39965,NEX,135,209357945.32782
2026-05-31,6210,SAND,136,205883488.88692266
2026-05-31,6783,AXS,137,205382367.41282085
2026-05-31,5964,TWT,138,195304937.4301779
2026-05-31,8526,RAY,139,192259028.09554115
2026-05-31,1376,NEO,140,191706816.3230944
2026-05-31,28752,WIF,141,191152937.0407088
2026-05-31,2416,THETA,142,189584115.3035059
2026-05-31,33824,SYRUP,143,187395839.77166322
2026-05-31,2467,TRAC,144,185725699.02034953
2026-05-31,5692,COMP,145,184375581.64712384
2026-05-31,38849,PIEVERSE,146,180988965.8955561
2026-05-31,39379,GWEI,147,178129618.314322
2026-05-31,1697,BAT,148,175383445.6683975
2026-05-31,36300,SKYAI,149,173604765.6182403
2026-05-31,18679,XCN,150,172700037.91373497
2026-05-31,1966,MANA,151,168170510.14987046
2026-05-31,30494,EIGEN,152,164125925.28013864
2026-05-31,4041,MX,153,162331884.23793098
2026-05-31,28324,DYDX,154,160672322.7515532
2026-05-31,36645,XPL,155,160219846.79200745
2026-05-31,33597,FARTCOIN,156,160086826.36889443
2026-05-31,9903,CVX,157,155423036.11202595
2026-05-31,6748,CFG,158,154156694.1211217
2026-05-31,35626,IP,159,153631705.3745135
2026-05-31,7080,GALA,160,152338617.86110175
2026-05-31,39841,GENIUS,161,151481148.96860898
2026-05-31,8119,SFP,162,147323771.25581795
2026-05-31,33391,DEEP,163,146822104.90615124
2026-05-31,5632,AR,164,146184033.63553917
2026-05-31,4157,RUNE,165,145685726.92997378
2026-05-31,36133,HOME,166,145193406.85987854
2026-05-31,24091,ZK,167,143904301.95633033
2026-05-31,18876,APE,168,139267717.3432114
2026-05-31,10791,XEC,169,138033138.4207145
2026-05-31,5665,HNT,170,135068118.10316774
2026-05-31,1455,GLM,171,134534132.00473762
2026-05-31,34958,TAG,172,132801416.83735958
2026-05-31,36119,WAL,173,131441506.31927249
2026-05-31,38417,RIVER,174,130949840.13012467
2026-05-31,37322,VSN,175,130826659.54988596
2026-05-31,3871,AB,176,129207214.1900992
2026-05-31,7548,WEMIX,177,127027761.14132832
2026-05-31,36462,A,178,126863167.66057678
2026-05-31,8104,1INCH,179,121608078.05314195
2026-05-31,36044,NXPC,180,120076087.30698237
2026-05-31,30083,ATH,181,119845772.61076821
2026-05-31,32956,GRASS,182,119445401.81188338
2026-05-31,33280,CHEEMS,183,118444834.76195604
2026-05-31,32684,S,184,114695203.89649402
2026-05-31,38967,RAVE,185,114574161.80759539
2026-05-31,36671,SAHARA,186,113611414.88907367
2026-05-31,35763,KAITO,187,110949813.79195195
2026-05-31,38868,SENT,188,108767086.08495122
2026-05-31,34118,BANANAS31,189,107839066.72514275
2026-05-31,10508,FLUID,190,107197480.5404372
2026-05-31,1698,ZEN,191,106960836.14257993
2026-05-31,6892,EGLD,192,106878698.3644494
2026-05-31,3640,LPT,193,103668074.2771447
2026-05-31,4006,AWE,194,102209087.66204435
2026-05-31,3964,RSR,195,101548472.09538998
2026-05-31,2586,SNX,196,101375225.70381822
2026-05-31,23635,FORM,197,100109648.31332088
2026-05-31,4195,FTT,198,98178247.13484359
2026-05-31,24647,BERA,199,94855270.10565709
2026-05-31,1785,GAS,200,94777935.2951915
2026-06-07,1,BTC,1,1267262235105.5105
2026-06-07,1027,ETH,2,203521866803.3057
2026-06-07,825,USDT,3,186880043709.38162
2026-06-07,1839,BNB,4,81359599555.86469
2026-06-07,3408,USDC,5,75663647031.2134
2026-06-07,52,XRP,6,71650576593.65886
2026-06-07,5426,SOL,7,38414025872.293
2026-06-07,1958,TRX,8,30965142968.711933
2026-06-07,32196,HYPE,9,15103414326.869997
2026-06-07,74,DOGE,10,13306681240.467112
2026-06-07,3957,LEO,11,8831792933.492088
2026-06-07,1437,ZEC,12,7356726866.489678
2026-06-07,512,XLM,13,6943207262.061301
2026-06-07,37263,CC,14,6342161316.17286
2026-06-07,2010,ADA,15,5976576824.35603
2026-06-07,1975,LINK,16,5742987721.065256
2026-06-07,328,XMR,17,5602718313.120181
2026-06-07,4943,DAI,18,5363622912.883289
2026-06-07,36148,USD1,19,4609197604.553702
2026-06-07,1831,BCH,20,4607034311.280692
2026-06-07,11419,TON,21,4538047993.779871
2026-06-07,29470,USDe,22,4500834138.870808
2026-06-07,35491,M,23,4042063922.3741984
2026-06-07,4642,HBAR,24,3548412710.3722734
2026-06-07,2,LTC,25,3309495501.936252
2026-06-07,20947,SUI,26,3047660006.378909
2026-06-07,5805,AVAX,27,2934362682.685014
2026-06-07,27772,PYUSD,28,2862320318.495834
2026-06-07,5994,SHIB,29,2777521851.9915767
2026-06-07,3635,CRO,30,2715309127.214214
2026-06-07,6535,NEAR,31,2664472565.9415913
2026-06-07,5176,XAUt,32,2648112719.29195
2026-06-07,33793,USDG,33,2547640726.498789
2026-06-07,22974,TAO,34,2347334030.922613
2026-06-07,36922,H,35,2015201905.088293
2026-06-07,4705,PAXG,36,1998142856.3707252
2026-06-07,33251,WLFI,37,1812593692.1520414
2026-06-07,27075,MNT,38,1793857291.5661762
2026-06-07,21159,ONDO,39,1698484473.5992785
2026-06-07,34387,RLUSD,40,1686008478.9755182
2026-06-07,7326,DEXE,41,1652230100.2743113
2026-06-07,36341,ASTER,42,1645798975.087365
2026-06-07,6636,DOT,43,1637883381.4595904
2026-06-07,7083,UNI,44,1597397808.381161
2026-06-07,13502,WLD,45,1578576135.797884
2026-06-07,3897,OKB,46,1522342849.4358919
2026-06-07,35697,PI,47,1397516531.1933365
2026-06-07,19891,USDD,48,1357736255.8062146
2026-06-07,33038,SKY,49,1342328650.9070833
2026-06-07,8916,ICP,50,1312455698.882768
2026-06-07,11092,BGB,51,1292541242.7251778
2026-06-07,24478,PEPE,52,1162398354.3019016
2026-06-07,1321,ETC,53,1114571643.1767564
2026-06-07,39120,U,54,999836807.6960243
2026-06-07,7278,AAVE,55,978773557.1274579
2026-06-07,38837,BEAT,56,953843738.3582443
2026-06-07,35766,SIREN,57,946606054.3890498
2026-06-07,2087,KCS,58,885465831.5448424
2026-06-07,3794,ATOM,59,877315479.120227
2026-06-07,5690,RENDER,60,869593142.2168866
2026-06-07,34104,MORPHO,61,859351897.3682641
2026-06-07,20396,KAS,62,857940962.7294475
2026-06-07,28321,POL,63,847054327.8331566
2026-06-07,4030,ALGO,64,841212164.4363053
2026-06-07,3155,QNT,65,837111144.9287441
2026-06-07,30171,ENA,66,831772548.6660988
2026-06-07,38590,币安人生,67,818027564.5289333
2026-06-07,38892,STABLE,68,793321651.4519862
2026-06-07,35509,VVV,69,760513005.7361438
2026-06-07,4269,GT,70,683024363.5980151
2026-06-07,5488,JST,71,674200831.1204034
2026-06-07,7950,FLR,72,613333126.7602854
2026-06-07,2634,XDC,73,608754817.452116
2026-06-07,2280,FIL,74,607875651.6881529
2026-06-07,21794,APT,75,549654783.8781374
2026-06-07,7226,INJ,76,541731121.5948218
2026-06-07,36507,PUMP,77,533203492.9250311
2026-06-07,29210,JUP,78,518504878.5557224
2026-06-07,11841,ARB,79,517985233.0603522
2026-06-07,2694,NEXO,80,503290147.1113998
2026-06-07,2563,TUSD,81,494268388.0918933
2026-06-07,39064,NIGHT,82,492747280.83272475
2026-06-07,3773,FET,83,480096938.3856033
2026-06-07,131,DASH,84,468875375.80394167
2026-06-07,20641,EURC,85,442710037.364488
2026-06-07,34466,PENGU,86,437627823.9399017
2026-06-07,3077,VET,87,423816856.88114727
2026-06-07,7186,CAKE,88,411511132.04152626
2026-06-07,35336,TRUMP,89,395035377.5874298
2026-06-07,23095,BONK,90,389457319.29242104
2026-06-07,29420,VIRTUAL,91,379502262.93127626
2026-06-07,4172,LUNC,92,368512388.44148374
2026-06-07,38828,KITE,93,355332399.8123272
2026-06-07,39125,LIT,94,354783688.5397597
2026-06-07,23149,SEI,95,350777476.78257793
2026-06-07,4847,STX,96,339598608.69701105
2026-06-07,26081,FDUSD,97,338862388.5082994
2026-06-07,10529,SUN,98,338807709.64863074
2026-06-07,29270,AERO,99,318039549.3184123
2026-06-07,26997,ZRO,100,308505353.8334269
2026-06-07,6538,CRV,101,297138182.3569956
2026-06-07,28541,JTO,102,296220146.74575675
2026-06-07,28081,SPX,103,295085924.73160696
2026-06-07,36532,B,104,292640091.7978707
2026-06-07,22861,TIA,105,291527682.1415083
2026-06-07,10603,IMX,106,270585421.37793195
2026-06-07,16086,BTT,107,269859681.72001517
2026-06-07,30636,ZBCN,108,269668666.56334054
2026-06-07,2011,XTZ,109,266944118.80587977
2026-06-07,29814,ETHFI,110,263773899.58383322
2026-06-07,9816,NFT,111,263654380.24884716
2026-06-07,30495,MON,112,261448256.6727423
2026-06-07,4066,CHZ,113,261180706.41755116
2026-06-07,1659,GNO,114,251293486.33870053
2026-06-07,28177,PYTH,115,250716734.000883
2026-06-07,38515,2Z,116,244964588.73116806
2026-06-07,2394,TEL,117,242979467.11344853
2026-06-07,3602,BSV,118,241309849.0318578
2026-06-07,8425,JASMY,119,240235274.39155766
2026-06-07,7334,CFX,120,239288348.007355
2026-06-07,32880,KAIA,121,237270966.677177
2026-06-07,10804,FLOKI,122,236019906.47064972
2026-06-07,8000,LDO,123,228787966.20404878
2026-06-07,36300,SKYAI,124,223961173.60737517
2026-06-07,39379,GWEI,125,219277815.76539874
2026-06-07,38482,FF,126,218415178.2140521
2026-06-07,6719,GRT,127,217675924.12233657
2026-06-07,1168,DCR,128,217616588.80814233
2026-06-07,9481,PENDLE,129,215376063.66306496
2026-06-07,22691,STRK,130,214038981.56641263
2026-06-07,1720,IOTA,131,209077604.9571415
2026-06-07,11840,OP,132,208873490.22696677
2026-06-07,13855,ENS,133,190331403.87497407
2026-06-07,7431,AKT,134,183494062.83660775
2026-06-07,2467,TRAC,135,177764429.10907996
2026-06-07,39965,NEX,136,176560673.76726
2026-06-07,5692,COMP,137,164442122.75859988
2026-06-07,6783,AXS,138,163639463.94048768
2026-06-07,39720,EDGE,139,162863912.32420287
2026-06-07,38849,PIEVERSE,140,161277281.67916638
2026-06-07,4041,MX,141,159827599.07216588
2026-06-07,5964,TWT,142,159024886.82921138
2026-06-07,28752,WIF,143,158177304.92134634
2026-06-07,8526,RAY,144,157377814.40023473
2026-06-07,39841,GENIUS,145,156684220.6008704
2026-06-07,33824,SYRUP,146,155764997.3136072
2026-06-07,6210,SAND,147,155458934.78620178
2026-06-07,1376,NEO,148,152992660.19420508
2026-06-07,2416,THETA,149,152839125.04700634
2026-06-07,18679,XCN,150,145741291.34200397
2026-06-07,30494,EIGEN,151,141331754.38852787
2026-06-07,18934,STG,152,141166896.50244856
2026-06-07,1966,MANA,153,133199461.50472781
2026-06-07,1697,BAT,154,130079224.12204444
2026-06-07,5632,AR,155,129930137.90564728
2026-06-07,36671,SAHARA,156,127581592.99755481
2026-06-07,7080,GALA,157,127047294.8113917
2026-06-07,36645,XPL,158,124617941.11288173
2026-06-07,9903,CVX,159,123720492.5631524
2026-06-07,7548,WEMIX,160,122115252.29829761
2026-06-07,28324,DYDX,161,121992630.73290913
2026-06-07,18876,APE,162,120904136.62007198
2026-06-07,36133,HOME,163,120903264.29492185
2026-06-07,4157,RUNE,164,120872122.4672915
2026-06-07,6748,CFG,165,117547989.37131628
2026-06-07,34958,TAG,166,116907617.2016476
2026-06-07,33597,FARTCOIN,167,115198012.79308836
2026-06-07,8119,SFP,168,113136431.95690458
2026-06-07,1455,GLM,169,112267582.67887123
2026-06-07,35626,IP,170,111749171.73778781
2026-06-07,3871,AB,171,111729039.7487104
2026-06-07,37322,VSN,172,110604702.60920963
2026-06-07,35763,KAITO,173,109271749.5371513
2026-06-07,10791,XEC,174,108859314.98876952
2026-06-07,34118,BANANAS31,175,105617346.8617604
2026-06-07,36462,A,176,104715046.30893373
2026-06-07,38417,RIVER,177,104225460.20427448
2026-06-07,4006,AWE,178,103820287.81662355
2026-06-07,24091,ZK,179,103245208.15793636
2026-06-07,23635,FORM,180,100724069.03198363
2026-06-07,8104,1INCH,181,100124926.14895606
2026-06-07,38967,RAVE,182,99977342.5571382
2026-06-07,36044,NXPC,183,93429950.75843415
2026-06-07,38868,SENT,184,93073679.31786747
2026-06-07,33280,CHEEMS,185,91470745.12520245
2026-06-07,38151,YZY,186,90392363.56895195
2026-06-07,3640,LPT,187,89558933.92949712
2026-06-07,6892,EGLD,188,89337325.31405057
2026-06-07,30083,ATH,189,89122123.75558689
2026-06-07,33391,DEEP,190,88716100.20007817
2026-06-07,36066,KTA,191,88693714.82106656
2026-06-07,3964,RSR,192,88473194.3310444
2026-06-07,5665,HNT,193,87005778.57495476
2026-06-07,10508,FLUID,194,86283514.35893378
2026-06-07,32684,S,195,85639069.89930826
2026-06-07,36542,SOON,196,85586009.11842258
2026-06-07,36119,WAL,197,84853639.96217354
2026-06-07,2586,SNX,198,84567058.87768042
2026-06-07,36410,MYX,199,83832367.3441307
2026-06-07,32956,GRASS,200,83029519.29031955
2026-06-14,1,BTC,1,1317022243832.6772
2026-06-14,1027,ETH,2,208133543403.68393
2026-06-14,825,USDT,3,186428670647.11545
2026-06-14,1839,BNB,4,83038343323.60635
2026-06-14,3408,USDC,5,74774059782.16177
2026-06-14,52,XRP,6,73585345110.5455
2026-06-14,5426,SOL,7,41272225302.99825
2026-06-14,1958,TRX,8,30359616327.63211
2026-06-14,32196,HYPE,9,16219492457.772076
2026-06-14,74,DOGE,10,15123619429.341543
2026-06-14,3957,LEO,11,8994077303.54803
2026-06-14,1437,ZEC,12,7890548392.78887
2026-06-14,2010,ADA,13,6648471732.566357
2026-06-14,512,XLM,14,6448650880.679464
2026-06-14,328,XMR,15,6384306424.142225
2026-06-14,37263,CC,16,6267940877.466977
2026-06-14,1975,LINK,17,5937659478.022713
2026-06-14,4943,DAI,18,5362890700.248844
2026-06-14,11419,TON,19,4699293344.268015
2026-06-14,29470,USDe,20,4484679804.556047
2026-06-14,36148,USD1,21,4394092442.313695
2026-06-14,1831,BCH,22,4210475351.6695895
2026-06-14,35491,M,23,3905165899.9211316
2026-06-14,4642,HBAR,24,3516854462.1171765
2026-06-14,2,LTC,25,3505371825.336359
2026-06-14,20947,SUI,26,3222691420.2302604
2026-06-14,22974,TAO,27,2977428349.889749
2026-06-14,5994,SHIB,28,2964389270.490414
2026-06-14,5805,AVAX,29,2925587375.5875607
2026-06-14,6535,NEAR,30,2874079402.5972085
2026-06-14,3635,CRO,31,2799656635.225848
2026-06-14,27772,PYUSD,32,2772549908.956734
2026-06-14,33793,USDG,33,2639913809.5776095
2026-06-14,5176,XAUt,34,2621139269.4952197
2026-06-14,4705,PAXG,35,1958367264.5922036
2026-06-14,33251,WLFI,36,1899953479.1382802
2026-06-14,27075,MNT,37,1878499432.2364006
2026-06-14,21159,ONDO,38,1788786321.788692
2026-06-14,13502,WLD,39,1781048938.4025404
2026-06-14,36341,ASTER,40,1711646010.292849
2026-06-14,6636,DOT,41,1679451552.1076066
2026-06-14,34387,RLUSD,42,1639075787.5717518
2026-06-14,7083,UNI,43,1609452470.3811698
2026-06-14,3897,OKB,44,1579865988.5544128
2026-06-14,38837,BEAT,45,1573020398.6553018
2026-06-14,7326,DEXE,46,1496500611.3931022
2026-06-14,35697,PI,47,1442577295.2500615
2026-06-14,8916,ICP,48,1397293390.148354
2026-06-14,19891,USDD,49,1361640279.3990424
2026-06-14,33038,SKY,50,1338997251.5398743
2026-06-14,36922,H,51,1258020682.7510672
2026-06-14,11092,BGB,52,1256450662.7615287
2026-06-14,24478,PEPE,53,1204826272.0232852
2026-06-14,1321,ETC,54,1133082441.8720605
2026-06-14,7278,AAVE,55,1051635713.4808106
2026-06-14,3794,ATOM,56,1030011802.6186298
2026-06-14,39120,U,57,999884849.7195724
2026-06-14,34104,MORPHO,58,984382971.6348821
2026-06-14,2087,KCS,59,944089059.4837492
2026-06-14,5690,RENDER,60,934975177.8348228
2026-06-14,20396,KAS,61,886927168.123751
2026-06-14,38892,STABLE,62,838903498.377806
2026-06-14,3155,QNT,63,825655562.9750242
2026-06-14,4030,ALGO,64,825314913.9735862
2026-06-14,28321,POL,65,819391344.3529197
2026-06-14,35509,VVV,66,787868234.7280397
2026-06-14,30171,ENA,67,780857700.5571865
2026-06-14,4269,GT,68,718973375.9991858
2026-06-14,7950,FLR,69,687654186.9736608
2026-06-14,5488,JST,70,668117219.1313914
2026-06-14,38590,币安人生,71,664034047.15176
2026-06-14,2280,FIL,72,627028588.898946
2026-06-14,2634,XDC,73,620737384.2513323
2026-06-14,29210,JUP,74,595294542.7993568
2026-06-14,21794,APT,75,565578736.3002441
2026-06-14,36507,PUMP,76,547891726.4588532
2026-06-14,11841,ARB,77,535841778.1961858
2026-06-14,39064,NIGHT,78,532230988.39665365
2026-06-14,2694,NEXO,79,527163920.25425065
2026-06-14,7226,INJ,80,522963002.2501624
2026-06-14,2563,TUSD,81,493856207.74266535
2026-06-14,35336,TRUMP,82,492231744.9983794
2026-06-14,7186,CAKE,83,487881524.94152355
2026-06-14,131,DASH,84,486821431.0373827
2026-06-14,3773,FET,85,478006288.9746864
2026-06-14,20641,EURC,86,451231762.00995404
2026-06-14,3077,VET,87,437469731.11110055
2026-06-14,34466,PENGU,88,436684391.1325925
2026-06-14,29420,VIRTUAL,89,420684063.96542656
2026-06-14,39125,LIT,90,420511603.0939111
2026-06-14,23095,BONK,91,409287468.62019885
2026-06-14,4172,LUNC,92,401136874.79392433
2026-06-14,23149,SEI,93,398202519.9349566
2026-06-14,36300,SKYAI,94,380714568.89586675
2026-06-14,29270,AERO,95,358764726.4212827
2026-06-14,6538,CRV,96,357444620.4041995
2026-06-14,4847,STX,97,354258059.5032767
2026-06-14,38828,KITE,98,346401685.30638885
2026-06-14,26081,FDUSD,99,336648730.243455
2026-06-14,26997,ZRO,100,328469231.7407598
2026-06-14,10529,SUN,101,326926810.7995337
2026-06-14,22861,TIA,102,321683888.9828802
2026-06-14,28081,SPX,103,313081476.3417324
2026-06-14,28177,PYTH,104,310293971.31088716
2026-06-14,39379,GWEI,105,299045883.3770359
2026-06-14,10603,IMX,106,292938038.005215
2026-06-14,29814,ETHFI,107,291109895.9541285
2026-06-14,1659,GNO,108,285663593.6346425
2026-06-14,28541,JTO,109,270283661.3929846
2026-06-14,4066,CHZ,110,267838045.3316908
2026-06-14,30636,ZBCN,111,266878309.2857761
2026-06-14,30495,MON,112,266091664.96789682
2026-06-14,9816,NFT,113,265491792.2596174
2026-06-14,16086,BTT,114,263534989.8827123
2026-06-14,8425,JASMY,115,260833096.00017545
2026-06-14,2011,XTZ,116,260485734.0282094
2026-06-14,38515,2Z,117,248143131.6372904
2026-06-14,3602,BSV,118,246202441.82048133
2026-06-14,32880,KAIA,119,245057419.02574924
2026-06-14,10804,FLOKI,120,242682140.55174953
2026-06-14,7334,CFX,121,241125149.9703081
2026-06-14,7431,AKT,122,237054735.24995127
2026-06-14,36532,B,123,236606783.42073295
2026-06-14,9481,PENDLE,124,235619331.05400074
2026-06-14,2394,TEL,125,235491325.22607833
2026-06-14,11840,OP,126,233455786.16124806
2026-06-14,22691,STRK,127,226724494.5572354
2026-06-14,8000,LDO,128,226397429.47462606
2026-06-14,1168,DCR,129,222495040.02664214
2026-06-14,6719,GRT,130,218353669.7173051
2026-06-14,1720,IOTA,131,213707101.79977515
2026-06-14,38482,FF,132,208774545.34485388
2026-06-14,13855,ENS,133,208002060.36526987
2026-06-14,39965,NEX,134,184971564.52482
2026-06-14,2467,TRAC,135,183967352.4282436
2026-06-14,5692,COMP,136,178677618.55009308
2026-06-14,38849,PIEVERSE,137,175231733.33764988
2026-06-14,5964,TWT,138,173823514.45002854
2026-06-14,33824,SYRUP,139,170909722.6977963
2026-06-14,6783,AXS,140,169306227.90137753
2026-06-14,8526,RAY,141,167551195.3239637
2026-06-14,39841,GENIUS,142,166283337.717653
2026-06-14,2416,THETA,143,164820592.50926322
2026-06-14,18934,STG,144,164679331.93694174
2026-06-14,28752,WIF,145,164215628.6553076
2026-06-14,36645,XPL,146,161280204.5995598
2026-06-14,30494,EIGEN,147,160784887.31542248
2026-06-14,18679,XCN,148,158689056.7182939
2026-06-14,1376,NEO,149,158612247.67830482
2026-06-14,4041,MX,150,157991165.53285736
2026-06-14,6210,SAND,151,156995504.265243
2026-06-14,1697,BAT,152,136802597.3101544
2026-06-14,5632,AR,153,135545052.9113624
2026-06-14,1966,MANA,154,134704115.6111034
2026-06-14,4157,RUNE,155,132985406.98226489
2026-06-14,7080,GALA,156,132961801.0009051
2026-06-14,39720,EDGE,157,132335231.41225483
2026-06-14,9903,CVX,158,132144913.23070213
2026-06-14,18876,APE,159,130351374.8771987
2026-06-14,33597,FARTCOIN,160,126804725.75825742
2026-06-14,6748,CFG,161,125904140.9962535
2026-06-14,8119,SFP,162,122883052.4001112
2026-06-14,37322,VSN,163,122349742.63695282
2026-06-14,36462,A,164,121090231.41731091
2026-06-14,3701,RIF,165,120833668.50141852
2026-06-14,24091,ZK,166,116651172.30594675
2026-06-14,35763,KAITO,167,114372680.41170447
2026-06-14,36133,HOME,168,112894724.4445805
2026-06-14,38868,SENT,169,112751407.222143
2026-06-14,7548,WEMIX,170,112436080.63307087
2026-06-14,1455,GLM,171,112430912.5415281
2026-06-14,10791,XEC,172,111827941.01841216
2026-06-14,33280,CHEEMS,173,111604406.57704785
2026-06-14,35626,IP,174,108275989.77280349
2026-06-14,34958,TAG,175,108173344.14097741
2026-06-14,3871,AB,176,108026321.90600063
2026-06-14,4006,AWE,177,105386503.64160474
2026-06-14,32956,GRASS,178,105368986.77384356
2026-06-14,8104,1INCH,179,104641509.25406244
2026-06-14,28324,DYDX,180,104113706.35696465
2026-06-14,36044,NXPC,181,102110124.34267233
2026-06-14,34118,BANANAS31,182,101039513.15477946
2026-06-14,33391,DEEP,183,96404121.67336273
2026-06-14,30083,ATH,184,95724493.55928618
2026-06-14,32684,S,185,92974336.74598965
2026-06-14,38417,RIVER,186,92734307.24944185
2026-06-14,3640,LPT,187,91091990.92478856
2026-06-14,19269,COW,188,91054827.19110878
2026-06-14,36066,KTA,189,89670768.75428748
2026-06-14,38151,YZY,190,89446222.12261021
2026-06-14,6892,EGLD,191,89260181.80334961
2026-06-14,4195,FTT,192,88685570.21241187
2026-06-14,3964,RSR,193,88605101.91833611
2026-06-14,23635,FORM,194,88561031.57925574
2026-06-14,36542,SOON,195,87962443.29621229
2026-06-14,10508,FLUID,196,86365199.90503772
2026-06-14,30986,KMNO,197,86349095.86019054
2026-06-14,2586,SNX,198,85111713.19085994
2026-06-14,36119,WAL,199,83089293.02868563
2026-06-14,1698,ZEN,200,82634232.86944143
2026-06-21,1,BTC,1,1267667781232.5376
2026-06-21,1027,ETH,2,205715430055.90042
2026-06-21,825,USDT,3,186214587036.09613
2026-06-21,1839,BNB,4,78680019532.36264
2026-06-21,3408,USDC,5,74838717648.7259
2026-06-21,52,XRP,6,69774576754.46901
2026-06-21,5426,SOL,7,42023535145.66846
2026-06-21,1958,TRX,8,31037959672.969387
2026-06-21,32196,HYPE,9,16985109285.590828
2026-06-21,74,DOGE,10,14007957844.545418
2026-06-21,3957,LEO,11,8841894811.393658
2026-06-21,1437,ZEC,12,7251395059.762467
2026-06-21,512,XLM,13,7097379382.649034
2026-06-21,328,XMR,14,6010184233.763357
2026-06-21,37263,CC,15,5822176265.876107
2026-06-21,2010,ADA,16,5697914270.706996
2026-06-21,1975,LINK,17,5653446711.131079
2026-06-21,4943,DAI,18,5363282773.576922
2026-06-21,36148,USD1,19,4802509094.084219
2026-06-21,29470,USDe,20,4478185994.6339245
2026-06-21,11419,GRAM,21,4420355110.012207
2026-06-21,1831,BCH,22,3906149877.492157
2026-06-21,35491,M,23,3824267386.516692
2026-06-21,2,LTC,24,3435448953.623713
2026-06-21,4642,HBAR,25,3392032651.799412
2026-06-21,33793,USDG,26,2805032182.617622
2026-06-21,20947,SUI,27,2790807785.8606834
2026-06-21,27772,PYUSD,28,2777069797.1977773
2026-06-21,5994,SHIB,29,2733935954.2471147
2026-06-21,6535,NEAR,30,2727371775.3738346
2026-06-21,3635,CRO,31,2688630896.536074
2026-06-21,5805,AVAX,32,2636378522.708501
2026-06-21,5176,XAUt,33,2528750642.382958
2026-06-21,22974,TAO,34,2523552705.295459
2026-06-21,13502,WLD,35,2092926246.7551506
2026-06-21,33251,WLFI,36,1890947047.7695086
2026-06-21,4705,PAXG,37,1878675511.6322494
2026-06-21,7083,UNI,38,1854027947.8651786
2026-06-21,27075,MNT,39,1744374794.5704896
2026-06-21,36341,ASTER,40,1714816529.7978039
2026-06-21,34387,RLUSD,41,1628134175.462925
2026-06-21,21159,ONDO,42,1605648849.8088398
2026-06-21,3897,OKB,43,1604262412.9789035
2026-06-21,6636,DOT,44,1590206797.4216328
2026-06-21,35697,PI,45,1457885357.1321945
2026-06-21,33038,SKY,46,1372441871.6508105
2026-06-21,19891,USDD,47,1372247933.1719186
2026-06-21,8916,ICP,48,1225481999.5109138
2026-06-21,11092,BGB,49,1224241472.2904632
2026-06-21,7326,DEXE,50,1199175565.524704
2026-06-21,24478,PEPE,51,1154371125.7456334
2026-06-21,1321,ETC,52,1145450462.9732594
2026-06-21,7278,AAVE,53,1139335224.6188056
2026-06-21,39120,U,54,1011310898.1648021
2026-06-21,2087,KCS,55,971502423.3738681
2026-06-21,34104,MORPHO,56,904149925.9319078
2026-06-21,3794,ATOM,57,903332817.4933726
2026-06-21,5690,RENDER,58,857160420.5899894
2026-06-21,3155,QNT,59,846054072.7116997
2026-06-21,28321,POL,60,844165415.0640528
2026-06-21,38892,STABLE,61,807971107.0396576
2026-06-21,30171,ENA,62,807756428.5346631
2026-06-21,20396,KAS,63,802889286.4439342
2026-06-21,4030,ALGO,64,796746673.9878564
2026-06-21,5488,JST,65,713818409.0652207
2026-06-21,29210,JUP,66,710734130.7327027
2026-06-21,4269,GT,67,709410594.7034147
2026-06-21,38590,币安人生,68,701452544.1349545
2026-06-21,35509,VVV,69,698199635.4178491
2026-06-21,7950,FLR,70,639911694.2140012
2026-06-21,2280,FIL,71,617676607.6297601
2026-06-21,2634,XDC,72,604290786.2118527
2026-06-21,39064,NIGHT,73,548516259.2765836
2026-06-21,21794,APT,74,538472467.2025672
2026-06-21,36922,H,75,535554004.9853666
2026-06-21,11841,ARB,76,520698267.5568708
2026-06-21,38837,BEAT,77,511412576.5813075
2026-06-21,36507,PUMP,78,506583655.6038633
2026-06-21,2694,NEXO,79,503320432.4113043
2026-06-21,2563,TUSD,80,493510153.1485439
2026-06-21,29270,AERO,81,488627003.1416883
2026-06-21,7226,INJ,82,481471965.4006996
2026-06-21,35336,TRUMP,83,446499209.1508574
2026-06-21,7186,CAKE,84,442471863.1265289
2026-06-21,131,DASH,85,441596885.97630507
2026-06-21,20641,EURC,86,439400448.42643195
2026-06-21,3077,VET,87,417253782.3356575
2026-06-21,34466,PENGU,88,416521151.41871107
2026-06-21,3773,FET,89,404724382.2480596
2026-06-21,23095,BONK,90,394943212.7814364
2026-06-21,23149,SEI,91,393136325.76013315
2026-06-21,39125,LIT,92,392781399.2674835
2026-06-21,29420,VIRTUAL,93,384445126.608793
2026-06-21,36300,SKYAI,94,370736304.2764649
2026-06-21,4172,LUNC,95,365128597.8730612
2026-06-21,26081,FDUSD,96,351803927.76534116
2026-06-21,28081,SPX,97,336481482.7754499
2026-06-21,22861,TIA,98,334702196.41934
2026-06-21,10529,SUN,99,332582424.4431007
2026-06-21,4847,STX,100,321825748.9381297
2026-06-21,26997,ZRO,101,318360185.4861997
2026-06-21,6538,CRV,102,314123224.50432605
2026-06-21,28541,JTO,103,312062948.67122054
2026-06-21,29814,ETHFI,104,309741317.686178
2026-06-21,38828,KITE,105,295192795.9781198
2026-06-21,28177,PYTH,106,280870683.5657201
2026-06-21,1659,GNO,107,280325821.8995618
2026-06-21,10603,IMX,108,276587610.5621644
2026-06-21,9816,NFT,109,263538997.29356223
2026-06-21,38515,2Z,110,261848560.67187116
2026-06-21,16086,BTT,111,259884665.04271027
2026-06-21,2011,XTZ,112,249430614.96699077
2026-06-21,7334,CFX,113,246107009.6640106
2026-06-21,30495,MON,114,245975147.39511675
2026-06-21,10804,FLOKI,115,240039302.95521566
2026-06-21,30636,ZBCN,116,239870021.4461742
2026-06-21,9481,PENDLE,117,238433617.26546273
2026-06-21,3602,BSV,118,234189770.24541613
2026-06-21,32880,KAIA,119,232910761.3552263
2026-06-21,8425,JASMY,120,226814441.66843995
2026-06-21,2394,TEL,121,225656406.5404035
2026-06-21,8000,LDO,122,225592055.56691992
2026-06-21,36532,B,123,219462948.08704743
2026-06-21,22691,STRK,124,217470865.07796878
2026-06-21,4066,CHZ,125,215183528.22438106
2026-06-21,11840,OP,126,214864056.80563474
2026-06-21,30494,EIGEN,127,214233305.8254427
2026-06-21,6719,GRT,128,211491858.31466308
2026-06-21,7431,AKT,129,211490779.70107868
2026-06-21,38482,FF,130,201848219.61038288
2026-06-21,1168,DCR,131,200219308.0768943
2026-06-21,1720,IOTA,132,196931052.61946088
2026-06-21,13855,ENS,133,187855199.39434883
2026-06-21,6783,AXS,134,183421381.7609688
2026-06-21,38849,PIEVERSE,135,181459775.23966607
2026-06-21,5692,COMP,136,176728774.87949407
2026-06-21,39379,GWEI,137,173807400.46536657
2026-06-21,2467,TRAC,138,168435009.8575693
2026-06-21,8526,RAY,139,166794455.73235628
2026-06-21,5964,TWT,140,163719586.7803531
2026-06-21,6210,SAND,141,163155193.11233437
2026-06-21,36645,XPL,142,160680779.8535326
2026-06-21,28752,WIF,143,160091515.74740764
2026-06-21,4041,MX,144,159925019.04174885
2026-06-21,33824,SYRUP,145,159117131.586152
2026-06-21,2416,THETA,146,152728565.64847767
2026-06-21,18679,XCN,147,152553016.4774507
2026-06-21,39965,NEX,148,152425964.16126
2026-06-21,1376,NEO,149,150137988.17776936
2026-06-21,1966,MANA,150,146566351.6309867
2026-06-21,4157,RUNE,151,139110528.38467434
2026-06-21,39841,GENIUS,152,138025215.55551663
2026-06-21,39720,EDGE,153,136748565.28451476
2026-06-21,18876,APE,154,135121299.69354454
2026-06-21,18934,STG,155,132844350.72387518
2026-06-21,1697,BAT,156,131238248.82914384
2026-06-21,6748,CFG,157,129183198.59913646
2026-06-21,5632,AR,158,128334385.12727278
2026-06-21,7080,GALA,159,123892249.3791984
2026-06-21,33597,FARTCOIN,160,123159977.01085988
2026-06-21,37322,VSN,161,119829632.04583232
2026-06-21,9903,CVX,162,119289156.97501437
2026-06-21,8119,SFP,163,115265374.81658985
2026-06-21,24091,ZK,164,115005679.74859817
2026-06-21,35763,KAITO,165,114586129.07278173
2026-06-21,35626,IP,166,113890789.41393185
2026-06-21,7548,WEMIX,167,108404971.88873821
2026-06-21,4006,AWE,168,108249630.23095474
2026-06-21,10791,XEC,169,107247783.94304144
2026-06-21,38868,SENT,170,106963468.24768925
2026-06-21,36462,A,171,105922622.78595722
2026-06-21,1455,GLM,172,105066198.49828593
2026-06-21,34958,TAG,173,103467536.94218296
2026-06-21,3871,AB,174,101483031.37683608
2026-06-21,28324,DYDX,175,101480750.71777534
2026-06-21,8104,1INCH,176,101415623.03494364
2026-06-21,32956,GRASS,177,98980923.90393482
2026-06-21,23635,FORM,178,96946339.11976688
2026-06-21,30986,KMNO,179,96315253.81578706
2026-06-21,33280,CHEEMS,180,96238867.7521349
2026-06-21,34118,BANANAS31,181,94795281.25212707
2026-06-21,30083,ATH,182,93287925.20082761
2026-06-21,38417,RIVER,183,93149902.41377708
2026-06-21,36542,SOON,184,91337008.016201
2026-06-21,19269,COW,185,91025845.66094653
2026-06-21,38151,YZY,186,89488463.9385433
2026-06-21,36133,HOME,187,89146832.27775909
2026-06-21,3701,RIF,188,87682795.96697184
2026-06-21,33391,DEEP,189,86817161.72091623
2026-06-21,3640,LPT,190,86400490.71769588
2026-06-21,36044,NXPC,191,85291723.5437789
2026-06-21,38353,MET,192,85214197.29564697
2026-06-21,6892,EGLD,193,84760574.10860372
2026-06-21,4195,FTT,194,81695666.44936056
2026-06-21,36119,WAL,195,81363380.07729506
2026-06-21,1698,ZEN,196,81229099.60465766
2026-06-21,2586,SNX,197,81087721.77224144
2026-06-21,36066,KTA,198,80522919.69922432
2026-06-21,3964,RSR,199,79456686.86145525
2026-06-21,32684,S,200,77802194.68362635
2026-06-28,1,BTC,1,1193598678587.9248
2026-06-28,1027,ETH,2,189516651202.18756
2026-06-28,825,USDT,3,186035341267.23093
2026-06-28,1839,BNB,4,74224860725.53448
2026-06-28,3408,USDC,5,73720542023.1713
2026-06-28,52,XRP,6,65202711389.90391
2026-06-28,5426,SOL,7,41416254551.291336
2026-06-28,1958,TRX,8,30506352303.880966
2026-06-28,32196,HYPE,9,15564557758.227371
2026-06-28,74,DOGE,10,12467183277.840672
2026-06-28,3957,LEO,11,8663368508.52395
2026-06-28,1437,ZEC,12,6309681094.784865
2026-06-28,512,XLM,13,5870849316.95464
2026-06-28,328,XMR,14,5827219067.484481
2026-06-28,37263,CC,15,5821007870.498081
2026-06-28,4943,DAI,16,5362045620.340565
2026-06-28,1975,LINK,17,5278723121.140251
2026-06-28,2010,ADA,18,5229499775.5577965
2026-06-28,36148,USD1,19,4657787114.110362
2026-06-28,29470,USDe,20,4455162670.364976
2026-06-28,11419,GRAM,21,4285843371.3617525
2026-06-28,1831,BCH,22,3827354562.6275883
2026-06-28,2,LTC,23,3283651250.777291
2026-06-28,4642,HBAR,24,3084155419.2627106
2026-06-28,33793,USDG,25,2960297989.0462484
2026-06-28,5805,AVAX,26,2781803930.3316956
2026-06-28,20947,SUI,27,2742789948.601807
2026-06-28,27772,PYUSD,28,2742137532.5241647
2026-06-28,3635,CRO,29,2496823008.9495006
2026-06-28,5176,XAUt,30,2482180257.419242
2026-06-28,5994,SHIB,31,2451117761.8192744
2026-06-28,6535,NEAR,32,2381016708.567535
2026-06-28,22974,TAO,33,2268585018.276798
2026-06-28,33251,WLFI,34,1841296163.2808607
2026-06-28,4705,PAXG,35,1832988552.2774796
2026-06-28,7326,DEXE,36,1822220087.9235704
2026-06-28,7083,UNI,37,1814698922.5162036
2026-06-28,36341,ASTER,38,1679514149.2308404
2026-06-28,3897,OKB,39,1639852358.5120177
2026-06-28,34387,RLUSD,40,1566260739.0566912
2026-06-28,13502,WLD,41,1541072509.0515752
2026-06-28,21159,ONDO,42,1507175686.111186
2026-06-28,27075,MNT,43,1408423205.2062242
2026-06-28,7278,AAVE,44,1401609465.5492938
2026-06-28,19891,USDD,45,1375084931.988626
2026-06-28,6636,DOT,46,1368865829.152743
2026-06-28,35697,PI,47,1343804711.820379
2026-06-28,8916,ICP,48,1186325856.7323656
2026-06-28,33038,SKY,49,1155898587.265533
2026-06-28,11092,BGB,50,1143724612.065968
2026-06-28,1321,ETC,51,1108723838.7996628
2026-06-28,39120,U,52,1014698955.259131
2026-06-28,24478,PEPE,53,973407871.4288108
2026-06-28,2087,KCS,54,908390605.0888659
2026-06-28,34104,MORPHO,55,890938774.5415938
2026-06-28,35491,M,56,876999702.0803883
2026-06-28,38892,STABLE,57,848011156.7576461
2026-06-28,3794,ATOM,58,811454661.0846641
2026-06-28,5690,RENDER,59,800368460.3193282
2026-06-28,37298,VELVET,60,789508212.202535
2026-06-28,4030,ALGO,61,782441273.9471016
2026-06-28,3155,QNT,62,779746029.4327459
2026-06-28,38837,BEAT,63,768474780.8605038
2026-06-28,20396,KAS,64,763062470.5123742
2026-06-28,28321,POL,65,757669396.4220928
2026-06-28,5488,JST,66,757151233.0772872
2026-06-28,30171,ENA,67,713541956.2785238
2026-06-28,38590,币安人生,68,710309497.0485412
2026-06-28,29210,JUP,69,698622516.7562499
2026-06-28,4269,GT,70,695058739.526585
2026-06-28,35509,VVV,71,630942799.8751065
2026-06-28,36507,PUMP,72,585458883.3667958
2026-06-28,2634,XDC,73,582718099.4537876
2026-06-28,7950,FLR,74,571678300.7242522
2026-06-28,2280,FIL,75,567299158.7058197
2026-06-28,39064,NIGHT,76,495982648.68219143
2026-06-28,2563,TUSD,77,493285804.34825134
2026-06-28,21794,APT,78,478191239.49299353
2026-06-28,11841,ARB,79,469990497.9584914
2026-06-28,2694,NEXO,80,465688829.28970647
2026-06-28,29270,AERO,81,460702357.0368088
2026-06-28,7226,INJ,82,454846006.21369016
2026-06-28,7186,CAKE,83,435607249.35110855
2026-06-28,39125,LIT,84,432653103.9560458
2026-06-28,20641,EURC,85,432145020.55793744
2026-06-28,131,DASH,86,410449951.2038808
2026-06-28,3773,FET,87,401969231.3228748
2026-06-28,28541,JTO,88,400082975.33867043
2026-06-28,3077,VET,89,388251837.21523225
2026-06-28,35336,TRUMP,90,387398082.62873816
2026-06-28,34466,PENGU,91,382841957.80812156
2026-06-28,23095,BONK,92,364304175.4369612
2026-06-28,23149,SEI,93,358030600.93566203
2026-06-28,29420,VIRTUAL,94,351434864.74378914
2026-06-28,26081,FDUSD,95,349020247.0303819
2026-06-28,22861,TIA,96,344914615.38688964
2026-06-28,4172,LUNC,97,335883877.4601665
2026-06-28,10529,SUN,98,322001305.29708016
2026-06-28,29814,ETHFI,99,311696909.54267865
2026-06-28,28081,SPX,100,310466818.1761821
2026-06-28,4847,STX,101,300147105.84725815
2026-06-28,6538,CRV,102,287991699.2114433
2026-06-28,39379,GWEI,103,283102791.05278796
2026-06-28,1659,GNO,104,279995154.96074915
2026-06-28,26997,ZRO,105,273209134.48190653
2026-06-28,28177,PYTH,106,265034204.3873398
2026-06-28,9816,NFT,107,260317749.25016502
2026-06-28,16086,BTT,108,259722804.4347626
2026-06-28,3602,BSV,109,255947744.99412388
2026-06-28,10603,IMX,110,242301022.06511137
2026-06-28,30636,ZBCN,111,230083802.6996861
2026-06-28,2011,XTZ,112,229196140.05712548
2026-06-28,2394,TEL,113,221501248.154573
2026-06-28,30495,MON,114,220855553.5730386
2026-06-28,7334,CFX,115,219812671.49470356
2026-06-28,32880,KAIA,116,217555337.64069346
2026-06-28,36532,B,117,216739277.2622293
2026-06-28,38515,2Z,118,216462387.85909227
2026-06-28,38828,KITE,119,215791836.82950002
2026-06-28,11840,OP,120,215671684.35173935
2026-06-28,9481,PENDLE,121,215297548.20757195
2026-06-28,8425,JASMY,122,214043556.37124473
2026-06-28,8000,LDO,123,206044978.74774364
2026-06-28,10804,FLOKI,124,205375529.15353724
2026-06-28,38849,PIEVERSE,125,199079254.91159102
2026-06-28,1168,DCR,126,195016618.89589766
2026-06-28,6719,GRT,127,191515721.11183217
2026-06-28,36922,H,128,191480914.5826708
2026-06-28,38482,FF,129,190387117.74887994
2026-06-28,7431,AKT,130,187679959.99015272
2026-06-28,22691,STRK,131,187150158.1171217
2026-06-28,30494,EIGEN,132,186384386.67594808
2026-06-28,4066,CHZ,133,182019825.9753005
2026-06-28,36645,XPL,134,172738069.09438816
2026-06-28,28752,WIF,135,172670061.44995248
2026-06-28,6783,AXS,136,172240360.1457404
2026-06-28,13855,ENS,137,168422998.6612546
2026-06-28,8526,RAY,138,164954600.2124439
2026-06-28,33824,SYRUP,139,164730260.54858693
2026-06-28,1720,IOTA,140,159767089.11340454
2026-06-28,5692,COMP,141,156562835.0620886
2026-06-28,4041,MX,142,154615948.16840184
2026-06-28,5964,TWT,143,148398347.98676303
2026-06-28,18679,XCN,144,146303080.98562267
2026-06-28,35763,KAITO,145,139331855.49146476
2026-06-28,6210,SAND,146,136980202.2120387
2026-06-28,2467,TRAC,147,136777874.87104648
2026-06-28,36300,SKYAI,148,136371847.80780578
2026-06-28,18876,APE,149,135792917.65727243
2026-06-28,1376,NEO,150,134513965.6900524
2026-06-28,33597,FARTCOIN,151,132657965.5478444
2026-06-28,4157,RUNE,152,130976885.0551356
2026-06-28,2416,THETA,153,130488793.199958
2026-06-28,28324,DYDX,154,129487675.49383445
2026-06-28,1966,MANA,155,127053988.85221986
2026-06-28,39841,GENIUS,156,127000684.66029632
2026-06-28,1697,BAT,157,123974688.44442748
2026-06-28,5632,AR,158,120651892.71737397
2026-06-28,32956,GRASS,159,117876485.61124966
2026-06-28,37322,VSN,160,114641638.43567984
2026-06-28,6748,CFG,161,114341095.29283565
2026-06-28,10180,GOMINING,162,113603062.50403878
2026-06-28,39965,NEX,163,113280866.48082
2026-06-28,35626,DATA,164,110264961.96127927
2026-06-28,7080,GALA,165,109426583.81136374
2026-06-28,7548,WEMIX,166,108315353.25487623
2026-06-28,10791,XEC,167,108124508.71523061
2026-06-28,18934,STG,168,108021310.26415291
2026-06-28,9903,CVX,169,107067429.83241685
2026-06-28,39545,BILL,170,106594383.6524707
2026-06-28,8119,SFP,171,104785789.762951
2026-06-28,4006,AWE,172,102750629.37852639
2026-06-28,24091,ZK,173,99695260.9380747
2026-06-28,36462,A,174,99118518.49238883
2026-06-28,30986,KMNO,175,98611652.54452227
2026-06-28,3871,AB,176,97756816.34726664
2026-06-28,39720,EDGE,177,97129113.1309813
2026-06-28,1455,GLM,178,97104908.48073082
2026-06-28,40224,RE,179,96904307.28942432
2026-06-28,34958,TAG,180,96262933.23534197
2026-06-28,8104,1INCH,181,95993568.04940791
2026-06-28,36542,SOON,182,94304841.83164923
2026-06-28,38868,SENT,183,93835920.41369958
2026-06-28,38151,YZY,184,89245353.03041635
2026-06-28,33280,CHEEMS,185,88603550.65001988
2026-06-28,12147,SYN,186,85952999.85027827
2026-06-28,33391,DEEP,187,84779055.20737503
2026-06-28,19269,COW,188,84334510.76508711
2026-06-28,38353,MET,189,83680595.51065762
2026-06-28,34118,BANANAS31,190,83596675.1425302
2026-06-28,30083,ATH,191,83413273.1261527
2026-06-28,38967,RAVE,192,83047681.19361454
2026-06-28,23635,FORM,193,80361487.29842076
2026-06-28,40092,O,194,79409025.83071756
2026-06-28,3640,LPT,195,77729597.29042356
2026-06-28,4195,FTT,196,77109934.73022422
2026-06-28,36119,WAL,197,76949918.40288626
2026-06-28,6892,EGLD,198,76180036.62711272
2026-06-28,2586,SNX,199,76025970.26413988
2026-06-28,36044,NXPC,200,75456021.16033816
2026-07-05,1,BTC,1,1274303226128.575
2026-07-05,1027,ETH,2,215178865274.24252
2026-07-05,825,USDT,3,184183831058.02658
2026-07-05,1839,BNB,4,79378119838.42068
2026-07-05,3408,USDC,5,72949604730.91576
2026-07-05,52,XRP,6,71944532552.62521
2026-07-05,5426,SOL,7,47317347559.31333
2026-07-05,1958,TRX,8,31207854957.723248
2026-07-05,32196,HYPE,9,17988684034.16736
2026-07-05,74,DOGE,10,12044900311.685991
2026-07-05,3957,LEO,11,8525222375.947199
2026-07-05,1437,ZEC,12,7744930230.413031
2026-07-05,2010,ADA,13,6903023740.719667
2026-07-05,512,XLM,14,6895354499.27232
2026-07-05,328,XMR,15,6156840874.907645
2026-07-05,1975,LINK,16,5856298300.583897
2026-07-05,37263,CC,17,5512836817.871207
2026-07-05,4943,DAI,18,5364010086.637984
2026-07-05,1831,BCH,19,4891537052.719503
2026-07-05,11419,GRAM,20,4831741350.341902
2026-07-05,36148,USD1,21,4576023662.913458
2026-07-05,29470,USDe,22,4431200868.185702
2026-07-05,2,LTC,23,3536389946.921585
2026-07-05,4642,HBAR,24,3332898596.157407
2026-07-05,20947,SUI,25,3061471038.2774005
2026-07-05,33793,USDG,26,3028621321.3399625
2026-07-05,5805,AVAX,27,2986681541.9562345
2026-07-05,27772,PYUSD,28,2856400716.0649137
2026-07-05,3635,CRO,29,2782536784.778822
2026-07-05,6535,NEAR,30,2617148511.887254
2026-07-05,5994,SHIB,31,2599950166.498903
2026-07-05,5176,XAUt,32,2555557122.075346
2026-07-05,22974,TAO,33,2384114081.2232046
2026-07-05,7326,DEXE,34,2013127051.9761178
2026-07-05,7083,UNI,35,1969674916.8546278
2026-07-05,4705,PAXG,36,1888036444.076476
2026-07-05,33251,WLFI,37,1871746899.076951
2026-07-05,35491,M,38,1853518363.5118036
2026-07-05,36341,ASTER,39,1739354384.0996115
2026-07-05,3897,OKB,40,1686121699.1687064
2026-07-05,21159,ONDO,41,1617737649.5000837
2026-07-05,34387,RLUSD,42,1575237736.4421
2026-07-05,6636,DOT,43,1487895955.7433784
2026-07-05,13502,WLD,44,1473660240.9267306
2026-07-05,27075,MNT,45,1455463832.3421934
2026-07-05,19891,USDD,46,1403253292.8213696
2026-07-05,7278,AAVE,47,1371415570.5388973
2026-07-05,33038,SKY,48,1323754896.2189434
2026-07-05,35697,PI,49,1237659184.886278
2026-07-05,8916,ICP,50,1221991897.1510067
2026-07-05,11092,BGB,51,1202532861.1244278
2026-07-05,1321,ETC,52,1137370443.805306
2026-07-05,24478,PEPE,53,1135181894.012733
2026-07-05,39120,U,54,1022853720.3962324
2026-07-05,2087,KCS,55,993131647.1321473
2026-07-05,34104,MORPHO,56,989128186.6189699
2026-07-05,38837,BEAT,57,864235230.4122424
2026-07-05,20396,KAS,58,852747394.6619004
2026-07-05,38892,STABLE,59,838409292.9939256
2026-07-05,5690,RENDER,60,838018973.044504
2026-07-05,3794,ATOM,61,824326686.7442397
2026-07-05,3155,QNT,62,815881756.7338012
2026-07-05,4030,ALGO,63,813831976.4697945
2026-07-05,29210,JUP,64,808157001.5470401
2026-07-05,28321,POL,65,790260815.9849583
2026-07-05,5488,JST,66,782801337.8873624
2026-07-05,30171,ENA,67,768676679.6707934
2026-07-05,38590,币安人生,68,732658022.0898727
2026-07-05,4269,GT,69,716489154.4060625
2026-07-05,36507,PUMP,70,657438567.0326016
2026-07-05,2280,FIL,71,635456536.4893305
2026-07-05,39125,LIT,72,614097939.1016546
2026-07-05,7950,FLR,73,609206223.8607455
2026-07-05,2634,XDC,74,592549058.9009732
2026-07-05,35509,VVV,75,565076501.9988077
2026-07-05,39064,NIGHT,76,563163808.9138135
2026-07-05,29270,AERO,77,545385537.3518362
2026-07-05,21794,APT,78,526289565.906541
2026-07-05,11841,ARB,79,510759592.4864997
2026-07-05,2694,NEXO,80,501082415.30765533
2026-07-05,2563,TUSD,81,493591596.3006712
2026-07-05,7226,INJ,82,478779455.9510635
2026-07-05,7186,CAKE,83,474706338.0710145
2026-07-05,131,DASH,84,455516759.51642764
2026-07-05,20641,EURC,85,449387415.4086804
2026-07-05,23095,BONK,86,430611007.8638642
2026-07-05,34466,PENGU,87,426070650.50257725
2026-07-05,3077,VET,88,410419110.84137774
2026-07-05,35336,TRUMP,89,404681052.1381588
2026-07-05,3773,FET,90,402785653.8170474
2026-07-05,29814,ETHFI,91,395594620.84239274
2026-07-05,29420,VIRTUAL,92,373522156.9953351
2026-07-05,28081,SPX,93,366908825.22254264
2026-07-05,22861,TIA,94,364684777.8281567
2026-07-05,23149,SEI,95,359430718.3926311
2026-07-05,28541,JTO,96,353793806.6655715
2026-07-05,26081,FDUSD,97,349258259.23975676
2026-07-05,10529,SUN,98,343239344.0600395
2026-07-05,4172,LUNC,99,341249218.488271
2026-07-05,26997,ZRO,100,326909253.62795115
2026-07-05,6538,CRV,101,326613677.55781287
2026-07-05,28177,PYTH,102,318053401.38313305
2026-07-05,4847,STX,103,312734047.59733504
2026-07-05,3602,BSV,104,298474655.4610862
2026-07-05,1659,GNO,105,277716895.75409335
2026-07-05,10603,IMX,106,276898261.1422624
2026-07-05,2011,XTZ,107,276243228.42943436
2026-07-05,16086,BTT,108,263561664.7049569
2026-07-05,9816,NFT,109,261387880.30889007
2026-07-05,30495,MON,110,255179975.96278408
2026-07-05,39379,GWEI,111,252773788.27518192
2026-07-05,38515,2Z,112,244013560.7895095
2026-07-05,9481,PENDLE,113,241955732.10134926
2026-07-05,7334,CFX,114,236093465.6135219
2026-07-05,11840,OP,115,233922042.34690818
2026-07-05,8000,LDO,116,230962694.22243938
2026-07-05,8425,JASMY,117,228417363.80629572
2026-07-05,10804,FLOKI,118,228291373.42528757
2026-07-05,32880,KAIA,119,226356079.7153173
2026-07-05,30636,ZBCN,120,223297540.61605927
2026-07-05,2394,TEL,121,218326710.99469522
2026-07-05,36922,H,122,217447168.0140357
2026-07-05,37298,VELVET,123,216741057.45990044
2026-07-05,38828,KITE,124,216035590.10583952
2026-07-05,36532,B,125,210801817.78820255
2026-07-05,22691,STRK,126,208241980.67372423
2026-07-05,6719,GRT,127,202911979.61302286
2026-07-05,30494,EIGEN,128,200367324.82706016
2026-07-05,33824,SYRUP,129,199408581.22836515
2026-07-05,1168,DCR,130,194750136.60438675
2026-07-05,8526,RAY,131,194598647.5887408
2026-07-05,4066,CHZ,132,193290332.02031064
2026-07-05,36645,XPL,133,191591232.2626431
2026-07-05,7431,AKT,134,187835742.03406513
2026-07-05,38849,PIEVERSE,135,183967748.28893465
2026-07-05,6783,AXS,136,177849197.74769247
2026-07-05,28752,WIF,137,177599262.0620452
2026-07-05,38482,FF,138,177320029.34564784
2026-07-05,13855,ENS,139,177166962.25139034
2026-07-05,1720,IOTA,140,172708247.0188736
2026-07-05,39965,NEX,141,171317144.20488
2026-07-05,5692,COMP,142,169531718.40931803
2026-07-05,33597,FARTCOIN,143,160936711.89607775
2026-07-05,35763,KAITO,144,154980125.09729576
2026-07-05,18679,XCN,145,152624369.76325408
2026-07-05,4041,MX,146,152395148.0334967
2026-07-05,5964,TWT,147,149751087.35405606
2026-07-05,6210,SAND,148,149656553.97544643
2026-07-05,18876,APE,149,142226722.6100835
2026-07-05,2467,TRAC,150,142169760.86041504
2026-07-05,2416,THETA,151,142025999.44372296
2026-07-05,1966,MANA,152,141246520.208341
2026-07-05,1376,NEO,153,140581685.51768795
2026-07-05,4157,RUNE,154,140251336.67163768
2026-07-05,1697,BAT,155,134831912.6262474
2026-07-05,5632,AR,156,133211542.02960482
2026-07-05,7548,WEMIX,157,130545480.66302153
2026-07-05,39841,GENIUS,158,127817899.14769334
2026-07-05,32956,GRASS,159,125453249.6453402
2026-07-05,37322,VSN,160,122443310.1640856
2026-07-05,9903,CVX,161,119315012.7882395
2026-07-05,36462,A,162,119310035.1922301
2026-07-05,6748,CFG,163,114965815.976883
2026-07-05,8119,SFP,164,113688865.09770297
2026-07-05,7080,GALA,165,112414403.53505106
2026-07-05,28324,DYDX,166,110568695.23010701
2026-07-05,10180,GOMINING,167,109845290.14334086
2026-07-05,4006,AWE,168,108331082.096431
2026-07-05,35626,DATA,169,107451435.5150563
2026-07-05,10791,XEC,170,107173591.45517612
2026-07-05,3701,RIF,171,106781771.06505837
2026-07-05,24091,ZK,172,105618114.4432091
2026-07-05,38868,SENT,173,105285681.91188253
2026-07-05,40224,RE,174,102991797.57120568
2026-07-05,39545,BILL,175,102911239.00400452
2026-07-05,8104,1INCH,176,102424891.41980395
2026-07-05,1455,GLM,177,102224887.50358327
2026-07-05,34958,TAG,178,98694198.66282265
2026-07-05,33391,DEEP,179,97763897.47799955
2026-07-05,3871,AB,180,96885174.14843324
2026-07-05,30986,KMNO,181,96045806.18770623
2026-07-05,36542,SOON,182,94413819.2398668
2026-07-05,33280,CHEEMS,183,93575178.4304369
2026-07-05,38353,MET,184,92827894.79615179
2026-07-05,30083,ATH,185,92309455.58334856
2026-07-05,36828,USELESS,186,92208008.55258708
2026-07-05,12147,SYN,187,91658659.10064569
2026-07-05,38151,YZY,188,89293685.1285556
2026-07-05,40092,O,189,88409767.00125715
2026-07-05,34118,BANANAS31,190,87444315.002639
2026-07-05,23635,FORM,191,85986347.58549593
2026-07-05,19269,COW,192,85717963.47454412
2026-07-05,39720,EDGE,193,84566612.72753975
2026-07-05,35347,MELANIA,194,83114232.81257907
2026-07-05,6892,EGLD,195,81940130.82437725
2026-07-05,36119,WAL,196,81393779.83772568
2026-07-05,3640,LPT,197,81125096.01582901
2026-07-05,38417,RIVER,198,80531467.15453084
2026-07-05,2586,SNX,199,79264136.46876942
2026-07-05,28298,BEAM,200,78440560.77263041
2026-07-12,1,BTC,1,1278705884469.6963
2026-07-12,1027,ETH,2,217927968815.6052
2026-07-12,825,USDT,3,184187570422.04105
2026-07-12,1839,BNB,4,77357933002.20728
2026-07-12,3408,USDC,5,73416602246.30621
2026-07-12,52,XRP,6,67822238180.84005
2026-07-12,5426,SOL,7,44761569296.84329
2026-07-12,1958,TRX,8,31429456376.97527
2026-07-12,32196,HYPE,9,17032136829.15012
2026-07-12,74,DOGE,10,12411222254.212181
2026-07-12,1437,ZEC,11,8939183643.074224
2026-07-12,3957,LEO,12,8777061246.37487
2026-07-12,512,XLM,13,6365224551.702778
2026-07-12,328,XMR,14,6093803078.079488
2026-07-12,2010,ADA,15,5907351799.820747
2026-07-12,1975,LINK,16,5810973191.04488
2026-07-12,37263,CC,17,5190887542.962653
2026-07-12,1831,BCH,18,4813792588.9873905
2026-07-12,4943,DAI,19,4646870741.269484
2026-07-12,36148,USD1,20,4442957787.986424
2026-07-12,11419,GRAM,21,4411955638.605027
2026-07-12,7326,DEXE,22,4009785667.322739
2026-07-12,29470,USDe,23,3951358269.6655254
2026-07-12,2,LTC,24,3402320520.383968
2026-07-12,33793,USDG,25,3147797100.0532093
2026-07-12,20947,SUI,26,2982132330.1261744
2026-07-12,4642,HBAR,27,2958103160.720582
2026-07-12,27772,PYUSD,28,2863614835.2352304
2026-07-12,5805,AVAX,29,2764185012.4847608
2026-07-12,3635,CRO,30,2574919811.3365192
2026-07-12,5176,XAUt,31,2495858372.9788704
2026-07-12,5994,SHIB,32,2492156901.803948
2026-07-12,6535,NEAR,33,2457885434.392757
2026-07-12,22974,TAO,34,2331787262.5951376
2026-07-12,7083,UNI,35,2230063929.829565
2026-07-12,4705,PAXG,36,1829062188.5482905
2026-07-12,33251,WLFI,37,1827369308.9943836
2026-07-12,3897,OKB,38,1695135314.1706426
2026-07-12,36341,ASTER,39,1677412681.9408314
2026-07-12,35491,M,40,1644424971.6834197
2026-07-12,19891,USDD,41,1573842987.6884809
2026-07-12,21159,ONDO,42,1570835158.0365136
2026-07-12,34387,RLUSD,43,1539200905.7987518
2026-07-12,7278,AAVE,44,1496156356.2986736
2026-07-12,13502,WLD,45,1477165176.8381393
2026-07-12,6636,DOT,46,1429249412.545315
2026-07-12,33038,SKY,47,1409128803.7053397
2026-07-12,27075,MNT,48,1377530896.6847053
2026-07-12,8916,ICP,49,1230169459.4545395
2026-07-12,11092,BGB,50,1168351640.9474087
2026-07-12,24478,PEPE,51,1142750451.805475
2026-07-12,1321,ETC,52,1077884089.4228804
2026-07-12,39120,U,53,1035976100.7179345
2026-07-12,34104,MORPHO,54,1033059930.5628148
2026-07-12,35697,PI,55,995444550.1763018
2026-07-12,2087,KCS,56,959624718.6956437
2026-07-12,38892,STABLE,57,898871375.9361045
2026-07-12,5488,JST,58,865761192.5152326
2026-07-12,28321,POL,59,864325610.1746978
2026-07-12,3794,ATOM,60,811856167.267824
2026-07-12,5690,RENDER,61,792425909.7681046
2026-07-12,3155,QNT,62,789930194.7842813
2026-07-12,38837,BEAT,63,787505916.0155418
2026-07-12,20396,KAS,64,783915307.9036475
2026-07-12,30171,ENA,65,763601489.4024478
2026-07-12,4030,ALGO,66,748142243.3000278
2026-07-12,4269,GT,67,713215118.1026313
2026-07-12,38590,币安人生,68,701807847.4678627
2026-07-12,29210,JUP,69,667256535.4939982
2026-07-12,39125,LIT,70,659394418.229816
2026-07-12,2280,FIL,71,614794873.8244443
2026-07-12,11841,ARB,72,593071877.1370761
2026-07-12,36507,PUMP,73,586865143.9459686
2026-07-12,2634,XDC,74,569617066.2826593
2026-07-12,7950,FLR,75,561862469.9521446
2026-07-12,21794,APT,76,515228383.25848496
2026-07-12,39064,NIGHT,77,506754596.53800935
2026-07-12,35509,VVV,78,499560547.56936824
2026-07-12,2563,TUSD,79,493550189.54293203
2026-07-12,29270,AERO,80,489570755.3544839
2026-07-12,7226,INJ,81,486411014.28329736
2026-07-12,2694,NEXO,82,479209105.46792835
2026-07-12,7186,CAKE,83,453137439.7165848
2026-07-12,131,DASH,84,438984685.49026227
2026-07-12,20641,EURC,85,421565230.59520566
2026-07-12,3077,VET,86,417305496.6244525
2026-07-12,29814,ETHFI,87,391169423.75176847
2026-07-12,28177,PYTH,88,378360617.18426216
2026-07-12,29420,VIRTUAL,89,378349411.61997
2026-07-12,34466,PENGU,90,376516240.55951273
2026-07-12,35336,TRUMP,91,369697326.85236645
2026-07-12,22861,TIA,92,366702938.7417672
2026-07-12,10529,SUN,93,356396297.0778556
2026-07-12,3773,FET,94,355572412.33063465
2026-07-12,23149,SEI,95,348767074.5848911
2026-07-12,23095,BONK,96,348538510.6203929
2026-07-12,26081,FDUSD,97,347138897.03116345
2026-07-12,28081,SPX,98,346990776.8322349
2026-07-12,4172,LUNC,99,334759729.88879055
2026-07-12,6538,CRV,100,316692682.29714316
2026-07-12,4847,STX,101,306755542.67386425
2026-07-12,26997,ZRO,102,306195000.18203706
2026-07-12,28541,JTO,103,300751594.4138008
2026-07-12,1659,GNO,104,294235450.3625384
2026-07-12,30495,MON,105,269743255.8479374
2026-07-12,10603,IMX,106,265404615.1092119
2026-07-12,9816,NFT,107,265024060.6814148
2026-07-12,3602,BSV,108,264560956.4780266
2026-07-12,16086,BTT,109,262948639.64958018
2026-07-12,9481,PENDLE,110,262863820.07852912
2026-07-12,8000,LDO,111,257172484.1964599
2026-07-12,38515,2Z,112,248881990.80916
2026-07-12,2011,XTZ,113,247280416.53854713
2026-07-12,7334,CFX,114,231272941.43939927
2026-07-12,36645,XPL,115,230942773.5156445
2026-07-12,33824,SYRUP,116,225004538.09425408
2026-07-12,32880,KAIA,117,221742001.58740643
2026-07-12,11840,OP,118,216304918.67325205
2026-07-12,38828,KITE,119,216100761.8944644
2026-07-12,8425,JASMY,120,215885164.12230864
2026-07-12,30636,ZBCN,121,214837106.27706805
2026-07-12,36922,H,122,214588780.99043864
2026-07-12,10804,FLOKI,123,213848875.633189
2026-07-12,1168,DCR,124,212787354.9895116
2026-07-12,2394,TEL,125,212466696.87712187
2026-07-12,37298,VELVET,126,202790117.4176697
2026-07-12,22691,STRK,127,196500617.81702292
2026-07-12,6719,GRT,128,189818056.09099108
2026-07-12,30494,EIGEN,129,187887446.9703994
2026-07-12,8526,RAY,130,183809557.50143194
2026-07-12,38482,FF,131,179970966.7932238
2026-07-12,7431,AKT,132,176774254.3309089
2026-07-12,4066,CHZ,133,176760891.72516507
2026-07-12,38849,PIEVERSE,134,176407841.3930557
2026-07-12,1720,IOTA,135,174644671.28642854
2026-07-12,6783,AXS,136,171659028.10560736
2026-07-12,5692,COMP,137,169368771.18148547
2026-07-12,13855,ENS,138,167309462.295688
2026-07-12,35763,KAITO,139,161295167.51002234
2026-07-12,18876,APE,140,153227690.98929203
2026-07-12,5964,TWT,141,153197501.748962
2026-07-12,4041,MX,142,151870825.23864877
2026-07-12,28752,WIF,143,149236334.66868696
2026-07-12,33597,FARTCOIN,144,146703114.5694801
2026-07-12,2416,THETA,145,146516421.04662842
2026-07-12,18679,XCN,146,145987460.1388738
2026-07-12,6210,SAND,147,140483331.67335272
2026-07-12,39720,EDGE,148,138995265.60028213
2026-07-12,1966,MANA,149,138084206.03227276
2026-07-12,1376,NEO,150,136917318.07586753
2026-07-12,2467,TRAC,151,136703905.3184518
2026-07-12,4157,RUNE,152,136071828.01916638
2026-07-12,3701,RIF,153,129961727.62274866
2026-07-12,5632,AR,154,127965456.8060765
2026-07-12,7548,WEMIX,155,124445731.9083024
2026-07-12,1697,BAT,156,124255425.04105689
2026-07-12,37322,VSN,157,123368445.91509522
2026-07-12,9903,CVX,158,123314099.83550167
2026-07-12,4006,AWE,159,120116992.92315868
2026-07-12,39545,BILL,160,119579465.5581542
2026-07-12,36462,A,161,118062743.92547312
2026-07-12,10180,GOMINING,162,114044053.8666446
2026-07-12,39841,GENIUS,163,113488502.03130148
2026-07-12,28324,DYDX,164,110966440.10976525
2026-07-12,8119,SFP,165,110338301.49076532
2026-07-12,39965,NEX,166,109795007.19786
2026-07-12,36532,B,167,108556232.57281433
2026-07-12,6748,CFG,168,105073741.28326546
2026-07-12,24091,ZK,169,103295314.37826715
2026-07-12,8104,1INCH,170,103055857.62543303
2026-07-12,34958,TAG,171,101731637.87693211
2026-07-12,10791,XEC,172,101208990.75693227
2026-07-12,7080,GALA,173,99933351.27887912
2026-07-12,1455,GLM,174,99377104.99169189
2026-07-12,32956,GRASS,175,98313161.91947511
2026-07-12,39379,GWEI,176,97828547.42016542
2026-07-12,35626,DATA,177,96999784.35642913
2026-07-12,38868,SENT,178,96881473.11328942
2026-07-12,3871,AB,179,96686502.39237013
2026-07-12,33391,DEEP,180,95423253.21651056
2026-07-12,30986,KMNO,181,92980805.71907705
2026-07-12,6892,EGLD,182,91911849.82665692
2026-07-12,30083,ATH,183,89200779.82272503
2026-07-12,38151,YZY,184,89131931.92671695
2026-07-12,40224,RE,185,88926642.30563179
2026-07-12,36542,SOON,186,88306039.41027863
2026-07-12,40092,O,187,86726744.18450326
2026-07-12,33280,CHEEMS,188,86018369.18515971
2026-07-12,36828,USELESS,189,85512268.46910618
2026-07-12,21585,SAFE,190,84876724.26218893
2026-07-12,2586,SNX,191,84565092.08592321
2026-07-12,35347,MELANIA,192,81710713.87232758
2026-07-12,28298,BEAM,193,80790278.35200503
2026-07-12,19269,COW,194,80586704.62039588
2026-07-12,10508,FLUID,195,80383035.1093163
2026-07-12,38353,MET,196,78449544.36359768
2026-07-12,23635,FORM,197,77201478.89209576
2026-07-12,34118,BANANAS31,198,76827809.05213942
2026-07-12,3964,RSR,199,76545127.77137014
2026-07-12,3640,LPT,200,76107423.61960675
2026-07-19,1,BTC,1,1297615648921.4333
2026-07-19,1027,ETH,2,225858944323.68204
2026-07-19,825,USDT,3,184077953089.57413
2026-07-19,1839,BNB,4,75958414309.13782
2026-07-19,3408,USDC,5,73304170862.689
2026-07-19,52,XRP,6,68458339988.21141
2026-07-19,5426,SOL,7,44487065982.11185
2026-07-19,1958,TRX,8,31028024548.66094
2026-07-19,32196,HYPE,9,15451454116.10943
2026-07-19,74,DOGE,10,12354471965.04791
2026-07-19,1437,ZEC,11,9182831514.566572
2026-07-19,3957,LEO,12,8995128855.755447
2026-07-19,512,XLM,13,6420311112.366118
2026-07-19,328,XMR,14,6308204356.489318
2026-07-19,1975,LINK,15,6262424593.215975
2026-07-19,2010,ADA,16,6056131388.085192
2026-07-19,37263,CC,17,4960233107.700536
2026-07-19,4943,DAI,18,4633644594.71171
2026-07-19,1831,BCH,19,4311219926.777519
2026-07-19,36148,USD1,20,4238837110.807891
2026-07-19,29470,USDe,21,4014421787.1696672
2026-07-19,11419,GRAM,22,3941084395.3210936
2026-07-19,2,LTC,23,3641388913.844262
2026-07-19,33793,USDG,24,3197943296.6459465
2026-07-19,20947,SUI,25,3033307879.8617306
2026-07-19,4642,HBAR,26,2910125537.040318
2026-07-19,27772,PYUSD,27,2900291743.243779
2026-07-19,7326,DEXE,28,2899727501.656447
2026-07-19,5805,AVAX,29,2787431357.097195
2026-07-19,3635,CRO,30,2759965095.4255676
2026-07-19,6535,NEAR,31,2490062929.5096107
2026-07-19,5176,XAUt,32,2446261942.6657357
2026-07-19,5994,SHIB,33,2440167221.589143
2026-07-19,22974,TAO,34,2214006537.765871
2026-07-19,7083,UNI,35,2193506788.091232
2026-07-19,33251,WLFI,36,1829197278.5854843
2026-07-19,4705,PAXG,37,1790640984.5719862
2026-07-19,3897,OKB,38,1682958031.0823288
2026-07-19,21159,ONDO,39,1680318329.1060677
2026-07-19,36341,ASTER,40,1674301774.6222935
2026-07-19,35491,M,41,1607238619.276352
2026-07-19,34387,RLUSD,42,1531323185.497455
2026-07-19,19891,USDD,43,1520249554.4937763
2026-07-19,33038,SKY,44,1427360792.517587
2026-07-19,27075,MNT,45,1402435955.2350802
2026-07-19,6636,DOT,46,1386117000.7704253
2026-07-19,7278,AAVE,47,1377162747.4986453
2026-07-19,13502,WLD,48,1279587198.8494918
2026-07-19,8916,ICP,49,1185084347.678364
2026-07-19,24478,PEPE,50,1171814631.3075342
2026-07-19,11092,BGB,51,1139333310.6054904
2026-07-19,1321,ETC,52,1094570147.9622993
2026-07-19,39120,U,53,1050640413.4747455
2026-07-19,34104,MORPHO,54,1034256206.5621214
2026-07-19,35697,PI,55,1013246709.053091
2026-07-19,2087,KCS,56,909344308.8727232
2026-07-19,38892,STABLE,57,881187234.2447017
2026-07-19,28321,POL,58,868290122.0606184
2026-07-19,36507,PUMP,59,802009682.9412434
2026-07-19,5488,JST,60,795920146.6672903
2026-07-19,20396,KAS,61,780307670.5505517
2026-07-19,3155,QNT,62,774474090.2642326
2026-07-19,5690,RENDER,63,767801113.6123567
2026-07-19,3794,ATOM,64,766970667.6844338
2026-07-19,30171,ENA,65,762286991.1330767
2026-07-19,4030,ALGO,66,742658279.1519915
2026-07-19,38837,BEAT,67,723479590.3813391
2026-07-19,4269,GT,68,715808010.5172906
2026-07-19,38590,币安人生,69,669566909.3208069
2026-07-19,29210,JUP,70,648959002.2925183
2026-07-19,2634,XDC,71,601597286.3460587
2026-07-19,11841,ARB,72,588613771.6959684
2026-07-19,2280,FIL,73,574945175.8914964
2026-07-19,7950,FLR,74,565669757.8147367
2026-07-19,35509,VVV,75,552892747.4380375
2026-07-19,39125,LIT,76,551948755.8655838
2026-07-19,7226,INJ,77,510155682.9735626
2026-07-19,21794,APT,78,502357111.46466005
2026-07-19,2563,TUSD,79,492690116.71220154
2026-07-19,2694,NEXO,80,489667545.9422996
2026-07-19,7186,CAKE,81,452014284.93389887
2026-07-19,39064,NIGHT,82,443349991.9996411
2026-07-19,131,DASH,83,438560605.1646208
2026-07-19,29270,AERO,84,438467004.0007529
2026-07-19,29814,ETHFI,85,432016818.68745375
2026-07-19,20641,EURC,86,430034815.05503935
2026-07-19,29420,VIRTUAL,87,404022255.73918396
2026-07-19,3077,VET,88,399655074.9144167
2026-07-19,34466,PENGU,89,384247543.3111504
2026-07-19,28177,PYTH,90,381871673.9306729
2026-07-19,35336,TRUMP,91,372007999.2876311
2026-07-19,10529,SUN,92,355162628.273663
2026-07-19,3773,FET,93,350118943.2895884
2026-07-19,26081,FDUSD,94,346298343.5298134
2026-07-19,23149,SEI,95,340958332.52061886
2026-07-19,22861,TIA,96,332151533.34231883
2026-07-19,6538,CRV,97,323174078.96714294
2026-07-19,28081,SPX,98,318354161.60157925
2026-07-19,4172,LUNC,99,311065763.440735
2026-07-19,4847,STX,100,296551860.8622157
2026-07-19,8000,LDO,101,296254577.36219496
2026-07-19,1659,GNO,102,291458218.29698485
2026-07-19,28541,JTO,103,283771901.2039463
2026-07-19,26997,ZRO,104,280055080.21875054
2026-07-19,16086,BTT,105,270979192.6432835
2026-07-19,9481,PENDLE,106,269806255.00250965
2026-07-19,9816,NFT,107,264779912.93137583
2026-07-19,3602,BSV,108,264343429.99436304
2026-07-19,36532,B,109,252278611.5058888
2026-07-19,10603,IMX,110,252069088.84139955
2026-07-19,30495,MON,111,250654045.3960211
2026-07-19,23095,BONK,112,244874224.59503523
2026-07-19,2011,XTZ,113,243346670.03719345
2026-07-19,7334,CFX,114,241421578.2780173
2026-07-19,8425,JASMY,115,228130204.8488902
2026-07-19,35763,KAITO,116,226454897.51478988
2026-07-19,38515,2Z,117,225207370.08402732
2026-07-19,1168,DCR,118,222242563.08213785
2026-07-19,11840,OP,119,216480157.93882543
2026-07-19,37298,VELVET,120,215390653.42897055
2026-07-19,33824,SYRUP,121,214477625.8737274
2026-07-19,36645,XPL,122,208856079.47147435
2026-07-19,32880,KAIA,123,206442014.20160386
2026-07-19,10804,FLOKI,124,202413946.2704698
2026-07-19,38828,KITE,125,197508563.14362937
2026-07-19,30636,ZBCN,126,195746134.04338476
2026-07-19,22691,STRK,127,193801018.2778946
2026-07-19,30494,EIGEN,128,188393408.93129292
2026-07-19,13855,ENS,129,184396104.59912977
2026-07-19,2394,TEL,130,183758904.80302456
2026-07-19,8526,RAY,131,182246039.05572554
2026-07-19,36922,H,132,180601779.6068287
2026-07-19,38482,FF,133,179237577.7216273
2026-07-19,6719,GRT,134,179123160.10770118
2026-07-19,38849,PIEVERSE,135,170625481.2120309
2026-07-19,5692,COMP,136,169255348.23047087
2026-07-19,1720,IOTA,137,162646588.4337689
2026-07-19,10791,XEC,138,162159056.21273202
2026-07-19,6783,AXS,139,161408832.0060325
2026-07-19,2467,TRAC,140,156861144.8858237
2026-07-19,4066,CHZ,141,156727515.65741858
2026-07-19,28752,WIF,142,153943811.9584852
2026-07-19,7431,AKT,143,153074407.98579565
2026-07-19,4041,MX,144,152594461.849385
2026-07-19,4157,RUNE,145,149971994.4496125
2026-07-19,1376,NEO,146,144652742.62826216
2026-07-19,18876,APE,147,144186078.48909688
2026-07-19,5964,TWT,148,143744321.31392398
2026-07-19,18679,XCN,149,143683799.9618355
2026-07-19,39720,EDGE,150,141720387.50065035
2026-07-19,6210,SAND,151,137013876.78756317
2026-07-19,1966,MANA,152,136475004.7334759
2026-07-19,2416,THETA,153,135923776.89985552
2026-07-19,33597,FARTCOIN,154,132902260.99903382
2026-07-19,3701,RIF,155,126298365.28367014
2026-07-19,37322,VSN,156,125691682.50659558
2026-07-19,34958,TAG,157,125439871.15928538
2026-07-19,5632,AR,158,123423884.94252294
2026-07-19,7548,WEMIX,159,120552723.88129047
2026-07-19,9903,CVX,160,118956782.23203571
2026-07-19,10180,GOMINING,161,116263439.96502459
2026-07-19,1697,BAT,162,115801947.72343796
2026-07-19,4006,AWE,163,114155843.91655613
2026-07-19,36462,A,164,112506875.71936814
2026-07-19,8119,SFP,165,106389668.21161994
2026-07-19,39841,GENIUS,166,106338379.41864981
2026-07-19,8104,1INCH,167,104190433.5652847
2026-07-19,39965,NEX,168,102656706.6825
2026-07-19,28324,DYDX,169,101229910.62623993
2026-07-19,1455,GLM,170,98778735.74541397
2026-07-19,7080,GALA,171,98190029.17414595
2026-07-19,38868,SENT,172,98105502.36456619
2026-07-19,35626,DATA,173,97482545.18168983
2026-07-19,6892,EGLD,174,96357297.41361788
2026-07-19,3871,AB,175,96311739.44155134
2026-07-19,6748,CFG,176,95002159.87506144
2026-07-19,33391,DEEP,177,94660644.88488652
2026-07-19,40092,O,178,94283137.85643756
2026-07-19,24091,ZK,179,94153047.55712253
2026-07-19,30083,ATH,180,93849121.15976506
2026-07-19,30986,KMNO,181,93075327.9185893
2026-07-19,38908,ALLO,182,90350411.35117283
2026-07-19,38151,YZY,183,89149961.5201537
2026-07-19,36542,SOON,184,88578551.52731954
2026-07-19,33280,CHEEMS,185,88030305.67176057
2026-07-19,32956,GRASS,186,87206438.69898407
2026-07-19,2586,SNX,187,80020828.616416
2026-07-19,10508,FLUID,188,79108239.32713988
2026-07-19,35347,MELANIA,189,78435249.75175494
2026-07-19,39332,ZAMA,190,77850965.4394141
2026-07-19,19269,COW,191,76519574.15786701
2026-07-19,38353,MET,192,76440859.76764157
2026-07-19,5864,YFI,193,76001604.62873444
2026-07-19,28298,BEAM,194,75977054.96321274
2026-07-19,1698,ZEN,195,75761327.64553793
2026-07-19,1684,QTUM,196,75640187.17203654
2026-07-19,3964,RSR,197,75545933.42218788
2026-07-19,1732,NMR,198,73766073.8484339
2026-07-19,11165,ORCA,199,73402580.61972469
2026-07-19,25028,ORDI,200,72866368.11523058
2026-07-26,1,BTC,1,1310841570016.7876
2026-07-26,1027,ETH,2,235742871241.5173
2026-07-26,825,USDT,3,183970371117.3806
2026-07-26,1839,BNB,4,76504179675.3566
2026-07-26,3408,USDC,5,72587997531.44162
2026-07-26,52,XRP,6,69516074940.56467
2026-07-26,5426,SOL,7,44657387788.94157
2026-07-26,1958,TRX,8,31510613443.885868
2026-07-26,32196,HYPE,9,15064329656.899145
2026-07-26,74,DOGE,10,11378408196.982288
2026-07-26,3957,LEO,11,8941498969.633238
2026-07-26,1437,ZEC,12,8521269202.223794
2026-07-26,328,XMR,13,6644352047.791189
2026-07-26,1975,LINK,14,6592520437.673127
2026-07-26,512,XLM,15,6233830586.291456
2026-07-26,2010,ADA,16,6046831561.920726
2026-07-26,37263,CC,17,4885933137.888777
2026-07-26,4943,DAI,18,4647503237.007793
2026-07-26,1831,BCH,19,4350732703.809205
2026-07-26,11419,GRAM,20,4146454343.9795494
2026-07-26,36148,USD1,21,4104663915.383241
2026-07-26,29470,USDe,22,3973487858.3786197
2026-07-26,2,LTC,23,3700759622.890693
2026-07-26,33793,USDG,24,3279357424.8338547
2026-07-26,5994,SHIB,25,3130089487.706462
2026-07-26,4642,HBAR,26,3071457159.504498
2026-07-26,20947,SUI,27,2926954137.5499268
2026-07-26,5805,AVAX,28,2907719435.54061
2026-07-26,3635,CRO,29,2696878844.6085863
2026-07-26,27772,PYUSD,30,2685485776.119677
2026-07-26,5176,XAUt,31,2501084123.3511696
2026-07-26,7083,UNI,32,2424124400.0506577
2026-07-26,6535,NEAR,33,2391480769.8376017
2026-07-26,22974,TAO,34,2223876940.4948673
2026-07-26,21159,ONDO,35,1968787429.6198723
2026-07-26,4705,PAXG,36,1816617520.9060287
2026-07-26,3897,OKB,37,1779481423.4384842
2026-07-26,33251,WLFI,38,1755935773.0321927
2026-07-26,36341,ASTER,39,1697222240.8442976
2026-07-26,35491,M,40,1639191111.3231354
2026-07-26,34387,RLUSD,41,1589406823.360145
2026-07-26,7278,AAVE,42,1565108109.8240967
2026-07-26,19891,USDD,43,1556331234.3662462
2026-07-26,6636,DOT,44,1400240036.6267996
2026-07-26,27075,MNT,45,1373061536.149424
2026-07-26,33038,SKY,46,1371570966.7871823
2026-07-26,13502,WLD,47,1334285532.5035923
2026-07-26,24478,PEPE,48,1230090346.1425414
2026-07-26,8916,ICP,49,1217514302.6131139
2026-07-26,11092,BGB,50,1172601667.010676
2026-07-26,1321,ETC,51,1117689897.9382896
2026-07-26,38837,BEAT,52,1088372840.7432866
2026-07-26,39120,U,53,1069947245.3151584
2026-07-26,34104,MORPHO,54,1012156655.6478454
2026-07-26,38892,STABLE,55,961171397.2789462
2026-07-26,2087,KCS,56,916900616.9820491
2026-07-26,35697,PI,57,905320652.0034865
2026-07-26,30171,ENA,58,859232592.3241242
2026-07-26,5488,JST,59,858303892.3527204
2026-07-26,28321,POL,60,828056952.0908858
2026-07-26,20396,KAS,61,807815444.3665435
2026-07-26,36507,PUMP,62,802378017.2262055
2026-07-26,5690,RENDER,63,770964925.4663393
2026-07-26,3155,QNT,64,768619676.4491667
2026-07-26,4030,ALGO,65,760316184.261713
2026-07-26,3794,ATOM,66,728925452.515722
2026-07-26,4269,GT,67,713765894.6452181
2026-07-26,35509,VVV,68,654681938.4970845
2026-07-26,38590,币安人生,69,649228238.6248119
2026-07-26,29210,JUP,70,636241595.2923026
2026-07-26,2280,FIL,71,601005639.7471706
2026-07-26,2634,XDC,72,589310386.9149709
2026-07-26,7950,FLR,73,558499305.54654
2026-07-26,11841,ARB,74,549596305.5151426
2026-07-26,39125,LIT,75,536121878.02780324
2026-07-26,21794,APT,76,530337044.9456237
2026-07-26,7226,INJ,77,499792682.1815098
2026-07-26,2563,TUSD,78,492567738.58944046
2026-07-26,2694,NEXO,79,481195838.7325948
2026-07-26,7186,CAKE,80,455894509.7866014
2026-07-26,20641,EURC,81,430945209.34039867
2026-07-26,131,DASH,82,420480474.3267043
2026-07-26,29270,AERO,83,417830776.4634935
2026-07-26,29814,ETHFI,84,415989049.9130871
2026-07-26,3077,VET,85,406959775.89947677
2026-07-26,34466,PENGU,86,400419315.76607877
2026-07-26,35336,TRUMP,87,396262630.9428259
2026-07-26,29420,VIRTUAL,88,393273177.48913246
2026-07-26,3773,FET,89,355156535.6998839
2026-07-26,10529,SUN,90,350052946.42016447
2026-07-26,26081,FDUSD,91,346346532.4776267
2026-07-26,28177,PYTH,92,342837544.70297414
2026-07-26,23149,SEI,93,330132510.9238492
2026-07-26,39064,NIGHT,94,325757693.37497836
2026-07-26,28081,SPX,95,323673319.30345935
2026-07-26,6538,CRV,96,321994946.77742356
2026-07-26,22861,TIA,97,321897820.76601756
2026-07-26,8000,LDO,98,317868782.81274563
2026-07-26,26997,ZRO,99,313794958.86924213
2026-07-26,7326,DEXE,100,303757804.2335063
2026-07-26,4172,LUNC,101,297518151.48995566
2026-07-26,28541,JTO,102,294929234.4917573
2026-07-26,1659,GNO,103,290529237.71093917
2026-07-26,35763,KAITO,104,284375202.452088
2026-07-26,3602,BSV,105,277108134.5775841
2026-07-26,23095,BONK,106,273065252.93171936
2026-07-26,16086,BTT,107,267671132.91054577
2026-07-26,9481,PENDLE,108,267243585.85288423
2026-07-26,9816,NFT,109,265642517.15978724
2026-07-26,4847,STX,110,265357294.1337541
2026-07-26,10603,IMX,111,254556259.675432
2026-07-26,30495,MON,112,252466018.46740955
2026-07-26,2011,XTZ,113,243371564.9206069
2026-07-26,7334,CFX,114,232712596.69663218
2026-07-26,36645,XPL,115,229200704.74818686
2026-07-26,8425,JASMY,116,221317812.41219372
2026-07-26,11840,OP,117,217332509.30054942
2026-07-26,10804,FLOKI,118,214422855.99661624
2026-07-26,38515,2Z,119,212622144.77242067
2026-07-26,22691,STRK,120,210610419.87206376
2026-07-26,33824,SYRUP,121,207568916.72100312
2026-07-26,1168,DCR,122,205371824.90119833
2026-07-26,30636,ZBCN,123,196283711.27222052
2026-07-26,38849,PIEVERSE,124,195210468.10846385
2026-07-26,32880,KAIA,125,192012787.82351983
2026-07-26,38828,KITE,126,191837176.1591558
2026-07-26,37298,VELVET,127,189615347.8913811
2026-07-26,13855,ENS,128,189395879.39414105
2026-07-26,36922,H,129,189278081.97491035
2026-07-26,38482,FF,130,179466069.37447676
2026-07-26,36532,B,131,179090464.63100353
2026-07-26,6719,GRT,132,175577638.26544228
2026-07-26,30494,EIGEN,133,175351514.6582435
2026-07-26,5692,COMP,134,174944718.94755894
2026-07-26,8526,RAY,135,172122606.25077006
2026-07-26,2394,TEL,136,168022868.0451826
2026-07-26,1720,IOTA,137,159643699.0694348
2026-07-26,6783,AXS,138,155938380.68159324
2026-07-26,28752,WIF,139,153282418.53177944
2026-07-26,4041,MX,140,151563774.95470384
2026-07-26,5964,TWT,141,150954985.8294497
2026-07-26,4066,CHZ,142,150251527.0306217
2026-07-26,4157,RUNE,143,147118203.64505264
2026-07-26,18876,APE,144,143845571.4464897
2026-07-26,37322,VSN,145,143791261.15953484
2026-07-26,39720,EDGE,146,143710606.9089564
2026-07-26,7431,AKT,147,141046164.79682177
2026-07-26,1376,NEO,148,140406426.66559246
2026-07-26,2467,TRAC,149,139027546.48247066
2026-07-26,9903,CVX,150,138786378.10378087
2026-07-26,18679,XCN,151,138309816.07261425
2026-07-26,2416,THETA,152,137630415.92241696
2026-07-26,1966,MANA,153,136878853.9016258
2026-07-26,10791,XEC,154,136049620.869529
2026-07-26,6210,SAND,155,135309295.5125576
2026-07-26,33597,FARTCOIN,156,132839629.80570908
2026-07-26,39332,ZAMA,157,128642620.29449315
2026-07-26,39841,GENIUS,158,126224292.20697623
2026-07-26,5632,AR,159,123606801.01820724
2026-07-26,34958,TAG,160,120325717.22659402
2026-07-26,8104,1INCH,161,120204914.79350442
2026-07-26,10180,GOMINING,162,116479528.07000042
2026-07-26,1697,BAT,163,114241144.63958697
2026-07-26,36542,SOON,164,113709791.24400936
2026-07-26,4006,AWE,165,110144595.84959939
2026-07-26,8119,SFP,166,109350359.0245543
2026-07-26,28324,DYDX,167,107747076.1939492
2026-07-26,6748,CFG,168,105876382.53445578
2026-07-26,36462,A,169,105419656.38977142
2026-07-26,1455,GLM,170,101003232.7159088
2026-07-26,7548,WEMIX,171,100233005.2872726
2026-07-26,7080,GALA,172,98376035.32661018
2026-07-26,3871,AB,173,97094860.8858658
2026-07-26,33391,DEEP,174,96922632.76840404
2026-07-26,24091,ZK,175,95620370.01228148
2026-07-26,35626,DATA,176,94827140.46875538
2026-07-26,39965,NEX,177,94617342.1155
2026-07-26,38353,MET,178,94297762.28207728
2026-07-26,30986,KMNO,179,93013521.90626803
2026-07-26,38868,SENT,180,91856780.27664585
2026-07-26,10508,FLUID,181,91719107.34639592
2026-07-26,38151,YZY,182,89081067.75169553
2026-07-26,30083,ATH,183,88417239.04629076
2026-07-26,6892,EGLD,184,87109952.73643847
2026-07-26,33280,CHEEMS,185,86937021.9402401
2026-07-26,32956,GRASS,186,86688530.56284961
2026-07-26,28298,BEAM,187,84671977.8755095
2026-07-26,3701,RIF,188,82019917.884376
2026-07-26,35347,MELANIA,189,80597737.41958347
2026-07-26,25028,ORDI,190,80065844.08419868
2026-07-26,3964,RSR,191,79655307.87341292
2026-07-26,21585,SAFE,192,78902816.42345448
2026-07-26,19269,COW,193,77627826.40056771
2026-07-26,38967,RAVE,194,77160040.37329319
2026-07-26,5350,XPR,195,76909789.29548942
2026-07-26,40224,RE,196,76779069.60486479
2026-07-26,40092,O,197,76698435.09716912
2026-07-26,2586,SNX,198,76588129.58583346
2026-07-26,5864,YFI,199,76242817.75729826
2026-07-26,1698,ZEN,200,75676483.19234551
2026-08-02,1,BTC,1,1273764276829.745
2026-08-02,1027,ETH,2,227187000902.41992
2026-08-02,825,USDT,3,183209021590.63782
2026-08-02,1839,BNB,4,78243567941.18059
2026-08-02,3408,USDC,5,71903079412.65578
2026-08-02,52,XRP,6,67824235094.56073
2026-08-02,5426,SOL,7,42687967562.88229
2026-08-02,1958,TRX,8,30973021341.898113
2026-08-02,32196,HYPE,9,13267120572.830267
2026-08-02,74,DOGE,10,10978796547.38538
2026-08-02,3957,LEO,11,8966792207.913124
2026-08-02,1437,ZEC,12,8209119477.956883
2026-08-02,2010,ADA,13,6913125267.311266
2026-08-02,328,XMR,14,6840082103.281837
2026-08-02,1975,LINK,15,6261277356.41677
2026-08-02,512,XLM,16,5962234355.845521
2026-08-02,4943,DAI,17,4591019448.931997
2026-08-02,37263,CC,18,4572403629.384179
2026-08-02,1831,BCH,19,4265254619.0303917
2026-08-02,36148,USD1,20,3975883544.2840486
2026-08-02,11419,GRAM,21,3903588236.096935
2026-08-02,29470,USDe,22,3866750069.983584
2026-08-02,2,LTC,23,3457108418.9831796
2026-08-02,33793,USDG,24,3400355842.8809247
2026-08-02,4642,HBAR,25,3063615821.999131
2026-08-02,5994,SHIB,26,2891459507.0757217
2026-08-02,5805,AVAX,27,2824415152.99004
2026-08-02,20947,SUI,28,2805584131.9794674
2026-08-02,27772,PYUSD,29,2716561150.856182
2026-08-02,7083,UNI,30,2602704830.8336267
2026-08-02,3635,CRO,31,2592735484.2056365
2026-08-02,5176,XAUt,32,2485511448.3423405
2026-08-02,6535,NEAR,33,2234630849.084672
2026-08-02,22974,TAO,34,2150471874.146692
2026-08-02,21159,ONDO,35,1843085448.1107755
2026-08-02,3897,OKB,36,1820622859.2104456
2026-08-02,4705,PAXG,37,1797078457.840042
2026-08-02,33251,WLFI,38,1765014175.0733314
2026-08-02,36341,ASTER,39,1630063805.0497594
2026-08-02,35491,M,40,1586958152.7904954
2026-08-02,19891,USDD,41,1585412662.325182
2026-08-02,34387,RLUSD,42,1463796860.9056928
2026-08-02,7278,AAVE,43,1418847678.6272593
2026-08-02,6636,DOT,44,1353174337.7902179
2026-08-02,27075,MNT,45,1314664702.785519
2026-08-02,33038,SKY,46,1313468220.6871195
2026-08-02,24478,PEPE,47,1201984352.5262837
2026-08-02,38837,BEAT,48,1175114785.8002756
2026-08-02,8916,ICP,49,1150768507.9620502
2026-08-02,11092,BGB,50,1140793404.9942253
2026-08-02,13502,WLD,51,1130314432.5570726
2026-08-02,39120,U,52,1102644153.2806964
2026-08-02,1321,ETC,53,1043729801.6040258
2026-08-02,34104,MORPHO,54,1002257334.5666031
2026-08-02,35697,PI,55,944085720.7785866
2026-08-02,2087,KCS,56,903124843.2848481
2026-08-02,5488,JST,57,868190746.2858808
2026-08-02,30171,ENA,58,853779090.9418521
2026-08-02,36507,PUMP,59,824061063.7151444
2026-08-02,38892,STABLE,60,812474513.2634985
2026-08-02,28321,POL,61,778990690.9067873
2026-08-02,4030,ALGO,62,770979809.9683799
2026-08-02,20396,KAS,63,739741367.294136
2026-08-02,3155,QNT,64,729451845.0954747
2026-08-02,5690,RENDER,65,717304134.957943
2026-08-02,4269,GT,66,688185354.3697374
2026-08-02,3794,ATOM,67,660414608.2292995
2026-08-02,29210,JUP,68,646827812.4975007
2026-08-02,2280,FIL,69,583856629.5864905
2026-08-02,38590,币安人生,70,571837363.030667
2026-08-02,35509,VVV,71,562912761.9983574
2026-08-02,2634,XDC,72,552583839.0650758
2026-08-02,7950,FLR,73,548888447.2067771
2026-08-02,11841,ARB,74,539160516.4946543
2026-08-02,39125,LIT,75,508621135.95787627
2026-08-02,7226,INJ,76,506565566.07878417
2026-08-02,2563,TUSD,77,492237955.6464892
2026-08-02,21794,APT,78,475208337.37286115
2026-08-02,2694,NEXO,79,474021607.4171849
2026-08-02,7186,CAKE,80,464908725.5458349
2026-08-02,20641,EURC,81,456645738.8603033
2026-08-02,3077,VET,82,403928371.366055
2026-08-02,131,DASH,83,401661469.33749485
2026-08-02,29270,AERO,84,390237213.1342208
2026-08-02,29814,ETHFI,85,388840266.5753869
2026-08-02,34466,PENGU,86,386043237.53990185
2026-08-02,29420,VIRTUAL,87,370616586.5182237
2026-08-02,35336,TRUMP,88,357029056.60510933
2026-08-02,26081,FDUSD,89,349078811.5936651
2026-08-02,10529,SUN,90,344680093.95484215
2026-08-02,39064,NIGHT,91,320757031.5223815
2026-08-02,3773,FET,92,317621966.88302237
2026-08-02,6538,CRV,93,311380890.1550061
2026-08-02,28177,PYTH,94,308935778.9946219
2026-08-02,28081,SPX,95,307409558.70315963
2026-08-02,23149,SEI,96,303129719.08040243
2026-08-02,22861,TIA,97,302673978.9865809
2026-08-02,4172,LUNC,98,286961985.71607447
2026-08-02,1659,GNO,99,276606195.1158227
2026-08-02,8000,LDO,100,272143321.5244805
2026-08-02,9816,NFT,101,264712604.24028486
2026-08-02,16086,BTT,102,259824090.00551316
2026-08-02,26997,ZRO,103,259629035.20186126
2026-08-02,23095,BONK,104,254486378.73165825
2026-08-02,3602,BSV,105,253014462.42664275
2026-08-02,4847,STX,106,251990615.76105303
2026-08-02,28541,JTO,107,250660523.87844124
2026-08-02,30495,MON,108,248135342.63805303
2026-08-02,35763,KAITO,109,240654064.80557516
2026-08-02,9481,PENDLE,110,237393853.43209666
2026-08-02,1168,DCR,111,232152104.39700034
2026-08-02,10603,IMX,112,223092639.1935194
2026-08-02,7334,CFX,113,218927928.6953951
2026-08-02,2011,XTZ,114,218716873.51272
2026-08-02,8425,JASMY,115,212954735.5001653
2026-08-02,38849,PIEVERSE,116,207989336.72936764
2026-08-02,36645,XPL,117,204116051.0147962
2026-08-02,11840,OP,118,197782316.319691
2026-08-02,10804,FLOKI,119,196446858.30690846
2026-08-02,7326,DEXE,120,193963624.85576984
2026-08-02,38482,FF,121,192437107.59077755
2026-08-02,38515,2Z,122,191605774.60051012
2026-08-02,30636,ZBCN,123,187776996.8283509
2026-08-02,33824,SYRUP,124,184268108.46827048
2026-08-02,13855,ENS,125,175024152.31651208
2026-08-02,22691,STRK,126,174710186.24000785
2026-08-02,37298,VELVET,127,169931004.298233
2026-08-02,32880,KAIA,128,167655629.6618894
2026-08-02,38828,KITE,129,167637764.7525134
2026-08-02,8526,RAY,130,164718150.80779517
2026-08-02,5692,COMP,131,164445236.5815316
2026-08-02,36532,B,132,163024745.32047835
2026-08-02,30494,EIGEN,133,162722455.32807904
2026-08-02,5964,TWT,134,161755437.64862984
2026-08-02,6719,GRT,135,160574331.73574775
2026-08-02,2394,TEL,136,159321636.47223452
2026-08-02,1720,IOTA,137,154055474.33683082
2026-08-02,4157,RUNE,138,150209493.17482376
2026-08-02,36922,H,139,148015839.23681745
2026-08-02,4041,MX,140,147925890.83820918
2026-08-02,34958,TAG,141,146535298.58817816
2026-08-02,6783,AXS,142,145000654.3865854
2026-08-02,28752,WIF,143,139040065.11981556
2026-08-02,7431,AKT,144,138357478.10613352
2026-08-02,10791,XEC,145,137848824.31210592
2026-08-02,2467,TRAC,146,136659456.86002168
2026-08-02,4066,CHZ,147,134574949.45378995
2026-08-02,1966,MANA,148,133255082.25368036
2026-08-02,37322,VSN,149,132808027.65812404
2026-08-02,18876,APE,150,130362660.68285844
2026-08-02,9903,CVX,151,129125881.9873887
2026-08-02,1376,NEO,152,128547022.12066184
2026-08-02,33597,FARTCOIN,153,127839502.52968876
2026-08-02,6210,SAND,154,126137820.52606519
2026-08-02,2416,THETA,155,125663497.5948068
2026-08-02,36542,SOON,156,125244079.2853496
2026-08-02,39720,EDGE,157,123772189.7857608
2026-08-02,18679,XCN,158,117822922.71997677
2026-08-02,10180,GOMINING,159,116101747.47621277
2026-08-02,8104,1INCH,160,115068337.82349274
2026-08-02,5632,AR,161,114760908.33356173
2026-08-02,4006,AWE,162,113190024.39204493
2026-08-02,39841,GENIUS,163,109817852.36241929
2026-08-02,39332,ZAMA,164,108392645.13353217
2026-08-02,8119,SFP,165,107531537.16890769
2026-08-02,36462,A,166,105092300.28753781
2026-08-02,6748,CFG,167,101328393.41811752
2026-08-02,1697,BAT,168,99066057.20546257
2026-08-02,38868,SENT,169,98797974.31094337
2026-08-02,7548,WEMIX,170,98274597.84456132
2026-08-02,3871,AB,171,96582798.563619
2026-08-02,28324,DYDX,172,95060860.25709306
2026-08-02,30986,KMNO,173,94126040.57603769
2026-08-02,10508,FLUID,174,93329159.46698749
2026-08-02,33280,CHEEMS,175,92058690.22679956
2026-08-02,1455,GLM,176,91820667.04219721
2026-08-02,38151,YZY,177,89854858.17422295
2026-08-02,20969,GEOD,178,89293324.70472826
2026-08-02,39965,NEX,179,88846659.3789
2026-08-02,7080,GALA,180,88528801.4265027
2026-08-02,38353,MET,181,87690548.815643
2026-08-02,3701,RIF,182,87464364.78503168
2026-08-02,33391,DEEP,183,87388053.56994352
2026-08-02,24091,ZK,184,82316623.57028683
2026-08-02,6892,EGLD,185,81675916.08662908
2026-08-02,3964,RSR,186,79948280.73841427
2026-08-02,35626,DATA,187,78137753.74666817
2026-08-02,30083,ATH,188,78133740.96363305
2026-08-02,32956,GRASS,189,77763735.01317663
2026-08-02,23635,FORM,190,76952583.02330875
2026-08-02,40092,O,191,76687882.00017124
2026-08-02,35347,MELANIA,192,76457100.55618764
2026-08-02,5350,XPR,193,76385070.04588975
2026-08-02,1698,ZEN,194,75997199.32686044
2026-08-02,5864,YFI,195,75757047.5776737
2026-08-02,25028,ORDI,196,74217332.47920036
2026-08-02,28298,BEAM,197,74006677.24469091
2026-08-02,38967,RAVE,198,73103262.52837665
2026-08-02,2586,SNX,199,72458001.21497619
2026-08-02,34118,BANANAS31,200,71529235.17429294
2026-08-09,1,BTC,1,1301314225501.5583
2026-08-09,1027,ETH,2,230343758197.97125
2026-08-09,825,USDT,3,183116403172.27548
2026-08-09,1839,BNB,4,80133855102.48471
2026-08-09,3408,USDC,5,72225122949.29861
2026-08-09,52,XRP,6,64341437145.17331
2026-08-09,5426,SOL,7,44368077750.680046
2026-08-09,1958,TRX,8,31277126625.096317
2026-08-09,32196,HYPE,9,13604681995.78076
2026-08-09,74,DOGE,10,10764179598.708649
2026-08-09,3957,LEO,11,8944906143.666473
2026-08-09,1437,ZEC,12,8575084256.480298
2026-08-09,328,XMR,13,7415974808.158097
2026-08-09,2010,ADA,14,7114651062.75314
2026-08-09,1975,LINK,15,6118744956.970538
2026-08-09,512,XLM,16,5583709414.257327
2026-08-09,4943,DAI,17,4580869979.374584
2026-08-09,1831,BCH,18,4306194721.664835
2026-08-09,36148,USD1,19,3992191788.5386434
2026-08-09,37263,CC,20,3957069246.327314
2026-08-09,29470,USDe,21,3922351309.5115056
2026-08-09,11419,GRAM,22,3622374059.084505
2026-08-09,2,LTC,23,3517857360.4780974
2026-08-09,33793,USDG,24,3480798533.392832
2026-08-09,4642,HBAR,25,3003183757.9280043
2026-08-09,27772,PYUSD,26,2798488636.732557
2026-08-09,20947,SUI,27,2792764730.3311777
2026-08-09,5805,AVAX,28,2770382552.1386256
2026-08-09,5994,SHIB,29,2718191746.7844443
2026-08-09,5176,XAUt,30,2646282433.803754
2026-08-09,7083,UNI,31,2489013762.0323153
2026-08-09,3635,CRO,32,2267274311.027017
2026-08-09,22974,TAO,33,2264382874.5497446
2026-08-09,6535,NEAR,34,2081618072.5344532
2026-08-09,3897,OKB,35,1971879077.9491384
2026-08-09,4705,PAXG,36,1890918212.5065386
2026-08-09,21159,ONDO,37,1691779127.1438818
2026-08-09,33251,WLFI,38,1689219158.102778
2026-08-09,36341,ASTER,39,1653944500.0476336
2026-08-09,34387,RLUSD,40,1583934229.7702498
2026-08-09,19891,USDD,41,1565216373.6822507
2026-08-09,35491,M,42,1462703847.3380277
2026-08-09,27075,MNT,43,1397092878.186465
2026-08-09,7278,AAVE,44,1396489551.5417972
2026-08-09,6636,DOT,45,1354709500.7332983
2026-08-09,33038,SKY,46,1246066030.1832602
2026-08-09,38837,BEAT,47,1230516460.404936
2026-08-09,39120,U,48,1209933814.0713372
2026-08-09,8916,ICP,49,1203816473.4299772
2026-08-09,24478,PEPE,50,1191034104.680413
2026-08-09,11092,BGB,51,1125411751.7765682
2026-08-09,13502,WLD,52,1120950357.8349855
2026-08-09,36507,PUMP,53,1051840736.5997181
2026-08-09,1321,ETC,54,1012842833.4456115
2026-08-09,35697,PI,55,997713415.6714935
2026-08-09,34104,MORPHO,56,986885273.2906868
2026-08-09,2087,KCS,57,905113776.1587669
2026-08-09,30171,ENA,58,848380042.7242695
2026-08-09,28321,POL,59,829469696.9508882
2026-08-09,5488,JST,60,826414166.735711
2026-08-09,38892,STABLE,61,820955416.96207
2026-08-09,4030,ALGO,62,742737929.3052284
2026-08-09,3794,ATOM,63,718697547.31533
2026-08-09,20396,KAS,64,718685657.3001509
2026-08-09,4269,GT,65,717719862.8401608
2026-08-09,3155,QNT,66,703348564.4596847
2026-08-09,5690,RENDER,67,673794859.7684463
2026-08-09,29210,JUP,68,598653457.3764739
2026-08-09,39125,LIT,69,576746676.4816494
2026-08-09,2280,FIL,70,573247739.3215584
2026-08-09,2634,XDC,71,565297791.9805194
2026-08-09,35509,VVV,72,551545285.6449572
2026-08-09,7950,FLR,73,529549945.75803244
2026-08-09,38590,币安人生,74,516551343.9973464
2026-08-09,11841,ARB,75,513752441.34691656
2026-08-09,21794,APT,76,497997512.29088557
2026-08-09,2563,TUSD,77,492443260.7220561
2026-08-09,2694,NEXO,78,474927360.92762864
2026-08-09,7186,CAKE,79,464215303.3588756
2026-08-09,20641,EURC,80,455204095.77874786
2026-08-09,7226,INJ,81,429321102.69145375
2026-08-09,29270,AERO,82,406024594.4616045
2026-08-09,3077,VET,83,404912200.8634605
2026-08-09,34466,PENGU,84,404646463.72556776
2026-08-09,131,DASH,85,397252015.5601558
2026-08-09,29814,ETHFI,86,371823998.32891154
2026-08-09,35336,TRUMP,87,368700867.1358553
2026-08-09,29420,VIRTUAL,88,366858416.7835991
2026-08-09,6538,CRV,89,364100903.6956218
2026-08-09,26081,FDUSD,90,350836132.4036868
2026-08-09,10529,SUN,91,345974141.43644196
2026-08-09,28177,PYTH,92,328499684.5063326
2026-08-09,26997,ZRO,93,304977558.46923745
2026-08-09,3773,FET,94,302866141.8355595
2026-08-09,23149,SEI,95,302473156.008069
2026-08-09,39064,NIGHT,96,298002939.87651736
2026-08-09,28081,SPX,97,296169940.30232924
2026-08-09,22861,TIA,98,294720275.78587836
2026-08-09,3602,BSV,99,288994083.8857089
2026-08-09,1659,GNO,100,280337290.8070525
2026-08-09,9816,NFT,101,273218793.7988008
2026-08-09,4172,LUNC,102,272208970.28818834
2026-08-09,28541,JTO,103,264380040.79550958
2026-08-09,16086,BTT,104,260336907.2614828
2026-08-09,30495,MON,105,248086875.03281814
2026-08-09,8000,LDO,106,235743710.88454983
2026-08-09,4847,STX,107,235556830.63221163
2026-08-09,9481,PENDLE,108,233909333.90264365
2026-08-09,1168,DCR,109,226010046.10033584
2026-08-09,2011,XTZ,110,221090576.69731894
2026-08-09,10603,IMX,111,219213038.80666935
2026-08-09,7334,CFX,112,216033200.73539087
2026-08-09,38849,PIEVERSE,113,215420692.2775593
2026-08-09,23095,BONK,114,214207856.27681482
2026-08-09,36645,XPL,115,205859616.5291274
2026-08-09,10804,FLOKI,116,203645146.63800383
2026-08-09,11840,OP,117,201246248.2753921
2026-08-09,8425,JASMY,118,196991272.08951014
2026-08-09,38482,FF,119,193639314.38886958
2026-08-09,38515,2Z,120,192143265.0422385
2026-08-09,37298,VELVET,121,189356106.24525777
2026-08-09,7326,DEXE,122,182224744.88140544
2026-08-09,33824,SYRUP,123,178279724.97061718
2026-08-09,38828,KITE,124,177657082.85901332
2026-08-09,32880,KAIA,125,175405305.87358862
2026-08-09,13855,ENS,126,173553752.4286312
2026-08-09,30636,ZBCN,127,172325325.3413261
2026-08-09,8526,RAY,128,170208657.97647214
2026-08-09,35763,KAITO,129,166389699.6856067
2026-08-09,5964,TWT,130,165867188.21326932
2026-08-09,5692,COMP,131,165414548.1300749
2026-08-09,1720,IOTA,132,160466716.96900487
2026-08-09,22691,STRK,133,160003454.78079295
2026-08-09,9903,CVX,134,158943888.17175335
2026-08-09,6719,GRT,135,157727661.6561662
2026-08-09,6783,AXS,136,156547958.4265971
2026-08-09,2394,TEL,137,154577449.03820482
2026-08-09,36922,H,138,153114124.0374654
2026-08-09,30494,EIGEN,139,150610780.69126332
2026-08-09,4041,MX,140,149471542.31576863
2026-08-09,7431,AKT,141,147222418.68867674
2026-08-09,36532,B,142,145839645.2997311
2026-08-09,4157,RUNE,143,145495126.99833527
2026-08-09,28752,WIF,144,141597328.8320297
2026-08-09,2467,TRAC,145,141287545.4801477
2026-08-09,2416,THETA,146,140005654.28893784
2026-08-09,4066,CHZ,147,137146675.45710072
2026-08-09,10791,XEC,148,136185042.6077039
2026-08-09,37322,VSN,149,135736607.45316547
2026-08-09,39720,EDGE,150,135059640.49108988
2026-08-09,1966,MANA,151,132476892.25900464
2026-08-09,18876,APE,152,131181742.11762537
2026-08-09,33597,FARTCOIN,153,130754865.20662138
2026-08-09,34958,TAG,154,129335982.45282885
2026-08-09,1376,NEO,155,129058714.33294775
2026-08-09,8119,SFP,156,121632036.7370785
2026-08-09,6210,SAND,157,120839308.79679048
2026-08-09,36542,SOON,158,120689307.360125
2026-08-09,18679,XCN,159,119254801.95169884
2026-08-09,8104,1INCH,160,118684620.09073855
2026-08-09,5632,AR,161,117062420.6833033
2026-08-09,10180,GOMINING,162,116912491.95161906
2026-08-09,39841,GENIUS,163,115781962.3991412
2026-08-09,4006,AWE,164,113620834.23433305
2026-08-09,36462,A,165,106894793.11765459
2026-08-09,34118,BANANAS31,166,105187343.162356
2026-08-09,10508,FLUID,167,101381683.04501495
2026-08-09,1697,BAT,168,100469855.3454752
2026-08-09,7548,WEMIX,169,99175125.87614268
2026-08-09,36300,SKYAI,170,99100857.34987532
2026-08-09,39332,ZAMA,171,98412314.09971435
2026-08-09,33280,CHEEMS,172,98054961.5764589
2026-08-09,38868,SENT,173,96561493.37739684
2026-08-09,28324,DYDX,174,96389832.70229164
2026-08-09,30986,KMNO,175,94888966.73462263
2026-08-09,3871,AB,176,94166833.55208477
2026-08-09,6748,CFG,177,93559548.99647024
2026-08-09,1455,GLM,178,91845259.85764323
2026-08-09,23635,FORM,179,90017545.03856394
2026-08-09,38151,YZY,180,88775532.92837328
2026-08-09,38353,MET,181,87331847.00009598
2026-08-09,7080,GALA,182,86936095.78185698
2026-08-09,33391,DEEP,183,86801136.66277333
2026-08-09,39965,NEX,184,85969098.66654
2026-08-09,38967,RAVE,185,82404609.69281659
2026-08-09,6892,EGLD,186,81393899.76954727
2026-08-09,20969,GEOD,187,80942373.9446238
2026-08-09,24091,ZK,188,80748248.88909231
2026-08-09,30083,ATH,189,80371811.75035585
2026-08-09,3964,RSR,190,77180491.57824287
2026-08-09,1698,ZEN,191,77047245.08682749
2026-08-09,35347,MELANIA,192,75739018.3808511
2026-08-09,40092,O,193,75595850.37517396
2026-08-09,35626,DATA,194,75220401.01924817
2026-08-09,25028,ORDI,195,74020433.63447899
2026-08-09,35364,PLUME,196,73795642.9923707
2026-08-09,5864,YFI,197,73733315.5748539
2026-08-09,5350,XPR,198,73221686.54324307
2026-08-09,2586,SNX,199,72106454.21727657
2026-08-09,21585,SAFE,200,71800285.60609964
2026-08-16,1,BTC,1,1260849792738.6553
2026-08-16,1027,ETH,2,226151065810.40427
2026-08-16,825,USDT,3,182948042463.9496
2026-08-16,1839,BNB,4,80228423421.81691
2026-08-16,3408,USDC,5,71872189200.974
2026-08-16,52,XRP,6,62173812767.0038
2026-08-16,5426,SOL,7,43440153850.31309
2026-08-16,1958,TRX,8,31395914929.630177
2026-08-16,32196,HYPE,9,14429656786.71258
2026-08-16,74,DOGE,10,11897907985.773798
2026-08-16,3957,LEO,11,8581909482.454463
2026-08-16,1437,ZEC,12,8175975461.670046
2026-08-16,328,XMR,13,7701114017.060554
2026-08-16,1975,LINK,14,7020557266.584277
2026-08-16,2010,ADA,15,6391699412.146122
2026-08-16,512,XLM,16,5394225524.61055
2026-08-16,4943,DAI,17,4560463115.497836
2026-08-16,1831,BCH,18,4088964212.640223
2026-08-16,36148,USD1,19,3987865157.1077523
2026-08-16,29470,USDe,20,3956498584.2217507
2026-08-16,37263,CC,21,3781457248.9844646
2026-08-16,11419,GRAM,22,3674652794.9305925
2026-08-16,33793,USDG,23,3466863829.634956
2026-08-16,2,LTC,24,3419293196.7899857
2026-08-16,4642,HBAR,25,2831335967.1026435
2026-08-16,27772,PYUSD,26,2778072718.868625
2026-08-16,20947,SUI,27,2730449303.9400086
2026-08-16,5805,AVAX,28,2729558011.731606
2026-08-16,5176,XAUt,29,2665060684.478433
2026-08-16,5994,SHIB,30,2610376153.9893785
2026-08-16,3635,CRO,31,2234739823.2807918
2026-08-16,22974,TAO,32,2199339664.7074604
2026-08-16,3897,OKB,33,2184284157.4779754
2026-08-16,6535,NEAR,34,2086680659.929896
2026-08-16,7083,UNI,35,2041596741.2770925
2026-08-16,4705,PAXG,36,1906889433.5041275
2026-08-16,33251,WLFI,37,1889628182.346454
2026-08-16,34387,RLUSD,38,1716115723.0503485
2026-08-16,36341,ASTER,39,1616396874.9591858
2026-08-16,21159,ONDO,40,1605737942.5344865
2026-08-16,19891,USDD,41,1549096410.7402916
2026-08-16,35491,M,42,1525128954.3488386
2026-08-16,27075,MNT,43,1478277319.955745
2026-08-16,7278,AAVE,44,1324707225.520317
2026-08-16,6636,DOT,45,1287215107.5233495
2026-08-16,13502,WLD,46,1278530440.7348056
2026-08-16,8916,ICP,47,1255250709.4537623
2026-08-16,39120,U,48,1242168030.7863889
2026-08-16,33038,SKY,49,1232755118.6180282
2026-08-16,11092,BGB,50,1150102840.5267243
2026-08-16,24478,PEPE,51,1064230928.7673857
2026-08-16,36507,PUMP,52,1043583425.5309561
2026-08-16,34104,MORPHO,53,1030440027.7442888
2026-08-16,1321,ETC,54,962900377.6145755
2026-08-16,35697,PI,55,948084798.4564164
2026-08-16,2087,KCS,56,899890842.5367783
2026-08-16,5488,JST,57,885984583.3258306
2026-08-16,30171,ENA,58,808511463.0364884
2026-08-16,28321,POL,59,800499952.1416104
2026-08-16,3794,ATOM,60,763477244.4553769
2026-08-16,38892,STABLE,61,758980632.8658327
2026-08-16,4269,GT,62,712908232.5906701
2026-08-16,4030,ALGO,63,706936786.7988147
2026-08-16,20396,KAS,64,706139713.7951362
2026-08-16,3155,QNT,65,686646508.0397182
2026-08-16,5690,RENDER,66,650474106.2774734
2026-08-16,39125,LIT,67,568715340.5067606
2026-08-16,2634,XDC,68,567253167.7488213
2026-08-16,35509,VVV,69,561303363.3352748
2026-08-16,29210,JUP,70,554455944.1863004
2026-08-16,2280,FIL,71,545802385.5196499
2026-08-16,7950,FLR,72,513562326.9241547
2026-08-16,29814,ETHFI,73,510866587.87514037
2026-08-16,2563,TUSD,74,493553635.0817409
2026-08-16,11841,ARB,75,485888428.0036207
2026-08-16,38590,币安人生,76,478284879.53397596
2026-08-16,20641,EURC,77,469787219.93811554
2026-08-16,7186,CAKE,78,465552211.2369328
2026-08-16,2694,NEXO,79,453139048.04692465
2026-08-16,21794,APT,80,444095334.3739545
2026-08-16,37298,VELVET,81,436211839.55062884
2026-08-16,7226,INJ,82,407549684.9347364
2026-08-16,29270,AERO,83,396151970.4317309
2026-08-16,131,DASH,84,383083448.6756162
2026-08-16,6538,CRV,85,382972984.18809396
2026-08-16,3077,VET,86,378781405.05302083
2026-08-16,34466,PENGU,87,371602144.413105
2026-08-16,29420,VIRTUAL,88,363172298.18050015
2026-08-16,26081,FDUSD,89,350616536.7723579
2026-08-16,35336,TRUMP,90,347255739.31074715
2026-08-16,10529,SUN,91,343816528.8193057
2026-08-16,3602,BSV,92,304144781.2487226
2026-08-16,28177,PYTH,93,303325661.7915001
2026-08-16,28541,JTO,94,296566717.2552637
2026-08-16,23149,SEI,95,293849918.95263726
2026-08-16,28081,SPX,96,293845656.7037902
2026-08-16,39064,NIGHT,97,284910632.79549843
2026-08-16,9816,NFT,98,277426604.71756643
2026-08-16,22861,TIA,99,276560174.7806265
2026-08-16,26997,ZRO,100,274681126.75546604
2026-08-16,1659,GNO,101,271119198.58615386
2026-08-16,3773,FET,102,271022950.4914773
2026-08-16,36922,H,103,269930163.36135614
2026-08-16,4172,LUNC,104,262331685.26599002
2026-08-16,16086,BTT,105,257722141.39603233
2026-08-16,8000,LDO,106,251230773.51696432
2026-08-16,30495,MON,107,239563292.64297193
2026-08-16,38849,PIEVERSE,108,229483889.52983293
2026-08-16,4847,STX,109,220615362.22986412
2026-08-16,7334,CFX,110,219911118.30772668
2026-08-16,9481,PENDLE,111,216071339.62041515
2026-08-16,10603,IMX,112,214925174.60954344
2026-08-16,2011,XTZ,113,213078750.29874787
2026-08-16,1168,DCR,114,210232334.69615304
2026-08-16,23095,BONK,115,202947356.87628755
2026-08-16,36645,XPL,116,201270615.33785266
2026-08-16,38482,FF,117,198832714.62021157
2026-08-16,33824,SYRUP,118,193749900.7716353
2026-08-16,10804,FLOKI,119,191999338.55623204
2026-08-16,11840,OP,120,190556212.1592317
2026-08-16,8425,JASMY,121,185680035.1586993
2026-08-16,5964,TWT,122,170029842.31987932
2026-08-16,38828,KITE,123,168413613.2851523
2026-08-16,38515,2Z,124,167910715.6763384
2026-08-16,8526,RAY,125,165226229.61378843
2026-08-16,13855,ENS,126,164760198.61146438
2026-08-16,22691,STRK,127,163579812.19642758
2026-08-16,9903,CVX,128,161388840.04411167
2026-08-16,5692,COMP,129,160398607.71071044
2026-08-16,30636,ZBCN,130,156830786.2861706
2026-08-16,7431,AKT,131,151776026.10870218
2026-08-16,7326,DEXE,132,151345640.25809434
2026-08-16,6783,AXS,133,150897852.6054412
2026-08-16,36532,B,134,150839865.1794574
2026-08-16,32880,KAIA,135,150508697.50599995
2026-08-16,4041,MX,136,149500786.9068175
2026-08-16,1720,IOTA,137,145959377.70505276
2026-08-16,30494,EIGEN,138,145819233.3759625
2026-08-16,6719,GRT,139,144737886.6531055
2026-08-16,33597,FARTCOIN,140,140893491.52643383
2026-08-16,2394,TEL,141,140872594.66523087
2026-08-16,4157,RUNE,142,140564648.27371892
2026-08-16,2416,THETA,143,136276677.9461419
2026-08-16,28752,WIF,144,135547182.67425564
2026-08-16,2467,TRAC,145,130554171.2678984
2026-08-16,37322,VSN,146,130275499.96936718
2026-08-16,18679,XCN,147,129776004.96249619
2026-08-16,4066,CHZ,148,127897581.78497832
2026-08-16,10791,XEC,149,126205976.9068988
2026-08-16,1966,MANA,150,125056699.93392126
2026-08-16,18876,APE,151,123601252.24063604
2026-08-16,38837,BEAT,152,123485922.35972025
2026-08-16,39841,GENIUS,153,122260045.9129357
2026-08-16,4006,AWE,154,118585088.33519305
2026-08-16,5632,AR,155,117822987.72169358
2026-08-16,1376,NEO,156,116855050.652213
2026-08-16,10180,GOMINING,157,115707496.17008814
2026-08-16,8104,1INCH,158,115637285.86371729
2026-08-16,8119,SFP,159,115304495.97902645
2026-08-16,6210,SAND,160,114774625.33110352
2026-08-16,36542,SOON,161,110241595.89639398
2026-08-16,34958,TAG,162,109391239.23614985
2026-08-16,40531,CAP,163,104937651.08513182
2026-08-16,36462,A,164,101289807.32044207
2026-08-16,10508,FLUID,165,99619278.58496103
2026-08-16,39720,EDGE,166,97832085.16754632
2026-08-16,7548,WEMIX,167,97466507.74154896
2026-08-16,3871,AB,168,94509438.96873848
2026-08-16,30986,KMNO,169,94289784.89502686
2026-08-16,38868,SENT,170,91742578.2460256
2026-08-16,39332,ZAMA,171,91181960.87740555
2026-08-16,33280,CHEEMS,172,89623891.20427673
2026-08-16,39965,NEX,173,89356937.69952
2026-08-16,1697,BAT,174,88795130.0135189
2026-08-16,38151,YZY,175,88717257.36132182
2026-08-16,20969,GEOD,176,88582463.61279802
2026-08-16,6748,CFG,177,88289242.35350397
2026-08-16,1455,GLM,178,87548887.3115319
2026-08-16,34118,BANANAS31,179,87502945.1577322
2026-08-16,38353,MET,180,86875671.7706774
2026-08-16,35626,DATA,181,85298321.66225272
2026-08-16,28324,DYDX,182,85210988.09904683
2026-08-16,35763,KAITO,183,84938137.24350996
2026-08-16,7080,GALA,184,80975555.61624753
2026-08-16,6892,EGLD,185,79814218.95309094
2026-08-16,32956,GRASS,186,78433016.93555251
2026-08-16,35364,PLUME,187,78431187.83886796
2026-08-16,33391,DEEP,188,77144515.8354797
2026-08-16,23635,FORM,189,77038913.02148126
2026-08-16,30083,ATH,190,76805399.8550776
2026-08-16,109,DGB,191,76691400.33651802
2026-08-16,24091,ZK,192,76318999.71130586
2026-08-16,5350,XPR,193,73329610.76011515
2026-08-16,1698,ZEN,194,72639967.22360241
2026-08-16,3701,RIF,195,72631381.25859661
2026-08-16,40092,O,196,72143376.90241002
2026-08-16,1684,QTUM,197,71742441.32149145
2026-08-16,25028,ORDI,198,70287040.45988816
2026-08-16,38967,RAVE,199,70219915.5630505
2026-08-16,35347,MELANIA,200,69990547.05997863
2026-08-23,1,BTC,1,1560666137996.1372
2026-08-23,1027,ETH,2,297337024257.04395
2026-08-23,825,USDT,3,183222447920.07886
2026-08-23,52,XRP,4,95508920603.55641
2026-08-23,1839,BNB,5,93460019886.99112
2026-08-23,3408,USDC,6,73589044430.93083
2026-08-23,5426,SOL,7,55669212966.63535
2026-08-23,1958,TRX,8,32648094769.76124
2026-08-23,32196,HYPE,9,20710954724.98012
2026-08-23,74,DOGE,10,16005424417.567883
2026-08-23,1437,ZEC,11,14346562915.021553
2026-08-23,3957,LEO,12,8733977113.425499
2026-08-23,1975,LINK,13,8626519565.070803
2026-08-23,2010,ADA,14,8325742943.86719
2026-08-23,328,XMR,15,7928370921.669391
2026-08-23,512,XLM,16,6904184563.000643
2026-08-23,1831,BCH,17,5506509948.804602
2026-08-23,37263,CC,18,4832414499.200824
2026-08-23,4943,DAI,19,4583263391.727636
2026-08-23,11419,GRAM,20,4125862241.724994
2026-08-23,29470,USDe,21,4077852784.8622317
2026-08-23,2,LTC,22,4054772108.4354234
2026-08-23,36148,USD1,23,3981293429.458555
2026-08-23,4642,HBAR,24,3501274418.3487167
2026-08-23,20947,SUI,25,3471206257.0675993
2026-08-23,33793,USDG,26,3387348369.6715255
2026-08-23,5805,AVAX,27,3284185399.967203
2026-08-23,5994,SHIB,28,3267073634.4762144
2026-08-23,27772,PYUSD,29,2894777988.980424
2026-08-23,3635,CRO,30,2893609623.3196325
2026-08-23,7083,UNI,31,2822334348.552202
2026-08-23,5176,XAUt,32,2820901935.583368
2026-08-23,22974,TAO,33,2680240290.918191
2026-08-23,6535,NEAR,34,2628385930.944127
2026-08-23,3897,OKB,35,2352200405.13789
2026-08-23,7278,AAVE,36,2184276084.5156817
2026-08-23,34387,RLUSD,37,2077758033.7757907
2026-08-23,36507,PUMP,38,2038273667.3584275
2026-08-23,4705,PAXG,39,1998168902.986787
2026-08-23,33251,WLFI,40,1875635903.0923288
2026-08-23,21159,ONDO,41,1867407302.7898135
2026-08-23,36341,ASTER,42,1822813650.9376156
2026-08-23,24478,PEPE,43,1696107465.3338084
2026-08-23,27075,MNT,44,1690388267.6499941
2026-08-23,33038,SKY,45,1610096237.945789
2026-08-23,30171,ENA,46,1586959716.3895504
2026-08-23,6636,DOT,47,1578457929.0417793
2026-08-23,34104,MORPHO,48,1507046618.4675977
2026-08-23,19891,USDD,49,1497738166.1461422
2026-08-23,35491,M,50,1489397184.056063
2026-08-23,13502,WLD,51,1472102243.5829325
2026-08-23,8916,ICP,52,1354323464.611197
2026-08-23,11092,BGB,53,1350108055.0081878
2026-08-23,39120,U,54,1279195525.023012
2026-08-23,1321,ETC,55,1255200498.3223298
2026-08-23,28321,POL,56,1168038363.9825802
2026-08-23,35697,PI,57,1009366492.823443
2026-08-23,2087,KCS,58,1004443675.5449702
2026-08-23,39125,LIT,59,888478735.9933022
2026-08-23,4030,ALGO,60,849693930.8053868
2026-08-23,5488,JST,61,846220799.9141766
2026-08-23,3794,ATOM,62,844660595.3468522
2026-08-23,4269,GT,63,833736826.7922922
2026-08-23,20396,KAS,64,808854822.906933
2026-08-23,35509,VVV,65,800507209.1614243
2026-08-23,5690,RENDER,66,785996926.7274985
2026-08-23,38892,STABLE,67,782611354.7383344
2026-08-23,3155,QNT,68,782269319.7416655
2026-08-23,29210,JUP,69,719117002.8768054
2026-08-23,11841,ARB,70,677781599.8441964
2026-08-23,35336,TRUMP,71,656429876.4278849
2026-08-23,2280,FIL,72,636388250.8131081
2026-08-23,7950,FLR,73,627753916.6000265
2026-08-23,29814,ETHFI,74,627293455.466502
2026-08-23,34466,PENGU,75,624827048.560627
2026-08-23,2634,XDC,76,612366624.8271947
2026-08-23,7186,CAKE,77,562662851.099151
2026-08-23,21794,APT,78,548714857.4116096
2026-08-23,131,DASH,79,543077623.4655082
2026-08-23,7226,INJ,80,536056073.69247407
2026-08-23,2694,NEXO,81,526644610.21977276
2026-08-23,38590,币安人生,82,524976490.0754388
2026-08-23,6538,CRV,83,508604818.702104
2026-08-23,3077,VET,84,495965368.6946666
2026-08-23,2563,TUSD,85,493710548.45334643
2026-08-23,29420,VIRTUAL,86,480947996.7524516
2026-08-23,29270,AERO,87,471985779.5940703
2026-08-23,20641,EURC,88,452347901.7640585
2026-08-23,26997,ZRO,89,436597895.89872986
2026-08-23,28081,SPX,90,433905780.9161969
2026-08-23,4847,STX,91,426101358.5864576
2026-08-23,28177,PYTH,92,408340176.0848188
2026-08-23,3773,FET,93,376182423.737968
2026-08-23,23149,SEI,94,358643158.5374638
2026-08-23,30495,MON,95,357187885.0703047
2026-08-23,26081,FDUSD,96,351250824.36215544
2026-08-23,22861,TIA,97,350363977.2110698
2026-08-23,39064,NIGHT,98,344240111.6976829
2026-08-23,3602,BSV,99,341602793.6885381
2026-08-23,10529,SUN,100,340509298.655004
2026-08-23,8000,LDO,101,335400947.47434956
2026-08-23,1659,GNO,102,327672016.08092844
2026-08-23,9481,PENDLE,103,321345782.4591599
2026-08-23,28541,JTO,104,311231952.7991706
2026-08-23,37298,VELVET,105,310790819.85999453
2026-08-23,4172,LUNC,106,306954476.968235
2026-08-23,16086,BTT,107,293563844.3399307
2026-08-23,23095,BONK,108,288290841.9822309
2026-08-23,38849,PIEVERSE,109,277270527.9975584
2026-08-23,36645,XPL,110,274294138.70181894
2026-08-23,9816,NFT,111,274080441.29906887
2026-08-23,10603,IMX,112,269291523.6578579
2026-08-23,38482,FF,113,264788638.7620221
2026-08-23,10804,FLOKI,114,263500370.818031
2026-08-23,7334,CFX,115,259643831.75799656
2026-08-23,2011,XTZ,116,257281528.9686559
2026-08-23,11840,OP,117,256835038.46414337
2026-08-23,1168,DCR,118,250137733.33134514
2026-08-23,13855,ENS,119,247206080.77334657
2026-08-23,33824,SYRUP,120,239023875.18123755
2026-08-23,8425,JASMY,121,217286723.37201178
2026-08-23,1720,IOTA,122,211326174.12921885
2026-08-23,9903,CVX,123,210258957.50353563
2026-08-23,32880,KAIA,124,208300746.47141054
2026-08-23,8526,RAY,125,207955315.48449096
2026-08-23,38828,KITE,126,207459685.83756953
2026-08-23,5692,COMP,127,207182183.7985626
2026-08-23,28752,WIF,128,202104482.27072
2026-08-23,30494,EIGEN,129,202003115.98849294
2026-08-23,38515,2Z,130,199426819.15967527
2026-08-23,22691,STRK,131,198851547.8978617
2026-08-23,6719,GRT,132,193377833.30023888
2026-08-23,30636,ZBCN,133,189923346.77925035
2026-08-23,2416,THETA,134,188872424.70872763
2026-08-23,2467,TRAC,135,188502643.70168704
2026-08-23,5964,TWT,136,186203428.11042258
2026-08-23,33597,FARTCOIN,137,180453508.97249186
2026-08-23,6783,AXS,138,176331009.08051813
2026-08-23,2394,TEL,139,170417370.3160519
2026-08-23,18679,XCN,140,169015448.27325717
2026-08-23,7431,AKT,141,168712571.12685916
2026-08-23,4157,RUNE,142,160641529.04547346
2026-08-23,7326,DEXE,143,159168590.63405216
2026-08-23,4066,CHZ,144,155461322.34287864
2026-08-23,1376,NEO,145,154472647.33336967
2026-08-23,1966,MANA,146,152239034.93661934
2026-08-23,4041,MX,147,151892756.2616029
2026-08-23,18876,APE,148,149226735.56909546
2026-08-23,10791,XEC,149,146329933.46640176
2026-08-23,5632,AR,150,144876499.37868756
2026-08-23,37322,VSN,151,141187981.29551926
2026-08-23,8119,SFP,152,139030865.22235578
2026-08-23,39720,EDGE,153,135055716.14962757
2026-08-23,6210,SAND,154,134757245.67118216
2026-08-23,36922,H,155,133792999.97750354
2026-08-23,36532,B,156,133232018.58310904
2026-08-23,30986,KMNO,157,133135073.21760528
2026-08-23,38353,MET,158,132732070.99863642
2026-08-23,8104,1INCH,159,130601247.75368969
2026-08-23,10180,GOMINING,160,127489207.99609797
2026-08-23,39332,ZAMA,161,126047600.18190853
2026-08-23,4006,AWE,162,125812723.09676567
2026-08-23,36462,A,163,125157043.25989808
2026-08-23,10508,FLUID,164,114292362.04018936
2026-08-23,36542,SOON,165,113956913.22652027
2026-08-23,1455,GLM,166,109571336.11935149
2026-08-23,6892,EGLD,167,108551002.99413194
2026-08-23,39841,GENIUS,168,108362839.85141344
2026-08-23,40531,CAP,169,108009052.60668308
2026-08-23,35347,MELANIA,170,107144673.66683915
2026-08-23,1697,BAT,171,107036920.50584123
2026-08-23,28324,DYDX,172,105559979.00035493
2026-08-23,33280,CHEEMS,173,105241998.19639245
2026-08-23,1698,ZEN,174,104969140.66335955
2026-08-23,20969,GEOD,175,104090065.96505326
2026-08-23,23635,FORM,176,102641963.3561975
2026-08-23,38868,SENT,177,98089639.34372883
2026-08-23,30083,ATH,178,97911231.3478659
2026-08-23,7548,WEMIX,179,97754170.28096461
2026-08-23,7080,GALA,180,96642104.4672887
2026-08-23,3871,AB,181,96469878.6853946
2026-08-23,24091,ZK,182,96284611.44571021
2026-08-23,3964,RSR,183,94747399.09525803
2026-08-23,34958,TAG,184,93698887.71560569
2026-08-23,1684,QTUM,185,93564400.67459399
2026-08-23,30933,DOG,186,90692846.7117939
2026-08-23,109,DGB,187,90558510.97634551
2026-08-23,34118,BANANAS31,188,90343758.51978062
2026-08-23,32956,GRASS,189,89699986.34436436
2026-08-23,35364,PLUME,190,89633683.81736284
2026-08-23,39965,NEX,191,88941951.50928
2026-08-23,25028,ORDI,192,87141384.5047888
2026-08-23,40224,RE,193,86464280.80471876
2026-08-23,1896,ZRX,194,85795574.99822636
2026-08-23,6748,CFG,195,85793375.98729105
2026-08-23,5864,YFI,196,84274503.81854671
2026-08-23,35763,KAITO,197,83955760.70325641
2026-08-23,5350,XPR,198,83714576.52591881
2026-08-23,29870,BOME,199,82278992.39980198
2026-08-23,32684,S,200,80820853.24508747
2026-08-30,1,BTC,1,1559372102010.7974
2026-08-30,1027,ETH,2,291799629721.7451
2026-08-30,825,USDT,3,183396444259.68076
2026-08-30,1839,BNB,4,91190857858.29752
2026-08-30,52,XRP,5,85301005223.20319
2026-08-30,3408,USDC,6,73876991969.31824
2026-08-30,5426,SOL,7,59610246299.855896
2026-08-30,1958,TRX,8,31900272173.82268
2026-08-30,32196,HYPE,9,20180389887.174534
2026-08-30,1437,ZEC,10,14079104251.770962
2026-08-30,74,DOGE,11,12783640526.958124
2026-08-30,328,XMR,12,9137406410.289188
2026-08-30,3957,LEO,13,8842063196.267647
2026-08-30,1975,LINK,14,8346655728.490588
2026-08-30,2010,ADA,15,7076152623.941922
2026-08-30,512,XLM,16,6066319574.637594
2026-08-30,1831,BCH,17,4883930136.407952
2026-08-30,4943,DAI,18,4587470946.15272
2026-08-30,37263,CC,19,4568120246.983601
2026-08-30,36148,USD1,20,4164111089.891348
2026-08-30,29470,USDe,21,4080965193.075367
2026-08-30,2,LTC,22,3715434929.007852
2026-08-30,11419,GRAM,23,3708312074.6596384
2026-08-30,33793,USDG,24,3322691637.657966
2026-08-30,4642,HBAR,25,3218481968.5309896
2026-08-30,7083,UNI,26,3208163699.5489206
2026-08-30,5805,AVAX,27,3071157870.6026697
2026-08-30,5994,SHIB,28,2917769759.290871
2026-08-30,20947,SUI,29,2897737081.7131057
2026-08-30,27772,PYUSD,30,2809736148.147706
2026-08-30,3635,CRO,31,2765202466.2915564
2026-08-30,5176,XAUt,32,2720703599.2093244
2026-08-30,22974,TAO,33,2570009379.8670096
2026-08-30,35491,M,34,2435986767.5552177
2026-08-30,6535,NEAR,35,2373347558.2597966
2026-08-30,34387,RLUSD,36,2369541266.333528
2026-08-30,3897,OKB,37,2342552415.4769263
2026-08-30,4705,PAXG,38,1918371288.0891583
2026-08-30,7278,AAVE,39,1889572808.5890532
2026-08-30,36341,ASTER,40,1842288609.2056115
2026-08-30,27075,MNT,41,1804857731.6466782
2026-08-30,33251,WLFI,42,1772408905.7039158
2026-08-30,36507,PUMP,43,1762434291.1558218
2026-08-30,21159,ONDO,44,1675231515.0724552
2026-08-30,33038,SKY,45,1614413017.0240471
2026-08-30,19891,USDD,46,1530563939.314125
2026-08-30,30171,ENA,47,1456869077.3360083
2026-08-30,24478,PEPE,48,1409072492.7986753
2026-08-30,6636,DOT,49,1389961211.124754
2026-08-30,11092,BGB,50,1347623931.1866035
2026-08-30,13502,WLD,51,1308299609.410464
2026-08-30,8916,ICP,52,1304573473.1584072
2026-08-30,39120,U,53,1276809138.596992
2026-08-30,34104,MORPHO,54,1255141127.258652
2026-08-30,1321,ETC,55,1135141677.0937085
2026-08-30,28321,POL,56,1041231417.378132
2026-08-30,35697,PI,57,1004643186.3021238
2026-08-30,2087,KCS,58,947759943.7090542
2026-08-30,39125,LIT,59,886864139.7563719
2026-08-30,4269,GT,60,855299056.2423866
2026-08-30,35509,VVV,61,814258971.1726824
2026-08-30,5488,JST,62,775043696.0838165
2026-08-30,3794,ATOM,63,767828244.9261253
2026-08-30,4030,ALGO,64,764395315.3305874
2026-08-30,20396,KAS,65,747620151.3721495
2026-08-30,5690,RENDER,66,726525052.7770189
2026-08-30,3155,QNT,67,723648608.7181146
2026-08-30,29210,JUP,68,681466418.5418344
2026-08-30,38892,STABLE,69,677207203.4308754
2026-08-30,35336,TRUMP,70,588674738.3031132
2026-08-30,7186,CAKE,71,580754940.687558
2026-08-30,3077,VET,72,576801017.1780913
2026-08-30,2634,XDC,73,575117323.1099911
2026-08-30,11841,ARB,74,563931321.9784616
2026-08-30,2694,NEXO,75,553191298.0792581
2026-08-30,7950,FLR,76,549059920.6355128
2026-08-30,2280,FIL,77,548926931.7831916
2026-08-30,34466,PENGU,78,540919513.613521
2026-08-30,131,DASH,79,534909875.64394903
2026-08-30,29814,ETHFI,80,504792871.5855444
2026-08-30,28081,SPX,81,501951133.63116497
2026-08-30,7226,INJ,82,498784309.64120406
2026-08-30,2563,TUSD,83,493568992.81766635
2026-08-30,38590,币安人生,84,482786697.09845096
2026-08-30,29270,AERO,85,471981800.1574518
2026-08-30,20641,EURC,86,457646005.24258995
2026-08-30,6538,CRV,87,457417472.6345156
2026-08-30,21794,APT,88,444603759.5225815
2026-08-30,29420,VIRTUAL,89,439327509.20328957
2026-08-30,4847,STX,90,429714206.5866883
2026-08-30,26997,ZRO,91,384998554.97250026
2026-08-30,28177,PYTH,92,370747740.33119273
2026-08-30,3773,FET,93,335545072.51359934
2026-08-30,26081,FDUSD,94,331950874.1183575
2026-08-30,23149,SEI,95,327840237.16883004
2026-08-30,3602,BSV,96,323203378.219364
2026-08-30,10529,SUN,97,318836280.18323356
2026-08-30,30495,MON,98,314202542.1781686
2026-08-30,1659,GNO,99,308040990.8426666
2026-08-30,39064,NIGHT,100,305375325.23985934
2026-08-30,22861,TIA,101,298915804.3650542
2026-08-30,9481,PENDLE,102,295757775.4650229
2026-08-30,8000,LDO,103,293949475.60029304
2026-08-30,38849,PIEVERSE,104,291866289.2825502
2026-08-30,38828,KITE,105,291751839.1944767
2026-08-30,16086,BTT,106,286091306.2770981
2026-08-30,38482,FF,107,282488588.5539344
2026-08-30,4172,LUNC,108,279882873.13968533
2026-08-30,1168,DCR,109,245600899.11575115
2026-08-30,23095,BONK,110,245480089.08616605
2026-08-30,10603,IMX,111,244923400.1841041
2026-08-30,9816,NFT,112,237943417.83370253
2026-08-30,28541,JTO,113,236414053.7442583
2026-08-30,13855,ENS,114,234260486.43811467
2026-08-30,36645,XPL,115,233238882.30109632
2026-08-30,2011,XTZ,116,230878922.72320718
2026-08-30,7334,CFX,117,230360998.32838085
2026-08-30,10804,FLOKI,118,227321587.44460145
2026-08-30,9903,CVX,119,218607386.77097034
2026-08-30,8425,JASMY,120,214111234.76458508
2026-08-30,8526,RAY,121,207384743.9280206
2026-08-30,33824,SYRUP,122,206083018.97384748
2026-08-30,5964,TWT,123,199271640.6502435
2026-08-30,11840,OP,124,197640995.5601492
2026-08-30,28752,WIF,125,189013245.82332283
2026-08-30,30636,ZBCN,126,181851277.02633402
2026-08-30,32880,KAIA,127,181541389.62835708
2026-08-30,1720,IOTA,128,181104762.45176437
2026-08-30,38515,2Z,129,180719235.71826294
2026-08-30,5692,COMP,130,180398877.62785494
2026-08-30,6719,GRT,131,176318984.11667034
2026-08-30,7326,DEXE,132,174882432.38951007
2026-08-30,33597,FARTCOIN,133,174472353.6808365
2026-08-30,22691,STRK,134,172332595.80941695
2026-08-30,30494,EIGEN,135,169665189.55840153
2026-08-30,2416,THETA,136,166915415.6619647
2026-08-30,2467,TRAC,137,164470287.59116024
2026-08-30,4041,MX,138,161304893.43634316
2026-08-30,2394,TEL,139,161164359.5180628
2026-08-30,6783,AXS,140,152519310.67415524
2026-08-30,4157,RUNE,141,150824133.24396744
2026-08-30,7431,AKT,142,150320261.41501126
2026-08-30,37322,VSN,143,147931981.94650504
2026-08-30,1966,MANA,144,143231394.29872838
2026-08-30,36922,H,145,141875950.13977143
2026-08-30,1376,NEO,146,141588740.40686876
2026-08-30,4066,CHZ,147,139018765.99163806
2026-08-30,5665,HNT,148,136338074.7893892
2026-08-30,36532,B,149,135931523.7483944
2026-08-30,10791,XEC,150,135733228.1447985
2026-08-30,30986,KMNO,151,134757909.9775033
2026-08-30,10180,GOMINING,152,134361560.05669808
2026-08-30,5632,AR,153,134168002.90690781
2026-08-30,18876,APE,154,132071183.58894756
2026-08-30,18679,XCN,155,131801149.74299332
2026-08-30,8119,SFP,156,126747509.38479955
2026-08-30,39720,EDGE,157,124379829.93135656
2026-08-30,39377,SKR,158,124133996.55493781
2026-08-30,8104,1INCH,159,123233394.84882143
2026-08-30,36462,A,160,122292064.84125832
2026-08-30,4006,AWE,161,118263406.80667065
2026-08-30,4120,PROM,162,118067441.86466855
2026-08-30,30933,DOG,163,117573197.6315058
2026-08-30,36542,SOON,164,115365271.66983664
2026-08-30,6892,EGLD,165,115179232.81437297
2026-08-30,39332,ZAMA,166,111265640.87542234
2026-08-30,6210,SAND,167,110102384.54939318
2026-08-30,10508,FLUID,168,107146162.86620392
2026-08-30,40531,CAP,169,106735143.3893251
2026-08-30,1455,GLM,170,106464116.59331435
2026-08-30,7548,WEMIX,171,102997567.38079493
2026-08-30,20969,GEOD,172,102939213.175865
2026-08-30,35347,MELANIA,173,102098483.63977073
2026-08-30,38353,MET,174,100657214.00739919
2026-08-30,1697,BAT,175,99430127.21991073
2026-08-30,3871,AB,176,96606533.60150772
2026-08-30,1698,ZEN,177,96346609.23754866
2026-08-30,23635,FORM,178,96135182.9113691
2026-08-30,30083,ATH,179,96083492.9763786
2026-08-30,24091,ZK,180,95083549.75570554
2026-08-30,39841,GENIUS,181,94476181.0467262
2026-08-30,33280,CHEEMS,182,93702086.90897186
2026-08-30,35364,PLUME,183,93129295.02571553
2026-08-30,5350,XPR,184,89991294.12338302
2026-08-30,28324,DYDX,185,89874407.49154171
2026-08-30,109,DGB,186,88889474.18493532
2026-08-30,38868,SENT,187,88669298.60636622
2026-08-30,32956,GRASS,188,87026086.85154203
2026-08-30,39965,NEX,189,86022626.89572
2026-08-30,7127,VELO,190,85836128.86852558
2026-08-30,40092,O,191,85831793.59932709
2026-08-30,34118,BANANAS31,192,84533901.37132566
2026-08-30,1684,QTUM,193,84190574.09834526
2026-08-30,3964,RSR,194,82734950.46750848
2026-08-30,34958,TAG,195,82324419.0083232
2026-08-30,8646,MINA,196,82272436.86873588
2026-08-30,7080,GALA,197,81733993.2780692
2026-08-30,1785,GAS,198,80050378.24231037
2026-08-30,25028,ORDI,199,80012608.56049791
2026-08-30,5864,YFI,200,79928442.65240869
2026-09-06,1,BTC,1,1613490815740.385
2026-09-06,1027,ETH,2,306842307611.1498
2026-09-06,825,USDT,3,183402787662.08875
2026-09-06,1839,BNB,4,100204351731.1612
2026-09-06,52,XRP,5,89274468835.04262
2026-09-06,3408,USDC,6,74531626143.48264
2026-09-06,5426,SOL,7,62386841497.08727
2026-09-06,1958,TRX,8,31826648164.605095
2026-09-06,32196,HYPE,9,22145253149.088726
2026-09-06,1437,ZEC,10,20700904458.504128
2026-09-06,74,DOGE,11,14150553214.427551
2026-09-06,328,XMR,12,10145106744.475441
2026-09-06,1975,LINK,13,9892731843.768084
2026-09-06,3957,LEO,14,8599381049.556103
2026-09-06,2010,ADA,15,8197156049.178479
2026-09-06,512,XLM,16,6498473889.972389
2026-09-06,1831,BCH,17,5236120802.865838
2026-09-06,4943,DAI,18,4612322424.526494
2026-09-06,7083,UNI,19,4509192888.756115
2026-09-06,37263,CC,20,4370892490.051248
2026-09-06,29470,USDe,21,4370326431.242784
2026-09-06,2,LTC,22,4265026811.3416777
2026-09-06,36148,USD1,23,4230435516.4175043
2026-09-06,11419,GRAM,24,3988547973.4504175
2026-09-06,4642,HBAR,25,3574747062.9935813
2026-09-06,5805,AVAX,26,3414398497.032455
2026-09-06,20947,SUI,27,3316337646.4197135
2026-09-06,33793,USDG,28,3262861572.4815464
2026-09-06,5994,SHIB,29,3255643922.9827266
2026-09-06,6535,NEAR,30,3177357047.1450744
2026-09-06,22974,TAO,31,3001819924.1213655
2026-09-06,27772,PYUSD,32,2935096937.8134146
2026-09-06,3635,CRO,33,2795662960.710788
2026-09-06,5176,XAUt,34,2706785139.536077
2026-09-06,35491,M,35,2560866350.3120475
2026-09-06,34387,RLUSD,36,2406940769.1766024
2026-09-06,3897,OKB,37,2395381897.115468
2026-09-06,36341,ASTER,38,2126080730.9587073
2026-09-06,7278,AAVE,39,2104476618.7148602
2026-09-06,27075,MNT,40,2009005927.8003726
2026-09-06,4705,PAXG,41,1912055383.3930793
2026-09-06,21159,ONDO,42,1881989218.2813153
2026-09-06,33251,WLFI,43,1805004374.438455
2026-09-06,30171,ENA,44,1776761932.3322275
2026-09-06,6636,DOT,45,1661752417.0428333
2026-09-06,33038,SKY,46,1640388136.9279146
2026-09-06,36507,PUMP,47,1588387826.0299828
2026-09-06,13502,WLD,48,1525385290.7787852
2026-09-06,8916,ICP,49,1518569397.267513
2026-09-06,24478,PEPE,50,1510405952.9447508
2026-09-06,19891,USDD,51,1464813033.9014845
2026-09-06,11092,BGB,52,1409180005.5532172
2026-09-06,34104,MORPHO,53,1349930932.6012473
2026-09-06,39120,U,54,1276633079.6655035
2026-09-06,11841,ARB,55,1264201521.882348
2026-09-06,1321,ETC,56,1242341652.0672827
2026-09-06,39125,LIT,57,1128157771.4218457
2026-09-06,35697,PI,58,1056410288.2880256
2026-09-06,28321,POL,59,1054132914.0805511
2026-09-06,2087,KCS,60,978843927.4185886
2026-09-06,4269,GT,61,974588456.8932598
2026-09-06,29210,JUP,62,918124891.4711101
2026-09-06,131,DASH,63,912490886.9528644
2026-09-06,5488,JST,64,906629272.5151756
2026-09-06,20396,KAS,65,893146133.6280514
2026-09-06,4030,ALGO,66,871587037.7502416
2026-09-06,3794,ATOM,67,844030440.0596547
2026-09-06,35509,VVV,68,817097241.2058864
2026-09-06,5690,RENDER,69,809654316.394468
2026-09-06,3155,QNT,70,807823488.6148144
2026-09-06,38892,STABLE,71,737470319.4163485
2026-09-06,7186,CAKE,72,716648909.1729437
2026-09-06,2280,FIL,73,667243658.7070676
2026-09-06,35336,TRUMP,74,637265895.1826144
2026-09-06,3077,VET,75,608039681.213581
2026-09-06,2634,XDC,76,606904320.3520517
2026-09-06,6538,CRV,77,593024839.091553
2026-09-06,40938,PONS,78,591094652.8422261
2026-09-06,7950,FLR,79,582733458.1269484
2026-09-06,29814,ETHFI,80,557037407.3741187
2026-09-06,34466,PENGU,81,552014491.025753
2026-09-06,29270,AERO,82,546489349.3108023
2026-09-06,2694,NEXO,83,539977165.9117408
2026-09-06,28081,SPX,84,537528757.1168684
2026-09-06,21794,APT,85,536064617.9575444
2026-09-06,38590,币安人生,86,534258070.5290502
2026-09-06,7226,INJ,87,531087198.99093723
2026-09-06,2563,TUSD,88,494245885.0851098
2026-09-06,4847,STX,89,489279142.4200711
2026-09-06,29420,VIRTUAL,90,479470746.23358136
2026-09-06,20641,EURC,91,458190785.0172119
2026-09-06,28177,PYTH,92,442352831.4195927
2026-09-06,26997,ZRO,93,411839919.18559784
2026-09-06,22861,TIA,94,407853353.083404
2026-09-06,39064,NIGHT,95,405574155.619352
2026-09-06,3773,FET,96,404610522.5991417
2026-09-06,38482,FF,97,373756298.4559802
2026-09-06,23149,SEI,98,367939059.60750085
2026-09-06,9481,PENDLE,99,362081354.77696973
2026-09-06,8000,LDO,100,346984931.88169634
2026-09-06,8526,RAY,101,345021715.45601255
2026-09-06,3602,BSV,102,341770361.4603725
2026-09-06,26081,FDUSD,103,334085857.67883897
2026-09-06,10529,SUN,104,323403373.3584412
2026-09-06,30495,MON,105,320251448.15960014
2026-09-06,38828,KITE,106,317862871.10919905
2026-09-06,1659,GNO,107,309114297.62204766
2026-09-06,38849,PIEVERSE,108,301797971.7181494
2026-09-06,23095,BONK,109,299331915.982397
2026-09-06,16086,BTT,110,298706138.44769865
2026-09-06,1168,DCR,111,292513221.80067754
2026-09-06,4172,LUNC,112,288122525.96954834
2026-09-06,33824,SYRUP,113,268450208.9724118
2026-09-06,10603,IMX,114,264442213.58969632
2026-09-06,2011,XTZ,115,263687527.38463458
2026-09-06,7334,CFX,116,261684177.8764799
2026-09-06,13855,ENS,117,261391774.61757192
2026-09-06,5964,TWT,118,252993024.72556955
2026-09-06,11840,OP,119,251682903.66420972
2026-09-06,10804,FLOKI,120,251071345.13733518
2026-09-06,36645,XPL,121,247339006.33115816
2026-09-06,28541,JTO,122,241522897.13607147
2026-09-06,9816,NFT,123,239853866.31721136
2026-09-06,9903,CVX,124,235280642.38134307
2026-09-06,22691,STRK,125,228882338.94835353
2026-09-06,40809,CASHCAT,126,224918020.16615084
2026-09-06,8425,JASMY,127,218660664.54517332
2026-09-06,28752,WIF,128,216185764.00270742
2026-09-06,36828,USELESS,129,214763130.43829834
2026-09-06,6719,GRT,130,214589601.42303354
2026-09-06,5692,COMP,131,210601909.95409006
2026-09-06,39720,EDGE,132,208953454.8533854
2026-09-06,32880,KAIA,133,201912149.5033296
2026-09-06,30494,EIGEN,134,200737228.13005367
2026-09-06,5632,AR,135,199113222.46683314
2026-09-06,1720,IOTA,136,195616038.05284816
2026-09-06,40944,MARSCOIN,137,193663318.7985949
2026-09-06,2416,THETA,138,186717015.96824753
2026-09-06,30636,ZBCN,139,186302071.70004317
2026-09-06,38515,2Z,140,180802874.80200538
2026-09-06,33597,FARTCOIN,141,180442271.4530198
2026-09-06,7431,AKT,142,170837991.31727582
2026-09-06,2467,TRAC,143,169831466.32788926
2026-09-06,6783,AXS,144,168185797.0145443
2026-09-06,2394,TEL,145,167996567.15566972
2026-09-06,7326,DEXE,146,164762628.89934084
2026-09-06,18679,XCN,147,163548505.87019506
2026-09-06,4157,RUNE,148,161394430.44406825
2026-09-06,36532,B,149,160771415.47653335
2026-09-06,4041,MX,150,159265461.27934682
2026-09-06,1376,NEO,151,153434202.8218907
2026-09-06,1966,MANA,152,152350004.13912323
2026-09-06,10791,XEC,153,149660195.34215415
2026-09-06,37322,VSN,154,149264302.56958085
2026-09-06,4066,CHZ,155,147683091.28612828
2026-09-06,10180,GOMINING,156,145085056.8192543
2026-09-06,8119,SFP,157,143566683.42904046
2026-09-06,36922,H,158,143135868.69257075
2026-09-06,18876,APE,159,142667618.66429326
2026-09-06,6892,EGLD,160,138578282.87202322
2026-09-06,30986,KMNO,161,137842347.37676394
2026-09-06,8104,1INCH,162,137557573.35362995
2026-09-06,1698,ZEN,163,135619374.9740252
2026-09-06,36462,A,164,134278771.22853154
2026-09-06,39332,ZAMA,165,126417550.5652149
2026-09-06,30933,DOG,166,121225745.5846588
2026-09-06,4006,AWE,167,118951637.62317105
2026-09-06,6210,SAND,168,118401791.88386402
2026-09-06,39870,CHIP,169,117340580.61384785
2026-09-06,24091,ZK,170,116841385.67982459
2026-09-06,38353,MET,171,115767720.58778603
2026-09-06,35347,MELANIA,172,113290345.14826234
2026-09-06,1455,GLM,173,112404868.44003446
2026-09-06,36542,SOON,174,110293186.21682642
2026-09-06,1697,BAT,175,110050360.20347305
2026-09-06,10508,FLUID,176,107966641.33666424
2026-09-06,5665,HNT,177,106880736.36692303
2026-09-06,20969,GEOD,178,105577239.35520759
2026-09-06,39377,SKR,179,105422064.28171971
2026-09-06,28324,DYDX,180,103984215.97414741
2026-09-06,23635,FORM,181,102891511.26753974
2026-09-06,33280,CHEEMS,182,102197413.47484049
2026-09-06,8646,MINA,183,99711508.57786416
2026-09-06,4120,PROM,184,99544355.77266476
2026-09-06,39841,GENIUS,185,99250770.72722434
2026-09-06,7548,WEMIX,186,98712894.22537379
2026-09-06,38868,SENT,187,98181164.74896826
2026-09-06,30083,ATH,188,96207155.80117881
2026-09-06,7080,GALA,189,95246915.4575022
2026-09-06,109,DGB,190,94892361.56490403
2026-09-06,3871,AB,191,94282351.81924301
2026-09-06,1684,QTUM,192,93678045.13207065
2026-09-06,33391,DEEP,193,91965716.02637836
2026-09-06,3964,RSR,194,90620126.56279667
2026-09-06,1896,ZRX,195,90099368.74951099
2026-09-06,35364,PLUME,196,89557094.8815437
2026-09-06,25028,ORDI,197,89551790.95522413
2026-09-06,32684,S,198,89061208.46860954
2026-09-06,39965,NEX,199,86926536.46878
2026-09-06,7127,VELO,200,86395129.63170661
2026-09-13,1,BTC,1,1543217740405.7048
2026-09-13,1027,ETH,2,302306280954.4239
2026-09-13,825,USDT,3,183367922245.06113
2026-09-13,1839,BNB,4,95387247441.0388
2026-09-13,52,XRP,5,84296670067.93033
2026-09-13,3408,USDC,6,74248986437.92804
2026-09-13,5426,SOL,7,58246666650.797775
2026-09-13,1958,TRX,8,32122118876.722244
2026-09-13,32196,HYPE,9,19459267912.785435
2026-09-13,1437,ZEC,10,17910176775.246017
2026-09-13,74,DOGE,11,12849917851.79506
2026-09-13,328,XMR,12,9742945346.76608
2026-09-13,1975,LINK,13,8380117460.236493
2026-09-13,3957,LEO,14,8311156035.649023
2026-09-13,2010,ADA,15,7481302639.339856
2026-09-13,512,XLM,16,6170368917.60452
2026-09-13,29470,USDe,17,4594603044.029296
2026-09-13,4943,DAI,18,4584024209.658295
2026-09-13,1831,BCH,19,4437167839.215314
2026-09-13,36148,USD1,20,4294089819.226335
2026-09-13,2,LTC,21,4170035911.5290556
2026-09-13,7083,UNI,22,3800216061.2713423
2026-09-13,37263,CC,23,3744884840.083129
2026-09-13,11419,GRAM,24,3744468279.699624
2026-09-13,33793,USDG,25,3302056557.7999325
2026-09-13,4642,HBAR,26,3289907624.405577
2026-09-13,5805,AVAX,27,3226461274.2041197
2026-09-13,5994,SHIB,28,3027953153.0011506
2026-09-13,6535,NEAR,29,3003411675.8194785
2026-09-13,20947,SUI,30,2873351482.021581
2026-09-13,27772,PYUSD,31,2784897244.7241116
2026-09-13,3635,CRO,32,2773757940.297788
2026-09-13,5176,XAUt,33,2698406060.8369107
2026-09-13,22974,TAO,34,2621254386.4012585
2026-09-13,35491,M,35,2574955322.8770204
2026-09-13,34387,RLUSD,36,2422936799.8870296
2026-09-13,3897,OKB,37,2353903429.0703306
2026-09-13,7278,AAVE,38,1918353888.7723646
2026-09-13,4705,PAXG,39,1877185229.1053808
2026-09-13,36341,ASTER,40,1851646660.4161408
2026-09-13,27075,MNT,41,1840124171.5465207
2026-09-13,33251,WLFI,42,1809016231.777165
2026-09-13,6636,DOT,43,1701963374.5272386
2026-09-13,21159,ONDO,44,1668664346.8050513
2026-09-13,36507,PUMP,45,1627829391.426305
2026-09-13,8916,ICP,46,1535907437.7508292
2026-09-13,19891,USDD,47,1522013696.5537288
2026-09-13,33038,SKY,48,1456021693.0079417
2026-09-13,24478,PEPE,49,1391524567.6718009
2026-09-13,30171,ENA,50,1373763848.5303993
2026-09-13,13502,WLD,51,1360873475.1662745
2026-09-13,11092,BGB,52,1342728863.629919
2026-09-13,39120,U,53,1285216562.3956006
2026-09-13,1321,ETC,54,1174678549.9210465
2026-09-13,34104,MORPHO,55,1121513592.5066228
2026-09-13,35697,PI,56,1082516846.5306041
2026-09-13,35509,VVV,57,1032347366.8458195
2026-09-13,39125,LIT,58,1027847674.4320573
2026-09-13,28321,POL,59,1027363440.3619183
2026-09-13,4269,GT,60,975597417.9477512
2026-09-13,2087,KCS,61,936510455.9232068
2026-09-13,5488,JST,62,924610271.9619795
2026-09-13,20396,KAS,63,921227233.1850237
2026-09-13,11841,ARB,64,888668837.1871701
2026-09-13,4030,ALGO,65,854408331.119824
2026-09-13,3794,ATOM,66,838560976.4421104
2026-09-13,7186,CAKE,67,832808307.5415317
2026-09-13,2280,FIL,68,788491353.674289
2026-09-13,29210,JUP,69,764047146.6231593
2026-09-13,3155,QNT,70,760820149.6756777
2026-09-13,38892,STABLE,71,729015150.1138359
2026-09-13,5690,RENDER,72,708280650.803264
2026-09-13,131,DASH,73,679863952.4544058
2026-09-13,3077,VET,74,659716244.9436628
2026-09-13,29814,ETHFI,75,600223275.7226821
2026-09-13,2634,XDC,76,594429201.8737532
2026-09-13,7226,INJ,77,589562521.5143229
2026-09-13,7950,FLR,78,557051210.8325163
2026-09-13,29270,AERO,79,549780952.8678619
2026-09-13,6538,CRV,80,537502775.8824134
2026-09-13,2694,NEXO,81,532057194.80167437
2026-09-13,35336,TRUMP,82,526768598.7066826
2026-09-13,21794,APT,83,511748761.8177244
2026-09-13,2563,TUSD,84,494164181.9857518
2026-09-13,4847,STX,85,481515460.2088668
2026-09-13,38590,币安人生,86,475077769.6636955
2026-09-13,20641,EURC,87,457452703.11500704
2026-09-13,38482,FF,88,449046801.22631335
2026-09-13,28081,SPX,89,445911302.8680305
2026-09-13,28177,PYTH,90,442313569.9630061
2026-09-13,34466,PENGU,91,438268873.3803877
2026-09-13,29420,VIRTUAL,92,399019545.46812785
2026-09-13,3773,FET,93,383346570.06910145
2026-09-13,26997,ZRO,94,378857781.76703054
2026-09-13,40938,PONS,95,376968824.8835683
2026-09-13,8526,RAY,96,371807290.2227334
2026-09-13,9481,PENDLE,97,362263374.3680117
2026-09-13,3602,BSV,98,346311386.13742995
2026-09-13,38849,PIEVERSE,99,338743237.29494005
2026-09-13,23149,SEI,100,331136930.9405939
2026-09-13,26081,FDUSD,101,329370284.5108102
2026-09-13,39064,NIGHT,102,329179555.7262551
2026-09-13,10529,SUN,103,326472161.9155861
2026-09-13,16086,BTT,104,325737691.28096586
2026-09-13,22861,TIA,105,323047862.1024555
2026-09-13,2011,XTZ,106,310954939.2284482
2026-09-13,1659,GNO,107,303961645.0107091
2026-09-13,8000,LDO,108,301740347.680774
2026-09-13,1168,DCR,109,287262493.6988418
2026-09-13,4172,LUNC,110,274622866.1544215
2026-09-13,30495,MON,111,267868697.56955028
2026-09-13,38828,KITE,112,266970196.80220565
2026-09-13,33824,SYRUP,113,251138060.81973583
2026-09-13,7334,CFX,114,246493089.2693863
2026-09-13,10603,IMX,115,243232897.39771375
2026-09-13,23095,BONK,116,238013945.58622676
2026-09-13,13855,ENS,117,235658476.51825544
2026-09-13,5964,TWT,118,231637075.30692738
2026-09-13,10804,FLOKI,119,230904385.00963226
2026-09-13,9816,NFT,120,230156062.53283882
2026-09-13,28541,JTO,121,218306902.8737967
2026-09-13,11840,OP,122,217999126.8400737
2026-09-13,36645,XPL,123,215915839.41764742
2026-09-13,36532,B,124,214674404.82801804
2026-09-13,36828,USELESS,125,213591316.60770544
2026-09-13,1214,LSK,126,211072645.92164716
2026-09-13,39720,EDGE,127,208544127.7559861
2026-09-13,9903,CVX,128,203248383.79972175
2026-09-13,2416,THETA,129,202508909.1079133
2026-09-13,6719,GRT,130,200476463.20470703
2026-09-13,22691,STRK,131,200363922.23897168
2026-09-13,5692,COMP,132,194110865.8718717
2026-09-13,8425,JASMY,133,190685885.8040832
2026-09-13,1720,IOTA,134,188863558.51534334
2026-09-13,32880,KAIA,135,187765997.63459098
2026-09-13,28752,WIF,136,187115061.37200323
2026-09-13,30494,EIGEN,137,185845656.74097356
2026-09-13,5632,AR,138,180277999.5994205
2026-09-13,30636,ZBCN,139,177813114.09513983
2026-09-13,4157,RUNE,140,166482961.1553813
2026-09-13,36922,H,141,165040794.32127336
2026-09-13,6783,AXS,142,163474220.84840357
2026-09-13,4041,MX,143,162101264.45557702
2026-09-13,2467,TRAC,144,161920363.59107468
2026-09-13,38515,2Z,145,161462690.97398368
2026-09-13,1376,NEO,146,159903198.31879565
2026-09-13,40809,CASHCAT,147,159699014.95121154
2026-09-13,7431,AKT,148,157704170.5356342
2026-09-13,18679,XCN,149,156285477.1909645
2026-09-13,4066,CHZ,150,155912323.28407747
2026-09-13,10791,XEC,151,154558244.494176
2026-09-13,7326,DEXE,152,152023888.28382948
2026-09-13,37322,VSN,153,151470013.3548052
2026-09-13,2394,TEL,154,149964411.80514675
2026-09-13,1966,MANA,155,148726120.54769483
2026-09-13,10180,GOMINING,156,142899598.62852883
2026-09-13,8119,SFP,157,139478101.20233044
2026-09-13,33597,FARTCOIN,158,138711136.30084968
2026-09-13,30986,KMNO,159,136077751.9108538
2026-09-13,36462,A,160,135542761.78797564
2026-09-13,18876,APE,161,132262497.58778252
2026-09-13,8104,1INCH,162,128901450.1153434
2026-09-13,6892,EGLD,163,126892248.40117656
2026-09-13,8646,MINA,164,123740999.11280945
2026-09-13,38353,MET,165,119816667.65574855
2026-09-13,39332,ZAMA,166,119543081.40092425
2026-09-13,4006,AWE,167,117906025.89701185
2026-09-13,1697,BAT,168,117431110.12359376
2026-09-13,1455,GLM,169,114974613.4777861
2026-09-13,1698,ZEN,170,112436031.29037938
2026-09-13,36542,SOON,171,105288600.49008581
2026-09-13,4120,PROM,172,104461122.14479753
2026-09-13,30933,DOG,173,103981998.2721718
2026-09-13,6210,SAND,174,103270853.06049167
2026-09-13,38868,SENT,175,102508280.2970616
2026-09-13,1684,QTUM,176,102308265.87859038
2026-09-13,35347,MELANIA,177,100643127.10714136
2026-09-13,20969,GEOD,178,100503250.08790416
2026-09-13,24091,ZK,179,99101794.25386992
2026-09-13,39841,GENIUS,180,99085931.5433401
2026-09-13,10508,FLUID,181,97586804.96613024
2026-09-13,40944,MARSCOIN,182,97394052.958564
2026-09-13,33280,CHEEMS,183,95073654.91099635
2026-09-13,28324,DYDX,184,94639755.71623106
2026-09-13,7548,WEMIX,185,94165100.29776523
2026-09-13,1896,ZRX,186,93818853.2286488
2026-09-13,3964,RSR,187,93063414.83508497
2026-09-13,30083,ATH,188,92696399.49531643
2026-09-13,9104,AIOZ,189,91778457.80225141
2026-09-13,23635,FORM,190,91120956.95674123
2026-09-13,39377,SKR,191,90138838.9471111
2026-09-13,28298,BEAM,192,86779576.92212623
2026-09-13,33391,DEEP,193,85387925.05628838
2026-09-13,1785,GAS,194,84851015.92930055
2026-09-13,5665,HNT,195,84793962.71347266
2026-09-13,25028,ORDI,196,84452972.08246344
2026-09-13,7080,GALA,197,83215103.00228916
2026-09-13,39870,CHIP,198,82207101.70503816
2026-09-13,35364,PLUME,199,81534349.20737202
2026-09-13,109,DGB,200,81222694.06651719
2026-09-20,1,BTC,1,1629929338191.065
2026-09-20,1027,ETH,2,322616814754.2726
2026-09-20,825,USDT,3,183339566339.07007
2026-09-20,1839,BNB,4,102846052176.67961
2026-09-20,52,XRP,5,88650386789.03477
2026-09-20,3408,USDC,6,74273067284.9154
2026-09-20,5426,SOL,7,65283682498.096756
2026-09-20,1958,TRX,8,32527670468.897438
2026-09-20,1437,ZEC,9,25467623439.837467
2026-09-20,32196,HYPE,10,23550645814.871326
2026-09-20,74,DOGE,11,14987515805.62924
2026-09-20,328,XMR,12,10588092737.850897
2026-09-20,1975,LINK,13,9360956993.002737
2026-09-20,2010,ADA,14,8378453710.634251
2026-09-20,3957,LEO,15,8206296716.0975
2026-09-20,512,XLM,16,6882133011.777886
2026-09-20,6535,NEAR,17,5441868176.060701
2026-09-20,7083,UNI,18,5424648921.07897
2026-09-20,1831,BCH,19,5077446463.407726
2026-09-20,5805,AVAX,20,5021050668.625306
2026-09-20,29470,USDe,21,4874385732.678948
2026-09-20,4943,DAI,22,4596243011.0468445
2026-09-20,2,LTC,23,4559916884.353055
2026-09-20,36148,USD1,24,4333031440.238826
2026-09-20,37263,CC,25,4326209571.824025
2026-09-20,11419,GRAM,26,3876155802.4515133
2026-09-20,4642,HBAR,27,3792315852.191554
2026-09-20,20947,SUI,28,3675115858.409827
2026-09-20,35491,M,29,3360206916.501008
2026-09-20,33793,USDG,30,3261107349.255661
2026-09-20,5994,SHIB,31,3233534492.176767
2026-09-20,22974,TAO,32,3021148978.3694067
2026-09-20,3635,CRO,33,2971019679.1750717
2026-09-20,27772,PYUSD,34,2801507075.3541927
2026-09-20,5176,XAUt,35,2722462238.215954
2026-09-20,3897,OKB,36,2478597252.5741177
2026-09-20,34387,RLUSD,37,2378926252.0200825
2026-09-20,30171,ENA,38,2189640713.340878
2026-09-20,7278,AAVE,39,2121744548.084074
2026-09-20,21159,ONDO,40,2105284721.3110104
2026-09-20,27075,MNT,41,2005793774.0424974
2026-09-20,36341,ASTER,42,1998672916.7944968
2026-09-20,36507,PUMP,43,1973412234.775518
2026-09-20,6636,DOT,44,1933499819.6684816
2026-09-20,4705,PAXG,45,1895408535.5087562
2026-09-20,33251,WLFI,46,1846691965.7543256
2026-09-20,33038,SKY,47,1661234342.0894341
2026-09-20,24478,PEPE,48,1653365772.43019
2026-09-20,8916,ICP,49,1614217838.836522
2026-09-20,13502,WLD,50,1587664921.5891092
2026-09-20,19891,USDD,51,1540407351.255011
2026-09-20,11841,ARB,52,1477939089.9867573
2026-09-20,34104,MORPHO,53,1427774886.2043154
2026-09-20,35509,VVV,54,1422679158.5617788
2026-09-20,11092,BGB,55,1403471448.4979248
2026-09-20,39120,U,56,1393028159.6479893
2026-09-20,1321,ETC,57,1349040574.1200082
2026-09-20,39125,LIT,58,1194047011.8658347
2026-09-20,28321,POL,59,1170447530.027522
2026-09-20,4269,GT,60,1113028137.1476903
2026-09-20,20396,KAS,61,1106740260.8281512
2026-09-20,29210,JUP,62,990018469.835795
2026-09-20,2087,KCS,63,987000983.0541289
2026-09-20,4030,ALGO,64,983188408.0595397
2026-09-20,35697,PI,65,964785448.957459
2026-09-20,7186,CAKE,66,958639480.4367472
2026-09-20,3794,ATOM,67,938906381.9507805
2026-09-20,5488,JST,68,929371982.470691
2026-09-20,5690,RENDER,69,898711333.0396843
2026-09-20,2280,FIL,70,782867289.8237582
2026-09-20,7226,INJ,71,777506354.2821898
2026-09-20,3155,QNT,72,774860037.3117862
2026-09-20,131,DASH,73,739294844.2459342
2026-09-20,3077,VET,74,724894684.1931493
2026-09-20,29814,ETHFI,75,699235598.8170221
2026-09-20,29270,AERO,76,653425250.8848667
2026-09-20,38892,STABLE,77,648764090.8975691
2026-09-20,21794,APT,78,642344549.5304809
2026-09-20,4847,STX,79,607474962.8135794
2026-09-20,2634,XDC,80,598392615.8064518
2026-09-20,35336,TRUMP,81,583841146.8520697
2026-09-20,7950,FLR,82,572351191.0222096
2026-09-20,6538,CRV,83,553279294.2226678
2026-09-20,2694,NEXO,84,534740225.18601763
2026-09-20,38590,币安人生,85,499404534.0670345
2026-09-20,2563,TUSD,86,494324124.67005867
2026-09-20,34466,PENGU,87,493649089.2017865
2026-09-20,28177,PYTH,88,486036284.9689133
2026-09-20,38849,PIEVERSE,89,484847232.94564676
2026-09-20,9481,PENDLE,90,470471217.0528339
2026-09-20,8526,RAY,91,458274825.85714597
2026-09-20,20641,EURC,92,453026342.63828367
2026-09-20,29420,VIRTUAL,93,444897116.4503608
2026-09-20,26997,ZRO,94,442784742.7434189
2026-09-20,28081,SPX,95,433008556.0718832
2026-09-20,38482,FF,96,415130941.759941
2026-09-20,40938,PONS,97,414996810.82515377
2026-09-20,3773,FET,98,405838845.27475274
2026-09-20,23149,SEI,99,404395694.84600866
2026-09-20,39064,NIGHT,100,395643724.2769037
2026-09-20,22861,TIA,101,385313278.4379175
2026-09-20,2011,XTZ,102,381882759.8786484
2026-09-20,22691,STRK,103,356570285.3292118
2026-09-20,8000,LDO,104,350006373.4479305
2026-09-20,3602,BSV,105,345763624.13510054
2026-09-20,10529,SUN,106,329643795.1764004
2026-09-20,16086,BTT,107,328050604.4941732
2026-09-20,26081,FDUSD,108,324453052.7906129
2026-09-20,5632,AR,109,314731039.7663013
2026-09-20,1659,GNO,110,309891756.83046687
2026-09-20,1168,DCR,111,304780170.10619366
2026-09-20,4172,LUNC,112,300389722.67606664
2026-09-20,30495,MON,113,295316095.0004582
2026-09-20,38828,KITE,114,290526593.67696047
2026-09-20,11840,OP,115,287707496.6714417
2026-09-20,10603,IMX,116,280265619.642367
2026-09-20,7334,CFX,117,277079735.5697509
2026-09-20,13855,ENS,118,274108543.6536255
2026-09-20,23095,BONK,119,264774899.19716772
2026-09-20,28541,JTO,120,262969851.88402447
2026-09-20,33824,SYRUP,121,260893069.94348672
2026-09-20,5964,TWT,122,249448643.20035967
2026-09-20,36645,XPL,123,247903174.01498908
2026-09-20,10804,FLOKI,124,245483251.36980367
2026-09-20,6719,GRT,125,242285046.97952524
2026-09-20,36828,USELESS,126,238955273.51827115
2026-09-20,9816,NFT,127,238076124.93981698
2026-09-20,5692,COMP,128,222308075.3721781
2026-09-20,1720,IOTA,129,218860567.5960743
2026-09-20,30494,EIGEN,130,218699766.9926288
2026-09-20,2416,THETA,131,213685878.80094552
2026-09-20,39332,ZAMA,132,208713234.7028636
2026-09-20,36532,B,133,208054773.0933698
2026-09-20,8425,JASMY,134,203183810.78683776
2026-09-20,28752,WIF,135,202378324.05172783
2026-09-20,9903,CVX,136,199156019.1585051
2026-09-20,39720,EDGE,137,198088606.6600872
2026-09-20,32880,KAIA,138,194605250.11441472
2026-09-20,30636,ZBCN,139,190999508.79794943
2026-09-20,4157,RUNE,140,185698375.84456134
2026-09-20,30986,KMNO,141,181430260.22804675
2026-09-20,6783,AXS,142,177032304.9127457
2026-09-20,40809,CASHCAT,143,175913459.20028192
2026-09-20,38515,2Z,144,172735435.8262459
2026-09-20,7431,AKT,145,172098976.20614004
2026-09-20,4041,MX,146,171106650.22308314
2026-09-20,1376,NEO,147,169854516.69630998
2026-09-20,33597,FARTCOIN,148,167508240.89473045
2026-09-20,2467,TRAC,149,167455608.44175044
2026-09-20,1966,MANA,150,163044022.90946913
2026-09-20,18679,XCN,151,162717657.66133955
2026-09-20,10791,XEC,152,158538772.23567155
2026-09-20,4066,CHZ,153,157864040.8401441
2026-09-20,37322,VSN,154,157758201.8135047
2026-09-20,7326,DEXE,155,156094040.34708267
2026-09-20,8646,MINA,156,150690914.61774275
2026-09-20,36462,A,157,148411312.06280223
2026-09-20,10180,GOMINING,158,146188505.80841315
2026-09-20,2394,TEL,159,145668870.45671564
2026-09-20,1698,ZEN,160,144894995.64479107
2026-09-20,8119,SFP,161,143636154.6138242
2026-09-20,36922,H,162,141390673.14697137
2026-09-20,38353,MET,163,139683972.08080548
2026-09-20,8104,1INCH,164,139377024.04938307
2026-09-20,18876,APE,165,137635868.20044354
2026-09-20,38868,SENT,166,130945862.48027493
2026-09-20,39841,GENIUS,167,125468099.4817173
2026-09-20,24091,ZK,168,123727145.79318659
2026-09-20,4006,AWE,169,121018308.22631349
2026-09-20,1697,BAT,170,119685618.56995228
2026-09-20,20969,GEOD,171,119296317.39360969
2026-09-20,1455,GLM,172,119288189.95166346
2026-09-20,6210,SAND,173,118707241.72222249
2026-09-20,6892,EGLD,174,116424952.99950588
2026-09-20,9104,AIOZ,175,115496194.72154485
2026-09-20,32684,S,176,114694632.29838564
2026-09-20,36542,SOON,177,113293385.74220178
2026-09-20,30933,DOG,178,111275336.592709
2026-09-20,28324,DYDX,179,110084845.30521123
2026-09-20,10508,FLUID,180,108601626.07874681
2026-09-20,30083,ATH,181,107079432.10805643
2026-09-20,1214,LSK,182,104651304.10857575
2026-09-20,3964,RSR,183,103939930.58940203
2026-09-20,33391,DEEP,184,102733991.63130268
2026-09-20,35347,MELANIA,185,101528886.54244213
2026-09-20,1684,QTUM,186,100944921.43881655
2026-09-20,23635,FORM,187,98849017.42871734
2026-09-20,33280,CHEEMS,188,98497227.96846741
2026-09-20,1896,ZRX,189,97685889.4208869
2026-09-20,7080,GALA,190,97088637.30137944
2026-09-20,7548,WEMIX,191,96947698.99046011
2026-09-20,4195,FTT,192,96366761.86054195
2026-09-20,25028,ORDI,193,95985871.66492055
2026-09-20,39377,SKR,194,95201074.1653812
2026-09-20,28298,BEAM,195,93932912.01840106
2026-09-20,35364,PLUME,196,92778142.60542318
2026-09-20,40944,MARSCOIN,197,91878344.34657799
2026-09-20,19269,COW,198,90956211.71529211
2026-09-20,8290,SUPER,199,90239157.7920674
2026-09-20,4120,PROM,200,90209108.35980605
2026-09-27,1,BTC,1,1696789523295.2646
2026-09-27,1027,ETH,2,328032190023.1669
2026-09-27,825,USDT,3,183778778565.74347
2026-09-27,1839,BNB,4,103717721159.35147
2026-09-27,52,XRP,5,95473176754.95859
2026-09-27,3408,USDC,6,75150569712.32745
2026-09-27,5426,SOL,7,71743972169.64885
2026-09-27,1958,TRX,8,31662113460.462807
2026-09-27,1437,ZEC,9,26857847670.41587
2026-09-27,32196,HYPE,10,23030840653.040165
2026-09-27,74,DOGE,11,16671151893.73021
2026-09-27,1975,LINK,12,10501742790.638712
2026-09-27,328,XMR,13,10299706559.510487
2026-09-27,2010,ADA,14,9396940982.71916
2026-09-27,3957,LEO,15,8333149156.52628
2026-09-27,512,XLM,16,7558019314.284928
2026-09-27,6535,NEAR,17,7027612824.154336
2026-09-27,1831,BCH,18,6688504983.78438
2026-09-27,7083,UNI,19,6009833009.720137
2026-09-27,2,LTC,20,5538959437.894038
2026-09-27,37263,CC,21,5429972690.040812
2026-09-27,20947,SUI,22,5195345855.063915
2026-09-27,29470,USDe,23,4949663227.4844
2026-09-27,5805,AVAX,24,4834516580.423148
2026-09-27,4943,DAI,25,4598325059.95292
2026-09-27,11419,GRAM,26,4586964233.81895
2026-09-27,36148,USD1,27,4393902886.47031
2026-09-27,4642,HBAR,28,4204365702.518818
2026-09-27,22974,TAO,29,3702513301.6925774
2026-09-27,5994,SHIB,30,3490678766.2559896
2026-09-27,3155,QNT,31,3445638784.4201794
2026-09-27,3635,CRO,32,3326614914.780335
2026-09-27,33793,USDG,33,3248719172.2319098
2026-09-27,5176,XAUt,34,2937378042.6696815
2026-09-27,21159,ONDO,35,2867390156.4615874
2026-09-27,27772,PYUSD,36,2769117037.9465094
2026-09-27,30171,ENA,37,2753292676.5400486
2026-09-27,35491,M,38,2640766989.0491757
2026-09-27,3897,OKB,39,2543496891.9487195
2026-09-27,34387,RLUSD,40,2491139840.0683627
2026-09-27,36507,PUMP,41,2408078393.2327566
2026-09-27,7278,AAVE,42,2390360419.966069
2026-09-27,27075,MNT,43,2234970170.808299
2026-09-27,6636,DOT,44,2167005404.871692
2026-09-27,13502,WLD,45,2030081678.7047338
2026-09-27,36341,ASTER,46,1959048104.075948
2026-09-27,33038,SKY,47,1932414884.2318513
2026-09-27,33251,WLFI,48,1862543574.7554595
2026-09-27,4705,PAXG,49,1851770273.4315805
2026-09-27,24478,PEPE,50,1809122748.930053
2026-09-27,8916,ICP,51,1752400962.4162555
2026-09-27,19891,USDD,52,1556889708.3384337
2026-09-27,11841,ARB,53,1541538580.4199407
2026-09-27,1321,ETC,54,1519743073.8613222
2026-09-27,39120,U,55,1482542958.7303097
2026-09-27,34104,MORPHO,56,1441104881.7562523
2026-09-27,35509,VVV,57,1418202181.5797558
2026-09-27,11092,BGB,58,1413094095.7055547
2026-09-27,20396,KAS,59,1299496310.6813972
2026-09-27,28321,POL,60,1296127227.7001808
2026-09-27,29210,JUP,61,1237026557.35294
2026-09-27,4269,GT,62,1203278077.0846694
2026-09-27,39125,LIT,63,1165053367.6605382
2026-09-27,4030,ALGO,64,1082769566.913357
2026-09-27,5690,RENDER,65,1066394873.1599249
2026-09-27,7186,CAKE,66,1062980695.3809291
2026-09-27,5488,JST,67,1034987199.3985033
2026-09-27,35697,PI,68,1020394196.3250047
2026-09-27,3794,ATOM,69,1005213286.5342511
2026-09-27,2087,KCS,70,1004340497.5797575
2026-09-27,2280,FIL,71,947437215.3404933
2026-09-27,131,DASH,72,880557131.108229
2026-09-27,29270,AERO,73,837135364.2274628
2026-09-27,3077,VET,74,790875394.896998
2026-09-27,7226,INJ,75,778684807.4259732
2026-09-27,21794,APT,76,753662043.1526508
2026-09-27,38892,STABLE,77,734539707.0876095
2026-09-27,2634,XDC,78,721006770.3082598
2026-09-27,29814,ETHFI,79,695282374.415203
2026-09-27,28177,PYTH,80,657804433.3432652
2026-09-27,34466,PENGU,81,646734357.1094923
2026-09-27,26997,ZRO,82,622085874.0260149
2026-09-27,7950,FLR,83,621855711.5865058
2026-09-27,4847,STX,84,615418564.1083311
2026-09-27,35336,TRUMP,85,599464017.8621328
2026-09-27,23149,SEI,86,598652908.7484835
2026-09-27,8526,RAY,87,587288761.7198652
2026-09-27,3773,FET,88,572443292.3622162
2026-09-27,2694,NEXO,89,566995638.5493852
2026-09-27,29420,VIRTUAL,90,555636929.3368882
2026-09-27,6538,CRV,91,554990790.2948684
2026-09-27,2563,TUSD,92,494361926.99595493
2026-09-27,38590,币安人生,93,493442819.8880166
2026-09-27,22861,TIA,94,470281532.13564414
2026-09-27,20641,EURC,95,460405354.7979646
2026-09-27,9481,PENDLE,96,458083199.9722095
2026-09-27,38849,PIEVERSE,97,456446117.7129012
2026-09-27,39064,NIGHT,98,450751298.93405634
2026-09-27,3602,BSV,99,432346418.7013936
2026-09-27,28081,SPX,100,414509872.8413568
2026-09-27,38482,FF,101,411786814.77968025
2026-09-27,8000,LDO,102,409621494.7975232
2026-09-27,6719,GRT,103,396634971.5472353
2026-09-27,40938,PONS,104,393021977.5271534
2026-09-27,38828,KITE,105,385850427.0022113
2026-09-27,10603,IMX,106,383278430.5064829
2026-09-27,16086,BTT,107,372394625.28078777
2026-09-27,2011,XTZ,108,352735290.4620491
2026-09-27,11840,OP,109,343094899.7277431
2026-09-27,30495,MON,110,332687047.49349815
2026-09-27,23095,BONK,111,329145511.85458344
2026-09-27,1168,DCR,112,327236732.7828652
2026-09-27,10529,SUN,113,325579752.7659363
2026-09-27,26081,FDUSD,114,324600156.65102255
2026-09-27,1659,GNO,115,316673815.9294675
2026-09-27,28541,JTO,116,314469619.6758947
2026-09-27,22691,STRK,117,309439407.6428051
2026-09-27,4172,LUNC,118,309216418.8878228
2026-09-27,5632,AR,119,308675281.9443751
2026-09-27,7334,CFX,120,296319754.1774883
2026-09-27,13855,ENS,121,295869819.0072342
2026-09-27,36645,XPL,122,294998999.19345325
2026-09-27,36828,USELESS,123,285800297.37507254
2026-09-27,30986,KMNO,124,273804407.0315151
2026-09-27,10804,FLOKI,125,272290357.99292874
2026-09-27,8425,JASMY,126,263574229.08576632
2026-09-27,33824,SYRUP,127,259577337.24114355
2026-09-27,30494,EIGEN,128,256409768.08576912
2026-09-27,5964,TWT,129,254813180.26049858
2026-09-27,4157,RUNE,130,250085318.99583563
2026-09-27,5692,COMP,131,244836597.68269885
2026-09-27,28752,WIF,132,244471314.2136315
2026-09-27,9816,NFT,133,239674459.1867332
2026-09-27,1720,IOTA,134,238164131.07097504
2026-09-27,38515,2Z,135,236054515.18657267
2026-09-27,2416,THETA,136,234061712.61476475
2026-09-27,32880,KAIA,137,229056230.24612802
2026-09-27,9903,CVX,138,223646788.6659367
2026-09-27,38353,MET,139,210002144.99485695
2026-09-27,7431,AKT,140,209280435.30106318
2026-09-27,30636,ZBCN,141,206759614.73384342
2026-09-27,6783,AXS,142,205034139.26008192
2026-09-27,39332,ZAMA,143,204742909.90053275
2026-09-27,39720,EDGE,144,203777390.16417122
2026-09-27,36542,SOON,145,199961000.28419527
2026-09-27,18679,XCN,146,198209835.43505177
2026-09-27,33597,FARTCOIN,147,194989970.72211698
2026-09-27,36532,B,148,191041869.05927932
2026-09-27,1376,NEO,149,190342254.3916167
2026-09-27,8646,MINA,150,189197913.42400154
2026-09-27,2467,TRAC,151,186009705.8494718
2026-09-27,1966,MANA,152,183316226.13657036
2026-09-27,2394,TEL,153,178577898.57913002
2026-09-27,10791,XEC,154,177985357.53965944
2026-09-27,4066,CHZ,155,174902650.67236152
2026-09-27,4041,MX,156,173063265.73596886
2026-09-27,36462,A,157,173021013.56492132
2026-09-27,40809,CASHCAT,158,172840398.80533302
2026-09-27,18876,APE,159,164471527.98037073
2026-09-27,9104,AIOZ,160,163064743.27853018
2026-09-27,38868,SENT,161,162389406.60113654
2026-09-27,37322,VSN,162,162083063.2667013
2026-09-27,7326,DEXE,163,161050734.23317888
2026-09-27,32956,GRASS,164,158510638.21958143
2026-09-27,8119,SFP,165,155688346.2982045
2026-09-27,10180,GOMINING,166,151000046.50791934
2026-09-27,8104,1INCH,167,146249999.59460595
2026-09-27,1697,BAT,168,146070287.06717175
2026-09-27,24091,ZK,169,145277862.79402757
2026-09-27,6892,EGLD,170,145257547.44139078
2026-09-27,1698,ZEN,171,144772438.5297218
2026-09-27,36922,H,172,140699240.75243428
2026-09-27,33391,DEEP,173,138347537.05139452
2026-09-27,6210,SAND,174,133983202.3953165
2026-09-27,4006,AWE,175,132927161.91463828
2026-09-27,1455,GLM,176,130684424.33853196
2026-09-27,30083,ATH,177,129922586.82345296
2026-09-27,8290,SUPER,178,127914886.83636156
2026-09-27,20969,GEOD,179,126570723.20173322
2026-09-27,10508,FLUID,180,126390096.66036241
2026-09-27,35364,PLUME,181,124180571.39891502
2026-09-27,40944,MARSCOIN,182,123112086.2765283
2026-09-27,28324,DYDX,183,121557635.26572022
2026-09-27,23635,FORM,184,120337247.49611227
2026-09-27,32684,S,185,116831610.90851948
2026-09-27,7080,GALA,186,116778589.19472852
2026-09-27,4120,PROM,187,115673768.87499872
2026-09-27,3964,RSR,188,111048808.97364514
2026-09-27,28298,BEAM,189,110884534.44764504
2026-09-27,39841,GENIUS,190,110649538.22467282
2026-09-27,11165,ORCA,191,110271367.55498105
2026-09-27,1684,QTUM,192,108956966.62833238
2026-09-27,14588,PEAQ,193,107461647.46378808
2026-09-27,35347,MELANIA,194,107064443.46753238
2026-09-27,1896,ZRX,195,106385377.38885456
2026-09-27,33280,CHEEMS,196,106002532.98092449
2026-09-27,29587,W,197,102914387.52408592
2026-09-27,25028,ORDI,198,101227687.29573067
2026-09-27,30933,DOG,199,99966541.4714426
2026-09-27,7548,WEMIX,200,98198441.9370497
