day,address,equity,fills,dead
2026-08-19,0x41d211b9a8d65515ab72f9313b1cac3511d24e56,924.7807,4,False
2026-08-20,0x41d211b9a8d65515ab72f9313b1cac3511d24e56,898.4391,0,False
2026-08-21,0x41d211b9a8d65515ab72f9313b1cac3511d24e56,823.9178,13,False
2026-08-22,0x41d211b9a8d65515ab72f9313b1cac3511d24e56,822.8882,0,False
2026-08-23,0x41d211b9a8d65515ab72f9313b1cac3511d24e56,805.2193,0,False
2026-08-24,0x41d211b9a8d65515ab72f9313b1cac3511d24e56,764.8872,0,True
2026-08-25,0x41d211b9a8d65515ab72f9313b1cac3511d24e56,764.8872,0,True
2026-08-26,0x41d211b9a8d65515ab72f9313b1cac3511d24e56,764.8872,0,True
2026-08-27,0x41d211b9a8d65515ab72f9313b1cac3511d24e56,764.8872,0,True
2026-08-28,0x41d211b9a8d65515ab72f9313b1cac3511d24e56,764.8872,0,True
2026-08-29,0x41d211b9a8d65515ab72f9313b1cac3511d24e56,764.8872,0,True
2026-08-30,0x41d211b9a8d65515ab72f9313b1cac3511d24e56,764.8872,0,True
2026-08-31,0x41d211b9a8d65515ab72f9313b1cac3511d24e56,764.8872,0,True
2026-09-01,0x41d211b9a8d65515ab72f9313b1cac3511d24e56,764.8872,0,True
2026-09-02,0x41d211b9a8d65515ab72f9313b1cac3511d24e56,764.8872,0,True
2026-09-03,0x41d211b9a8d65515ab72f9313b1cac3511d24e56,764.8872,0,True
2026-09-04,0x41d211b9a8d65515ab72f9313b1cac3511d24e56,764.8872,0,True
2026-09-05,0x41d211b9a8d65515ab72f9313b1cac3511d24e56,764.8872,0,True
2026-09-06,0x41d211b9a8d65515ab72f9313b1cac3511d24e56,764.8872,0,True
2026-09-07,0x41d211b9a8d65515ab72f9313b1cac3511d24e56,764.8872,0,True
2026-09-08,0x41d211b9a8d65515ab72f9313b1cac3511d24e56,764.8872,0,True
2026-09-09,0x41d211b9a8d65515ab72f9313b1cac3511d24e56,764.8872,0,True
2026-09-10,0x41d211b9a8d65515ab72f9313b1cac3511d24e56,764.8872,0,True
2026-09-11,0x41d211b9a8d65515ab72f9313b1cac3511d24e56,764.8872,0,True
2026-09-12,0x41d211b9a8d65515ab72f9313b1cac3511d24e56,764.8872,0,True
2026-09-13,0x41d211b9a8d65515ab72f9313b1cac3511d24e56,764.8872,0,True
2026-09-14,0x41d211b9a8d65515ab72f9313b1cac3511d24e56,764.8872,0,True
2026-09-15,0x41d211b9a8d65515ab72f9313b1cac3511d24e56,764.8872,0,True
2026-09-16,0x41d211b9a8d65515ab72f9313b1cac3511d24e56,764.8872,0,True
2026-09-17,0x41d211b9a8d65515ab72f9313b1cac3511d24e56,764.8872,0,True
2026-09-18,0x41d211b9a8d65515ab72f9313b1cac3511d24e56,764.8872,0,True
2026-09-19,0x41d211b9a8d65515ab72f9313b1cac3511d24e56,764.8872,0,True
2026-09-20,0x41d211b9a8d65515ab72f9313b1cac3511d24e56,764.8872,0,True
2026-09-21,0x41d211b9a8d65515ab72f9313b1cac3511d24e56,764.8872,0,True
2026-09-22,0x41d211b9a8d65515ab72f9313b1cac3511d24e56,764.8872,0,True
2026-09-23,0x41d211b9a8d65515ab72f9313b1cac3511d24e56,764.8872,0,True
2026-09-24,0x41d211b9a8d65515ab72f9313b1cac3511d24e56,764.8872,0,True
2026-09-25,0x41d211b9a8d65515ab72f9313b1cac3511d24e56,764.8872,0,True
2026-09-26,0x41d211b9a8d65515ab72f9313b1cac3511d24e56,764.8872,0,True
2026-09-27,0x41d211b9a8d65515ab72f9313b1cac3511d24e56,764.8872,0,True
2026-09-28,0x41d211b9a8d65515ab72f9313b1cac3511d24e56,764.8872,0,True
2026-09-29,0x41d211b9a8d65515ab72f9313b1cac3511d24e56,764.8872,0,True
2026-09-30,0x41d211b9a8d65515ab72f9313b1cac3511d24e56,764.8872,0,True
2026-10-01,0x41d211b9a8d65515ab72f9313b1cac3511d24e56,764.8872,0,True
2026-10-02,0x41d211b9a8d65515ab72f9313b1cac3511d24e56,764.8872,0,True
2026-08-19,0x92e46562c3e500410c140eefb5a6e615be5034bc,1000.2161,10,False
2026-08-20,0x92e46562c3e500410c140eefb5a6e615be5034bc,1000.7943,15,False
2026-08-21,0x92e46562c3e500410c140eefb5a6e615be5034bc,1000.8143,1,False
2026-08-22,0x92e46562c3e500410c140eefb5a6e615be5034bc,1000.9211,0,False
2026-08-23,0x92e46562c3e500410c140eefb5a6e615be5034bc,1001.0021,0,False
2026-08-24,0x92e46562c3e500410c140eefb5a6e615be5034bc,1000.908,0,False
2026-08-25,0x92e46562c3e500410c140eefb5a6e615be5034bc,1000.928,0,False
2026-08-26,0x92e46562c3e500410c140eefb5a6e615be5034bc,1001.0006,0,False
2026-08-27,0x92e46562c3e500410c140eefb5a6e615be5034bc,1001.0671,0,False
2026-08-28,0x92e46562c3e500410c140eefb5a6e615be5034bc,1000.9637,0,False
2026-08-29,0x92e46562c3e500410c140eefb5a6e615be5034bc,1001.0328,0,False
2026-08-30,0x92e46562c3e500410c140eefb5a6e615be5034bc,1000.0319,3,False
2026-08-31,0x92e46562c3e500410c140eefb5a6e615be5034bc,1000.2856,3,False
2026-09-01,0x92e46562c3e500410c140eefb5a6e615be5034bc,999.1131,0,False
2026-09-02,0x92e46562c3e500410c140eefb5a6e615be5034bc,997.8022,7,False
2026-09-03,0x92e46562c3e500410c140eefb5a6e615be5034bc,999.7538,0,False
2026-09-04,0x92e46562c3e500410c140eefb5a6e615be5034bc,998.7058,0,False
2026-09-05,0x92e46562c3e500410c140eefb5a6e615be5034bc,1000.0177,0,False
2026-09-06,0x92e46562c3e500410c140eefb5a6e615be5034bc,1001.6315,17,False
2026-09-07,0x92e46562c3e500410c140eefb5a6e615be5034bc,999.9546,1,False
2026-09-08,0x92e46562c3e500410c140eefb5a6e615be5034bc,999.0189,11,False
2026-09-09,0x92e46562c3e500410c140eefb5a6e615be5034bc,993.2211,39,False
2026-09-10,0x92e46562c3e500410c140eefb5a6e615be5034bc,983.7087,8,False
2026-09-11,0x92e46562c3e500410c140eefb5a6e615be5034bc,994.2197,0,False
2026-09-12,0x92e46562c3e500410c140eefb5a6e615be5034bc,994.0354,0,False
2026-09-13,0x92e46562c3e500410c140eefb5a6e615be5034bc,984.4855,0,False
2026-09-14,0x92e46562c3e500410c140eefb5a6e615be5034bc,994.2946,0,False
2026-09-15,0x92e46562c3e500410c140eefb5a6e615be5034bc,983.8196,0,False
2026-09-16,0x92e46562c3e500410c140eefb5a6e615be5034bc,982.7222,0,False
2026-09-17,0x92e46562c3e500410c140eefb5a6e615be5034bc,1000.3137,12,False
2026-09-18,0x92e46562c3e500410c140eefb5a6e615be5034bc,1030.6809,4,False
2026-09-19,0x92e46562c3e500410c140eefb5a6e615be5034bc,1038.0064,51,False
2026-09-20,0x92e46562c3e500410c140eefb5a6e615be5034bc,1056.8663,130,False
2026-09-21,0x92e46562c3e500410c140eefb5a6e615be5034bc,420.0028,301,True
2026-09-22,0x92e46562c3e500410c140eefb5a6e615be5034bc,420.0028,0,True
2026-09-23,0x92e46562c3e500410c140eefb5a6e615be5034bc,420.0028,0,True
2026-09-24,0x92e46562c3e500410c140eefb5a6e615be5034bc,420.0028,0,True
2026-09-25,0x92e46562c3e500410c140eefb5a6e615be5034bc,420.0028,0,True
2026-09-26,0x92e46562c3e500410c140eefb5a6e615be5034bc,420.0028,0,True
2026-09-27,0x92e46562c3e500410c140eefb5a6e615be5034bc,420.0028,0,True
2026-09-28,0x92e46562c3e500410c140eefb5a6e615be5034bc,420.0028,0,True
2026-09-29,0x92e46562c3e500410c140eefb5a6e615be5034bc,420.0028,0,True
2026-09-30,0x92e46562c3e500410c140eefb5a6e615be5034bc,420.0028,0,True
2026-10-01,0x92e46562c3e500410c140eefb5a6e615be5034bc,420.0028,0,True
2026-10-02,0x92e46562c3e500410c140eefb5a6e615be5034bc,420.0028,0,True
2026-08-19,0xa20fb0c9e04063eec5be286e9269028d966646fa,989.2378,140,False
2026-08-20,0xa20fb0c9e04063eec5be286e9269028d966646fa,976.2696,2,False
2026-08-21,0xa20fb0c9e04063eec5be286e9269028d966646fa,920.2446,233,False
2026-08-22,0xa20fb0c9e04063eec5be286e9269028d966646fa,959.648,353,False
2026-08-23,0xa20fb0c9e04063eec5be286e9269028d966646fa,933.8533,186,False
2026-08-24,0xa20fb0c9e04063eec5be286e9269028d966646fa,965.3495,166,False
2026-08-25,0xa20fb0c9e04063eec5be286e9269028d966646fa,1012.7192,440,False
2026-08-26,0xa20fb0c9e04063eec5be286e9269028d966646fa,910.4662,210,False
2026-08-27,0xa20fb0c9e04063eec5be286e9269028d966646fa,887.3668,170,False
2026-08-28,0xa20fb0c9e04063eec5be286e9269028d966646fa,1038.7365,109,False
2026-08-29,0xa20fb0c9e04063eec5be286e9269028d966646fa,1034.6312,1,False
2026-08-30,0xa20fb0c9e04063eec5be286e9269028d966646fa,1142.6483,10,False
2026-08-31,0xa20fb0c9e04063eec5be286e9269028d966646fa,1063.8212,48,False
2026-09-01,0xa20fb0c9e04063eec5be286e9269028d966646fa,1064.1558,1,False
2026-09-02,0xa20fb0c9e04063eec5be286e9269028d966646fa,1108.8145,4,False
2026-09-03,0xa20fb0c9e04063eec5be286e9269028d966646fa,929.8699,154,False
2026-09-04,0xa20fb0c9e04063eec5be286e9269028d966646fa,1079.8185,154,False
2026-09-05,0xa20fb0c9e04063eec5be286e9269028d966646fa,948.5278,0,False
2026-09-06,0xa20fb0c9e04063eec5be286e9269028d966646fa,859.5602,175,False
2026-09-07,0xa20fb0c9e04063eec5be286e9269028d966646fa,929.0743,186,False
2026-09-08,0xa20fb0c9e04063eec5be286e9269028d966646fa,992.0787,0,False
2026-09-09,0xa20fb0c9e04063eec5be286e9269028d966646fa,1077.3768,8,False
2026-09-10,0xa20fb0c9e04063eec5be286e9269028d966646fa,1214.9957,38,False
2026-09-11,0xa20fb0c9e04063eec5be286e9269028d966646fa,1169.262,48,False
2026-09-12,0xa20fb0c9e04063eec5be286e9269028d966646fa,1154.4787,304,False
2026-09-13,0xa20fb0c9e04063eec5be286e9269028d966646fa,1200.9937,44,False
2026-09-14,0xa20fb0c9e04063eec5be286e9269028d966646fa,1146.9873,140,False
2026-09-15,0xa20fb0c9e04063eec5be286e9269028d966646fa,1293.0474,280,False
2026-09-16,0xa20fb0c9e04063eec5be286e9269028d966646fa,1266.5307,1,False
2026-09-17,0xa20fb0c9e04063eec5be286e9269028d966646fa,1130.3905,0,False
2026-09-18,0xa20fb0c9e04063eec5be286e9269028d966646fa,860.6597,0,False
2026-09-19,0xa20fb0c9e04063eec5be286e9269028d966646fa,822.1581,192,False
2026-09-20,0xa20fb0c9e04063eec5be286e9269028d966646fa,739.6789,552,True
2026-09-21,0xa20fb0c9e04063eec5be286e9269028d966646fa,739.6789,0,True
2026-09-22,0xa20fb0c9e04063eec5be286e9269028d966646fa,739.6789,0,True
2026-09-23,0xa20fb0c9e04063eec5be286e9269028d966646fa,739.6789,0,True
2026-09-24,0xa20fb0c9e04063eec5be286e9269028d966646fa,739.6789,0,True
2026-09-25,0xa20fb0c9e04063eec5be286e9269028d966646fa,739.6789,0,True
2026-09-26,0xa20fb0c9e04063eec5be286e9269028d966646fa,739.6789,0,True
2026-09-27,0xa20fb0c9e04063eec5be286e9269028d966646fa,739.6789,0,True
2026-09-28,0xa20fb0c9e04063eec5be286e9269028d966646fa,739.6789,0,True
2026-09-29,0xa20fb0c9e04063eec5be286e9269028d966646fa,739.6789,0,True
2026-09-30,0xa20fb0c9e04063eec5be286e9269028d966646fa,739.6789,0,True
2026-10-01,0xa20fb0c9e04063eec5be286e9269028d966646fa,739.6789,0,True
2026-10-02,0xa20fb0c9e04063eec5be286e9269028d966646fa,739.6789,0,True
2026-08-19,0x054a01da80ee37d5220af5471b1eedbdcd2cdb2f,1012.0226,5,False
2026-08-20,0x054a01da80ee37d5220af5471b1eedbdcd2cdb2f,1076.1773,18,False
2026-08-21,0x054a01da80ee37d5220af5471b1eedbdcd2cdb2f,1155.6486,20,False
2026-08-22,0x054a01da80ee37d5220af5471b1eedbdcd2cdb2f,1137.7592,0,False
2026-08-23,0x054a01da80ee37d5220af5471b1eedbdcd2cdb2f,1147.3623,0,False
2026-08-24,0x054a01da80ee37d5220af5471b1eedbdcd2cdb2f,1164.4216,0,False
2026-08-25,0x054a01da80ee37d5220af5471b1eedbdcd2cdb2f,1157.2372,0,False
2026-08-26,0x054a01da80ee37d5220af5471b1eedbdcd2cdb2f,1164.851,0,False
2026-08-27,0x054a01da80ee37d5220af5471b1eedbdcd2cdb2f,1179.6403,30,False
2026-08-28,0x054a01da80ee37d5220af5471b1eedbdcd2cdb2f,1150.6535,0,False
2026-08-29,0x054a01da80ee37d5220af5471b1eedbdcd2cdb2f,1155.4584,0,False
2026-08-30,0x054a01da80ee37d5220af5471b1eedbdcd2cdb2f,1148.5545,0,False
2026-08-31,0x054a01da80ee37d5220af5471b1eedbdcd2cdb2f,1159.6565,0,False
2026-09-01,0x054a01da80ee37d5220af5471b1eedbdcd2cdb2f,1145.6424,0,False
2026-09-02,0x054a01da80ee37d5220af5471b1eedbdcd2cdb2f,1144.4291,0,False
2026-09-03,0x054a01da80ee37d5220af5471b1eedbdcd2cdb2f,1192.0527,0,False
2026-09-04,0x054a01da80ee37d5220af5471b1eedbdcd2cdb2f,1172.3845,0,False
2026-09-05,0x054a01da80ee37d5220af5471b1eedbdcd2cdb2f,1174.5806,0,False
2026-09-06,0x054a01da80ee37d5220af5471b1eedbdcd2cdb2f,1180.7687,0,False
2026-09-07,0x054a01da80ee37d5220af5471b1eedbdcd2cdb2f,1162.2397,32,False
2026-09-08,0x054a01da80ee37d5220af5471b1eedbdcd2cdb2f,1157.5624,0,False
2026-09-09,0x054a01da80ee37d5220af5471b1eedbdcd2cdb2f,1156.5483,0,False
2026-09-10,0x054a01da80ee37d5220af5471b1eedbdcd2cdb2f,1144.1087,0,False
2026-09-11,0x054a01da80ee37d5220af5471b1eedbdcd2cdb2f,1148.7289,0,False
2026-09-12,0x054a01da80ee37d5220af5471b1eedbdcd2cdb2f,1149.2145,0,False
2026-09-13,0x054a01da80ee37d5220af5471b1eedbdcd2cdb2f,1146.0867,0,False
2026-09-14,0x054a01da80ee37d5220af5471b1eedbdcd2cdb2f,1155.8842,0,False
2026-09-15,0x054a01da80ee37d5220af5471b1eedbdcd2cdb2f,1137.5032,0,False
2026-09-16,0x054a01da80ee37d5220af5471b1eedbdcd2cdb2f,1141.5879,0,False
2026-09-17,0x054a01da80ee37d5220af5471b1eedbdcd2cdb2f,1143.1303,0,False
2026-09-18,0x054a01da80ee37d5220af5471b1eedbdcd2cdb2f,1175.4078,0,False
2026-09-19,0x054a01da80ee37d5220af5471b1eedbdcd2cdb2f,1178.0928,0,False
2026-09-20,0x054a01da80ee37d5220af5471b1eedbdcd2cdb2f,1177.5858,0,False
2026-09-21,0x054a01da80ee37d5220af5471b1eedbdcd2cdb2f,1214.904,4,False
2026-09-22,0x054a01da80ee37d5220af5471b1eedbdcd2cdb2f,1212.6923,0,False
2026-09-23,0x054a01da80ee37d5220af5471b1eedbdcd2cdb2f,1202.9556,0,False
2026-09-24,0x054a01da80ee37d5220af5471b1eedbdcd2cdb2f,1203.0545,0,False
2026-09-25,0x054a01da80ee37d5220af5471b1eedbdcd2cdb2f,1201.3944,0,False
2026-09-26,0x054a01da80ee37d5220af5471b1eedbdcd2cdb2f,1203.2002,0,False
2026-09-27,0x054a01da80ee37d5220af5471b1eedbdcd2cdb2f,1203.3251,0,False
2026-09-28,0x054a01da80ee37d5220af5471b1eedbdcd2cdb2f,1198.2252,0,False
2026-09-29,0x054a01da80ee37d5220af5471b1eedbdcd2cdb2f,1199.0734,0,False
2026-09-30,0x054a01da80ee37d5220af5471b1eedbdcd2cdb2f,1199.0058,0,False
2026-10-01,0x054a01da80ee37d5220af5471b1eedbdcd2cdb2f,1205.4067,0,False
2026-10-02,0x054a01da80ee37d5220af5471b1eedbdcd2cdb2f,1203.5593,0,False
2026-08-19,0x8477e447846c758f5a675856001ea72298fd9cb5,979.8571,6,False
2026-08-20,0x8477e447846c758f5a675856001ea72298fd9cb5,964.2535,9,False
2026-08-21,0x8477e447846c758f5a675856001ea72298fd9cb5,914.0037,2,False
2026-08-22,0x8477e447846c758f5a675856001ea72298fd9cb5,941.9172,33,False
2026-08-23,0x8477e447846c758f5a675856001ea72298fd9cb5,924.3466,0,False
2026-08-24,0x8477e447846c758f5a675856001ea72298fd9cb5,923.1963,0,False
2026-08-25,0x8477e447846c758f5a675856001ea72298fd9cb5,941.3535,0,False
2026-08-26,0x8477e447846c758f5a675856001ea72298fd9cb5,919.8863,0,False
2026-08-27,0x8477e447846c758f5a675856001ea72298fd9cb5,919.3104,0,False
2026-08-28,0x8477e447846c758f5a675856001ea72298fd9cb5,945.5189,47,False
2026-08-29,0x8477e447846c758f5a675856001ea72298fd9cb5,934.7979,12,False
2026-08-30,0x8477e447846c758f5a675856001ea72298fd9cb5,962.0935,13,False
2026-08-31,0x8477e447846c758f5a675856001ea72298fd9cb5,928.9192,33,False
2026-09-01,0x8477e447846c758f5a675856001ea72298fd9cb5,943.8959,19,False
2026-09-02,0x8477e447846c758f5a675856001ea72298fd9cb5,957.6742,64,False
2026-09-03,0x8477e447846c758f5a675856001ea72298fd9cb5,899.9994,106,False
2026-09-04,0x8477e447846c758f5a675856001ea72298fd9cb5,936.0363,75,False
2026-09-05,0x8477e447846c758f5a675856001ea72298fd9cb5,927.734,60,False
2026-09-06,0x8477e447846c758f5a675856001ea72298fd9cb5,905.9533,107,False
2026-09-07,0x8477e447846c758f5a675856001ea72298fd9cb5,926.4581,94,False
2026-09-08,0x8477e447846c758f5a675856001ea72298fd9cb5,941.1539,59,False
2026-09-09,0x8477e447846c758f5a675856001ea72298fd9cb5,954.7035,69,False
2026-09-10,0x8477e447846c758f5a675856001ea72298fd9cb5,976.5297,2,False
2026-09-11,0x8477e447846c758f5a675856001ea72298fd9cb5,965.4345,6,False
2026-09-12,0x8477e447846c758f5a675856001ea72298fd9cb5,964.0837,11,False
2026-09-13,0x8477e447846c758f5a675856001ea72298fd9cb5,987.7253,0,False
2026-09-14,0x8477e447846c758f5a675856001ea72298fd9cb5,980.3147,0,False
2026-09-15,0x8477e447846c758f5a675856001ea72298fd9cb5,1009.1614,0,False
2026-09-16,0x8477e447846c758f5a675856001ea72298fd9cb5,998.5828,4,False
2026-09-17,0x8477e447846c758f5a675856001ea72298fd9cb5,978.8373,0,False
2026-09-18,0x8477e447846c758f5a675856001ea72298fd9cb5,926.9436,0,False
2026-09-19,0x8477e447846c758f5a675856001ea72298fd9cb5,916.7492,0,False
2026-09-20,0x8477e447846c758f5a675856001ea72298fd9cb5,912.0542,0,False
2026-09-21,0x8477e447846c758f5a675856001ea72298fd9cb5,871.1884,0,False
2026-09-22,0x8477e447846c758f5a675856001ea72298fd9cb5,872.3432,1,False
2026-09-23,0x8477e447846c758f5a675856001ea72298fd9cb5,894.2629,1,False
2026-09-24,0x8477e447846c758f5a675856001ea72298fd9cb5,892.8405,1,False
2026-09-25,0x8477e447846c758f5a675856001ea72298fd9cb5,880.0174,29,False
2026-09-26,0x8477e447846c758f5a675856001ea72298fd9cb5,871.7539,67,False
2026-09-27,0x8477e447846c758f5a675856001ea72298fd9cb5,859.4859,142,False
2026-09-28,0x8477e447846c758f5a675856001ea72298fd9cb5,911.687,58,False
2026-09-29,0x8477e447846c758f5a675856001ea72298fd9cb5,894.0049,16,False
2026-09-30,0x8477e447846c758f5a675856001ea72298fd9cb5,872.7071,68,False
2026-10-01,0x8477e447846c758f5a675856001ea72298fd9cb5,868.7712,0,False
2026-10-02,0x8477e447846c758f5a675856001ea72298fd9cb5,871.525,77,False
2026-08-19,0x250a09aafe5c4e63a8c11d1743e19694d79ce113,941.7419,248,False
2026-08-20,0x250a09aafe5c4e63a8c11d1743e19694d79ce113,884.6123,174,False
2026-08-21,0x250a09aafe5c4e63a8c11d1743e19694d79ce113,726.0989,448,True
2026-08-22,0x250a09aafe5c4e63a8c11d1743e19694d79ce113,726.0989,0,True
2026-08-23,0x250a09aafe5c4e63a8c11d1743e19694d79ce113,726.0989,0,True
2026-08-24,0x250a09aafe5c4e63a8c11d1743e19694d79ce113,726.0989,0,True
2026-08-25,0x250a09aafe5c4e63a8c11d1743e19694d79ce113,726.0989,0,True
2026-08-26,0x250a09aafe5c4e63a8c11d1743e19694d79ce113,726.0989,0,True
2026-08-27,0x250a09aafe5c4e63a8c11d1743e19694d79ce113,726.0989,0,True
2026-08-28,0x250a09aafe5c4e63a8c11d1743e19694d79ce113,726.0989,0,True
2026-08-29,0x250a09aafe5c4e63a8c11d1743e19694d79ce113,726.0989,0,True
2026-08-30,0x250a09aafe5c4e63a8c11d1743e19694d79ce113,726.0989,0,True
2026-08-31,0x250a09aafe5c4e63a8c11d1743e19694d79ce113,726.0989,0,True
2026-09-01,0x250a09aafe5c4e63a8c11d1743e19694d79ce113,726.0989,0,True
2026-09-02,0x250a09aafe5c4e63a8c11d1743e19694d79ce113,726.0989,0,True
2026-09-03,0x250a09aafe5c4e63a8c11d1743e19694d79ce113,726.0989,0,True
2026-09-04,0x250a09aafe5c4e63a8c11d1743e19694d79ce113,726.0989,0,True
2026-09-05,0x250a09aafe5c4e63a8c11d1743e19694d79ce113,726.0989,0,True
2026-09-06,0x250a09aafe5c4e63a8c11d1743e19694d79ce113,726.0989,0,True
2026-09-07,0x250a09aafe5c4e63a8c11d1743e19694d79ce113,726.0989,0,True
2026-09-08,0x250a09aafe5c4e63a8c11d1743e19694d79ce113,726.0989,0,True
2026-09-09,0x250a09aafe5c4e63a8c11d1743e19694d79ce113,726.0989,0,True
2026-09-10,0x250a09aafe5c4e63a8c11d1743e19694d79ce113,726.0989,0,True
2026-09-11,0x250a09aafe5c4e63a8c11d1743e19694d79ce113,726.0989,0,True
2026-09-12,0x250a09aafe5c4e63a8c11d1743e19694d79ce113,726.0989,0,True
2026-09-13,0x250a09aafe5c4e63a8c11d1743e19694d79ce113,726.0989,0,True
2026-09-14,0x250a09aafe5c4e63a8c11d1743e19694d79ce113,726.0989,0,True
2026-09-15,0x250a09aafe5c4e63a8c11d1743e19694d79ce113,726.0989,0,True
2026-09-16,0x250a09aafe5c4e63a8c11d1743e19694d79ce113,726.0989,0,True
2026-09-17,0x250a09aafe5c4e63a8c11d1743e19694d79ce113,726.0989,0,True
2026-09-18,0x250a09aafe5c4e63a8c11d1743e19694d79ce113,726.0989,0,True
2026-09-19,0x250a09aafe5c4e63a8c11d1743e19694d79ce113,726.0989,0,True
2026-09-20,0x250a09aafe5c4e63a8c11d1743e19694d79ce113,726.0989,0,True
2026-09-21,0x250a09aafe5c4e63a8c11d1743e19694d79ce113,726.0989,0,True
2026-09-22,0x250a09aafe5c4e63a8c11d1743e19694d79ce113,726.0989,0,True
2026-09-23,0x250a09aafe5c4e63a8c11d1743e19694d79ce113,726.0989,0,True
2026-09-24,0x250a09aafe5c4e63a8c11d1743e19694d79ce113,726.0989,0,True
2026-09-25,0x250a09aafe5c4e63a8c11d1743e19694d79ce113,726.0989,0,True
2026-09-26,0x250a09aafe5c4e63a8c11d1743e19694d79ce113,726.0989,0,True
2026-09-27,0x250a09aafe5c4e63a8c11d1743e19694d79ce113,726.0989,0,True
2026-09-28,0x250a09aafe5c4e63a8c11d1743e19694d79ce113,726.0989,0,True
2026-09-29,0x250a09aafe5c4e63a8c11d1743e19694d79ce113,726.0989,0,True
2026-09-30,0x250a09aafe5c4e63a8c11d1743e19694d79ce113,726.0989,0,True
2026-10-01,0x250a09aafe5c4e63a8c11d1743e19694d79ce113,726.0989,0,True
2026-10-02,0x250a09aafe5c4e63a8c11d1743e19694d79ce113,726.0989,0,True
2026-08-19,0x96d51bfb2eb2c52265e9db1811b3ce65e3351127,1000.6685,81,False
2026-08-20,0x96d51bfb2eb2c52265e9db1811b3ce65e3351127,999.0922,49,False
2026-08-21,0x96d51bfb2eb2c52265e9db1811b3ce65e3351127,1008.0762,65,False
2026-08-22,0x96d51bfb2eb2c52265e9db1811b3ce65e3351127,1003.4481,73,False
2026-08-23,0x96d51bfb2eb2c52265e9db1811b3ce65e3351127,1014.4621,0,False
2026-08-24,0x96d51bfb2eb2c52265e9db1811b3ce65e3351127,1013.8374,185,False
2026-08-25,0x96d51bfb2eb2c52265e9db1811b3ce65e3351127,1003.0321,65,False
2026-08-26,0x96d51bfb2eb2c52265e9db1811b3ce65e3351127,1006.8743,0,False
2026-08-27,0x96d51bfb2eb2c52265e9db1811b3ce65e3351127,1014.4783,0,False
2026-08-28,0x96d51bfb2eb2c52265e9db1811b3ce65e3351127,1001.0549,0,False
2026-08-29,0x96d51bfb2eb2c52265e9db1811b3ce65e3351127,1001.4505,0,False
2026-08-30,0x96d51bfb2eb2c52265e9db1811b3ce65e3351127,997.1731,6,False
2026-08-31,0x96d51bfb2eb2c52265e9db1811b3ce65e3351127,998.7776,30,False
2026-09-01,0x96d51bfb2eb2c52265e9db1811b3ce65e3351127,994.1067,1,False
2026-09-02,0x96d51bfb2eb2c52265e9db1811b3ce65e3351127,993.856,24,False
2026-09-03,0x96d51bfb2eb2c52265e9db1811b3ce65e3351127,1001.8007,62,False
2026-09-04,0x96d51bfb2eb2c52265e9db1811b3ce65e3351127,999.3518,26,False
2026-09-05,0x96d51bfb2eb2c52265e9db1811b3ce65e3351127,1000.2308,3,False
2026-09-06,0x96d51bfb2eb2c52265e9db1811b3ce65e3351127,1018.4585,0,False
2026-09-07,0x96d51bfb2eb2c52265e9db1811b3ce65e3351127,1032.2956,134,False
2026-09-08,0x96d51bfb2eb2c52265e9db1811b3ce65e3351127,1034.3059,35,False
2026-09-09,0x96d51bfb2eb2c52265e9db1811b3ce65e3351127,1020.9172,0,False
2026-09-10,0x96d51bfb2eb2c52265e9db1811b3ce65e3351127,991.1752,172,False
2026-09-11,0x96d51bfb2eb2c52265e9db1811b3ce65e3351127,994.0861,35,False
2026-09-12,0x96d51bfb2eb2c52265e9db1811b3ce65e3351127,998.6233,0,False
2026-09-13,0x96d51bfb2eb2c52265e9db1811b3ce65e3351127,982.2626,0,False
2026-09-14,0x96d51bfb2eb2c52265e9db1811b3ce65e3351127,997.2943,17,False
2026-09-15,0x96d51bfb2eb2c52265e9db1811b3ce65e3351127,967.1327,105,False
2026-09-16,0x96d51bfb2eb2c52265e9db1811b3ce65e3351127,995.7651,113,False
2026-09-17,0x96d51bfb2eb2c52265e9db1811b3ce65e3351127,1033.9095,196,False
2026-09-18,0x96d51bfb2eb2c52265e9db1811b3ce65e3351127,1072.6722,9,False
2026-09-19,0x96d51bfb2eb2c52265e9db1811b3ce65e3351127,1069.3762,0,False
2026-09-20,0x96d51bfb2eb2c52265e9db1811b3ce65e3351127,1063.9554,0,False
2026-09-21,0x96d51bfb2eb2c52265e9db1811b3ce65e3351127,1102.0276,176,False
2026-09-22,0x96d51bfb2eb2c52265e9db1811b3ce65e3351127,1126.8991,134,False
2026-09-23,0x96d51bfb2eb2c52265e9db1811b3ce65e3351127,1058.6962,105,False
2026-09-24,0x96d51bfb2eb2c52265e9db1811b3ce65e3351127,1097.5277,154,False
2026-09-25,0x96d51bfb2eb2c52265e9db1811b3ce65e3351127,1149.4228,180,False
2026-09-26,0x96d51bfb2eb2c52265e9db1811b3ce65e3351127,1140.856,19,False
2026-09-27,0x96d51bfb2eb2c52265e9db1811b3ce65e3351127,1152.5272,0,False
2026-09-28,0x96d51bfb2eb2c52265e9db1811b3ce65e3351127,1120.3238,42,False
2026-09-29,0x96d51bfb2eb2c52265e9db1811b3ce65e3351127,1109.0099,50,False
2026-09-30,0x96d51bfb2eb2c52265e9db1811b3ce65e3351127,1127.9448,13,False
2026-10-01,0x96d51bfb2eb2c52265e9db1811b3ce65e3351127,1109.9173,103,False
2026-10-02,0x96d51bfb2eb2c52265e9db1811b3ce65e3351127,1086.0727,81,False
2026-08-19,0xad59ed47c226987cf458a63428ca10887773ba81,1000.502,2,False
2026-08-20,0xad59ed47c226987cf458a63428ca10887773ba81,1001.0189,0,False
2026-08-21,0xad59ed47c226987cf458a63428ca10887773ba81,720.4698,141,True
2026-08-22,0xad59ed47c226987cf458a63428ca10887773ba81,720.4698,0,True
2026-08-23,0xad59ed47c226987cf458a63428ca10887773ba81,720.4698,0,True
2026-08-24,0xad59ed47c226987cf458a63428ca10887773ba81,720.4698,0,True
2026-08-25,0xad59ed47c226987cf458a63428ca10887773ba81,720.4698,0,True
2026-08-26,0xad59ed47c226987cf458a63428ca10887773ba81,720.4698,0,True
2026-08-27,0xad59ed47c226987cf458a63428ca10887773ba81,720.4698,0,True
2026-08-28,0xad59ed47c226987cf458a63428ca10887773ba81,720.4698,0,True
2026-08-29,0xad59ed47c226987cf458a63428ca10887773ba81,720.4698,0,True
2026-08-30,0xad59ed47c226987cf458a63428ca10887773ba81,720.4698,0,True
2026-08-31,0xad59ed47c226987cf458a63428ca10887773ba81,720.4698,0,True
2026-09-01,0xad59ed47c226987cf458a63428ca10887773ba81,720.4698,0,True
2026-09-02,0xad59ed47c226987cf458a63428ca10887773ba81,720.4698,0,True
2026-09-03,0xad59ed47c226987cf458a63428ca10887773ba81,720.4698,0,True
2026-09-04,0xad59ed47c226987cf458a63428ca10887773ba81,720.4698,0,True
2026-09-05,0xad59ed47c226987cf458a63428ca10887773ba81,720.4698,0,True
2026-09-06,0xad59ed47c226987cf458a63428ca10887773ba81,720.4698,0,True
2026-09-07,0xad59ed47c226987cf458a63428ca10887773ba81,720.4698,0,True
2026-09-08,0xad59ed47c226987cf458a63428ca10887773ba81,720.4698,0,True
2026-09-09,0xad59ed47c226987cf458a63428ca10887773ba81,720.4698,0,True
2026-09-10,0xad59ed47c226987cf458a63428ca10887773ba81,720.4698,0,True
2026-09-11,0xad59ed47c226987cf458a63428ca10887773ba81,720.4698,0,True
2026-09-12,0xad59ed47c226987cf458a63428ca10887773ba81,720.4698,0,True
2026-09-13,0xad59ed47c226987cf458a63428ca10887773ba81,720.4698,0,True
2026-09-14,0xad59ed47c226987cf458a63428ca10887773ba81,720.4698,0,True
2026-09-15,0xad59ed47c226987cf458a63428ca10887773ba81,720.4698,0,True
2026-09-16,0xad59ed47c226987cf458a63428ca10887773ba81,720.4698,0,True
2026-09-17,0xad59ed47c226987cf458a63428ca10887773ba81,720.4698,0,True
2026-09-18,0xad59ed47c226987cf458a63428ca10887773ba81,720.4698,0,True
2026-09-19,0xad59ed47c226987cf458a63428ca10887773ba81,720.4698,0,True
2026-09-20,0xad59ed47c226987cf458a63428ca10887773ba81,720.4698,0,True
2026-09-21,0xad59ed47c226987cf458a63428ca10887773ba81,720.4698,0,True
2026-09-22,0xad59ed47c226987cf458a63428ca10887773ba81,720.4698,0,True
2026-09-23,0xad59ed47c226987cf458a63428ca10887773ba81,720.4698,0,True
2026-09-24,0xad59ed47c226987cf458a63428ca10887773ba81,720.4698,0,True
2026-09-25,0xad59ed47c226987cf458a63428ca10887773ba81,720.4698,0,True
2026-09-26,0xad59ed47c226987cf458a63428ca10887773ba81,720.4698,0,True
2026-09-27,0xad59ed47c226987cf458a63428ca10887773ba81,720.4698,0,True
2026-09-28,0xad59ed47c226987cf458a63428ca10887773ba81,720.4698,0,True
2026-09-29,0xad59ed47c226987cf458a63428ca10887773ba81,720.4698,0,True
2026-09-30,0xad59ed47c226987cf458a63428ca10887773ba81,720.4698,0,True
2026-10-01,0xad59ed47c226987cf458a63428ca10887773ba81,720.4698,0,True
2026-10-02,0xad59ed47c226987cf458a63428ca10887773ba81,720.4698,0,True
2026-08-19,0x649156ebf0a350deb18a1e4835873defd4dc5349,1022.6754,258,False
2026-08-20,0x649156ebf0a350deb18a1e4835873defd4dc5349,1038.4549,0,False
2026-08-21,0x649156ebf0a350deb18a1e4835873defd4dc5349,1053.64,155,False
2026-08-22,0x649156ebf0a350deb18a1e4835873defd4dc5349,1049.3671,48,False
2026-08-23,0x649156ebf0a350deb18a1e4835873defd4dc5349,1061.2023,38,False
2026-08-24,0x649156ebf0a350deb18a1e4835873defd4dc5349,987.036,124,False
2026-08-25,0x649156ebf0a350deb18a1e4835873defd4dc5349,1031.2768,54,False
2026-08-26,0x649156ebf0a350deb18a1e4835873defd4dc5349,1064.4603,97,False
2026-08-27,0x649156ebf0a350deb18a1e4835873defd4dc5349,1040.68,95,False
2026-08-28,0x649156ebf0a350deb18a1e4835873defd4dc5349,1027.376,88,False
2026-08-29,0x649156ebf0a350deb18a1e4835873defd4dc5349,1043.6913,28,False
2026-08-30,0x649156ebf0a350deb18a1e4835873defd4dc5349,1008.546,47,False
2026-08-31,0x649156ebf0a350deb18a1e4835873defd4dc5349,1039.6358,47,False
2026-09-01,0x649156ebf0a350deb18a1e4835873defd4dc5349,1018.5931,18,False
2026-09-02,0x649156ebf0a350deb18a1e4835873defd4dc5349,1031.5068,19,False
2026-09-03,0x649156ebf0a350deb18a1e4835873defd4dc5349,1015.5734,10,False
2026-09-04,0x649156ebf0a350deb18a1e4835873defd4dc5349,1054.7994,82,False
2026-09-05,0x649156ebf0a350deb18a1e4835873defd4dc5349,1054.0176,15,False
2026-09-06,0x649156ebf0a350deb18a1e4835873defd4dc5349,1053.5168,5,False
2026-09-07,0x649156ebf0a350deb18a1e4835873defd4dc5349,1067.9847,1,False
2026-09-08,0x649156ebf0a350deb18a1e4835873defd4dc5349,1073.2962,42,False
2026-09-09,0x649156ebf0a350deb18a1e4835873defd4dc5349,1073.6593,0,False
2026-09-10,0x649156ebf0a350deb18a1e4835873defd4dc5349,1078.3472,0,False
2026-09-11,0x649156ebf0a350deb18a1e4835873defd4dc5349,1077.7733,0,False
2026-09-12,0x649156ebf0a350deb18a1e4835873defd4dc5349,1077.9194,0,False
2026-09-13,0x649156ebf0a350deb18a1e4835873defd4dc5349,1029.3809,109,False
2026-09-14,0x649156ebf0a350deb18a1e4835873defd4dc5349,990.7966,0,False
2026-09-15,0x649156ebf0a350deb18a1e4835873defd4dc5349,963.3779,0,False
2026-09-16,0x649156ebf0a350deb18a1e4835873defd4dc5349,1047.9371,0,False
2026-09-17,0x649156ebf0a350deb18a1e4835873defd4dc5349,1084.7902,0,False
2026-09-18,0x649156ebf0a350deb18a1e4835873defd4dc5349,1142.4709,0,False
2026-09-19,0x649156ebf0a350deb18a1e4835873defd4dc5349,1124.9143,6,False
2026-09-20,0x649156ebf0a350deb18a1e4835873defd4dc5349,1143.995,5,False
2026-09-21,0x649156ebf0a350deb18a1e4835873defd4dc5349,1182.1288,56,False
2026-09-22,0x649156ebf0a350deb18a1e4835873defd4dc5349,1132.112,9,False
2026-09-23,0x649156ebf0a350deb18a1e4835873defd4dc5349,1130.4826,12,False
2026-09-24,0x649156ebf0a350deb18a1e4835873defd4dc5349,1135.1311,46,False
2026-09-25,0x649156ebf0a350deb18a1e4835873defd4dc5349,1127.7117,33,False
2026-09-26,0x649156ebf0a350deb18a1e4835873defd4dc5349,1136.5622,32,False
2026-09-27,0x649156ebf0a350deb18a1e4835873defd4dc5349,1133.0426,107,False
2026-09-28,0x649156ebf0a350deb18a1e4835873defd4dc5349,1144.2556,20,False
2026-09-29,0x649156ebf0a350deb18a1e4835873defd4dc5349,1142.0771,2,False
2026-09-30,0x649156ebf0a350deb18a1e4835873defd4dc5349,1130.8501,14,False
2026-10-01,0x649156ebf0a350deb18a1e4835873defd4dc5349,1131.5618,20,False
2026-10-02,0x649156ebf0a350deb18a1e4835873defd4dc5349,1139.2272,18,False
2026-08-19,0x6f83ab8890ed38bf38a31010aa9a5e9ca743bfad,1002.7035,22,False
2026-08-20,0x6f83ab8890ed38bf38a31010aa9a5e9ca743bfad,973.3602,0,False
2026-08-21,0x6f83ab8890ed38bf38a31010aa9a5e9ca743bfad,914.6442,42,False
2026-08-22,0x6f83ab8890ed38bf38a31010aa9a5e9ca743bfad,942.0373,63,False
2026-08-23,0x6f83ab8890ed38bf38a31010aa9a5e9ca743bfad,933.2084,4,False
2026-08-24,0x6f83ab8890ed38bf38a31010aa9a5e9ca743bfad,921.8428,1,False
2026-08-25,0x6f83ab8890ed38bf38a31010aa9a5e9ca743bfad,927.7944,25,False
2026-08-26,0x6f83ab8890ed38bf38a31010aa9a5e9ca743bfad,915.4548,0,False
2026-08-27,0x6f83ab8890ed38bf38a31010aa9a5e9ca743bfad,910.4877,0,False
2026-08-28,0x6f83ab8890ed38bf38a31010aa9a5e9ca743bfad,930.2737,0,False
2026-08-29,0x6f83ab8890ed38bf38a31010aa9a5e9ca743bfad,925.9204,0,False
2026-08-30,0x6f83ab8890ed38bf38a31010aa9a5e9ca743bfad,933.1942,0,False
2026-08-31,0x6f83ab8890ed38bf38a31010aa9a5e9ca743bfad,920.7912,0,False
2026-09-01,0x6f83ab8890ed38bf38a31010aa9a5e9ca743bfad,933.7489,0,False
2026-09-02,0x6f83ab8890ed38bf38a31010aa9a5e9ca743bfad,939.4594,24,False
2026-09-03,0x6f83ab8890ed38bf38a31010aa9a5e9ca743bfad,918.8654,97,False
2026-09-04,0x6f83ab8890ed38bf38a31010aa9a5e9ca743bfad,907.6589,147,False
2026-09-05,0x6f83ab8890ed38bf38a31010aa9a5e9ca743bfad,904.8703,100,False
2026-09-06,0x6f83ab8890ed38bf38a31010aa9a5e9ca743bfad,884.2052,69,False
2026-09-07,0x6f83ab8890ed38bf38a31010aa9a5e9ca743bfad,888.5179,61,False
2026-09-08,0x6f83ab8890ed38bf38a31010aa9a5e9ca743bfad,890.0489,49,False
2026-09-09,0x6f83ab8890ed38bf38a31010aa9a5e9ca743bfad,879.4889,47,False
2026-09-10,0x6f83ab8890ed38bf38a31010aa9a5e9ca743bfad,842.9467,195,False
2026-09-11,0x6f83ab8890ed38bf38a31010aa9a5e9ca743bfad,828.2908,0,False
2026-09-12,0x6f83ab8890ed38bf38a31010aa9a5e9ca743bfad,833.3231,0,False
2026-09-13,0x6f83ab8890ed38bf38a31010aa9a5e9ca743bfad,834.4408,0,False
2026-09-14,0x6f83ab8890ed38bf38a31010aa9a5e9ca743bfad,865.0744,58,False
2026-09-15,0x6f83ab8890ed38bf38a31010aa9a5e9ca743bfad,880.326,0,False
2026-09-16,0x6f83ab8890ed38bf38a31010aa9a5e9ca743bfad,862.0909,18,False
2026-09-17,0x6f83ab8890ed38bf38a31010aa9a5e9ca743bfad,895.0336,0,False
2026-09-18,0x6f83ab8890ed38bf38a31010aa9a5e9ca743bfad,856.8638,0,False
2026-09-19,0x6f83ab8890ed38bf38a31010aa9a5e9ca743bfad,826.9027,0,False
2026-09-20,0x6f83ab8890ed38bf38a31010aa9a5e9ca743bfad,826.0098,0,False
2026-09-21,0x6f83ab8890ed38bf38a31010aa9a5e9ca743bfad,783.3606,19,True
2026-09-22,0x6f83ab8890ed38bf38a31010aa9a5e9ca743bfad,783.3606,0,True
2026-09-23,0x6f83ab8890ed38bf38a31010aa9a5e9ca743bfad,783.3606,0,True
2026-09-24,0x6f83ab8890ed38bf38a31010aa9a5e9ca743bfad,783.3606,0,True
2026-09-25,0x6f83ab8890ed38bf38a31010aa9a5e9ca743bfad,783.3606,0,True
2026-09-26,0x6f83ab8890ed38bf38a31010aa9a5e9ca743bfad,783.3606,0,True
2026-09-27,0x6f83ab8890ed38bf38a31010aa9a5e9ca743bfad,783.3606,0,True
2026-09-28,0x6f83ab8890ed38bf38a31010aa9a5e9ca743bfad,783.3606,0,True
2026-09-29,0x6f83ab8890ed38bf38a31010aa9a5e9ca743bfad,783.3606,0,True
2026-09-30,0x6f83ab8890ed38bf38a31010aa9a5e9ca743bfad,783.3606,0,True
2026-10-01,0x6f83ab8890ed38bf38a31010aa9a5e9ca743bfad,783.3606,0,True
2026-10-02,0x6f83ab8890ed38bf38a31010aa9a5e9ca743bfad,783.3606,0,True
2026-08-19,0x3eeb3368c7676fae6a3496cb0ee2d3a99cb460e4,1000.0,1,False
2026-08-20,0x3eeb3368c7676fae6a3496cb0ee2d3a99cb460e4,1000.7022,17,False
2026-08-21,0x3eeb3368c7676fae6a3496cb0ee2d3a99cb460e4,1000.7022,1,False
2026-08-22,0x3eeb3368c7676fae6a3496cb0ee2d3a99cb460e4,1007.3716,41,False
2026-08-23,0x3eeb3368c7676fae6a3496cb0ee2d3a99cb460e4,1017.3381,0,False
2026-08-24,0x3eeb3368c7676fae6a3496cb0ee2d3a99cb460e4,1036.4082,0,False
2026-08-25,0x3eeb3368c7676fae6a3496cb0ee2d3a99cb460e4,1020.8208,8,False
2026-08-26,0x3eeb3368c7676fae6a3496cb0ee2d3a99cb460e4,1056.0973,0,False
2026-08-27,0x3eeb3368c7676fae6a3496cb0ee2d3a99cb460e4,1080.4972,11,False
2026-08-28,0x3eeb3368c7676fae6a3496cb0ee2d3a99cb460e4,1063.2193,165,False
2026-08-29,0x3eeb3368c7676fae6a3496cb0ee2d3a99cb460e4,1061.7377,12,False
2026-08-30,0x3eeb3368c7676fae6a3496cb0ee2d3a99cb460e4,1064.3872,157,False
2026-08-31,0x3eeb3368c7676fae6a3496cb0ee2d3a99cb460e4,1069.6395,62,False
2026-09-01,0x3eeb3368c7676fae6a3496cb0ee2d3a99cb460e4,1074.1111,45,False
2026-09-02,0x3eeb3368c7676fae6a3496cb0ee2d3a99cb460e4,1074.9912,11,False
2026-09-03,0x3eeb3368c7676fae6a3496cb0ee2d3a99cb460e4,1082.6744,45,False
2026-09-04,0x3eeb3368c7676fae6a3496cb0ee2d3a99cb460e4,1082.6461,11,False
2026-09-05,0x3eeb3368c7676fae6a3496cb0ee2d3a99cb460e4,1085.7273,0,False
2026-09-06,0x3eeb3368c7676fae6a3496cb0ee2d3a99cb460e4,1092.2034,4,False
2026-09-07,0x3eeb3368c7676fae6a3496cb0ee2d3a99cb460e4,1083.7198,22,False
2026-09-08,0x3eeb3368c7676fae6a3496cb0ee2d3a99cb460e4,1081.8187,0,False
2026-09-09,0x3eeb3368c7676fae6a3496cb0ee2d3a99cb460e4,1077.9286,6,False
2026-09-10,0x3eeb3368c7676fae6a3496cb0ee2d3a99cb460e4,1064.0832,1,False
2026-09-11,0x3eeb3368c7676fae6a3496cb0ee2d3a99cb460e4,1085.6485,30,False
2026-09-12,0x3eeb3368c7676fae6a3496cb0ee2d3a99cb460e4,1085.3711,0,False
2026-09-13,0x3eeb3368c7676fae6a3496cb0ee2d3a99cb460e4,1079.5317,18,False
2026-09-14,0x3eeb3368c7676fae6a3496cb0ee2d3a99cb460e4,1085.4489,4,False
2026-09-15,0x3eeb3368c7676fae6a3496cb0ee2d3a99cb460e4,1060.4411,63,False
2026-09-16,0x3eeb3368c7676fae6a3496cb0ee2d3a99cb460e4,1079.4468,0,False
2026-09-17,0x3eeb3368c7676fae6a3496cb0ee2d3a99cb460e4,1108.5247,18,False
2026-09-18,0x3eeb3368c7676fae6a3496cb0ee2d3a99cb460e4,1115.7378,92,False
2026-09-19,0x3eeb3368c7676fae6a3496cb0ee2d3a99cb460e4,1117.5777,0,False
2026-09-20,0x3eeb3368c7676fae6a3496cb0ee2d3a99cb460e4,1116.0926,17,False
2026-09-21,0x3eeb3368c7676fae6a3496cb0ee2d3a99cb460e4,1106.5711,0,False
2026-09-22,0x3eeb3368c7676fae6a3496cb0ee2d3a99cb460e4,1106.9304,0,False
2026-09-23,0x3eeb3368c7676fae6a3496cb0ee2d3a99cb460e4,1111.5966,1,False
2026-09-24,0x3eeb3368c7676fae6a3496cb0ee2d3a99cb460e4,1109.0048,0,False
2026-09-25,0x3eeb3368c7676fae6a3496cb0ee2d3a99cb460e4,1102.3439,0,False
2026-09-26,0x3eeb3368c7676fae6a3496cb0ee2d3a99cb460e4,1103.3547,0,False
2026-09-27,0x3eeb3368c7676fae6a3496cb0ee2d3a99cb460e4,1102.616,0,False
2026-09-28,0x3eeb3368c7676fae6a3496cb0ee2d3a99cb460e4,1106.6333,0,False
2026-09-29,0x3eeb3368c7676fae6a3496cb0ee2d3a99cb460e4,1106.3612,0,False
2026-09-30,0x3eeb3368c7676fae6a3496cb0ee2d3a99cb460e4,1107.67,0,False
2026-10-01,0x3eeb3368c7676fae6a3496cb0ee2d3a99cb460e4,1107.2813,0,False
2026-10-02,0x3eeb3368c7676fae6a3496cb0ee2d3a99cb460e4,1107.048,0,False
2026-08-19,0x6a2cec2bda4749f113676bd9a5f3e64277260efd,951.2931,244,False
2026-08-20,0x6a2cec2bda4749f113676bd9a5f3e64277260efd,966.6874,402,False
2026-08-21,0x6a2cec2bda4749f113676bd9a5f3e64277260efd,697.2272,342,True
2026-08-22,0x6a2cec2bda4749f113676bd9a5f3e64277260efd,697.2272,0,True
2026-08-23,0x6a2cec2bda4749f113676bd9a5f3e64277260efd,697.2272,0,True
2026-08-24,0x6a2cec2bda4749f113676bd9a5f3e64277260efd,697.2272,0,True
2026-08-25,0x6a2cec2bda4749f113676bd9a5f3e64277260efd,697.2272,0,True
2026-08-26,0x6a2cec2bda4749f113676bd9a5f3e64277260efd,697.2272,0,True
2026-08-27,0x6a2cec2bda4749f113676bd9a5f3e64277260efd,697.2272,0,True
2026-08-28,0x6a2cec2bda4749f113676bd9a5f3e64277260efd,697.2272,0,True
2026-08-29,0x6a2cec2bda4749f113676bd9a5f3e64277260efd,697.2272,0,True
2026-08-30,0x6a2cec2bda4749f113676bd9a5f3e64277260efd,697.2272,0,True
2026-08-31,0x6a2cec2bda4749f113676bd9a5f3e64277260efd,697.2272,0,True
2026-09-01,0x6a2cec2bda4749f113676bd9a5f3e64277260efd,697.2272,0,True
2026-09-02,0x6a2cec2bda4749f113676bd9a5f3e64277260efd,697.2272,0,True
2026-09-03,0x6a2cec2bda4749f113676bd9a5f3e64277260efd,697.2272,0,True
2026-09-04,0x6a2cec2bda4749f113676bd9a5f3e64277260efd,697.2272,0,True
2026-09-05,0x6a2cec2bda4749f113676bd9a5f3e64277260efd,697.2272,0,True
2026-09-06,0x6a2cec2bda4749f113676bd9a5f3e64277260efd,697.2272,0,True
2026-09-07,0x6a2cec2bda4749f113676bd9a5f3e64277260efd,697.2272,0,True
2026-09-08,0x6a2cec2bda4749f113676bd9a5f3e64277260efd,697.2272,0,True
2026-09-09,0x6a2cec2bda4749f113676bd9a5f3e64277260efd,697.2272,0,True
2026-09-10,0x6a2cec2bda4749f113676bd9a5f3e64277260efd,697.2272,0,True
2026-09-11,0x6a2cec2bda4749f113676bd9a5f3e64277260efd,697.2272,0,True
2026-09-12,0x6a2cec2bda4749f113676bd9a5f3e64277260efd,697.2272,0,True
2026-09-13,0x6a2cec2bda4749f113676bd9a5f3e64277260efd,697.2272,0,True
2026-09-14,0x6a2cec2bda4749f113676bd9a5f3e64277260efd,697.2272,0,True
2026-09-15,0x6a2cec2bda4749f113676bd9a5f3e64277260efd,697.2272,0,True
2026-09-16,0x6a2cec2bda4749f113676bd9a5f3e64277260efd,697.2272,0,True
2026-09-17,0x6a2cec2bda4749f113676bd9a5f3e64277260efd,697.2272,0,True
2026-09-18,0x6a2cec2bda4749f113676bd9a5f3e64277260efd,697.2272,0,True
2026-09-19,0x6a2cec2bda4749f113676bd9a5f3e64277260efd,697.2272,0,True
2026-09-20,0x6a2cec2bda4749f113676bd9a5f3e64277260efd,697.2272,0,True
2026-09-21,0x6a2cec2bda4749f113676bd9a5f3e64277260efd,697.2272,0,True
2026-09-22,0x6a2cec2bda4749f113676bd9a5f3e64277260efd,697.2272,0,True
2026-09-23,0x6a2cec2bda4749f113676bd9a5f3e64277260efd,697.2272,0,True
2026-09-24,0x6a2cec2bda4749f113676bd9a5f3e64277260efd,697.2272,0,True
2026-09-25,0x6a2cec2bda4749f113676bd9a5f3e64277260efd,697.2272,0,True
2026-09-26,0x6a2cec2bda4749f113676bd9a5f3e64277260efd,697.2272,0,True
2026-09-27,0x6a2cec2bda4749f113676bd9a5f3e64277260efd,697.2272,0,True
2026-09-28,0x6a2cec2bda4749f113676bd9a5f3e64277260efd,697.2272,0,True
2026-09-29,0x6a2cec2bda4749f113676bd9a5f3e64277260efd,697.2272,0,True
2026-09-30,0x6a2cec2bda4749f113676bd9a5f3e64277260efd,697.2272,0,True
2026-10-01,0x6a2cec2bda4749f113676bd9a5f3e64277260efd,697.2272,0,True
2026-10-02,0x6a2cec2bda4749f113676bd9a5f3e64277260efd,697.2272,0,True
2026-08-19,0xc5d8d0cf8ecb6b923f4d11f5d0f6f79e5c384131,1000.6216,21,False
2026-08-20,0xc5d8d0cf8ecb6b923f4d11f5d0f6f79e5c384131,1004.0545,0,False
2026-08-21,0xc5d8d0cf8ecb6b923f4d11f5d0f6f79e5c384131,1010.1765,13,False
2026-08-22,0xc5d8d0cf8ecb6b923f4d11f5d0f6f79e5c384131,992.8544,0,False
2026-08-23,0xc5d8d0cf8ecb6b923f4d11f5d0f6f79e5c384131,968.8657,0,False
2026-08-24,0xc5d8d0cf8ecb6b923f4d11f5d0f6f79e5c384131,982.013,0,False
2026-08-25,0xc5d8d0cf8ecb6b923f4d11f5d0f6f79e5c384131,978.4401,0,False
2026-08-26,0xc5d8d0cf8ecb6b923f4d11f5d0f6f79e5c384131,955.3032,0,False
2026-08-27,0xc5d8d0cf8ecb6b923f4d11f5d0f6f79e5c384131,929.7323,0,False
2026-08-28,0xc5d8d0cf8ecb6b923f4d11f5d0f6f79e5c384131,969.2595,0,False
2026-08-29,0xc5d8d0cf8ecb6b923f4d11f5d0f6f79e5c384131,948.8937,0,False
2026-08-30,0xc5d8d0cf8ecb6b923f4d11f5d0f6f79e5c384131,975.588,0,False
2026-08-31,0xc5d8d0cf8ecb6b923f4d11f5d0f6f79e5c384131,943.0266,0,False
2026-09-01,0xc5d8d0cf8ecb6b923f4d11f5d0f6f79e5c384131,961.8213,0,False
2026-09-02,0xc5d8d0cf8ecb6b923f4d11f5d0f6f79e5c384131,970.0094,0,False
2026-09-03,0xc5d8d0cf8ecb6b923f4d11f5d0f6f79e5c384131,904.4007,0,False
2026-09-04,0xc5d8d0cf8ecb6b923f4d11f5d0f6f79e5c384131,935.6089,0,False
2026-09-05,0xc5d8d0cf8ecb6b923f4d11f5d0f6f79e5c384131,931.5407,0,False
2026-09-06,0xc5d8d0cf8ecb6b923f4d11f5d0f6f79e5c384131,911.5293,0,False
2026-09-07,0xc5d8d0cf8ecb6b923f4d11f5d0f6f79e5c384131,939.6721,0,False
2026-09-08,0xc5d8d0cf8ecb6b923f4d11f5d0f6f79e5c384131,942.4318,0,False
2026-09-09,0xc5d8d0cf8ecb6b923f4d11f5d0f6f79e5c384131,952.2001,0,False
2026-09-10,0xc5d8d0cf8ecb6b923f4d11f5d0f6f79e5c384131,996.8818,0,False
2026-09-11,0xc5d8d0cf8ecb6b923f4d11f5d0f6f79e5c384131,986.9696,0,False
2026-09-12,0xc5d8d0cf8ecb6b923f4d11f5d0f6f79e5c384131,984.8256,0,False
2026-09-13,0xc5d8d0cf8ecb6b923f4d11f5d0f6f79e5c384131,1004.0972,0,False
2026-09-14,0xc5d8d0cf8ecb6b923f4d11f5d0f6f79e5c384131,976.2022,0,False
2026-09-15,0xc5d8d0cf8ecb6b923f4d11f5d0f6f79e5c384131,1014.5177,0,False
2026-09-16,0xc5d8d0cf8ecb6b923f4d11f5d0f6f79e5c384131,1002.1454,0,False
2026-09-17,0xc5d8d0cf8ecb6b923f4d11f5d0f6f79e5c384131,954.7805,0,False
2026-09-18,0xc5d8d0cf8ecb6b923f4d11f5d0f6f79e5c384131,879.1764,0,False
2026-09-19,0xc5d8d0cf8ecb6b923f4d11f5d0f6f79e5c384131,879.7018,0,False
2026-09-20,0xc5d8d0cf8ecb6b923f4d11f5d0f6f79e5c384131,870.957,0,False
2026-09-21,0xc5d8d0cf8ecb6b923f4d11f5d0f6f79e5c384131,838.0489,3,False
2026-09-22,0xc5d8d0cf8ecb6b923f4d11f5d0f6f79e5c384131,820.9019,1,False
2026-09-23,0xc5d8d0cf8ecb6b923f4d11f5d0f6f79e5c384131,850.9562,0,False
2026-09-24,0xc5d8d0cf8ecb6b923f4d11f5d0f6f79e5c384131,868.4445,0,False
2026-09-25,0xc5d8d0cf8ecb6b923f4d11f5d0f6f79e5c384131,876.1234,57,False
2026-09-26,0xc5d8d0cf8ecb6b923f4d11f5d0f6f79e5c384131,869.8091,0,False
2026-09-27,0xc5d8d0cf8ecb6b923f4d11f5d0f6f79e5c384131,884.0092,0,False
2026-09-28,0xc5d8d0cf8ecb6b923f4d11f5d0f6f79e5c384131,902.9136,12,False
2026-09-29,0xc5d8d0cf8ecb6b923f4d11f5d0f6f79e5c384131,907.7509,0,False
2026-09-30,0xc5d8d0cf8ecb6b923f4d11f5d0f6f79e5c384131,874.3085,0,False
2026-10-01,0xc5d8d0cf8ecb6b923f4d11f5d0f6f79e5c384131,887.0213,0,False
2026-10-02,0xc5d8d0cf8ecb6b923f4d11f5d0f6f79e5c384131,877.4755,0,False
2026-08-19,0x984f6a8aa8584dde8f1fa9b240b09f4df3ac25e5,936.2959,1,False
2026-08-20,0x984f6a8aa8584dde8f1fa9b240b09f4df3ac25e5,755.728,5,True
2026-08-21,0x984f6a8aa8584dde8f1fa9b240b09f4df3ac25e5,755.728,0,True
2026-08-22,0x984f6a8aa8584dde8f1fa9b240b09f4df3ac25e5,755.728,0,True
2026-08-23,0x984f6a8aa8584dde8f1fa9b240b09f4df3ac25e5,755.728,0,True
2026-08-24,0x984f6a8aa8584dde8f1fa9b240b09f4df3ac25e5,755.728,0,True
2026-08-25,0x984f6a8aa8584dde8f1fa9b240b09f4df3ac25e5,755.728,0,True
2026-08-26,0x984f6a8aa8584dde8f1fa9b240b09f4df3ac25e5,755.728,0,True
2026-08-27,0x984f6a8aa8584dde8f1fa9b240b09f4df3ac25e5,755.728,0,True
2026-08-28,0x984f6a8aa8584dde8f1fa9b240b09f4df3ac25e5,755.728,0,True
2026-08-29,0x984f6a8aa8584dde8f1fa9b240b09f4df3ac25e5,755.728,0,True
2026-08-30,0x984f6a8aa8584dde8f1fa9b240b09f4df3ac25e5,755.728,0,True
2026-08-31,0x984f6a8aa8584dde8f1fa9b240b09f4df3ac25e5,755.728,0,True
2026-09-01,0x984f6a8aa8584dde8f1fa9b240b09f4df3ac25e5,755.728,0,True
2026-09-02,0x984f6a8aa8584dde8f1fa9b240b09f4df3ac25e5,755.728,0,True
2026-09-03,0x984f6a8aa8584dde8f1fa9b240b09f4df3ac25e5,755.728,0,True
2026-09-04,0x984f6a8aa8584dde8f1fa9b240b09f4df3ac25e5,755.728,0,True
2026-09-05,0x984f6a8aa8584dde8f1fa9b240b09f4df3ac25e5,755.728,0,True
2026-09-06,0x984f6a8aa8584dde8f1fa9b240b09f4df3ac25e5,755.728,0,True
2026-09-07,0x984f6a8aa8584dde8f1fa9b240b09f4df3ac25e5,755.728,0,True
2026-09-08,0x984f6a8aa8584dde8f1fa9b240b09f4df3ac25e5,755.728,0,True
2026-09-09,0x984f6a8aa8584dde8f1fa9b240b09f4df3ac25e5,755.728,0,True
2026-09-10,0x984f6a8aa8584dde8f1fa9b240b09f4df3ac25e5,755.728,0,True
2026-09-11,0x984f6a8aa8584dde8f1fa9b240b09f4df3ac25e5,755.728,0,True
2026-09-12,0x984f6a8aa8584dde8f1fa9b240b09f4df3ac25e5,755.728,0,True
2026-09-13,0x984f6a8aa8584dde8f1fa9b240b09f4df3ac25e5,755.728,0,True
2026-09-14,0x984f6a8aa8584dde8f1fa9b240b09f4df3ac25e5,755.728,0,True
2026-09-15,0x984f6a8aa8584dde8f1fa9b240b09f4df3ac25e5,755.728,0,True
2026-09-16,0x984f6a8aa8584dde8f1fa9b240b09f4df3ac25e5,755.728,0,True
2026-09-17,0x984f6a8aa8584dde8f1fa9b240b09f4df3ac25e5,755.728,0,True
2026-09-18,0x984f6a8aa8584dde8f1fa9b240b09f4df3ac25e5,755.728,0,True
2026-09-19,0x984f6a8aa8584dde8f1fa9b240b09f4df3ac25e5,755.728,0,True
2026-09-20,0x984f6a8aa8584dde8f1fa9b240b09f4df3ac25e5,755.728,0,True
2026-09-21,0x984f6a8aa8584dde8f1fa9b240b09f4df3ac25e5,755.728,0,True
2026-09-22,0x984f6a8aa8584dde8f1fa9b240b09f4df3ac25e5,755.728,0,True
2026-09-23,0x984f6a8aa8584dde8f1fa9b240b09f4df3ac25e5,755.728,0,True
2026-09-24,0x984f6a8aa8584dde8f1fa9b240b09f4df3ac25e5,755.728,0,True
2026-09-25,0x984f6a8aa8584dde8f1fa9b240b09f4df3ac25e5,755.728,0,True
2026-09-26,0x984f6a8aa8584dde8f1fa9b240b09f4df3ac25e5,755.728,0,True
2026-09-27,0x984f6a8aa8584dde8f1fa9b240b09f4df3ac25e5,755.728,0,True
2026-09-28,0x984f6a8aa8584dde8f1fa9b240b09f4df3ac25e5,755.728,0,True
2026-09-29,0x984f6a8aa8584dde8f1fa9b240b09f4df3ac25e5,755.728,0,True
2026-09-30,0x984f6a8aa8584dde8f1fa9b240b09f4df3ac25e5,755.728,0,True
2026-10-01,0x984f6a8aa8584dde8f1fa9b240b09f4df3ac25e5,755.728,0,True
2026-10-02,0x984f6a8aa8584dde8f1fa9b240b09f4df3ac25e5,755.728,0,True
2026-08-19,0x05a42708e46733da056d09e0a355bfd2c3054eba,979.0421,106,False
2026-08-20,0x05a42708e46733da056d09e0a355bfd2c3054eba,917.0624,83,False
2026-08-21,0x05a42708e46733da056d09e0a355bfd2c3054eba,827.094,79,False
2026-08-22,0x05a42708e46733da056d09e0a355bfd2c3054eba,855.2948,100,False
2026-08-23,0x05a42708e46733da056d09e0a355bfd2c3054eba,804.3196,151,False
2026-08-24,0x05a42708e46733da056d09e0a355bfd2c3054eba,849.1416,101,False
2026-08-25,0x05a42708e46733da056d09e0a355bfd2c3054eba,973.1748,99,False
2026-08-26,0x05a42708e46733da056d09e0a355bfd2c3054eba,890.3366,74,False
2026-08-27,0x05a42708e46733da056d09e0a355bfd2c3054eba,859.195,64,False
2026-08-28,0x05a42708e46733da056d09e0a355bfd2c3054eba,914.8616,33,False
2026-08-29,0x05a42708e46733da056d09e0a355bfd2c3054eba,927.463,16,False
2026-08-30,0x05a42708e46733da056d09e0a355bfd2c3054eba,1053.7424,27,False
2026-08-31,0x05a42708e46733da056d09e0a355bfd2c3054eba,947.5378,84,False
2026-09-01,0x05a42708e46733da056d09e0a355bfd2c3054eba,992.4779,16,False
2026-09-02,0x05a42708e46733da056d09e0a355bfd2c3054eba,988.0044,30,False
2026-09-03,0x05a42708e46733da056d09e0a355bfd2c3054eba,812.7337,334,False
2026-09-04,0x05a42708e46733da056d09e0a355bfd2c3054eba,890.8701,19,False
2026-09-05,0x05a42708e46733da056d09e0a355bfd2c3054eba,764.9756,60,True
2026-09-06,0x05a42708e46733da056d09e0a355bfd2c3054eba,764.9756,0,True
2026-09-07,0x05a42708e46733da056d09e0a355bfd2c3054eba,764.9756,0,True
2026-09-08,0x05a42708e46733da056d09e0a355bfd2c3054eba,764.9756,0,True
2026-09-09,0x05a42708e46733da056d09e0a355bfd2c3054eba,764.9756,0,True
2026-09-10,0x05a42708e46733da056d09e0a355bfd2c3054eba,764.9756,0,True
2026-09-11,0x05a42708e46733da056d09e0a355bfd2c3054eba,764.9756,0,True
2026-09-12,0x05a42708e46733da056d09e0a355bfd2c3054eba,764.9756,0,True
2026-09-13,0x05a42708e46733da056d09e0a355bfd2c3054eba,764.9756,0,True
2026-09-14,0x05a42708e46733da056d09e0a355bfd2c3054eba,764.9756,0,True
2026-09-15,0x05a42708e46733da056d09e0a355bfd2c3054eba,764.9756,0,True
2026-09-16,0x05a42708e46733da056d09e0a355bfd2c3054eba,764.9756,0,True
2026-09-17,0x05a42708e46733da056d09e0a355bfd2c3054eba,764.9756,0,True
2026-09-18,0x05a42708e46733da056d09e0a355bfd2c3054eba,764.9756,0,True
2026-09-19,0x05a42708e46733da056d09e0a355bfd2c3054eba,764.9756,0,True
2026-09-20,0x05a42708e46733da056d09e0a355bfd2c3054eba,764.9756,0,True
2026-09-21,0x05a42708e46733da056d09e0a355bfd2c3054eba,764.9756,0,True
2026-09-22,0x05a42708e46733da056d09e0a355bfd2c3054eba,764.9756,0,True
2026-09-23,0x05a42708e46733da056d09e0a355bfd2c3054eba,764.9756,0,True
2026-09-24,0x05a42708e46733da056d09e0a355bfd2c3054eba,764.9756,0,True
2026-09-25,0x05a42708e46733da056d09e0a355bfd2c3054eba,764.9756,0,True
2026-09-26,0x05a42708e46733da056d09e0a355bfd2c3054eba,764.9756,0,True
2026-09-27,0x05a42708e46733da056d09e0a355bfd2c3054eba,764.9756,0,True
2026-09-28,0x05a42708e46733da056d09e0a355bfd2c3054eba,764.9756,0,True
2026-09-29,0x05a42708e46733da056d09e0a355bfd2c3054eba,764.9756,0,True
2026-09-30,0x05a42708e46733da056d09e0a355bfd2c3054eba,764.9756,0,True
2026-10-01,0x05a42708e46733da056d09e0a355bfd2c3054eba,764.9756,0,True
2026-10-02,0x05a42708e46733da056d09e0a355bfd2c3054eba,764.9756,0,True
2026-08-19,0x7e09dfbba23d078e16f038b1ed4c558185c4be1e,1000.2377,1,False
2026-08-20,0x7e09dfbba23d078e16f038b1ed4c558185c4be1e,1000.3504,0,False
2026-08-21,0x7e09dfbba23d078e16f038b1ed4c558185c4be1e,1000.4003,0,False
2026-08-22,0x7e09dfbba23d078e16f038b1ed4c558185c4be1e,1000.5081,0,False
2026-08-23,0x7e09dfbba23d078e16f038b1ed4c558185c4be1e,1000.7898,4,False
2026-08-24,0x7e09dfbba23d078e16f038b1ed4c558185c4be1e,1000.6759,0,False
2026-08-25,0x7e09dfbba23d078e16f038b1ed4c558185c4be1e,1000.698,0,False
2026-08-26,0x7e09dfbba23d078e16f038b1ed4c558185c4be1e,1000.787,0,False
2026-08-27,0x7e09dfbba23d078e16f038b1ed4c558185c4be1e,1000.8671,0,False
2026-08-28,0x7e09dfbba23d078e16f038b1ed4c558185c4be1e,1000.7417,0,False
2026-08-29,0x7e09dfbba23d078e16f038b1ed4c558185c4be1e,1000.752,3,False
2026-08-30,0x7e09dfbba23d078e16f038b1ed4c558185c4be1e,1002.7829,1,False
2026-08-31,0x7e09dfbba23d078e16f038b1ed4c558185c4be1e,998.1362,12,False
2026-09-01,0x7e09dfbba23d078e16f038b1ed4c558185c4be1e,1001.7083,0,False
2026-09-02,0x7e09dfbba23d078e16f038b1ed4c558185c4be1e,996.6965,48,False
2026-09-03,0x7e09dfbba23d078e16f038b1ed4c558185c4be1e,966.664,6,False
2026-09-04,0x7e09dfbba23d078e16f038b1ed4c558185c4be1e,966.653,82,False
2026-09-05,0x7e09dfbba23d078e16f038b1ed4c558185c4be1e,964.6289,0,False
2026-09-06,0x7e09dfbba23d078e16f038b1ed4c558185c4be1e,959.4122,0,False
2026-09-07,0x7e09dfbba23d078e16f038b1ed4c558185c4be1e,965.1515,0,False
2026-09-08,0x7e09dfbba23d078e16f038b1ed4c558185c4be1e,965.2659,0,False
2026-09-09,0x7e09dfbba23d078e16f038b1ed4c558185c4be1e,968.595,0,False
2026-09-10,0x7e09dfbba23d078e16f038b1ed4c558185c4be1e,976.9481,10,False
2026-09-11,0x7e09dfbba23d078e16f038b1ed4c558185c4be1e,980.7451,8,False
2026-09-12,0x7e09dfbba23d078e16f038b1ed4c558185c4be1e,981.9685,4,False
2026-09-13,0x7e09dfbba23d078e16f038b1ed4c558185c4be1e,984.5882,5,False
2026-09-14,0x7e09dfbba23d078e16f038b1ed4c558185c4be1e,986.3172,14,False
2026-09-15,0x7e09dfbba23d078e16f038b1ed4c558185c4be1e,995.1474,1,False
2026-09-16,0x7e09dfbba23d078e16f038b1ed4c558185c4be1e,979.6443,0,False
2026-09-17,0x7e09dfbba23d078e16f038b1ed4c558185c4be1e,979.0153,2,False
2026-09-18,0x7e09dfbba23d078e16f038b1ed4c558185c4be1e,980.8704,7,False
2026-09-19,0x7e09dfbba23d078e16f038b1ed4c558185c4be1e,985.4953,11,False
2026-09-20,0x7e09dfbba23d078e16f038b1ed4c558185c4be1e,983.6641,19,False
2026-09-21,0x7e09dfbba23d078e16f038b1ed4c558185c4be1e,984.4213,6,False
2026-09-22,0x7e09dfbba23d078e16f038b1ed4c558185c4be1e,975.4596,184,False
2026-09-23,0x7e09dfbba23d078e16f038b1ed4c558185c4be1e,1006.4195,24,False
2026-09-24,0x7e09dfbba23d078e16f038b1ed4c558185c4be1e,1011.8991,115,False
2026-09-25,0x7e09dfbba23d078e16f038b1ed4c558185c4be1e,1009.3261,27,False
2026-09-26,0x7e09dfbba23d078e16f038b1ed4c558185c4be1e,1009.0542,0,False
2026-09-27,0x7e09dfbba23d078e16f038b1ed4c558185c4be1e,1011.073,4,False
2026-09-28,0x7e09dfbba23d078e16f038b1ed4c558185c4be1e,1016.3287,27,False
2026-09-29,0x7e09dfbba23d078e16f038b1ed4c558185c4be1e,1017.0139,20,False
2026-09-30,0x7e09dfbba23d078e16f038b1ed4c558185c4be1e,1007.8362,64,False
2026-10-01,0x7e09dfbba23d078e16f038b1ed4c558185c4be1e,1015.9733,1,False
2026-10-02,0x7e09dfbba23d078e16f038b1ed4c558185c4be1e,1020.9642,6,False
2026-08-19,0x4101ce19ee81f24da894976e585f1e79119dbd93,983.9734,4,False
2026-08-20,0x4101ce19ee81f24da894976e585f1e79119dbd93,996.7424,15,False
2026-08-21,0x4101ce19ee81f24da894976e585f1e79119dbd93,989.6585,30,False
2026-08-22,0x4101ce19ee81f24da894976e585f1e79119dbd93,1009.7223,20,False
2026-08-23,0x4101ce19ee81f24da894976e585f1e79119dbd93,1012.5597,0,False
2026-08-24,0x4101ce19ee81f24da894976e585f1e79119dbd93,1003.686,6,False
2026-08-25,0x4101ce19ee81f24da894976e585f1e79119dbd93,1011.5742,0,False
2026-08-26,0x4101ce19ee81f24da894976e585f1e79119dbd93,1011.6195,1,False
2026-08-27,0x4101ce19ee81f24da894976e585f1e79119dbd93,1020.3074,7,False
2026-08-28,0x4101ce19ee81f24da894976e585f1e79119dbd93,1032.2956,0,False
2026-08-29,0x4101ce19ee81f24da894976e585f1e79119dbd93,1036.0526,0,False
2026-08-30,0x4101ce19ee81f24da894976e585f1e79119dbd93,1043.2913,0,False
2026-08-31,0x4101ce19ee81f24da894976e585f1e79119dbd93,1033.38,0,False
2026-09-01,0x4101ce19ee81f24da894976e585f1e79119dbd93,1035.7488,0,False
2026-09-02,0x4101ce19ee81f24da894976e585f1e79119dbd93,1023.468,0,False
2026-09-03,0x4101ce19ee81f24da894976e585f1e79119dbd93,1022.826,0,False
2026-09-04,0x4101ce19ee81f24da894976e585f1e79119dbd93,998.2444,0,False
2026-09-05,0x4101ce19ee81f24da894976e585f1e79119dbd93,997.8844,0,False
2026-09-06,0x4101ce19ee81f24da894976e585f1e79119dbd93,997.0678,1,False
2026-09-07,0x4101ce19ee81f24da894976e585f1e79119dbd93,967.5633,0,False
2026-09-08,0x4101ce19ee81f24da894976e585f1e79119dbd93,972.9552,1,False
2026-09-09,0x4101ce19ee81f24da894976e585f1e79119dbd93,969.6071,0,False
2026-09-10,0x4101ce19ee81f24da894976e585f1e79119dbd93,946.0374,1,False
2026-09-11,0x4101ce19ee81f24da894976e585f1e79119dbd93,948.4445,1,False
2026-09-12,0x4101ce19ee81f24da894976e585f1e79119dbd93,949.4446,0,False
2026-09-13,0x4101ce19ee81f24da894976e585f1e79119dbd93,952.2104,0,False
2026-09-14,0x4101ce19ee81f24da894976e585f1e79119dbd93,970.6606,0,False
2026-09-15,0x4101ce19ee81f24da894976e585f1e79119dbd93,956.0327,0,False
2026-09-16,0x4101ce19ee81f24da894976e585f1e79119dbd93,962.8939,0,False
2026-09-17,0x4101ce19ee81f24da894976e585f1e79119dbd93,1011.5167,0,False
2026-09-18,0x4101ce19ee81f24da894976e585f1e79119dbd93,1024.5662,25,False
2026-09-19,0x4101ce19ee81f24da894976e585f1e79119dbd93,1019.761,1,False
2026-09-20,0x4101ce19ee81f24da894976e585f1e79119dbd93,1033.0824,4,False
2026-09-21,0x4101ce19ee81f24da894976e585f1e79119dbd93,1005.5393,8,False
2026-09-22,0x4101ce19ee81f24da894976e585f1e79119dbd93,1012.934,2,False
2026-09-23,0x4101ce19ee81f24da894976e585f1e79119dbd93,1019.787,4,False
2026-09-24,0x4101ce19ee81f24da894976e585f1e79119dbd93,1018.3102,2,False
2026-09-25,0x4101ce19ee81f24da894976e585f1e79119dbd93,1001.4856,4,False
2026-09-26,0x4101ce19ee81f24da894976e585f1e79119dbd93,1003.5559,0,False
2026-09-27,0x4101ce19ee81f24da894976e585f1e79119dbd93,995.6305,0,False
2026-09-28,0x4101ce19ee81f24da894976e585f1e79119dbd93,977.2443,57,False
2026-09-29,0x4101ce19ee81f24da894976e585f1e79119dbd93,965.7254,10,False
2026-09-30,0x4101ce19ee81f24da894976e585f1e79119dbd93,1004.1046,20,False
2026-10-01,0x4101ce19ee81f24da894976e585f1e79119dbd93,975.5616,1,False
2026-10-02,0x4101ce19ee81f24da894976e585f1e79119dbd93,989.4683,5,False
2026-08-19,0x3aacc9d745031ea9d4348242f227e35c8dfb434f,1007.7472,81,False
2026-08-20,0x3aacc9d745031ea9d4348242f227e35c8dfb434f,1006.1723,163,False
2026-08-21,0x3aacc9d745031ea9d4348242f227e35c8dfb434f,941.6549,82,False
2026-08-22,0x3aacc9d745031ea9d4348242f227e35c8dfb434f,958.586,62,False
2026-08-23,0x3aacc9d745031ea9d4348242f227e35c8dfb434f,929.8035,44,False
2026-08-24,0x3aacc9d745031ea9d4348242f227e35c8dfb434f,928.8128,39,False
2026-08-25,0x3aacc9d745031ea9d4348242f227e35c8dfb434f,956.2842,78,False
2026-08-26,0x3aacc9d745031ea9d4348242f227e35c8dfb434f,940.5192,23,False
2026-08-27,0x3aacc9d745031ea9d4348242f227e35c8dfb434f,904.7856,15,False
2026-08-28,0x3aacc9d745031ea9d4348242f227e35c8dfb434f,974.9948,66,False
2026-08-29,0x3aacc9d745031ea9d4348242f227e35c8dfb434f,959.1942,34,False
2026-08-30,0x3aacc9d745031ea9d4348242f227e35c8dfb434f,965.6276,0,False
2026-08-31,0x3aacc9d745031ea9d4348242f227e35c8dfb434f,954.3031,6,False
2026-09-01,0x3aacc9d745031ea9d4348242f227e35c8dfb434f,971.091,0,False
2026-09-02,0x3aacc9d745031ea9d4348242f227e35c8dfb434f,966.9482,227,False
2026-09-03,0x3aacc9d745031ea9d4348242f227e35c8dfb434f,991.3731,64,False
2026-09-04,0x3aacc9d745031ea9d4348242f227e35c8dfb434f,977.3167,84,False
2026-09-05,0x3aacc9d745031ea9d4348242f227e35c8dfb434f,986.6489,41,False
2026-09-06,0x3aacc9d745031ea9d4348242f227e35c8dfb434f,985.9456,103,False
2026-09-07,0x3aacc9d745031ea9d4348242f227e35c8dfb434f,978.0232,272,False
2026-09-08,0x3aacc9d745031ea9d4348242f227e35c8dfb434f,978.846,201,False
2026-09-09,0x3aacc9d745031ea9d4348242f227e35c8dfb434f,975.4094,173,False
2026-09-10,0x3aacc9d745031ea9d4348242f227e35c8dfb434f,1002.2624,242,False
2026-09-11,0x3aacc9d745031ea9d4348242f227e35c8dfb434f,995.8493,142,False
2026-09-12,0x3aacc9d745031ea9d4348242f227e35c8dfb434f,998.1577,27,False
2026-09-13,0x3aacc9d745031ea9d4348242f227e35c8dfb434f,998.1613,157,False
2026-09-14,0x3aacc9d745031ea9d4348242f227e35c8dfb434f,1004.1685,37,False
2026-09-15,0x3aacc9d745031ea9d4348242f227e35c8dfb434f,1010.5888,115,False
2026-09-16,0x3aacc9d745031ea9d4348242f227e35c8dfb434f,946.2123,158,False
2026-09-17,0x3aacc9d745031ea9d4348242f227e35c8dfb434f,931.8714,71,False
2026-09-18,0x3aacc9d745031ea9d4348242f227e35c8dfb434f,950.7676,132,False
2026-09-19,0x3aacc9d745031ea9d4348242f227e35c8dfb434f,963.5179,98,False
2026-09-20,0x3aacc9d745031ea9d4348242f227e35c8dfb434f,961.7012,65,False
2026-09-21,0x3aacc9d745031ea9d4348242f227e35c8dfb434f,954.7249,213,False
2026-09-22,0x3aacc9d745031ea9d4348242f227e35c8dfb434f,962.3857,315,False
2026-09-23,0x3aacc9d745031ea9d4348242f227e35c8dfb434f,957.555,102,False
2026-09-24,0x3aacc9d745031ea9d4348242f227e35c8dfb434f,957.6106,3,False
2026-09-25,0x3aacc9d745031ea9d4348242f227e35c8dfb434f,950.5746,337,False
2026-09-26,0x3aacc9d745031ea9d4348242f227e35c8dfb434f,949.5311,196,False
2026-09-27,0x3aacc9d745031ea9d4348242f227e35c8dfb434f,975.1428,215,False
2026-09-28,0x3aacc9d745031ea9d4348242f227e35c8dfb434f,962.4028,361,False
2026-09-29,0x3aacc9d745031ea9d4348242f227e35c8dfb434f,980.109,594,False
2026-09-30,0x3aacc9d745031ea9d4348242f227e35c8dfb434f,985.4102,324,False
2026-10-01,0x3aacc9d745031ea9d4348242f227e35c8dfb434f,966.9224,472,False
2026-10-02,0x3aacc9d745031ea9d4348242f227e35c8dfb434f,957.9341,331,False
2026-08-19,0xac26cf5f3c46b5e102048c65b977d2551b72a9c7,1083.3455,27,False
2026-08-20,0xac26cf5f3c46b5e102048c65b977d2551b72a9c7,1124.1643,94,False
2026-08-21,0xac26cf5f3c46b5e102048c65b977d2551b72a9c7,1080.5943,47,False
2026-08-22,0xac26cf5f3c46b5e102048c65b977d2551b72a9c7,1162.8471,8,False
2026-08-23,0xac26cf5f3c46b5e102048c65b977d2551b72a9c7,1190.0407,16,False
2026-08-24,0xac26cf5f3c46b5e102048c65b977d2551b72a9c7,1131.7121,2,False
2026-08-25,0xac26cf5f3c46b5e102048c65b977d2551b72a9c7,1171.1553,2,False
2026-08-26,0xac26cf5f3c46b5e102048c65b977d2551b72a9c7,1180.3964,12,False
2026-08-27,0xac26cf5f3c46b5e102048c65b977d2551b72a9c7,1205.6583,35,False
2026-08-28,0xac26cf5f3c46b5e102048c65b977d2551b72a9c7,1175.3509,14,False
2026-08-29,0xac26cf5f3c46b5e102048c65b977d2551b72a9c7,1207.8537,32,False
2026-08-30,0xac26cf5f3c46b5e102048c65b977d2551b72a9c7,1173.5066,8,False
2026-08-31,0xac26cf5f3c46b5e102048c65b977d2551b72a9c7,1228.7626,0,False
2026-09-01,0xac26cf5f3c46b5e102048c65b977d2551b72a9c7,1221.6707,0,False
2026-09-02,0xac26cf5f3c46b5e102048c65b977d2551b72a9c7,1211.3515,0,False
2026-09-03,0xac26cf5f3c46b5e102048c65b977d2551b72a9c7,1261.0985,0,False
2026-09-04,0xac26cf5f3c46b5e102048c65b977d2551b72a9c7,1225.9728,1,False
2026-09-05,0xac26cf5f3c46b5e102048c65b977d2551b72a9c7,1228.9488,0,False
2026-09-06,0xac26cf5f3c46b5e102048c65b977d2551b72a9c7,1242.8373,36,False
2026-09-07,0xac26cf5f3c46b5e102048c65b977d2551b72a9c7,1203.3479,18,False
2026-09-08,0xac26cf5f3c46b5e102048c65b977d2551b72a9c7,1203.9956,111,False
2026-09-09,0xac26cf5f3c46b5e102048c65b977d2551b72a9c7,1190.7013,14,False
2026-09-10,0xac26cf5f3c46b5e102048c65b977d2551b72a9c7,1133.2696,24,False
2026-09-11,0xac26cf5f3c46b5e102048c65b977d2551b72a9c7,1120.2547,0,False
2026-09-12,0xac26cf5f3c46b5e102048c65b977d2551b72a9c7,1125.0831,0,False
2026-09-13,0xac26cf5f3c46b5e102048c65b977d2551b72a9c7,1108.1528,3,False
2026-09-14,0xac26cf5f3c46b5e102048c65b977d2551b72a9c7,1135.7432,14,False
2026-09-15,0xac26cf5f3c46b5e102048c65b977d2551b72a9c7,1125.2444,0,False
2026-09-16,0xac26cf5f3c46b5e102048c65b977d2551b72a9c7,1125.9055,0,False
2026-09-17,0xac26cf5f3c46b5e102048c65b977d2551b72a9c7,1219.5415,0,False
2026-09-18,0xac26cf5f3c46b5e102048c65b977d2551b72a9c7,1274.3518,3,False
2026-09-19,0xac26cf5f3c46b5e102048c65b977d2551b72a9c7,1267.0627,0,False
2026-09-20,0xac26cf5f3c46b5e102048c65b977d2551b72a9c7,1284.463,0,False
2026-09-21,0xac26cf5f3c46b5e102048c65b977d2551b72a9c7,1239.2604,12,False
2026-09-22,0xac26cf5f3c46b5e102048c65b977d2551b72a9c7,1285.8595,0,False
2026-09-23,0xac26cf5f3c46b5e102048c65b977d2551b72a9c7,1276.6208,5,False
2026-09-24,0xac26cf5f3c46b5e102048c65b977d2551b72a9c7,1225.5191,0,False
2026-09-25,0xac26cf5f3c46b5e102048c65b977d2551b72a9c7,1197.5137,8,False
2026-09-26,0xac26cf5f3c46b5e102048c65b977d2551b72a9c7,1197.2622,0,False
2026-09-27,0xac26cf5f3c46b5e102048c65b977d2551b72a9c7,1177.6947,0,False
2026-09-28,0xac26cf5f3c46b5e102048c65b977d2551b72a9c7,1129.3104,12,False
2026-09-29,0xac26cf5f3c46b5e102048c65b977d2551b72a9c7,1113.2863,0,False
2026-09-30,0xac26cf5f3c46b5e102048c65b977d2551b72a9c7,1188.2225,34,False
2026-10-01,0xac26cf5f3c46b5e102048c65b977d2551b72a9c7,1137.1923,4,False
2026-10-02,0xac26cf5f3c46b5e102048c65b977d2551b72a9c7,1166.0721,31,False
2026-08-19,0x1e771e1b95c86491299d6e2a5c3b3842d03b552e,1000.0,0,False
2026-08-20,0x1e771e1b95c86491299d6e2a5c3b3842d03b552e,1003.9284,18,False
2026-08-21,0x1e771e1b95c86491299d6e2a5c3b3842d03b552e,1009.3855,43,False
2026-08-22,0x1e771e1b95c86491299d6e2a5c3b3842d03b552e,1019.1654,0,False
2026-08-23,0x1e771e1b95c86491299d6e2a5c3b3842d03b552e,1026.5871,0,False
2026-08-24,0x1e771e1b95c86491299d6e2a5c3b3842d03b552e,1017.5122,3,False
2026-08-25,0x1e771e1b95c86491299d6e2a5c3b3842d03b552e,1013.8104,0,False
2026-08-26,0x1e771e1b95c86491299d6e2a5c3b3842d03b552e,1011.0532,0,False
2026-08-27,0x1e771e1b95c86491299d6e2a5c3b3842d03b552e,1023.5872,0,False
2026-08-28,0x1e771e1b95c86491299d6e2a5c3b3842d03b552e,1014.2375,0,False
2026-08-29,0x1e771e1b95c86491299d6e2a5c3b3842d03b552e,1016.2957,0,False
2026-08-30,0x1e771e1b95c86491299d6e2a5c3b3842d03b552e,1016.5763,0,False
2026-08-31,0x1e771e1b95c86491299d6e2a5c3b3842d03b552e,1018.0961,0,False
2026-09-01,0x1e771e1b95c86491299d6e2a5c3b3842d03b552e,1019.872,0,False
2026-09-02,0x1e771e1b95c86491299d6e2a5c3b3842d03b552e,1012.1337,0,False
2026-09-03,0x1e771e1b95c86491299d6e2a5c3b3842d03b552e,1028.2422,8,False
2026-09-04,0x1e771e1b95c86491299d6e2a5c3b3842d03b552e,1006.2778,7,False
2026-09-05,0x1e771e1b95c86491299d6e2a5c3b3842d03b552e,1007.8048,0,False
2026-09-06,0x1e771e1b95c86491299d6e2a5c3b3842d03b552e,1013.1887,0,False
2026-09-07,0x1e771e1b95c86491299d6e2a5c3b3842d03b552e,1000.928,49,False
2026-09-08,0x1e771e1b95c86491299d6e2a5c3b3842d03b552e,996.8979,0,False
2026-09-09,0x1e771e1b95c86491299d6e2a5c3b3842d03b552e,978.6359,14,False
2026-09-10,0x1e771e1b95c86491299d6e2a5c3b3842d03b552e,978.0255,0,False
2026-09-11,0x1e771e1b95c86491299d6e2a5c3b3842d03b552e,974.9185,0,False
2026-09-12,0x1e771e1b95c86491299d6e2a5c3b3842d03b552e,978.5936,52,False
2026-09-13,0x1e771e1b95c86491299d6e2a5c3b3842d03b552e,982.6491,0,False
2026-09-14,0x1e771e1b95c86491299d6e2a5c3b3842d03b552e,992.8397,0,False
2026-09-15,0x1e771e1b95c86491299d6e2a5c3b3842d03b552e,987.3328,0,False
2026-09-16,0x1e771e1b95c86491299d6e2a5c3b3842d03b552e,985.3083,1,False
2026-09-17,0x1e771e1b95c86491299d6e2a5c3b3842d03b552e,997.0511,0,False
2026-09-18,0x1e771e1b95c86491299d6e2a5c3b3842d03b552e,1012.0359,0,False
2026-09-19,0x1e771e1b95c86491299d6e2a5c3b3842d03b552e,1012.6519,0,False
2026-09-20,0x1e771e1b95c86491299d6e2a5c3b3842d03b552e,1014.7306,0,False
2026-09-21,0x1e771e1b95c86491299d6e2a5c3b3842d03b552e,1013.1071,0,False
2026-09-22,0x1e771e1b95c86491299d6e2a5c3b3842d03b552e,1016.2664,34,False
2026-09-23,0x1e771e1b95c86491299d6e2a5c3b3842d03b552e,1015.6532,0,False
2026-09-24,0x1e771e1b95c86491299d6e2a5c3b3842d03b552e,1014.3592,0,False
2026-09-25,0x1e771e1b95c86491299d6e2a5c3b3842d03b552e,1008.2874,25,False
2026-09-26,0x1e771e1b95c86491299d6e2a5c3b3842d03b552e,1008.6547,21,False
2026-09-27,0x1e771e1b95c86491299d6e2a5c3b3842d03b552e,1008.7164,0,False
2026-09-28,0x1e771e1b95c86491299d6e2a5c3b3842d03b552e,1006.99,23,False
2026-09-29,0x1e771e1b95c86491299d6e2a5c3b3842d03b552e,997.2667,0,False
2026-09-30,0x1e771e1b95c86491299d6e2a5c3b3842d03b552e,1012.0021,0,False
2026-10-01,0x1e771e1b95c86491299d6e2a5c3b3842d03b552e,994.9896,0,False
2026-10-02,0x1e771e1b95c86491299d6e2a5c3b3842d03b552e,994.8021,0,False
2026-08-19,0xfce053a5e461683454bf37ad66d20344c0e3f4c0,1000.0,0,False
2026-08-20,0xfce053a5e461683454bf37ad66d20344c0e3f4c0,1000.0,0,False
2026-08-21,0xfce053a5e461683454bf37ad66d20344c0e3f4c0,1000.0,0,False
2026-08-22,0xfce053a5e461683454bf37ad66d20344c0e3f4c0,1000.0,0,False
2026-08-23,0xfce053a5e461683454bf37ad66d20344c0e3f4c0,1000.0,0,False
2026-08-24,0xfce053a5e461683454bf37ad66d20344c0e3f4c0,1000.0,0,False
2026-08-25,0xfce053a5e461683454bf37ad66d20344c0e3f4c0,1000.0,0,False
2026-08-26,0xfce053a5e461683454bf37ad66d20344c0e3f4c0,1000.0,0,False
2026-08-27,0xfce053a5e461683454bf37ad66d20344c0e3f4c0,999.8675,39,False
2026-08-28,0xfce053a5e461683454bf37ad66d20344c0e3f4c0,998.4759,20,False
2026-08-29,0xfce053a5e461683454bf37ad66d20344c0e3f4c0,1000.1321,0,False
2026-08-30,0xfce053a5e461683454bf37ad66d20344c0e3f4c0,997.8311,0,False
2026-08-31,0xfce053a5e461683454bf37ad66d20344c0e3f4c0,1000.6676,0,False
2026-09-01,0xfce053a5e461683454bf37ad66d20344c0e3f4c0,982.2016,283,False
2026-09-02,0xfce053a5e461683454bf37ad66d20344c0e3f4c0,980.5427,49,False
2026-09-03,0xfce053a5e461683454bf37ad66d20344c0e3f4c0,919.4778,0,False
2026-09-04,0xfce053a5e461683454bf37ad66d20344c0e3f4c0,944.6972,0,False
2026-09-05,0xfce053a5e461683454bf37ad66d20344c0e3f4c0,941.1857,30,False
2026-09-06,0xfce053a5e461683454bf37ad66d20344c0e3f4c0,935.5954,66,False
2026-09-07,0xfce053a5e461683454bf37ad66d20344c0e3f4c0,946.4091,22,False
2026-09-08,0xfce053a5e461683454bf37ad66d20344c0e3f4c0,951.3226,24,False
2026-09-09,0xfce053a5e461683454bf37ad66d20344c0e3f4c0,945.9323,146,False
2026-09-10,0xfce053a5e461683454bf37ad66d20344c0e3f4c0,945.9323,0,False
2026-09-11,0xfce053a5e461683454bf37ad66d20344c0e3f4c0,945.9323,0,False
2026-09-12,0xfce053a5e461683454bf37ad66d20344c0e3f4c0,945.9323,0,False
2026-09-13,0xfce053a5e461683454bf37ad66d20344c0e3f4c0,945.9323,0,False
2026-09-14,0xfce053a5e461683454bf37ad66d20344c0e3f4c0,945.9323,0,False
2026-09-15,0xfce053a5e461683454bf37ad66d20344c0e3f4c0,945.9323,0,False
2026-09-16,0xfce053a5e461683454bf37ad66d20344c0e3f4c0,945.9323,0,False
2026-09-17,0xfce053a5e461683454bf37ad66d20344c0e3f4c0,945.9323,0,False
2026-09-18,0xfce053a5e461683454bf37ad66d20344c0e3f4c0,945.9323,0,False
2026-09-19,0xfce053a5e461683454bf37ad66d20344c0e3f4c0,945.9323,0,False
2026-09-20,0xfce053a5e461683454bf37ad66d20344c0e3f4c0,945.9323,0,False
2026-09-21,0xfce053a5e461683454bf37ad66d20344c0e3f4c0,934.9773,56,False
2026-09-22,0xfce053a5e461683454bf37ad66d20344c0e3f4c0,937.5086,0,False
2026-09-23,0xfce053a5e461683454bf37ad66d20344c0e3f4c0,945.779,0,False
2026-09-24,0xfce053a5e461683454bf37ad66d20344c0e3f4c0,945.4568,1,False
2026-09-25,0xfce053a5e461683454bf37ad66d20344c0e3f4c0,944.9849,0,False
2026-09-26,0xfce053a5e461683454bf37ad66d20344c0e3f4c0,944.3404,0,False
2026-09-27,0xfce053a5e461683454bf37ad66d20344c0e3f4c0,945.3302,0,False
2026-09-28,0xfce053a5e461683454bf37ad66d20344c0e3f4c0,945.2151,0,False
2026-09-29,0xfce053a5e461683454bf37ad66d20344c0e3f4c0,946.4812,0,False
2026-09-30,0xfce053a5e461683454bf37ad66d20344c0e3f4c0,945.5374,0,False
2026-10-01,0xfce053a5e461683454bf37ad66d20344c0e3f4c0,943.2355,0,False
2026-10-02,0xfce053a5e461683454bf37ad66d20344c0e3f4c0,947.6092,0,False
2026-08-19,0xda51323fe9800c8365646ad5c7ade0dd17fdc167,1000.0,0,False
2026-08-20,0xda51323fe9800c8365646ad5c7ade0dd17fdc167,1000.0,0,False
2026-08-21,0xda51323fe9800c8365646ad5c7ade0dd17fdc167,1000.0,0,False
2026-08-22,0xda51323fe9800c8365646ad5c7ade0dd17fdc167,1000.0,0,False
2026-08-23,0xda51323fe9800c8365646ad5c7ade0dd17fdc167,1000.0,0,False
2026-08-24,0xda51323fe9800c8365646ad5c7ade0dd17fdc167,1000.0,0,False
2026-08-25,0xda51323fe9800c8365646ad5c7ade0dd17fdc167,1000.0,0,False
2026-08-26,0xda51323fe9800c8365646ad5c7ade0dd17fdc167,1000.0,0,False
2026-08-27,0xda51323fe9800c8365646ad5c7ade0dd17fdc167,1000.0,0,False
2026-08-28,0xda51323fe9800c8365646ad5c7ade0dd17fdc167,970.9418,722,False
2026-08-29,0xda51323fe9800c8365646ad5c7ade0dd17fdc167,972.9008,0,False
2026-08-30,0xda51323fe9800c8365646ad5c7ade0dd17fdc167,970.1791,0,False
2026-08-31,0xda51323fe9800c8365646ad5c7ade0dd17fdc167,973.5342,0,False
2026-09-01,0xda51323fe9800c8365646ad5c7ade0dd17fdc167,972.3829,0,False
2026-09-02,0xda51323fe9800c8365646ad5c7ade0dd17fdc167,971.7109,0,False
2026-09-03,0xda51323fe9800c8365646ad5c7ade0dd17fdc167,976.1956,0,False
2026-09-04,0xda51323fe9800c8365646ad5c7ade0dd17fdc167,973.7598,0,False
2026-09-05,0xda51323fe9800c8365646ad5c7ade0dd17fdc167,974.5434,0,False
2026-09-06,0xda51323fe9800c8365646ad5c7ade0dd17fdc167,976.5625,0,False
2026-09-07,0xda51323fe9800c8365646ad5c7ade0dd17fdc167,974.341,0,False
2026-09-08,0xda51323fe9800c8365646ad5c7ade0dd17fdc167,974.2969,0,False
2026-09-09,0xda51323fe9800c8365646ad5c7ade0dd17fdc167,973.0083,0,False
2026-09-10,0xda51323fe9800c8365646ad5c7ade0dd17fdc167,968.9966,0,False
2026-09-11,0xda51323fe9800c8365646ad5c7ade0dd17fdc167,969.6966,0,False
2026-09-12,0xda51323fe9800c8365646ad5c7ade0dd17fdc167,969.8973,0,False
2026-09-13,0xda51323fe9800c8365646ad5c7ade0dd17fdc167,967.9858,0,False
2026-09-14,0xda51323fe9800c8365646ad5c7ade0dd17fdc167,970.4545,0,False
2026-09-15,0xda51323fe9800c8365646ad5c7ade0dd17fdc167,967.7048,0,False
2026-09-16,0xda51323fe9800c8365646ad5c7ade0dd17fdc167,968.7686,0,False
2026-09-17,0xda51323fe9800c8365646ad5c7ade0dd17fdc167,974.2993,0,False
2026-09-18,0xda51323fe9800c8365646ad5c7ade0dd17fdc167,980.3101,0,False
2026-09-19,0xda51323fe9800c8365646ad5c7ade0dd17fdc167,979.9946,0,False
2026-09-20,0xda51323fe9800c8365646ad5c7ade0dd17fdc167,981.2238,0,False
2026-09-21,0xda51323fe9800c8365646ad5c7ade0dd17fdc167,981.5401,0,False
2026-09-22,0xda51323fe9800c8365646ad5c7ade0dd17fdc167,984.0537,0,False
2026-09-23,0xda51323fe9800c8365646ad5c7ade0dd17fdc167,981.4991,0,False
2026-09-24,0xda51323fe9800c8365646ad5c7ade0dd17fdc167,979.8862,0,False
2026-09-25,0xda51323fe9800c8365646ad5c7ade0dd17fdc167,980.103,0,False
2026-09-26,0xda51323fe9800c8365646ad5c7ade0dd17fdc167,980.2957,0,False
2026-09-27,0xda51323fe9800c8365646ad5c7ade0dd17fdc167,979.5932,0,False
2026-09-28,0xda51323fe9800c8365646ad5c7ade0dd17fdc167,976.1819,0,False
2026-09-29,0xda51323fe9800c8365646ad5c7ade0dd17fdc167,975.0234,0,False
2026-09-30,0xda51323fe9800c8365646ad5c7ade0dd17fdc167,978.9726,0,False
2026-10-01,0xda51323fe9800c8365646ad5c7ade0dd17fdc167,976.3128,0,False
2026-10-02,0xda51323fe9800c8365646ad5c7ade0dd17fdc167,977.4576,0,False
2026-08-19,0xfd97600ac44b3c4e20ac1a5f23e3b18d10fa5912,1028.7111,28,False
2026-08-20,0xfd97600ac44b3c4e20ac1a5f23e3b18d10fa5912,856.4916,52,False
2026-08-21,0xfd97600ac44b3c4e20ac1a5f23e3b18d10fa5912,796.2612,0,True
2026-08-22,0xfd97600ac44b3c4e20ac1a5f23e3b18d10fa5912,796.2612,0,True
2026-08-23,0xfd97600ac44b3c4e20ac1a5f23e3b18d10fa5912,796.2612,0,True
2026-08-24,0xfd97600ac44b3c4e20ac1a5f23e3b18d10fa5912,796.2612,0,True
2026-08-25,0xfd97600ac44b3c4e20ac1a5f23e3b18d10fa5912,796.2612,0,True
2026-08-26,0xfd97600ac44b3c4e20ac1a5f23e3b18d10fa5912,796.2612,0,True
2026-08-27,0xfd97600ac44b3c4e20ac1a5f23e3b18d10fa5912,796.2612,0,True
2026-08-28,0xfd97600ac44b3c4e20ac1a5f23e3b18d10fa5912,796.2612,0,True
2026-08-29,0xfd97600ac44b3c4e20ac1a5f23e3b18d10fa5912,796.2612,0,True
2026-08-30,0xfd97600ac44b3c4e20ac1a5f23e3b18d10fa5912,796.2612,0,True
2026-08-31,0xfd97600ac44b3c4e20ac1a5f23e3b18d10fa5912,796.2612,0,True
2026-09-01,0xfd97600ac44b3c4e20ac1a5f23e3b18d10fa5912,796.2612,0,True
2026-09-02,0xfd97600ac44b3c4e20ac1a5f23e3b18d10fa5912,796.2612,0,True
2026-09-03,0xfd97600ac44b3c4e20ac1a5f23e3b18d10fa5912,796.2612,0,True
2026-09-04,0xfd97600ac44b3c4e20ac1a5f23e3b18d10fa5912,796.2612,0,True
2026-09-05,0xfd97600ac44b3c4e20ac1a5f23e3b18d10fa5912,796.2612,0,True
2026-09-06,0xfd97600ac44b3c4e20ac1a5f23e3b18d10fa5912,796.2612,0,True
2026-09-07,0xfd97600ac44b3c4e20ac1a5f23e3b18d10fa5912,796.2612,0,True
2026-09-08,0xfd97600ac44b3c4e20ac1a5f23e3b18d10fa5912,796.2612,0,True
2026-09-09,0xfd97600ac44b3c4e20ac1a5f23e3b18d10fa5912,796.2612,0,True
2026-09-10,0xfd97600ac44b3c4e20ac1a5f23e3b18d10fa5912,796.2612,0,True
2026-09-11,0xfd97600ac44b3c4e20ac1a5f23e3b18d10fa5912,796.2612,0,True
2026-09-12,0xfd97600ac44b3c4e20ac1a5f23e3b18d10fa5912,796.2612,0,True
2026-09-13,0xfd97600ac44b3c4e20ac1a5f23e3b18d10fa5912,796.2612,0,True
2026-09-14,0xfd97600ac44b3c4e20ac1a5f23e3b18d10fa5912,796.2612,0,True
2026-09-15,0xfd97600ac44b3c4e20ac1a5f23e3b18d10fa5912,796.2612,0,True
2026-09-16,0xfd97600ac44b3c4e20ac1a5f23e3b18d10fa5912,796.2612,0,True
2026-09-17,0xfd97600ac44b3c4e20ac1a5f23e3b18d10fa5912,796.2612,0,True
2026-09-18,0xfd97600ac44b3c4e20ac1a5f23e3b18d10fa5912,796.2612,0,True
2026-09-19,0xfd97600ac44b3c4e20ac1a5f23e3b18d10fa5912,796.2612,0,True
2026-09-20,0xfd97600ac44b3c4e20ac1a5f23e3b18d10fa5912,796.2612,0,True
2026-09-21,0xfd97600ac44b3c4e20ac1a5f23e3b18d10fa5912,796.2612,0,True
2026-09-22,0xfd97600ac44b3c4e20ac1a5f23e3b18d10fa5912,796.2612,0,True
2026-09-23,0xfd97600ac44b3c4e20ac1a5f23e3b18d10fa5912,796.2612,0,True
2026-09-24,0xfd97600ac44b3c4e20ac1a5f23e3b18d10fa5912,796.2612,0,True
2026-09-25,0xfd97600ac44b3c4e20ac1a5f23e3b18d10fa5912,796.2612,0,True
2026-09-26,0xfd97600ac44b3c4e20ac1a5f23e3b18d10fa5912,796.2612,0,True
2026-09-27,0xfd97600ac44b3c4e20ac1a5f23e3b18d10fa5912,796.2612,0,True
2026-09-28,0xfd97600ac44b3c4e20ac1a5f23e3b18d10fa5912,796.2612,0,True
2026-09-29,0xfd97600ac44b3c4e20ac1a5f23e3b18d10fa5912,796.2612,0,True
2026-09-30,0xfd97600ac44b3c4e20ac1a5f23e3b18d10fa5912,796.2612,0,True
2026-10-01,0xfd97600ac44b3c4e20ac1a5f23e3b18d10fa5912,796.2612,0,True
2026-10-02,0xfd97600ac44b3c4e20ac1a5f23e3b18d10fa5912,796.2612,0,True
2026-08-19,0xc16b8ddcef47a74c9b76cd28e6834270090d72dd,1000.0,0,False
2026-08-20,0xc16b8ddcef47a74c9b76cd28e6834270090d72dd,1000.0,0,False
2026-08-21,0xc16b8ddcef47a74c9b76cd28e6834270090d72dd,1000.0,0,False
2026-08-22,0xc16b8ddcef47a74c9b76cd28e6834270090d72dd,1000.0,0,False
2026-08-23,0xc16b8ddcef47a74c9b76cd28e6834270090d72dd,1000.0,0,False
2026-08-24,0xc16b8ddcef47a74c9b76cd28e6834270090d72dd,1000.0,0,False
2026-08-25,0xc16b8ddcef47a74c9b76cd28e6834270090d72dd,1000.0,0,False
2026-08-26,0xc16b8ddcef47a74c9b76cd28e6834270090d72dd,1000.0,0,False
2026-08-27,0xc16b8ddcef47a74c9b76cd28e6834270090d72dd,1000.0,0,False
2026-08-28,0xc16b8ddcef47a74c9b76cd28e6834270090d72dd,1000.0,0,False
2026-08-29,0xc16b8ddcef47a74c9b76cd28e6834270090d72dd,1000.0,0,False
2026-08-30,0xc16b8ddcef47a74c9b76cd28e6834270090d72dd,1000.0,0,False
2026-08-31,0xc16b8ddcef47a74c9b76cd28e6834270090d72dd,1000.0,0,False
2026-09-01,0xc16b8ddcef47a74c9b76cd28e6834270090d72dd,1000.0,0,False
2026-09-02,0xc16b8ddcef47a74c9b76cd28e6834270090d72dd,1000.0,0,False
2026-09-03,0xc16b8ddcef47a74c9b76cd28e6834270090d72dd,1000.0,0,False
2026-09-04,0xc16b8ddcef47a74c9b76cd28e6834270090d72dd,1000.0,0,False
2026-09-05,0xc16b8ddcef47a74c9b76cd28e6834270090d72dd,1000.0,0,False
2026-09-06,0xc16b8ddcef47a74c9b76cd28e6834270090d72dd,1000.0,0,False
2026-09-07,0xc16b8ddcef47a74c9b76cd28e6834270090d72dd,1000.0,0,False
2026-09-08,0xc16b8ddcef47a74c9b76cd28e6834270090d72dd,1000.0,0,False
2026-09-09,0xc16b8ddcef47a74c9b76cd28e6834270090d72dd,1000.0,0,False
2026-09-10,0xc16b8ddcef47a74c9b76cd28e6834270090d72dd,1000.0,0,False
2026-09-11,0xc16b8ddcef47a74c9b76cd28e6834270090d72dd,1000.0,0,False
2026-09-12,0xc16b8ddcef47a74c9b76cd28e6834270090d72dd,1000.0,0,False
2026-09-13,0xc16b8ddcef47a74c9b76cd28e6834270090d72dd,1000.0,0,False
2026-09-14,0xc16b8ddcef47a74c9b76cd28e6834270090d72dd,1000.0,0,False
2026-09-15,0xc16b8ddcef47a74c9b76cd28e6834270090d72dd,1000.0,0,False
2026-09-16,0xc16b8ddcef47a74c9b76cd28e6834270090d72dd,1000.0,0,False
2026-09-17,0xc16b8ddcef47a74c9b76cd28e6834270090d72dd,1000.0,0,False
2026-09-18,0xc16b8ddcef47a74c9b76cd28e6834270090d72dd,1000.0,0,False
2026-09-19,0xc16b8ddcef47a74c9b76cd28e6834270090d72dd,999.7981,15,False
2026-09-20,0xc16b8ddcef47a74c9b76cd28e6834270090d72dd,1001.5377,0,False
2026-09-21,0xc16b8ddcef47a74c9b76cd28e6834270090d72dd,1001.3387,0,False
2026-09-22,0xc16b8ddcef47a74c9b76cd28e6834270090d72dd,1001.5418,0,False
2026-09-23,0xc16b8ddcef47a74c9b76cd28e6834270090d72dd,1001.4514,0,False
2026-09-24,0xc16b8ddcef47a74c9b76cd28e6834270090d72dd,1003.3515,0,False
2026-09-25,0xc16b8ddcef47a74c9b76cd28e6834270090d72dd,1003.777,0,False
2026-09-26,0xc16b8ddcef47a74c9b76cd28e6834270090d72dd,1003.3434,0,False
2026-09-27,0xc16b8ddcef47a74c9b76cd28e6834270090d72dd,1004.2036,0,False
2026-09-28,0xc16b8ddcef47a74c9b76cd28e6834270090d72dd,1001.7642,0,False
2026-09-29,0xc16b8ddcef47a74c9b76cd28e6834270090d72dd,1001.3285,0,False
2026-09-30,0xc16b8ddcef47a74c9b76cd28e6834270090d72dd,1023.3263,23,False
2026-10-01,0xc16b8ddcef47a74c9b76cd28e6834270090d72dd,989.4576,0,False
2026-10-02,0xc16b8ddcef47a74c9b76cd28e6834270090d72dd,1037.5732,22,False
2026-08-19,0x36e6dab460411e402aed071915a21f5c2ff9f223,890.0269,65,False
2026-08-20,0x36e6dab460411e402aed071915a21f5c2ff9f223,936.5507,0,False
2026-08-21,0x36e6dab460411e402aed071915a21f5c2ff9f223,909.6103,22,False
2026-08-22,0x36e6dab460411e402aed071915a21f5c2ff9f223,907.8545,0,False
2026-08-23,0x36e6dab460411e402aed071915a21f5c2ff9f223,925.686,2,False
2026-08-24,0x36e6dab460411e402aed071915a21f5c2ff9f223,912.8519,0,False
2026-08-25,0x36e6dab460411e402aed071915a21f5c2ff9f223,929.4727,0,False
2026-08-26,0x36e6dab460411e402aed071915a21f5c2ff9f223,947.3083,0,False
2026-08-27,0x36e6dab460411e402aed071915a21f5c2ff9f223,926.8032,0,False
2026-08-28,0x36e6dab460411e402aed071915a21f5c2ff9f223,922.1799,0,False
2026-08-29,0x36e6dab460411e402aed071915a21f5c2ff9f223,932.5942,0,False
2026-08-30,0x36e6dab460411e402aed071915a21f5c2ff9f223,910.7195,0,False
2026-08-31,0x36e6dab460411e402aed071915a21f5c2ff9f223,939.7874,0,False
2026-09-01,0x36e6dab460411e402aed071915a21f5c2ff9f223,924.9548,12,False
2026-09-02,0x36e6dab460411e402aed071915a21f5c2ff9f223,949.1139,12,False
2026-09-03,0x36e6dab460411e402aed071915a21f5c2ff9f223,918.6935,1,False
2026-09-04,0x36e6dab460411e402aed071915a21f5c2ff9f223,954.2842,11,False
2026-09-05,0x36e6dab460411e402aed071915a21f5c2ff9f223,948.878,0,False
2026-09-06,0x36e6dab460411e402aed071915a21f5c2ff9f223,932.6268,0,False
2026-09-07,0x36e6dab460411e402aed071915a21f5c2ff9f223,956.2833,3,False
2026-09-08,0x36e6dab460411e402aed071915a21f5c2ff9f223,951.2678,13,False
2026-09-09,0x36e6dab460411e402aed071915a21f5c2ff9f223,951.6542,21,False
2026-09-10,0x36e6dab460411e402aed071915a21f5c2ff9f223,886.9884,25,False
2026-09-11,0x36e6dab460411e402aed071915a21f5c2ff9f223,974.9478,22,False
2026-09-12,0x36e6dab460411e402aed071915a21f5c2ff9f223,983.078,0,False
2026-09-13,0x36e6dab460411e402aed071915a21f5c2ff9f223,934.8758,19,False
2026-09-14,0x36e6dab460411e402aed071915a21f5c2ff9f223,940.4431,0,False
2026-09-15,0x36e6dab460411e402aed071915a21f5c2ff9f223,912.4838,0,False
2026-09-16,0x36e6dab460411e402aed071915a21f5c2ff9f223,941.7455,0,False
2026-09-17,0x36e6dab460411e402aed071915a21f5c2ff9f223,934.1388,11,False
2026-09-18,0x36e6dab460411e402aed071915a21f5c2ff9f223,931.6919,3,False
2026-09-19,0x36e6dab460411e402aed071915a21f5c2ff9f223,945.3574,0,False
2026-09-20,0x36e6dab460411e402aed071915a21f5c2ff9f223,945.2547,0,False
2026-09-21,0x36e6dab460411e402aed071915a21f5c2ff9f223,1000.4004,8,False
2026-09-22,0x36e6dab460411e402aed071915a21f5c2ff9f223,1014.1232,8,False
2026-09-23,0x36e6dab460411e402aed071915a21f5c2ff9f223,984.6979,7,False
2026-09-24,0x36e6dab460411e402aed071915a21f5c2ff9f223,954.5117,6,False
2026-09-25,0x36e6dab460411e402aed071915a21f5c2ff9f223,981.29,13,False
2026-09-26,0x36e6dab460411e402aed071915a21f5c2ff9f223,949.4638,1,False
2026-09-27,0x36e6dab460411e402aed071915a21f5c2ff9f223,968.5226,0,False
2026-09-28,0x36e6dab460411e402aed071915a21f5c2ff9f223,985.3093,0,False
2026-09-29,0x36e6dab460411e402aed071915a21f5c2ff9f223,1035.6974,3,False
2026-09-30,0x36e6dab460411e402aed071915a21f5c2ff9f223,1009.9933,0,False
2026-10-01,0x36e6dab460411e402aed071915a21f5c2ff9f223,967.491,0,False
2026-10-02,0x36e6dab460411e402aed071915a21f5c2ff9f223,976.0514,0,False
2026-08-19,0xc01edbb96640442257227f481e30f78eab45ff90,1000.0,1,False
2026-08-20,0xc01edbb96640442257227f481e30f78eab45ff90,1000.0,0,False
2026-08-21,0xc01edbb96640442257227f481e30f78eab45ff90,1000.0,0,False
2026-08-22,0xc01edbb96640442257227f481e30f78eab45ff90,981.8753,40,False
2026-08-23,0xc01edbb96640442257227f481e30f78eab45ff90,971.7256,1,False
2026-08-24,0xc01edbb96640442257227f481e30f78eab45ff90,988.0484,10,False
2026-08-25,0xc01edbb96640442257227f481e30f78eab45ff90,989.9293,50,False
2026-08-26,0xc01edbb96640442257227f481e30f78eab45ff90,981.3667,10,False
2026-08-27,0xc01edbb96640442257227f481e30f78eab45ff90,971.4788,26,False
2026-08-28,0xc01edbb96640442257227f481e30f78eab45ff90,990.5098,14,False
2026-08-29,0xc01edbb96640442257227f481e30f78eab45ff90,978.0479,0,False
2026-08-30,0xc01edbb96640442257227f481e30f78eab45ff90,995.3617,0,False
2026-08-31,0xc01edbb96640442257227f481e30f78eab45ff90,974.0182,0,False
2026-09-01,0xc01edbb96640442257227f481e30f78eab45ff90,981.3421,0,False
2026-09-02,0xc01edbb96640442257227f481e30f78eab45ff90,985.6169,0,False
2026-09-03,0xc01edbb96640442257227f481e30f78eab45ff90,957.0874,0,False
2026-09-04,0xc01edbb96640442257227f481e30f78eab45ff90,963.0041,46,False
2026-09-05,0xc01edbb96640442257227f481e30f78eab45ff90,961.3603,0,False
2026-09-06,0xc01edbb96640442257227f481e30f78eab45ff90,956.9974,13,False
2026-09-07,0xc01edbb96640442257227f481e30f78eab45ff90,967.3798,28,False
2026-09-08,0xc01edbb96640442257227f481e30f78eab45ff90,974.7917,18,False
2026-09-09,0xc01edbb96640442257227f481e30f78eab45ff90,967.6107,0,False
2026-09-10,0xc01edbb96640442257227f481e30f78eab45ff90,939.0111,18,False
2026-09-11,0xc01edbb96640442257227f481e30f78eab45ff90,945.829,1,False
2026-09-12,0xc01edbb96640442257227f481e30f78eab45ff90,947.8389,3,False
2026-09-13,0xc01edbb96640442257227f481e30f78eab45ff90,927.913,1,False
2026-09-14,0xc01edbb96640442257227f481e30f78eab45ff90,956.309,0,False
2026-09-15,0xc01edbb96640442257227f481e30f78eab45ff90,924.6809,0,False
2026-09-16,0xc01edbb96640442257227f481e30f78eab45ff90,936.9166,0,False
2026-09-17,0xc01edbb96640442257227f481e30f78eab45ff90,1000.5329,0,False
2026-09-18,0xc01edbb96640442257227f481e30f78eab45ff90,999.3772,74,False
2026-09-19,0xc01edbb96640442257227f481e30f78eab45ff90,1001.0475,0,False
2026-09-20,0xc01edbb96640442257227f481e30f78eab45ff90,994.5407,0,False
2026-09-21,0xc01edbb96640442257227f481e30f78eab45ff90,991.6567,25,False
2026-09-22,0xc01edbb96640442257227f481e30f78eab45ff90,979.4164,4,False
2026-09-23,0xc01edbb96640442257227f481e30f78eab45ff90,995.6053,0,False
2026-09-24,0xc01edbb96640442257227f481e30f78eab45ff90,1006.2599,18,False
2026-09-25,0xc01edbb96640442257227f481e30f78eab45ff90,1006.0349,0,False
2026-09-26,0xc01edbb96640442257227f481e30f78eab45ff90,1005.8348,0,False
2026-09-27,0xc01edbb96640442257227f481e30f78eab45ff90,1006.5642,0,False
2026-09-28,0xc01edbb96640442257227f481e30f78eab45ff90,1010.1061,0,False
2026-09-29,0xc01edbb96640442257227f481e30f78eab45ff90,1011.309,0,False
2026-09-30,0xc01edbb96640442257227f481e30f78eab45ff90,1007.2086,0,False
2026-10-01,0xc01edbb96640442257227f481e30f78eab45ff90,1009.9702,0,False
2026-10-02,0xc01edbb96640442257227f481e30f78eab45ff90,1008.7815,0,False
2026-08-19,0x8d56d30d58d1a2709befccea6642252bab6ed51e,1000.482,8,False
2026-08-20,0x8d56d30d58d1a2709befccea6642252bab6ed51e,988.0618,6,False
2026-08-21,0x8d56d30d58d1a2709befccea6642252bab6ed51e,978.4455,9,False
2026-08-22,0x8d56d30d58d1a2709befccea6642252bab6ed51e,956.3032,11,False
2026-08-23,0x8d56d30d58d1a2709befccea6642252bab6ed51e,845.4083,1,False
2026-08-24,0x8d56d30d58d1a2709befccea6642252bab6ed51e,910.6741,0,False
2026-08-25,0x8d56d30d58d1a2709befccea6642252bab6ed51e,962.9018,0,False
2026-08-26,0x8d56d30d58d1a2709befccea6642252bab6ed51e,955.0032,1,False
2026-08-27,0x8d56d30d58d1a2709befccea6642252bab6ed51e,935.6842,1,False
2026-08-28,0x8d56d30d58d1a2709befccea6642252bab6ed51e,987.1998,31,False
2026-08-29,0x8d56d30d58d1a2709befccea6642252bab6ed51e,964.6238,0,False
2026-08-30,0x8d56d30d58d1a2709befccea6642252bab6ed51e,966.7171,0,False
2026-08-31,0x8d56d30d58d1a2709befccea6642252bab6ed51e,953.2708,0,False
2026-09-01,0x8d56d30d58d1a2709befccea6642252bab6ed51e,926.9125,0,False
2026-09-02,0x8d56d30d58d1a2709befccea6642252bab6ed51e,929.864,0,False
2026-09-03,0x8d56d30d58d1a2709befccea6642252bab6ed51e,894.2668,0,False
2026-09-04,0x8d56d30d58d1a2709befccea6642252bab6ed51e,907.4746,0,False
2026-09-05,0x8d56d30d58d1a2709befccea6642252bab6ed51e,867.8036,0,False
2026-09-06,0x8d56d30d58d1a2709befccea6642252bab6ed51e,852.6426,0,False
2026-09-07,0x8d56d30d58d1a2709befccea6642252bab6ed51e,882.2929,0,False
2026-09-08,0x8d56d30d58d1a2709befccea6642252bab6ed51e,896.9219,0,False
2026-09-09,0x8d56d30d58d1a2709befccea6642252bab6ed51e,923.2197,0,False
2026-09-10,0x8d56d30d58d1a2709befccea6642252bab6ed51e,955.9554,9,False
2026-09-11,0x8d56d30d58d1a2709befccea6642252bab6ed51e,938.7082,0,False
2026-09-12,0x8d56d30d58d1a2709befccea6642252bab6ed51e,937.2493,0,False
2026-09-13,0x8d56d30d58d1a2709befccea6642252bab6ed51e,955.7192,0,False
2026-09-14,0x8d56d30d58d1a2709befccea6642252bab6ed51e,911.2344,0,False
2026-09-15,0x8d56d30d58d1a2709befccea6642252bab6ed51e,960.0875,2,False
2026-09-16,0x8d56d30d58d1a2709befccea6642252bab6ed51e,931.6357,0,False
2026-09-17,0x8d56d30d58d1a2709befccea6642252bab6ed51e,813.902,0,False
2026-09-18,0x8d56d30d58d1a2709befccea6642252bab6ed51e,664.117,0,True
2026-09-19,0x8d56d30d58d1a2709befccea6642252bab6ed51e,664.117,0,True
2026-09-20,0x8d56d30d58d1a2709befccea6642252bab6ed51e,664.117,0,True
2026-09-21,0x8d56d30d58d1a2709befccea6642252bab6ed51e,664.117,0,True
2026-09-22,0x8d56d30d58d1a2709befccea6642252bab6ed51e,664.117,0,True
2026-09-23,0x8d56d30d58d1a2709befccea6642252bab6ed51e,664.117,0,True
2026-09-24,0x8d56d30d58d1a2709befccea6642252bab6ed51e,664.117,0,True
2026-09-25,0x8d56d30d58d1a2709befccea6642252bab6ed51e,664.117,0,True
2026-09-26,0x8d56d30d58d1a2709befccea6642252bab6ed51e,664.117,0,True
2026-09-27,0x8d56d30d58d1a2709befccea6642252bab6ed51e,664.117,0,True
2026-09-28,0x8d56d30d58d1a2709befccea6642252bab6ed51e,664.117,0,True
2026-09-29,0x8d56d30d58d1a2709befccea6642252bab6ed51e,664.117,0,True
2026-09-30,0x8d56d30d58d1a2709befccea6642252bab6ed51e,664.117,0,True
2026-10-01,0x8d56d30d58d1a2709befccea6642252bab6ed51e,664.117,0,True
2026-10-02,0x8d56d30d58d1a2709befccea6642252bab6ed51e,664.117,0,True
2026-08-19,0x5d2f4460ac3514ada79f5d9838916e508ab39bb7,1000.0,0,False
2026-08-20,0x5d2f4460ac3514ada79f5d9838916e508ab39bb7,1000.0,0,False
2026-08-21,0x5d2f4460ac3514ada79f5d9838916e508ab39bb7,1007.8657,702,False
2026-08-22,0x5d2f4460ac3514ada79f5d9838916e508ab39bb7,999.9539,0,False
2026-08-23,0x5d2f4460ac3514ada79f5d9838916e508ab39bb7,1013.585,0,False
2026-08-24,0x5d2f4460ac3514ada79f5d9838916e508ab39bb7,975.4652,361,False
2026-08-25,0x5d2f4460ac3514ada79f5d9838916e508ab39bb7,985.9536,36,False
2026-08-26,0x5d2f4460ac3514ada79f5d9838916e508ab39bb7,1036.481,0,False
2026-08-27,0x5d2f4460ac3514ada79f5d9838916e508ab39bb7,1038.6619,0,False
2026-08-28,0x5d2f4460ac3514ada79f5d9838916e508ab39bb7,1039.126,0,False
2026-08-29,0x5d2f4460ac3514ada79f5d9838916e508ab39bb7,1045.9854,0,False
2026-08-30,0x5d2f4460ac3514ada79f5d9838916e508ab39bb7,1016.3251,0,False
2026-08-31,0x5d2f4460ac3514ada79f5d9838916e508ab39bb7,1035.9428,63,False
2026-09-01,0x5d2f4460ac3514ada79f5d9838916e508ab39bb7,1004.9493,367,False
2026-09-02,0x5d2f4460ac3514ada79f5d9838916e508ab39bb7,1014.7106,43,False
2026-09-03,0x5d2f4460ac3514ada79f5d9838916e508ab39bb7,1054.9882,26,False
2026-09-04,0x5d2f4460ac3514ada79f5d9838916e508ab39bb7,1041.159,258,False
2026-09-05,0x5d2f4460ac3514ada79f5d9838916e508ab39bb7,1053.5618,0,False
2026-09-06,0x5d2f4460ac3514ada79f5d9838916e508ab39bb7,1046.0409,0,False
2026-09-07,0x5d2f4460ac3514ada79f5d9838916e508ab39bb7,1047.1054,0,False
2026-09-08,0x5d2f4460ac3514ada79f5d9838916e508ab39bb7,1026.7113,0,False
2026-09-09,0x5d2f4460ac3514ada79f5d9838916e508ab39bb7,1025.0834,79,False
2026-09-10,0x5d2f4460ac3514ada79f5d9838916e508ab39bb7,1032.8824,209,False
2026-09-11,0x5d2f4460ac3514ada79f5d9838916e508ab39bb7,1065.1023,290,False
2026-09-12,0x5d2f4460ac3514ada79f5d9838916e508ab39bb7,1073.1805,0,False
2026-09-13,0x5d2f4460ac3514ada79f5d9838916e508ab39bb7,1059.1825,0,False
2026-09-14,0x5d2f4460ac3514ada79f5d9838916e508ab39bb7,1077.1422,132,False
2026-09-15,0x5d2f4460ac3514ada79f5d9838916e508ab39bb7,1069.0482,48,False
2026-09-16,0x5d2f4460ac3514ada79f5d9838916e508ab39bb7,1072.851,61,False
2026-09-17,0x5d2f4460ac3514ada79f5d9838916e508ab39bb7,1095.5734,356,False
2026-09-18,0x5d2f4460ac3514ada79f5d9838916e508ab39bb7,1102.2108,210,False
2026-09-19,0x5d2f4460ac3514ada79f5d9838916e508ab39bb7,1102.3733,0,False
2026-09-20,0x5d2f4460ac3514ada79f5d9838916e508ab39bb7,1109.1913,0,False
2026-09-21,0x5d2f4460ac3514ada79f5d9838916e508ab39bb7,1173.7272,0,False
2026-09-22,0x5d2f4460ac3514ada79f5d9838916e508ab39bb7,1188.683,42,False
2026-09-23,0x5d2f4460ac3514ada79f5d9838916e508ab39bb7,1168.7345,264,False
2026-09-24,0x5d2f4460ac3514ada79f5d9838916e508ab39bb7,1163.6773,91,False
2026-09-25,0x5d2f4460ac3514ada79f5d9838916e508ab39bb7,1187.4979,0,False
2026-09-26,0x5d2f4460ac3514ada79f5d9838916e508ab39bb7,1180.3416,0,False
2026-09-27,0x5d2f4460ac3514ada79f5d9838916e508ab39bb7,1180.4667,0,False
2026-09-28,0x5d2f4460ac3514ada79f5d9838916e508ab39bb7,1165.0583,0,False
2026-09-29,0x5d2f4460ac3514ada79f5d9838916e508ab39bb7,1158.3744,0,False
2026-09-30,0x5d2f4460ac3514ada79f5d9838916e508ab39bb7,1174.1489,0,False
2026-10-01,0x5d2f4460ac3514ada79f5d9838916e508ab39bb7,1166.1917,60,False
2026-10-02,0x5d2f4460ac3514ada79f5d9838916e508ab39bb7,1184.8512,0,False
2026-08-19,0xcd1c932a413868c3c84e73e195bf34c1ba4ffec5,1019.8363,157,False
2026-08-20,0xcd1c932a413868c3c84e73e195bf34c1ba4ffec5,891.408,246,False
2026-08-21,0xcd1c932a413868c3c84e73e195bf34c1ba4ffec5,859.8484,732,False
2026-08-22,0xcd1c932a413868c3c84e73e195bf34c1ba4ffec5,897.088,119,False
2026-08-23,0xcd1c932a413868c3c84e73e195bf34c1ba4ffec5,714.4372,37,True
2026-08-24,0xcd1c932a413868c3c84e73e195bf34c1ba4ffec5,714.4372,0,True
2026-08-25,0xcd1c932a413868c3c84e73e195bf34c1ba4ffec5,714.4372,0,True
2026-08-26,0xcd1c932a413868c3c84e73e195bf34c1ba4ffec5,714.4372,0,True
2026-08-27,0xcd1c932a413868c3c84e73e195bf34c1ba4ffec5,714.4372,0,True
2026-08-28,0xcd1c932a413868c3c84e73e195bf34c1ba4ffec5,714.4372,0,True
2026-08-29,0xcd1c932a413868c3c84e73e195bf34c1ba4ffec5,714.4372,0,True
2026-08-30,0xcd1c932a413868c3c84e73e195bf34c1ba4ffec5,714.4372,0,True
2026-08-31,0xcd1c932a413868c3c84e73e195bf34c1ba4ffec5,714.4372,0,True
2026-09-01,0xcd1c932a413868c3c84e73e195bf34c1ba4ffec5,714.4372,0,True
2026-09-02,0xcd1c932a413868c3c84e73e195bf34c1ba4ffec5,714.4372,0,True
2026-09-03,0xcd1c932a413868c3c84e73e195bf34c1ba4ffec5,714.4372,0,True
2026-09-04,0xcd1c932a413868c3c84e73e195bf34c1ba4ffec5,714.4372,0,True
2026-09-05,0xcd1c932a413868c3c84e73e195bf34c1ba4ffec5,714.4372,0,True
2026-09-06,0xcd1c932a413868c3c84e73e195bf34c1ba4ffec5,714.4372,0,True
2026-09-07,0xcd1c932a413868c3c84e73e195bf34c1ba4ffec5,714.4372,0,True
2026-09-08,0xcd1c932a413868c3c84e73e195bf34c1ba4ffec5,714.4372,0,True
2026-09-09,0xcd1c932a413868c3c84e73e195bf34c1ba4ffec5,714.4372,0,True
2026-09-10,0xcd1c932a413868c3c84e73e195bf34c1ba4ffec5,714.4372,0,True
2026-09-11,0xcd1c932a413868c3c84e73e195bf34c1ba4ffec5,714.4372,0,True
2026-09-12,0xcd1c932a413868c3c84e73e195bf34c1ba4ffec5,714.4372,0,True
2026-09-13,0xcd1c932a413868c3c84e73e195bf34c1ba4ffec5,714.4372,0,True
2026-09-14,0xcd1c932a413868c3c84e73e195bf34c1ba4ffec5,714.4372,0,True
2026-09-15,0xcd1c932a413868c3c84e73e195bf34c1ba4ffec5,714.4372,0,True
2026-09-16,0xcd1c932a413868c3c84e73e195bf34c1ba4ffec5,714.4372,0,True
2026-09-17,0xcd1c932a413868c3c84e73e195bf34c1ba4ffec5,714.4372,0,True
2026-09-18,0xcd1c932a413868c3c84e73e195bf34c1ba4ffec5,714.4372,0,True
2026-09-19,0xcd1c932a413868c3c84e73e195bf34c1ba4ffec5,714.4372,0,True
2026-09-20,0xcd1c932a413868c3c84e73e195bf34c1ba4ffec5,714.4372,0,True
2026-09-21,0xcd1c932a413868c3c84e73e195bf34c1ba4ffec5,714.4372,0,True
2026-09-22,0xcd1c932a413868c3c84e73e195bf34c1ba4ffec5,714.4372,0,True
2026-09-23,0xcd1c932a413868c3c84e73e195bf34c1ba4ffec5,714.4372,0,True
2026-09-24,0xcd1c932a413868c3c84e73e195bf34c1ba4ffec5,714.4372,0,True
2026-09-25,0xcd1c932a413868c3c84e73e195bf34c1ba4ffec5,714.4372,0,True
2026-09-26,0xcd1c932a413868c3c84e73e195bf34c1ba4ffec5,714.4372,0,True
2026-09-27,0xcd1c932a413868c3c84e73e195bf34c1ba4ffec5,714.4372,0,True
2026-09-28,0xcd1c932a413868c3c84e73e195bf34c1ba4ffec5,714.4372,0,True
2026-09-29,0xcd1c932a413868c3c84e73e195bf34c1ba4ffec5,714.4372,0,True
2026-09-30,0xcd1c932a413868c3c84e73e195bf34c1ba4ffec5,714.4372,0,True
2026-10-01,0xcd1c932a413868c3c84e73e195bf34c1ba4ffec5,714.4372,0,True
2026-10-02,0xcd1c932a413868c3c84e73e195bf34c1ba4ffec5,714.4372,0,True
2026-08-19,0x3e41a8fa0032d635f02201053f1a5aa2a6967c81,1016.4597,264,False
2026-08-20,0x3e41a8fa0032d635f02201053f1a5aa2a6967c81,1019.6318,233,False
2026-08-21,0x3e41a8fa0032d635f02201053f1a5aa2a6967c81,1023.2869,0,False
2026-08-22,0x3e41a8fa0032d635f02201053f1a5aa2a6967c81,1023.6613,0,False
2026-08-23,0x3e41a8fa0032d635f02201053f1a5aa2a6967c81,1024.8076,0,False
2026-08-24,0x3e41a8fa0032d635f02201053f1a5aa2a6967c81,1025.0538,0,False
2026-08-25,0x3e41a8fa0032d635f02201053f1a5aa2a6967c81,1022.9369,0,False
2026-08-26,0x3e41a8fa0032d635f02201053f1a5aa2a6967c81,1020.3415,0,False
2026-08-27,0x3e41a8fa0032d635f02201053f1a5aa2a6967c81,1018.9654,0,False
2026-08-28,0x3e41a8fa0032d635f02201053f1a5aa2a6967c81,1016.4905,0,False
2026-08-29,0x3e41a8fa0032d635f02201053f1a5aa2a6967c81,1016.8849,0,False
2026-08-30,0x3e41a8fa0032d635f02201053f1a5aa2a6967c81,1016.6584,0,False
2026-08-31,0x3e41a8fa0032d635f02201053f1a5aa2a6967c81,1016.1098,513,False
2026-09-01,0x3e41a8fa0032d635f02201053f1a5aa2a6967c81,1010.4548,0,False
2026-09-02,0x3e41a8fa0032d635f02201053f1a5aa2a6967c81,1009.2329,61,False
2026-09-03,0x3e41a8fa0032d635f02201053f1a5aa2a6967c81,1075.2277,0,False
2026-09-04,0x3e41a8fa0032d635f02201053f1a5aa2a6967c81,1105.6097,0,False
2026-09-05,0x3e41a8fa0032d635f02201053f1a5aa2a6967c81,1107.3354,0,False
2026-09-06,0x3e41a8fa0032d635f02201053f1a5aa2a6967c81,1199.834,0,False
2026-09-07,0x3e41a8fa0032d635f02201053f1a5aa2a6967c81,1158.619,0,False
2026-09-08,0x3e41a8fa0032d635f02201053f1a5aa2a6967c81,1175.8669,0,False
2026-09-09,0x3e41a8fa0032d635f02201053f1a5aa2a6967c81,1203.3677,0,False
2026-09-10,0x3e41a8fa0032d635f02201053f1a5aa2a6967c81,1126.0385,82,False
2026-09-11,0x3e41a8fa0032d635f02201053f1a5aa2a6967c81,1164.2111,75,False
2026-09-12,0x3e41a8fa0032d635f02201053f1a5aa2a6967c81,1145.7156,1,False
2026-09-13,0x3e41a8fa0032d635f02201053f1a5aa2a6967c81,1118.2311,0,False
2026-09-14,0x3e41a8fa0032d635f02201053f1a5aa2a6967c81,1163.7641,0,False
2026-09-15,0x3e41a8fa0032d635f02201053f1a5aa2a6967c81,1138.5251,0,False
2026-09-16,0x3e41a8fa0032d635f02201053f1a5aa2a6967c81,1241.0163,0,False
2026-09-17,0x3e41a8fa0032d635f02201053f1a5aa2a6967c81,1300.4315,0,False
2026-09-18,0x3e41a8fa0032d635f02201053f1a5aa2a6967c81,1345.665,0,False
2026-09-19,0x3e41a8fa0032d635f02201053f1a5aa2a6967c81,1302.8865,0,False
2026-09-20,0x3e41a8fa0032d635f02201053f1a5aa2a6967c81,1321.4429,0,False
2026-09-21,0x3e41a8fa0032d635f02201053f1a5aa2a6967c81,1305.3655,0,False
2026-09-22,0x3e41a8fa0032d635f02201053f1a5aa2a6967c81,1377.8775,0,False
2026-09-23,0x3e41a8fa0032d635f02201053f1a5aa2a6967c81,1317.1591,0,False
2026-09-24,0x3e41a8fa0032d635f02201053f1a5aa2a6967c81,1338.2787,0,False
2026-09-25,0x3e41a8fa0032d635f02201053f1a5aa2a6967c81,1343.7145,0,False
2026-09-26,0x3e41a8fa0032d635f02201053f1a5aa2a6967c81,1387.1832,0,False
2026-09-27,0x3e41a8fa0032d635f02201053f1a5aa2a6967c81,1357.7581,0,False
2026-09-28,0x3e41a8fa0032d635f02201053f1a5aa2a6967c81,1309.1633,0,False
2026-09-29,0x3e41a8fa0032d635f02201053f1a5aa2a6967c81,1280.9488,0,False
2026-09-30,0x3e41a8fa0032d635f02201053f1a5aa2a6967c81,1289.9351,0,False
2026-10-01,0x3e41a8fa0032d635f02201053f1a5aa2a6967c81,1244.0964,0,False
2026-10-02,0x3e41a8fa0032d635f02201053f1a5aa2a6967c81,1228.1209,0,False
2026-08-19,0x8eb3f4d468a9763ee66ceb63a0c64b7044c2aa2d,1000.0,0,False
2026-08-20,0x8eb3f4d468a9763ee66ceb63a0c64b7044c2aa2d,856.4482,1,False
2026-08-21,0x8eb3f4d468a9763ee66ceb63a0c64b7044c2aa2d,276.623,2,True
2026-08-22,0x8eb3f4d468a9763ee66ceb63a0c64b7044c2aa2d,276.623,0,True
2026-08-23,0x8eb3f4d468a9763ee66ceb63a0c64b7044c2aa2d,276.623,0,True
2026-08-24,0x8eb3f4d468a9763ee66ceb63a0c64b7044c2aa2d,276.623,0,True
2026-08-25,0x8eb3f4d468a9763ee66ceb63a0c64b7044c2aa2d,276.623,0,True
2026-08-26,0x8eb3f4d468a9763ee66ceb63a0c64b7044c2aa2d,276.623,0,True
2026-08-27,0x8eb3f4d468a9763ee66ceb63a0c64b7044c2aa2d,276.623,0,True
2026-08-28,0x8eb3f4d468a9763ee66ceb63a0c64b7044c2aa2d,276.623,0,True
2026-08-29,0x8eb3f4d468a9763ee66ceb63a0c64b7044c2aa2d,276.623,0,True
2026-08-30,0x8eb3f4d468a9763ee66ceb63a0c64b7044c2aa2d,276.623,0,True
2026-08-31,0x8eb3f4d468a9763ee66ceb63a0c64b7044c2aa2d,276.623,0,True
2026-09-01,0x8eb3f4d468a9763ee66ceb63a0c64b7044c2aa2d,276.623,0,True
2026-09-02,0x8eb3f4d468a9763ee66ceb63a0c64b7044c2aa2d,276.623,0,True
2026-09-03,0x8eb3f4d468a9763ee66ceb63a0c64b7044c2aa2d,276.623,0,True
2026-09-04,0x8eb3f4d468a9763ee66ceb63a0c64b7044c2aa2d,276.623,0,True
2026-09-05,0x8eb3f4d468a9763ee66ceb63a0c64b7044c2aa2d,276.623,0,True
2026-09-06,0x8eb3f4d468a9763ee66ceb63a0c64b7044c2aa2d,276.623,0,True
2026-09-07,0x8eb3f4d468a9763ee66ceb63a0c64b7044c2aa2d,276.623,0,True
2026-09-08,0x8eb3f4d468a9763ee66ceb63a0c64b7044c2aa2d,276.623,0,True
2026-09-09,0x8eb3f4d468a9763ee66ceb63a0c64b7044c2aa2d,276.623,0,True
2026-09-10,0x8eb3f4d468a9763ee66ceb63a0c64b7044c2aa2d,276.623,0,True
2026-09-11,0x8eb3f4d468a9763ee66ceb63a0c64b7044c2aa2d,276.623,0,True
2026-09-12,0x8eb3f4d468a9763ee66ceb63a0c64b7044c2aa2d,276.623,0,True
2026-09-13,0x8eb3f4d468a9763ee66ceb63a0c64b7044c2aa2d,276.623,0,True
2026-09-14,0x8eb3f4d468a9763ee66ceb63a0c64b7044c2aa2d,276.623,0,True
2026-09-15,0x8eb3f4d468a9763ee66ceb63a0c64b7044c2aa2d,276.623,0,True
2026-09-16,0x8eb3f4d468a9763ee66ceb63a0c64b7044c2aa2d,276.623,0,True
2026-09-17,0x8eb3f4d468a9763ee66ceb63a0c64b7044c2aa2d,276.623,0,True
2026-09-18,0x8eb3f4d468a9763ee66ceb63a0c64b7044c2aa2d,276.623,0,True
2026-09-19,0x8eb3f4d468a9763ee66ceb63a0c64b7044c2aa2d,276.623,0,True
2026-09-20,0x8eb3f4d468a9763ee66ceb63a0c64b7044c2aa2d,276.623,0,True
2026-09-21,0x8eb3f4d468a9763ee66ceb63a0c64b7044c2aa2d,276.623,0,True
2026-09-22,0x8eb3f4d468a9763ee66ceb63a0c64b7044c2aa2d,276.623,0,True
2026-09-23,0x8eb3f4d468a9763ee66ceb63a0c64b7044c2aa2d,276.623,0,True
2026-09-24,0x8eb3f4d468a9763ee66ceb63a0c64b7044c2aa2d,276.623,0,True
2026-09-25,0x8eb3f4d468a9763ee66ceb63a0c64b7044c2aa2d,276.623,0,True
2026-09-26,0x8eb3f4d468a9763ee66ceb63a0c64b7044c2aa2d,276.623,0,True
2026-09-27,0x8eb3f4d468a9763ee66ceb63a0c64b7044c2aa2d,276.623,0,True
2026-09-28,0x8eb3f4d468a9763ee66ceb63a0c64b7044c2aa2d,276.623,0,True
2026-09-29,0x8eb3f4d468a9763ee66ceb63a0c64b7044c2aa2d,276.623,0,True
2026-09-30,0x8eb3f4d468a9763ee66ceb63a0c64b7044c2aa2d,276.623,0,True
2026-10-01,0x8eb3f4d468a9763ee66ceb63a0c64b7044c2aa2d,276.623,0,True
2026-10-02,0x8eb3f4d468a9763ee66ceb63a0c64b7044c2aa2d,276.623,0,True
2026-08-19,0xe2823659be02e0f48a4660e4da008b5e1abfdf29,949.367,176,False
2026-08-20,0xe2823659be02e0f48a4660e4da008b5e1abfdf29,1053.4869,123,False
2026-08-21,0xe2823659be02e0f48a4660e4da008b5e1abfdf29,1270.9434,953,False
2026-08-22,0xe2823659be02e0f48a4660e4da008b5e1abfdf29,1289.3523,263,False
2026-08-23,0xe2823659be02e0f48a4660e4da008b5e1abfdf29,1324.6838,0,False
2026-08-24,0xe2823659be02e0f48a4660e4da008b5e1abfdf29,1286.44,294,False
2026-08-25,0xe2823659be02e0f48a4660e4da008b5e1abfdf29,1260.0497,44,False
2026-08-26,0xe2823659be02e0f48a4660e4da008b5e1abfdf29,1281.2888,0,False
2026-08-27,0xe2823659be02e0f48a4660e4da008b5e1abfdf29,1281.5458,0,False
2026-08-28,0xe2823659be02e0f48a4660e4da008b5e1abfdf29,1273.9907,0,False
2026-08-29,0xe2823659be02e0f48a4660e4da008b5e1abfdf29,1293.5692,0,False
2026-08-30,0xe2823659be02e0f48a4660e4da008b5e1abfdf29,1289.9925,0,False
2026-08-31,0xe2823659be02e0f48a4660e4da008b5e1abfdf29,1298.9456,0,False
2026-09-01,0xe2823659be02e0f48a4660e4da008b5e1abfdf29,1294.7692,25,False
2026-09-02,0xe2823659be02e0f48a4660e4da008b5e1abfdf29,1290.9329,5,False
2026-09-03,0xe2823659be02e0f48a4660e4da008b5e1abfdf29,1352.0722,0,False
2026-09-04,0xe2823659be02e0f48a4660e4da008b5e1abfdf29,1380.7858,21,False
2026-09-05,0xe2823659be02e0f48a4660e4da008b5e1abfdf29,1391.5644,14,False
2026-09-06,0xe2823659be02e0f48a4660e4da008b5e1abfdf29,1480.6087,0,False
2026-09-07,0xe2823659be02e0f48a4660e4da008b5e1abfdf29,1428.6483,0,False
2026-09-08,0xe2823659be02e0f48a4660e4da008b5e1abfdf29,1434.9658,0,False
2026-09-09,0xe2823659be02e0f48a4660e4da008b5e1abfdf29,1453.3488,0,False
2026-09-10,0xe2823659be02e0f48a4660e4da008b5e1abfdf29,1367.8734,35,False
2026-09-11,0xe2823659be02e0f48a4660e4da008b5e1abfdf29,1415.6114,42,False
2026-09-12,0xe2823659be02e0f48a4660e4da008b5e1abfdf29,1403.0259,0,False
2026-09-13,0xe2823659be02e0f48a4660e4da008b5e1abfdf29,1373.2104,0,False
2026-09-14,0xe2823659be02e0f48a4660e4da008b5e1abfdf29,1426.8578,0,False
2026-09-15,0xe2823659be02e0f48a4660e4da008b5e1abfdf29,1384.6177,33,False
2026-09-16,0xe2823659be02e0f48a4660e4da008b5e1abfdf29,1481.0664,204,False
2026-09-17,0xe2823659be02e0f48a4660e4da008b5e1abfdf29,1566.0339,2,False
2026-09-18,0xe2823659be02e0f48a4660e4da008b5e1abfdf29,1637.0656,1,False
2026-09-19,0xe2823659be02e0f48a4660e4da008b5e1abfdf29,1601.0003,0,False
2026-09-20,0xe2823659be02e0f48a4660e4da008b5e1abfdf29,1619.8368,0,False
2026-09-21,0xe2823659be02e0f48a4660e4da008b5e1abfdf29,1627.5815,45,False
2026-09-22,0xe2823659be02e0f48a4660e4da008b5e1abfdf29,1698.0256,0,False
2026-09-23,0xe2823659be02e0f48a4660e4da008b5e1abfdf29,1623.8224,43,False
2026-09-24,0xe2823659be02e0f48a4660e4da008b5e1abfdf29,1655.3194,0,False
2026-09-25,0xe2823659be02e0f48a4660e4da008b5e1abfdf29,1676.5285,84,False
2026-09-26,0xe2823659be02e0f48a4660e4da008b5e1abfdf29,1716.7866,0,False
2026-09-27,0xe2823659be02e0f48a4660e4da008b5e1abfdf29,1694.6977,0,False
2026-09-28,0xe2823659be02e0f48a4660e4da008b5e1abfdf29,1633.8272,57,False
2026-09-29,0xe2823659be02e0f48a4660e4da008b5e1abfdf29,1612.1504,58,False
2026-09-30,0xe2823659be02e0f48a4660e4da008b5e1abfdf29,1623.198,0,False
2026-10-01,0xe2823659be02e0f48a4660e4da008b5e1abfdf29,1592.3296,128,False
2026-10-02,0xe2823659be02e0f48a4660e4da008b5e1abfdf29,1584.5285,124,False
2026-08-19,0x0aac6955688dc1cd3cafd52ebcade334fb1c9c3b,1049.2963,82,False
2026-08-20,0x0aac6955688dc1cd3cafd52ebcade334fb1c9c3b,1057.3932,0,False
2026-08-21,0x0aac6955688dc1cd3cafd52ebcade334fb1c9c3b,1065.2251,0,False
2026-08-22,0x0aac6955688dc1cd3cafd52ebcade334fb1c9c3b,1065.3008,0,False
2026-08-23,0x0aac6955688dc1cd3cafd52ebcade334fb1c9c3b,1073.1139,0,False
2026-08-24,0x0aac6955688dc1cd3cafd52ebcade334fb1c9c3b,1048.4829,0,False
2026-08-25,0x0aac6955688dc1cd3cafd52ebcade334fb1c9c3b,1059.1525,0,False
2026-08-26,0x0aac6955688dc1cd3cafd52ebcade334fb1c9c3b,1071.6572,0,False
2026-08-27,0x0aac6955688dc1cd3cafd52ebcade334fb1c9c3b,1051.6352,107,False
2026-08-28,0x0aac6955688dc1cd3cafd52ebcade334fb1c9c3b,1038.5555,7,False
2026-08-29,0x0aac6955688dc1cd3cafd52ebcade334fb1c9c3b,1047.0327,0,False
2026-08-30,0x0aac6955688dc1cd3cafd52ebcade334fb1c9c3b,1018.277,41,False
2026-08-31,0x0aac6955688dc1cd3cafd52ebcade334fb1c9c3b,1049.523,0,False
2026-09-01,0x0aac6955688dc1cd3cafd52ebcade334fb1c9c3b,1038.0401,0,False
2026-09-02,0x0aac6955688dc1cd3cafd52ebcade334fb1c9c3b,1061.3602,9,False
2026-09-03,0x0aac6955688dc1cd3cafd52ebcade334fb1c9c3b,1057.8229,0,False
2026-09-04,0x0aac6955688dc1cd3cafd52ebcade334fb1c9c3b,1073.9071,0,False
2026-09-05,0x0aac6955688dc1cd3cafd52ebcade334fb1c9c3b,1073.5311,0,False
2026-09-06,0x0aac6955688dc1cd3cafd52ebcade334fb1c9c3b,1075.3706,0,False
2026-09-07,0x0aac6955688dc1cd3cafd52ebcade334fb1c9c3b,1086.1751,0,False
2026-09-08,0x0aac6955688dc1cd3cafd52ebcade334fb1c9c3b,1086.6574,0,False
2026-09-09,0x0aac6955688dc1cd3cafd52ebcade334fb1c9c3b,1098.1357,0,False
2026-09-10,0x0aac6955688dc1cd3cafd52ebcade334fb1c9c3b,1083.5626,0,False
2026-09-11,0x0aac6955688dc1cd3cafd52ebcade334fb1c9c3b,1088.4745,0,False
2026-09-12,0x0aac6955688dc1cd3cafd52ebcade334fb1c9c3b,1083.9287,0,False
2026-09-13,0x0aac6955688dc1cd3cafd52ebcade334fb1c9c3b,1071.8293,0,False
2026-09-14,0x0aac6955688dc1cd3cafd52ebcade334fb1c9c3b,1068.9046,0,False
2026-09-15,0x0aac6955688dc1cd3cafd52ebcade334fb1c9c3b,1063.4183,0,False
2026-09-16,0x0aac6955688dc1cd3cafd52ebcade334fb1c9c3b,1067.9125,0,False
2026-09-17,0x0aac6955688dc1cd3cafd52ebcade334fb1c9c3b,1071.6841,0,False
2026-09-18,0x0aac6955688dc1cd3cafd52ebcade334fb1c9c3b,1081.4036,0,False
2026-09-19,0x0aac6955688dc1cd3cafd52ebcade334fb1c9c3b,1079.1117,0,False
2026-09-20,0x0aac6955688dc1cd3cafd52ebcade334fb1c9c3b,1080.5716,0,False
2026-09-21,0x0aac6955688dc1cd3cafd52ebcade334fb1c9c3b,1089.3534,0,False
2026-09-22,0x0aac6955688dc1cd3cafd52ebcade334fb1c9c3b,1091.3529,0,False
2026-09-23,0x0aac6955688dc1cd3cafd52ebcade334fb1c9c3b,1082.3705,0,False
2026-09-24,0x0aac6955688dc1cd3cafd52ebcade334fb1c9c3b,1078.92,0,False
2026-09-25,0x0aac6955688dc1cd3cafd52ebcade334fb1c9c3b,1085.0811,0,False
2026-09-26,0x0aac6955688dc1cd3cafd52ebcade334fb1c9c3b,1088.1896,0,False
2026-09-27,0x0aac6955688dc1cd3cafd52ebcade334fb1c9c3b,1084.6121,0,False
2026-09-28,0x0aac6955688dc1cd3cafd52ebcade334fb1c9c3b,1077.5676,0,False
2026-09-29,0x0aac6955688dc1cd3cafd52ebcade334fb1c9c3b,1082.4808,0,False
2026-09-30,0x0aac6955688dc1cd3cafd52ebcade334fb1c9c3b,1076.6155,0,False
2026-10-01,0x0aac6955688dc1cd3cafd52ebcade334fb1c9c3b,1086.7712,0,False
2026-10-02,0x0aac6955688dc1cd3cafd52ebcade334fb1c9c3b,1090.7044,0,False
2026-08-19,0xcfda9610dd28e9ff74240a1d4136e87a77e6da82,1000.0,0,False
2026-08-20,0xcfda9610dd28e9ff74240a1d4136e87a77e6da82,1000.0,0,False
2026-08-21,0xcfda9610dd28e9ff74240a1d4136e87a77e6da82,1000.0,0,False
2026-08-22,0xcfda9610dd28e9ff74240a1d4136e87a77e6da82,1000.0,0,False
2026-08-23,0xcfda9610dd28e9ff74240a1d4136e87a77e6da82,1000.0,0,False
2026-08-24,0xcfda9610dd28e9ff74240a1d4136e87a77e6da82,1000.0,0,False
2026-08-25,0xcfda9610dd28e9ff74240a1d4136e87a77e6da82,1000.0,0,False
2026-08-26,0xcfda9610dd28e9ff74240a1d4136e87a77e6da82,1000.0,0,False
2026-08-27,0xcfda9610dd28e9ff74240a1d4136e87a77e6da82,1000.0,0,False
2026-08-28,0xcfda9610dd28e9ff74240a1d4136e87a77e6da82,1027.5689,3,False
2026-08-29,0xcfda9610dd28e9ff74240a1d4136e87a77e6da82,1020.3169,0,False
2026-08-30,0xcfda9610dd28e9ff74240a1d4136e87a77e6da82,1024.1562,0,False
2026-08-31,0xcfda9610dd28e9ff74240a1d4136e87a77e6da82,1077.2236,0,False
2026-09-01,0xcfda9610dd28e9ff74240a1d4136e87a77e6da82,1126.2811,0,False
2026-09-02,0xcfda9610dd28e9ff74240a1d4136e87a77e6da82,1091.5569,0,False
2026-09-03,0xcfda9610dd28e9ff74240a1d4136e87a77e6da82,1033.8824,0,False
2026-09-04,0xcfda9610dd28e9ff74240a1d4136e87a77e6da82,1055.8089,0,False
2026-09-05,0xcfda9610dd28e9ff74240a1d4136e87a77e6da82,1050.178,0,False
2026-09-06,0xcfda9610dd28e9ff74240a1d4136e87a77e6da82,1055.297,0,False
2026-09-07,0xcfda9610dd28e9ff74240a1d4136e87a77e6da82,1048.045,0,False
2026-09-08,0xcfda9610dd28e9ff74240a1d4136e87a77e6da82,1094.6283,0,False
2026-09-09,0xcfda9610dd28e9ff74240a1d4136e87a77e6da82,1086.7791,0,False
2026-09-10,0xcfda9610dd28e9ff74240a1d4136e87a77e6da82,1151.279,0,False
2026-09-11,0xcfda9610dd28e9ff74240a1d4136e87a77e6da82,1131.4001,0,False
2026-09-12,0xcfda9610dd28e9ff74240a1d4136e87a77e6da82,1123.9775,0,False
2026-09-13,0xcfda9610dd28e9ff74240a1d4136e87a77e6da82,1143.2592,0,False
2026-09-14,0xcfda9610dd28e9ff74240a1d4136e87a77e6da82,1147.781,0,False
2026-09-15,0xcfda9610dd28e9ff74240a1d4136e87a77e6da82,1129.0112,0,False
2026-09-16,0xcfda9610dd28e9ff74240a1d4136e87a77e6da82,1145.6481,0,False
2026-09-17,0xcfda9610dd28e9ff74240a1d4136e87a77e6da82,1143.2592,0,False
2026-09-18,0xcfda9610dd28e9ff74240a1d4136e87a77e6da82,1126.8364,25,False
2026-09-19,0xcfda9610dd28e9ff74240a1d4136e87a77e6da82,1126.8364,0,False
2026-09-20,0xcfda9610dd28e9ff74240a1d4136e87a77e6da82,1126.8364,0,False
2026-09-21,0xcfda9610dd28e9ff74240a1d4136e87a77e6da82,1126.8364,0,False
2026-09-22,0xcfda9610dd28e9ff74240a1d4136e87a77e6da82,1126.8364,0,False
2026-09-23,0xcfda9610dd28e9ff74240a1d4136e87a77e6da82,1126.8364,0,False
2026-09-24,0xcfda9610dd28e9ff74240a1d4136e87a77e6da82,1126.8364,0,False
2026-09-25,0xcfda9610dd28e9ff74240a1d4136e87a77e6da82,1126.8364,0,False
2026-09-26,0xcfda9610dd28e9ff74240a1d4136e87a77e6da82,1126.8364,0,False
2026-09-27,0xcfda9610dd28e9ff74240a1d4136e87a77e6da82,1126.8364,0,False
2026-09-28,0xcfda9610dd28e9ff74240a1d4136e87a77e6da82,1126.8364,0,False
2026-09-29,0xcfda9610dd28e9ff74240a1d4136e87a77e6da82,1126.8364,0,False
2026-09-30,0xcfda9610dd28e9ff74240a1d4136e87a77e6da82,1126.8364,0,False
2026-10-01,0xcfda9610dd28e9ff74240a1d4136e87a77e6da82,1126.8364,0,False
2026-10-02,0xcfda9610dd28e9ff74240a1d4136e87a77e6da82,1126.8364,0,False
2026-08-19,0x3a122449de235a40481689442271c0731b805d69,1000.0,0,False
2026-08-20,0x3a122449de235a40481689442271c0731b805d69,1000.0,0,False
2026-08-21,0x3a122449de235a40481689442271c0731b805d69,1000.0,0,False
2026-08-22,0x3a122449de235a40481689442271c0731b805d69,1000.0,0,False
2026-08-23,0x3a122449de235a40481689442271c0731b805d69,1000.0,0,False
2026-08-24,0x3a122449de235a40481689442271c0731b805d69,1000.0,0,False
2026-08-25,0x3a122449de235a40481689442271c0731b805d69,1000.0,0,False
2026-08-26,0x3a122449de235a40481689442271c0731b805d69,1000.0,0,False
2026-08-27,0x3a122449de235a40481689442271c0731b805d69,1000.0,0,False
2026-08-28,0x3a122449de235a40481689442271c0731b805d69,1000.0,0,False
2026-08-29,0x3a122449de235a40481689442271c0731b805d69,1000.0,0,False
2026-08-30,0x3a122449de235a40481689442271c0731b805d69,1000.0,0,False
2026-08-31,0x3a122449de235a40481689442271c0731b805d69,1000.0,0,False
2026-09-01,0x3a122449de235a40481689442271c0731b805d69,1000.0,0,False
2026-09-02,0x3a122449de235a40481689442271c0731b805d69,1000.0,0,False
2026-09-03,0x3a122449de235a40481689442271c0731b805d69,1000.0,0,False
2026-09-04,0x3a122449de235a40481689442271c0731b805d69,1000.0,0,False
2026-09-05,0x3a122449de235a40481689442271c0731b805d69,1000.0,0,False
2026-09-06,0x3a122449de235a40481689442271c0731b805d69,1000.0,0,False
2026-09-07,0x3a122449de235a40481689442271c0731b805d69,1000.0,0,False
2026-09-08,0x3a122449de235a40481689442271c0731b805d69,1000.0,0,False
2026-09-09,0x3a122449de235a40481689442271c0731b805d69,1000.0,0,False
2026-09-10,0x3a122449de235a40481689442271c0731b805d69,1000.0,0,False
2026-09-11,0x3a122449de235a40481689442271c0731b805d69,1000.0,0,False
2026-09-12,0x3a122449de235a40481689442271c0731b805d69,1000.0,0,False
2026-09-13,0x3a122449de235a40481689442271c0731b805d69,1000.0,0,False
2026-09-14,0x3a122449de235a40481689442271c0731b805d69,987.0374,80,False
2026-09-15,0x3a122449de235a40481689442271c0731b805d69,1023.6407,78,False
2026-09-16,0x3a122449de235a40481689442271c0731b805d69,1023.6407,0,False
2026-09-17,0x3a122449de235a40481689442271c0731b805d69,1023.6407,0,False
2026-09-18,0x3a122449de235a40481689442271c0731b805d69,1023.6407,0,False
2026-09-19,0x3a122449de235a40481689442271c0731b805d69,1023.6407,0,False
2026-09-20,0x3a122449de235a40481689442271c0731b805d69,1023.6407,0,False
2026-09-21,0x3a122449de235a40481689442271c0731b805d69,1023.6407,0,False
2026-09-22,0x3a122449de235a40481689442271c0731b805d69,1023.6407,0,False
2026-09-23,0x3a122449de235a40481689442271c0731b805d69,1023.6407,0,False
2026-09-24,0x3a122449de235a40481689442271c0731b805d69,1023.6407,0,False
2026-09-25,0x3a122449de235a40481689442271c0731b805d69,1023.6407,0,False
2026-09-26,0x3a122449de235a40481689442271c0731b805d69,1023.6407,0,False
2026-09-27,0x3a122449de235a40481689442271c0731b805d69,1023.6407,0,False
2026-09-28,0x3a122449de235a40481689442271c0731b805d69,1023.6407,0,False
2026-09-29,0x3a122449de235a40481689442271c0731b805d69,1023.6407,0,False
2026-09-30,0x3a122449de235a40481689442271c0731b805d69,1023.6407,0,False
2026-10-01,0x3a122449de235a40481689442271c0731b805d69,1023.6407,0,False
2026-10-02,0x3a122449de235a40481689442271c0731b805d69,1023.6407,0,False
2026-08-19,0xe3f1436e1937814256e3db7fa7d39bc554eee7ed,1000.0,0,False
2026-08-20,0xe3f1436e1937814256e3db7fa7d39bc554eee7ed,1000.0,0,False
2026-08-21,0xe3f1436e1937814256e3db7fa7d39bc554eee7ed,1000.015,1,False
2026-08-22,0xe3f1436e1937814256e3db7fa7d39bc554eee7ed,1000.0136,0,False
2026-08-23,0xe3f1436e1937814256e3db7fa7d39bc554eee7ed,998.5206,2,False
2026-08-24,0xe3f1436e1937814256e3db7fa7d39bc554eee7ed,993.1061,0,False
2026-08-25,0xe3f1436e1937814256e3db7fa7d39bc554eee7ed,978.3436,0,False
2026-08-26,0xe3f1436e1937814256e3db7fa7d39bc554eee7ed,989.8541,0,False
2026-08-27,0xe3f1436e1937814256e3db7fa7d39bc554eee7ed,988.2691,0,False
2026-08-28,0xe3f1436e1937814256e3db7fa7d39bc554eee7ed,986.0683,0,False
2026-08-29,0xe3f1436e1937814256e3db7fa7d39bc554eee7ed,995.7799,0,False
2026-08-30,0xe3f1436e1937814256e3db7fa7d39bc554eee7ed,994.0011,0,False
2026-08-31,0xe3f1436e1937814256e3db7fa7d39bc554eee7ed,997.1807,0,False
2026-09-01,0xe3f1436e1937814256e3db7fa7d39bc554eee7ed,992.8433,0,False
2026-09-02,0xe3f1436e1937814256e3db7fa7d39bc554eee7ed,989.6322,0,False
2026-09-03,0xe3f1436e1937814256e3db7fa7d39bc554eee7ed,1021.6643,7,False
2026-09-04,0xe3f1436e1937814256e3db7fa7d39bc554eee7ed,1039.8918,14,False
2026-09-05,0xe3f1436e1937814256e3db7fa7d39bc554eee7ed,1041.3498,15,False
2026-09-06,0xe3f1436e1937814256e3db7fa7d39bc554eee7ed,1089.1774,0,False
2026-09-07,0xe3f1436e1937814256e3db7fa7d39bc554eee7ed,1066.8921,0,False
2026-09-08,0xe3f1436e1937814256e3db7fa7d39bc554eee7ed,1074.8192,0,False
2026-09-09,0xe3f1436e1937814256e3db7fa7d39bc554eee7ed,1090.208,0,False
2026-09-10,0xe3f1436e1937814256e3db7fa7d39bc554eee7ed,1049.0184,0,False
2026-09-11,0xe3f1436e1937814256e3db7fa7d39bc554eee7ed,1068.4123,19,False
2026-09-12,0xe3f1436e1937814256e3db7fa7d39bc554eee7ed,1058.6137,0,False
2026-09-13,0xe3f1436e1937814256e3db7fa7d39bc554eee7ed,1044.0393,0,False
2026-09-14,0xe3f1436e1937814256e3db7fa7d39bc554eee7ed,1068.9305,0,False
2026-09-15,0xe3f1436e1937814256e3db7fa7d39bc554eee7ed,1054.4613,0,False
2026-09-16,0xe3f1436e1937814256e3db7fa7d39bc554eee7ed,1106.4491,1,False
2026-09-17,0xe3f1436e1937814256e3db7fa7d39bc554eee7ed,1137.1153,21,False
2026-09-18,0xe3f1436e1937814256e3db7fa7d39bc554eee7ed,1163.8562,0,False
2026-09-19,0xe3f1436e1937814256e3db7fa7d39bc554eee7ed,1141.8598,0,False
2026-09-20,0xe3f1436e1937814256e3db7fa7d39bc554eee7ed,1151.6744,0,False
2026-09-21,0xe3f1436e1937814256e3db7fa7d39bc554eee7ed,1146.6657,0,False
2026-09-22,0xe3f1436e1937814256e3db7fa7d39bc554eee7ed,1184.3446,0,False
2026-09-23,0xe3f1436e1937814256e3db7fa7d39bc554eee7ed,1151.1568,0,False
2026-09-24,0xe3f1436e1937814256e3db7fa7d39bc554eee7ed,1162.9173,0,False
2026-09-25,0xe3f1436e1937814256e3db7fa7d39bc554eee7ed,1164.857,0,False
2026-09-26,0xe3f1436e1937814256e3db7fa7d39bc554eee7ed,1188.4631,0,False
2026-09-27,0xe3f1436e1937814256e3db7fa7d39bc554eee7ed,1172.9008,0,False
2026-09-28,0xe3f1436e1937814256e3db7fa7d39bc554eee7ed,1146.8442,0,False
2026-09-29,0xe3f1436e1937814256e3db7fa7d39bc554eee7ed,1130.8754,0,False
2026-09-30,0xe3f1436e1937814256e3db7fa7d39bc554eee7ed,1136.1325,0,False
2026-10-01,0xe3f1436e1937814256e3db7fa7d39bc554eee7ed,1112.3888,0,False
2026-10-02,0xe3f1436e1937814256e3db7fa7d39bc554eee7ed,1103.9872,0,False
2026-08-19,0x9d1792626cc8bfb29acc7e5e7a2f706bb6ada290,1000.0,0,False
2026-08-20,0x9d1792626cc8bfb29acc7e5e7a2f706bb6ada290,1000.2884,4,False
2026-08-21,0x9d1792626cc8bfb29acc7e5e7a2f706bb6ada290,993.5517,284,False
2026-08-22,0x9d1792626cc8bfb29acc7e5e7a2f706bb6ada290,987.1406,14,False
2026-08-23,0x9d1792626cc8bfb29acc7e5e7a2f706bb6ada290,977.3474,1,False
2026-08-24,0x9d1792626cc8bfb29acc7e5e7a2f706bb6ada290,981.7841,0,False
2026-08-25,0x9d1792626cc8bfb29acc7e5e7a2f706bb6ada290,989.9806,39,False
2026-08-26,0x9d1792626cc8bfb29acc7e5e7a2f706bb6ada290,984.483,1,False
2026-08-27,0x9d1792626cc8bfb29acc7e5e7a2f706bb6ada290,984.3244,0,False
2026-08-28,0x9d1792626cc8bfb29acc7e5e7a2f706bb6ada290,992.4922,0,False
2026-08-29,0x9d1792626cc8bfb29acc7e5e7a2f706bb6ada290,987.6203,0,False
2026-08-30,0x9d1792626cc8bfb29acc7e5e7a2f706bb6ada290,994.3084,0,False
2026-08-31,0x9d1792626cc8bfb29acc7e5e7a2f706bb6ada290,989.4534,0,False
2026-09-01,0x9d1792626cc8bfb29acc7e5e7a2f706bb6ada290,986.4139,0,False
2026-09-02,0x9d1792626cc8bfb29acc7e5e7a2f706bb6ada290,990.761,0,False
2026-09-03,0x9d1792626cc8bfb29acc7e5e7a2f706bb6ada290,986.6434,104,False
2026-09-04,0x9d1792626cc8bfb29acc7e5e7a2f706bb6ada290,998.1211,382,False
2026-09-05,0x9d1792626cc8bfb29acc7e5e7a2f706bb6ada290,989.4238,0,False
2026-09-06,0x9d1792626cc8bfb29acc7e5e7a2f706bb6ada290,997.3666,15,False
2026-09-07,0x9d1792626cc8bfb29acc7e5e7a2f706bb6ada290,1006.1896,0,False
2026-09-08,0x9d1792626cc8bfb29acc7e5e7a2f706bb6ada290,993.0946,0,False
2026-09-09,0x9d1792626cc8bfb29acc7e5e7a2f706bb6ada290,1013.7442,7,False
2026-09-10,0x9d1792626cc8bfb29acc7e5e7a2f706bb6ada290,1025.628,0,False
2026-09-11,0x9d1792626cc8bfb29acc7e5e7a2f706bb6ada290,1029.4475,0,False
2026-09-12,0x9d1792626cc8bfb29acc7e5e7a2f706bb6ada290,1024.4826,0,False
2026-09-13,0x9d1792626cc8bfb29acc7e5e7a2f706bb6ada290,1040.2791,0,False
2026-09-14,0x9d1792626cc8bfb29acc7e5e7a2f706bb6ada290,1015.685,0,False
2026-09-15,0x9d1792626cc8bfb29acc7e5e7a2f706bb6ada290,1032.4248,0,False
2026-09-16,0x9d1792626cc8bfb29acc7e5e7a2f706bb6ada290,1028.531,1,False
2026-09-17,0x9d1792626cc8bfb29acc7e5e7a2f706bb6ada290,1011.7536,0,False
2026-09-18,0x9d1792626cc8bfb29acc7e5e7a2f706bb6ada290,1001.5028,0,False
2026-09-19,0x9d1792626cc8bfb29acc7e5e7a2f706bb6ada290,1014.2948,16,False
2026-09-20,0x9d1792626cc8bfb29acc7e5e7a2f706bb6ada290,1016.755,0,False
2026-09-21,0x9d1792626cc8bfb29acc7e5e7a2f706bb6ada290,1029.634,682,False
2026-09-22,0x9d1792626cc8bfb29acc7e5e7a2f706bb6ada290,1009.6128,201,False
2026-09-23,0x9d1792626cc8bfb29acc7e5e7a2f706bb6ada290,1038.2551,0,False
2026-09-24,0x9d1792626cc8bfb29acc7e5e7a2f706bb6ada290,1015.0192,0,False
2026-09-25,0x9d1792626cc8bfb29acc7e5e7a2f706bb6ada290,979.002,77,False
2026-09-26,0x9d1792626cc8bfb29acc7e5e7a2f706bb6ada290,993.2516,159,False
2026-09-27,0x9d1792626cc8bfb29acc7e5e7a2f706bb6ada290,988.038,0,False
2026-09-28,0x9d1792626cc8bfb29acc7e5e7a2f706bb6ada290,1019.4097,63,False
2026-09-29,0x9d1792626cc8bfb29acc7e5e7a2f706bb6ada290,1013.1334,30,False
2026-09-30,0x9d1792626cc8bfb29acc7e5e7a2f706bb6ada290,1002.4472,0,False
2026-10-01,0x9d1792626cc8bfb29acc7e5e7a2f706bb6ada290,1005.099,0,False
2026-10-02,0x9d1792626cc8bfb29acc7e5e7a2f706bb6ada290,1015.9502,0,False
2026-08-19,0x6bea81d7a0c5939a5ce5552e125ab57216cc597f,0.0,1060,True
2026-08-20,0x6bea81d7a0c5939a5ce5552e125ab57216cc597f,0.0,0,True
2026-08-21,0x6bea81d7a0c5939a5ce5552e125ab57216cc597f,0.0,0,True
2026-08-22,0x6bea81d7a0c5939a5ce5552e125ab57216cc597f,0.0,0,True
2026-08-23,0x6bea81d7a0c5939a5ce5552e125ab57216cc597f,0.0,0,True
2026-08-24,0x6bea81d7a0c5939a5ce5552e125ab57216cc597f,0.0,0,True
2026-08-25,0x6bea81d7a0c5939a5ce5552e125ab57216cc597f,0.0,0,True
2026-08-26,0x6bea81d7a0c5939a5ce5552e125ab57216cc597f,0.0,0,True
2026-08-27,0x6bea81d7a0c5939a5ce5552e125ab57216cc597f,0.0,0,True
2026-08-28,0x6bea81d7a0c5939a5ce5552e125ab57216cc597f,0.0,0,True
2026-08-29,0x6bea81d7a0c5939a5ce5552e125ab57216cc597f,0.0,0,True
2026-08-30,0x6bea81d7a0c5939a5ce5552e125ab57216cc597f,0.0,0,True
2026-08-31,0x6bea81d7a0c5939a5ce5552e125ab57216cc597f,0.0,0,True
2026-09-01,0x6bea81d7a0c5939a5ce5552e125ab57216cc597f,0.0,0,True
2026-09-02,0x6bea81d7a0c5939a5ce5552e125ab57216cc597f,0.0,0,True
2026-09-03,0x6bea81d7a0c5939a5ce5552e125ab57216cc597f,0.0,0,True
2026-09-04,0x6bea81d7a0c5939a5ce5552e125ab57216cc597f,0.0,0,True
2026-09-05,0x6bea81d7a0c5939a5ce5552e125ab57216cc597f,0.0,0,True
2026-09-06,0x6bea81d7a0c5939a5ce5552e125ab57216cc597f,0.0,0,True
2026-09-07,0x6bea81d7a0c5939a5ce5552e125ab57216cc597f,0.0,0,True
2026-09-08,0x6bea81d7a0c5939a5ce5552e125ab57216cc597f,0.0,0,True
2026-09-09,0x6bea81d7a0c5939a5ce5552e125ab57216cc597f,0.0,0,True
2026-09-10,0x6bea81d7a0c5939a5ce5552e125ab57216cc597f,0.0,0,True
2026-09-11,0x6bea81d7a0c5939a5ce5552e125ab57216cc597f,0.0,0,True
2026-09-12,0x6bea81d7a0c5939a5ce5552e125ab57216cc597f,0.0,0,True
2026-09-13,0x6bea81d7a0c5939a5ce5552e125ab57216cc597f,0.0,0,True
2026-09-14,0x6bea81d7a0c5939a5ce5552e125ab57216cc597f,0.0,0,True
2026-09-15,0x6bea81d7a0c5939a5ce5552e125ab57216cc597f,0.0,0,True
2026-09-16,0x6bea81d7a0c5939a5ce5552e125ab57216cc597f,0.0,0,True
2026-09-17,0x6bea81d7a0c5939a5ce5552e125ab57216cc597f,0.0,0,True
2026-09-18,0x6bea81d7a0c5939a5ce5552e125ab57216cc597f,0.0,0,True
2026-09-19,0x6bea81d7a0c5939a5ce5552e125ab57216cc597f,0.0,0,True
2026-09-20,0x6bea81d7a0c5939a5ce5552e125ab57216cc597f,0.0,0,True
2026-09-21,0x6bea81d7a0c5939a5ce5552e125ab57216cc597f,0.0,0,True
2026-09-22,0x6bea81d7a0c5939a5ce5552e125ab57216cc597f,0.0,0,True
2026-09-23,0x6bea81d7a0c5939a5ce5552e125ab57216cc597f,0.0,0,True
2026-09-24,0x6bea81d7a0c5939a5ce5552e125ab57216cc597f,0.0,0,True
2026-09-25,0x6bea81d7a0c5939a5ce5552e125ab57216cc597f,0.0,0,True
2026-09-26,0x6bea81d7a0c5939a5ce5552e125ab57216cc597f,0.0,0,True
2026-09-27,0x6bea81d7a0c5939a5ce5552e125ab57216cc597f,0.0,0,True
2026-09-28,0x6bea81d7a0c5939a5ce5552e125ab57216cc597f,0.0,0,True
2026-09-29,0x6bea81d7a0c5939a5ce5552e125ab57216cc597f,0.0,0,True
2026-09-30,0x6bea81d7a0c5939a5ce5552e125ab57216cc597f,0.0,0,True
2026-10-01,0x6bea81d7a0c5939a5ce5552e125ab57216cc597f,0.0,0,True
2026-10-02,0x6bea81d7a0c5939a5ce5552e125ab57216cc597f,0.0,0,True
2026-08-19,0x103e9d15f8a102ef9333ad8b66ffe25b0db448a4,1095.751,211,False
2026-08-20,0x103e9d15f8a102ef9333ad8b66ffe25b0db448a4,885.1123,74,False
2026-08-21,0x103e9d15f8a102ef9333ad8b66ffe25b0db448a4,0.0,562,True
2026-08-22,0x103e9d15f8a102ef9333ad8b66ffe25b0db448a4,0.0,0,True
2026-08-23,0x103e9d15f8a102ef9333ad8b66ffe25b0db448a4,0.0,0,True
2026-08-24,0x103e9d15f8a102ef9333ad8b66ffe25b0db448a4,0.0,0,True
2026-08-25,0x103e9d15f8a102ef9333ad8b66ffe25b0db448a4,0.0,0,True
2026-08-26,0x103e9d15f8a102ef9333ad8b66ffe25b0db448a4,0.0,0,True
2026-08-27,0x103e9d15f8a102ef9333ad8b66ffe25b0db448a4,0.0,0,True
2026-08-28,0x103e9d15f8a102ef9333ad8b66ffe25b0db448a4,0.0,0,True
2026-08-29,0x103e9d15f8a102ef9333ad8b66ffe25b0db448a4,0.0,0,True
2026-08-30,0x103e9d15f8a102ef9333ad8b66ffe25b0db448a4,0.0,0,True
2026-08-31,0x103e9d15f8a102ef9333ad8b66ffe25b0db448a4,0.0,0,True
2026-09-01,0x103e9d15f8a102ef9333ad8b66ffe25b0db448a4,0.0,0,True
2026-09-02,0x103e9d15f8a102ef9333ad8b66ffe25b0db448a4,0.0,0,True
2026-09-03,0x103e9d15f8a102ef9333ad8b66ffe25b0db448a4,0.0,0,True
2026-09-04,0x103e9d15f8a102ef9333ad8b66ffe25b0db448a4,0.0,0,True
2026-09-05,0x103e9d15f8a102ef9333ad8b66ffe25b0db448a4,0.0,0,True
2026-09-06,0x103e9d15f8a102ef9333ad8b66ffe25b0db448a4,0.0,0,True
2026-09-07,0x103e9d15f8a102ef9333ad8b66ffe25b0db448a4,0.0,0,True
2026-09-08,0x103e9d15f8a102ef9333ad8b66ffe25b0db448a4,0.0,0,True
2026-09-09,0x103e9d15f8a102ef9333ad8b66ffe25b0db448a4,0.0,0,True
2026-09-10,0x103e9d15f8a102ef9333ad8b66ffe25b0db448a4,0.0,0,True
2026-09-11,0x103e9d15f8a102ef9333ad8b66ffe25b0db448a4,0.0,0,True
2026-09-12,0x103e9d15f8a102ef9333ad8b66ffe25b0db448a4,0.0,0,True
2026-09-13,0x103e9d15f8a102ef9333ad8b66ffe25b0db448a4,0.0,0,True
2026-09-14,0x103e9d15f8a102ef9333ad8b66ffe25b0db448a4,0.0,0,True
2026-09-15,0x103e9d15f8a102ef9333ad8b66ffe25b0db448a4,0.0,0,True
2026-09-16,0x103e9d15f8a102ef9333ad8b66ffe25b0db448a4,0.0,0,True
2026-09-17,0x103e9d15f8a102ef9333ad8b66ffe25b0db448a4,0.0,0,True
2026-09-18,0x103e9d15f8a102ef9333ad8b66ffe25b0db448a4,0.0,0,True
2026-09-19,0x103e9d15f8a102ef9333ad8b66ffe25b0db448a4,0.0,0,True
2026-09-20,0x103e9d15f8a102ef9333ad8b66ffe25b0db448a4,0.0,0,True
2026-09-21,0x103e9d15f8a102ef9333ad8b66ffe25b0db448a4,0.0,0,True
2026-09-22,0x103e9d15f8a102ef9333ad8b66ffe25b0db448a4,0.0,0,True
2026-09-23,0x103e9d15f8a102ef9333ad8b66ffe25b0db448a4,0.0,0,True
2026-09-24,0x103e9d15f8a102ef9333ad8b66ffe25b0db448a4,0.0,0,True
2026-09-25,0x103e9d15f8a102ef9333ad8b66ffe25b0db448a4,0.0,0,True
2026-09-26,0x103e9d15f8a102ef9333ad8b66ffe25b0db448a4,0.0,0,True
2026-09-27,0x103e9d15f8a102ef9333ad8b66ffe25b0db448a4,0.0,0,True
2026-09-28,0x103e9d15f8a102ef9333ad8b66ffe25b0db448a4,0.0,0,True
2026-09-29,0x103e9d15f8a102ef9333ad8b66ffe25b0db448a4,0.0,0,True
2026-09-30,0x103e9d15f8a102ef9333ad8b66ffe25b0db448a4,0.0,0,True
2026-10-01,0x103e9d15f8a102ef9333ad8b66ffe25b0db448a4,0.0,0,True
2026-10-02,0x103e9d15f8a102ef9333ad8b66ffe25b0db448a4,0.0,0,True
2026-08-19,0xdbbb9b4e361e1e1b6b4c640914ed4e4a11896df9,1000.6547,2,False
2026-08-20,0xdbbb9b4e361e1e1b6b4c640914ed4e4a11896df9,1003.5067,7,False
2026-08-21,0xdbbb9b4e361e1e1b6b4c640914ed4e4a11896df9,964.6998,13,False
2026-08-22,0xdbbb9b4e361e1e1b6b4c640914ed4e4a11896df9,876.6315,9,False
2026-08-23,0xdbbb9b4e361e1e1b6b4c640914ed4e4a11896df9,825.8084,0,False
2026-08-24,0xdbbb9b4e361e1e1b6b4c640914ed4e4a11896df9,884.2566,22,False
2026-08-25,0xdbbb9b4e361e1e1b6b4c640914ed4e4a11896df9,865.1827,80,False
2026-08-26,0xdbbb9b4e361e1e1b6b4c640914ed4e4a11896df9,838.9344,0,False
2026-08-27,0xdbbb9b4e361e1e1b6b4c640914ed4e4a11896df9,819.6794,40,False
2026-08-28,0xdbbb9b4e361e1e1b6b4c640914ed4e4a11896df9,835.359,22,False
2026-08-29,0xdbbb9b4e361e1e1b6b4c640914ed4e4a11896df9,824.2508,11,False
2026-08-30,0xdbbb9b4e361e1e1b6b4c640914ed4e4a11896df9,842.612,0,False
2026-08-31,0xdbbb9b4e361e1e1b6b4c640914ed4e4a11896df9,818.6898,27,False
2026-09-01,0xdbbb9b4e361e1e1b6b4c640914ed4e4a11896df9,818.9552,58,False
2026-09-02,0xdbbb9b4e361e1e1b6b4c640914ed4e4a11896df9,822.3825,0,False
2026-09-03,0xdbbb9b4e361e1e1b6b4c640914ed4e4a11896df9,847.4024,15,False
2026-09-04,0xdbbb9b4e361e1e1b6b4c640914ed4e4a11896df9,823.1775,0,False
2026-09-05,0xdbbb9b4e361e1e1b6b4c640914ed4e4a11896df9,827.8187,69,False
2026-09-06,0xdbbb9b4e361e1e1b6b4c640914ed4e4a11896df9,820.9124,19,False
2026-09-07,0xdbbb9b4e361e1e1b6b4c640914ed4e4a11896df9,801.3445,33,False
2026-09-08,0xdbbb9b4e361e1e1b6b4c640914ed4e4a11896df9,837.1527,4,False
2026-09-09,0xdbbb9b4e361e1e1b6b4c640914ed4e4a11896df9,843.6227,73,False
2026-09-10,0xdbbb9b4e361e1e1b6b4c640914ed4e4a11896df9,763.1852,11,True
2026-09-11,0xdbbb9b4e361e1e1b6b4c640914ed4e4a11896df9,763.1852,0,True
2026-09-12,0xdbbb9b4e361e1e1b6b4c640914ed4e4a11896df9,763.1852,0,True
2026-09-13,0xdbbb9b4e361e1e1b6b4c640914ed4e4a11896df9,763.1852,0,True
2026-09-14,0xdbbb9b4e361e1e1b6b4c640914ed4e4a11896df9,763.1852,0,True
2026-09-15,0xdbbb9b4e361e1e1b6b4c640914ed4e4a11896df9,763.1852,0,True
2026-09-16,0xdbbb9b4e361e1e1b6b4c640914ed4e4a11896df9,763.1852,0,True
2026-09-17,0xdbbb9b4e361e1e1b6b4c640914ed4e4a11896df9,763.1852,0,True
2026-09-18,0xdbbb9b4e361e1e1b6b4c640914ed4e4a11896df9,763.1852,0,True
2026-09-19,0xdbbb9b4e361e1e1b6b4c640914ed4e4a11896df9,763.1852,0,True
2026-09-20,0xdbbb9b4e361e1e1b6b4c640914ed4e4a11896df9,763.1852,0,True
2026-09-21,0xdbbb9b4e361e1e1b6b4c640914ed4e4a11896df9,763.1852,0,True
2026-09-22,0xdbbb9b4e361e1e1b6b4c640914ed4e4a11896df9,763.1852,0,True
2026-09-23,0xdbbb9b4e361e1e1b6b4c640914ed4e4a11896df9,763.1852,0,True
2026-09-24,0xdbbb9b4e361e1e1b6b4c640914ed4e4a11896df9,763.1852,0,True
2026-09-25,0xdbbb9b4e361e1e1b6b4c640914ed4e4a11896df9,763.1852,0,True
2026-09-26,0xdbbb9b4e361e1e1b6b4c640914ed4e4a11896df9,763.1852,0,True
2026-09-27,0xdbbb9b4e361e1e1b6b4c640914ed4e4a11896df9,763.1852,0,True
2026-09-28,0xdbbb9b4e361e1e1b6b4c640914ed4e4a11896df9,763.1852,0,True
2026-09-29,0xdbbb9b4e361e1e1b6b4c640914ed4e4a11896df9,763.1852,0,True
2026-09-30,0xdbbb9b4e361e1e1b6b4c640914ed4e4a11896df9,763.1852,0,True
2026-10-01,0xdbbb9b4e361e1e1b6b4c640914ed4e4a11896df9,763.1852,0,True
2026-10-02,0xdbbb9b4e361e1e1b6b4c640914ed4e4a11896df9,763.1852,0,True
2026-08-19,0x63d417a577b50c96f4f09148d4e4d70950db0522,984.5383,417,False
2026-08-20,0x63d417a577b50c96f4f09148d4e4d70950db0522,995.0395,376,False
2026-08-21,0x63d417a577b50c96f4f09148d4e4d70950db0522,1029.4668,1895,False
2026-08-22,0x63d417a577b50c96f4f09148d4e4d70950db0522,1037.0362,464,False
2026-08-23,0x63d417a577b50c96f4f09148d4e4d70950db0522,1088.1869,323,False
2026-08-24,0x63d417a577b50c96f4f09148d4e4d70950db0522,1088.1954,220,False
2026-08-25,0x63d417a577b50c96f4f09148d4e4d70950db0522,1061.1824,269,False
2026-08-26,0x63d417a577b50c96f4f09148d4e4d70950db0522,1089.1655,71,False
2026-08-27,0x63d417a577b50c96f4f09148d4e4d70950db0522,1114.3188,217,False
2026-08-28,0x63d417a577b50c96f4f09148d4e4d70950db0522,1069.0826,465,False
2026-08-29,0x63d417a577b50c96f4f09148d4e4d70950db0522,1086.326,0,False
2026-08-30,0x63d417a577b50c96f4f09148d4e4d70950db0522,1060.7748,43,False
2026-08-31,0x63d417a577b50c96f4f09148d4e4d70950db0522,1102.7418,327,False
2026-09-01,0x63d417a577b50c96f4f09148d4e4d70950db0522,1098.8449,785,False
2026-09-02,0x63d417a577b50c96f4f09148d4e4d70950db0522,1098.016,79,False
2026-09-03,0x63d417a577b50c96f4f09148d4e4d70950db0522,1197.7827,187,False
2026-09-04,0x63d417a577b50c96f4f09148d4e4d70950db0522,1174.1147,207,False
2026-09-05,0x63d417a577b50c96f4f09148d4e4d70950db0522,1202.9163,109,False
2026-09-06,0x63d417a577b50c96f4f09148d4e4d70950db0522,1196.7553,27,False
2026-09-07,0x63d417a577b50c96f4f09148d4e4d70950db0522,1178.8651,88,False
2026-09-08,0x63d417a577b50c96f4f09148d4e4d70950db0522,1180.1536,231,False
2026-09-09,0x63d417a577b50c96f4f09148d4e4d70950db0522,1143.2458,483,False
2026-09-10,0x63d417a577b50c96f4f09148d4e4d70950db0522,1070.1049,216,False
2026-09-11,0x63d417a577b50c96f4f09148d4e4d70950db0522,1100.3729,49,False
2026-09-12,0x63d417a577b50c96f4f09148d4e4d70950db0522,1111.7525,121,False
2026-09-13,0x63d417a577b50c96f4f09148d4e4d70950db0522,1079.2568,759,False
2026-09-14,0x63d417a577b50c96f4f09148d4e4d70950db0522,1156.8216,603,False
2026-09-15,0x63d417a577b50c96f4f09148d4e4d70950db0522,1096.9498,518,False
2026-09-16,0x63d417a577b50c96f4f09148d4e4d70950db0522,1152.1733,94,False
2026-09-17,0x63d417a577b50c96f4f09148d4e4d70950db0522,1204.1841,143,False
2026-09-18,0x63d417a577b50c96f4f09148d4e4d70950db0522,1245.2733,291,False
2026-09-19,0x63d417a577b50c96f4f09148d4e4d70950db0522,1213.6882,114,False
2026-09-20,0x63d417a577b50c96f4f09148d4e4d70950db0522,1214.1582,142,False
2026-09-21,0x63d417a577b50c96f4f09148d4e4d70950db0522,1199.8202,1206,False
2026-09-22,0x63d417a577b50c96f4f09148d4e4d70950db0522,1231.756,613,False
2026-09-23,0x63d417a577b50c96f4f09148d4e4d70950db0522,1237.5888,867,False
2026-09-24,0x63d417a577b50c96f4f09148d4e4d70950db0522,1203.0949,2316,False
2026-09-25,0x63d417a577b50c96f4f09148d4e4d70950db0522,1204.2003,109,False
2026-09-26,0x63d417a577b50c96f4f09148d4e4d70950db0522,1228.4963,528,False
2026-09-27,0x63d417a577b50c96f4f09148d4e4d70950db0522,1223.0038,12,False
2026-09-28,0x63d417a577b50c96f4f09148d4e4d70950db0522,1203.6698,201,False
2026-09-29,0x63d417a577b50c96f4f09148d4e4d70950db0522,1221.8894,327,False
2026-09-30,0x63d417a577b50c96f4f09148d4e4d70950db0522,1253.5437,142,False
2026-10-01,0x63d417a577b50c96f4f09148d4e4d70950db0522,1236.7883,40,False
2026-10-02,0x63d417a577b50c96f4f09148d4e4d70950db0522,1235.4348,149,False
2026-08-19,0x8384254da5777847d5488f16ee6fed379fe37eb3,1000.0,0,False
2026-08-20,0x8384254da5777847d5488f16ee6fed379fe37eb3,1000.0,0,False
2026-08-21,0x8384254da5777847d5488f16ee6fed379fe37eb3,1007.7605,20,False
2026-08-22,0x8384254da5777847d5488f16ee6fed379fe37eb3,984.913,0,False
2026-08-23,0x8384254da5777847d5488f16ee6fed379fe37eb3,952.2203,0,False
2026-08-24,0x8384254da5777847d5488f16ee6fed379fe37eb3,971.4016,0,False
2026-08-25,0x8384254da5777847d5488f16ee6fed379fe37eb3,970.8418,0,False
2026-08-26,0x8384254da5777847d5488f16ee6fed379fe37eb3,942.8213,0,False
2026-08-27,0x8384254da5777847d5488f16ee6fed379fe37eb3,911.0525,0,False
2026-08-28,0x8384254da5777847d5488f16ee6fed379fe37eb3,966.3891,0,False
2026-08-29,0x8384254da5777847d5488f16ee6fed379fe37eb3,941.211,0,False
2026-08-30,0x8384254da5777847d5488f16ee6fed379fe37eb3,976.6918,0,False
2026-08-31,0x8384254da5777847d5488f16ee6fed379fe37eb3,930.6432,0,False
2026-09-01,0x8384254da5777847d5488f16ee6fed379fe37eb3,953.8463,0,False
2026-09-02,0x8384254da5777847d5488f16ee6fed379fe37eb3,961.8798,0,False
2026-09-03,0x8384254da5777847d5488f16ee6fed379fe37eb3,876.0952,0,False
2026-09-04,0x8384254da5777847d5488f16ee6fed379fe37eb3,918.1546,0,False
2026-09-05,0x8384254da5777847d5488f16ee6fed379fe37eb3,907.0766,0,False
2026-09-06,0x8384254da5777847d5488f16ee6fed379fe37eb3,879.8694,0,False
2026-09-07,0x8384254da5777847d5488f16ee6fed379fe37eb3,915.8036,0,False
2026-09-08,0x8384254da5777847d5488f16ee6fed379fe37eb3,922.7274,0,False
2026-09-09,0x8384254da5777847d5488f16ee6fed379fe37eb3,938.7283,0,False
2026-09-10,0x8384254da5777847d5488f16ee6fed379fe37eb3,999.516,0,False
2026-09-11,0x8384254da5777847d5488f16ee6fed379fe37eb3,985.7021,0,False
2026-09-12,0x8384254da5777847d5488f16ee6fed379fe37eb3,982.845,0,False
2026-09-13,0x8384254da5777847d5488f16ee6fed379fe37eb3,1008.0698,0,False
2026-09-14,0x8384254da5777847d5488f16ee6fed379fe37eb3,967.585,0,False
2026-09-15,0x8384254da5777847d5488f16ee6fed379fe37eb3,1022.3031,0,False
2026-09-16,0x8384254da5777847d5488f16ee6fed379fe37eb3,1005.1266,0,False
2026-09-17,0x8384254da5777847d5488f16ee6fed379fe37eb3,941.6086,0,False
2026-09-18,0x8384254da5777847d5488f16ee6fed379fe37eb3,832.0895,0,False
2026-09-19,0x8384254da5777847d5488f16ee6fed379fe37eb3,832.0423,0,False
2026-09-20,0x8384254da5777847d5488f16ee6fed379fe37eb3,818.8409,0,False
2026-09-21,0x8384254da5777847d5488f16ee6fed379fe37eb3,763.5719,0,True
2026-09-22,0x8384254da5777847d5488f16ee6fed379fe37eb3,763.5719,0,True
2026-09-23,0x8384254da5777847d5488f16ee6fed379fe37eb3,763.5719,0,True
2026-09-24,0x8384254da5777847d5488f16ee6fed379fe37eb3,763.5719,0,True
2026-09-25,0x8384254da5777847d5488f16ee6fed379fe37eb3,763.5719,0,True
2026-09-26,0x8384254da5777847d5488f16ee6fed379fe37eb3,763.5719,0,True
2026-09-27,0x8384254da5777847d5488f16ee6fed379fe37eb3,763.5719,0,True
2026-09-28,0x8384254da5777847d5488f16ee6fed379fe37eb3,763.5719,0,True
2026-09-29,0x8384254da5777847d5488f16ee6fed379fe37eb3,763.5719,0,True
2026-09-30,0x8384254da5777847d5488f16ee6fed379fe37eb3,763.5719,0,True
2026-10-01,0x8384254da5777847d5488f16ee6fed379fe37eb3,763.5719,0,True
2026-10-02,0x8384254da5777847d5488f16ee6fed379fe37eb3,763.5719,0,True
2026-08-19,0x1a19f1eb20023906accb989289645a5bf6300562,1000.0,0,False
2026-08-20,0x1a19f1eb20023906accb989289645a5bf6300562,1000.0,0,False
2026-08-21,0x1a19f1eb20023906accb989289645a5bf6300562,1001.7368,1,False
2026-08-22,0x1a19f1eb20023906accb989289645a5bf6300562,991.9985,1,False
2026-08-23,0x1a19f1eb20023906accb989289645a5bf6300562,996.2058,0,False
2026-08-24,0x1a19f1eb20023906accb989289645a5bf6300562,998.0426,0,False
2026-08-25,0x1a19f1eb20023906accb989289645a5bf6300562,993.8662,0,False
2026-08-26,0x1a19f1eb20023906accb989289645a5bf6300562,1000.4746,0,False
2026-08-27,0x1a19f1eb20023906accb989289645a5bf6300562,1000.8954,0,False
2026-08-28,0x1a19f1eb20023906accb989289645a5bf6300562,993.938,0,False
2026-08-29,0x1a19f1eb20023906accb989289645a5bf6300562,995.4772,0,False
2026-08-30,0x1a19f1eb20023906accb989289645a5bf6300562,991.3931,0,False
2026-08-31,0x1a19f1eb20023906accb989289645a5bf6300562,996.5752,0,False
2026-09-01,0x1a19f1eb20023906accb989289645a5bf6300562,991.5368,0,False
2026-09-02,0x1a19f1eb20023906accb989289645a5bf6300562,988.7353,0,False
2026-09-03,0x1a19f1eb20023906accb989289645a5bf6300562,1000.6901,0,False
2026-09-04,0x1a19f1eb20023906accb989289645a5bf6300562,995.2823,0,False
2026-09-05,0x1a19f1eb20023906accb989289645a5bf6300562,997.7964,0,False
2026-09-06,0x1a19f1eb20023906accb989289645a5bf6300562,1001.4084,0,False
2026-09-07,0x1a19f1eb20023906accb989289645a5bf6300562,998.7507,0,False
2026-09-08,0x1a19f1eb20023906accb989289645a5bf6300562,998.2581,0,False
2026-09-09,0x1a19f1eb20023906accb989289645a5bf6300562,1008.8754,13,False
2026-09-10,0x1a19f1eb20023906accb989289645a5bf6300562,1041.3451,0,False
2026-09-11,0x1a19f1eb20023906accb989289645a5bf6300562,1042.4943,3,False
2026-09-12,0x1a19f1eb20023906accb989289645a5bf6300562,1041.3391,0,False
2026-09-13,0x1a19f1eb20023906accb989289645a5bf6300562,1049.1294,0,False
2026-09-14,0x1a19f1eb20023906accb989289645a5bf6300562,1022.0294,0,False
2026-09-15,0x1a19f1eb20023906accb989289645a5bf6300562,1071.8254,0,False
2026-09-16,0x1a19f1eb20023906accb989289645a5bf6300562,1060.6269,0,False
2026-09-17,0x1a19f1eb20023906accb989289645a5bf6300562,1056.8885,0,False
2026-09-18,0x1a19f1eb20023906accb989289645a5bf6300562,968.451,27,False
2026-09-19,0x1a19f1eb20023906accb989289645a5bf6300562,960.1202,0,False
2026-09-20,0x1a19f1eb20023906accb989289645a5bf6300562,962.744,0,False
2026-09-21,0x1a19f1eb20023906accb989289645a5bf6300562,844.8174,2,False
2026-09-22,0x1a19f1eb20023906accb989289645a5bf6300562,864.6548,6,False
2026-09-23,0x1a19f1eb20023906accb989289645a5bf6300562,915.7838,5,False
2026-09-24,0x1a19f1eb20023906accb989289645a5bf6300562,914.9749,0,False
2026-09-25,0x1a19f1eb20023906accb989289645a5bf6300562,921.4421,3,False
2026-09-26,0x1a19f1eb20023906accb989289645a5bf6300562,914.0286,0,False
2026-09-27,0x1a19f1eb20023906accb989289645a5bf6300562,917.8131,11,False
2026-09-28,0x1a19f1eb20023906accb989289645a5bf6300562,935.8683,0,False
2026-09-29,0x1a19f1eb20023906accb989289645a5bf6300562,934.6601,0,False
2026-09-30,0x1a19f1eb20023906accb989289645a5bf6300562,933.3966,0,False
2026-10-01,0x1a19f1eb20023906accb989289645a5bf6300562,904.4069,0,False
2026-10-02,0x1a19f1eb20023906accb989289645a5bf6300562,918.5964,3,False
2026-08-19,0x031f72deb03c509af42624ddcd1f63fce5ecb220,1006.6307,404,False
2026-08-20,0x031f72deb03c509af42624ddcd1f63fce5ecb220,1013.3803,0,False
2026-08-21,0x031f72deb03c509af42624ddcd1f63fce5ecb220,1022.1365,8,False
2026-08-22,0x031f72deb03c509af42624ddcd1f63fce5ecb220,1009.9444,362,False
2026-08-23,0x031f72deb03c509af42624ddcd1f63fce5ecb220,1031.7305,1,False
2026-08-24,0x031f72deb03c509af42624ddcd1f63fce5ecb220,1040.4433,0,False
2026-08-25,0x031f72deb03c509af42624ddcd1f63fce5ecb220,1027.9096,0,False
2026-08-26,0x031f72deb03c509af42624ddcd1f63fce5ecb220,1056.8976,0,False
2026-08-27,0x031f72deb03c509af42624ddcd1f63fce5ecb220,1052.9953,0,False
2026-08-28,0x031f72deb03c509af42624ddcd1f63fce5ecb220,1039.4319,0,False
2026-08-29,0x031f72deb03c509af42624ddcd1f63fce5ecb220,1050.8575,0,False
2026-08-30,0x031f72deb03c509af42624ddcd1f63fce5ecb220,1044.354,0,False
2026-08-31,0x031f72deb03c509af42624ddcd1f63fce5ecb220,1045.0446,0,False
2026-09-01,0x031f72deb03c509af42624ddcd1f63fce5ecb220,1050.6191,0,False
2026-09-02,0x031f72deb03c509af42624ddcd1f63fce5ecb220,1070.4644,0,False
2026-09-03,0x031f72deb03c509af42624ddcd1f63fce5ecb220,1098.7991,0,False
2026-09-04,0x031f72deb03c509af42624ddcd1f63fce5ecb220,1089.3845,0,False
2026-09-05,0x031f72deb03c509af42624ddcd1f63fce5ecb220,1092.4881,0,False
2026-09-06,0x031f72deb03c509af42624ddcd1f63fce5ecb220,1110.218,0,False
2026-09-07,0x031f72deb03c509af42624ddcd1f63fce5ecb220,1085.7493,0,False
2026-09-08,0x031f72deb03c509af42624ddcd1f63fce5ecb220,1088.0926,0,False
2026-09-09,0x031f72deb03c509af42624ddcd1f63fce5ecb220,1089.467,0,False
2026-09-10,0x031f72deb03c509af42624ddcd1f63fce5ecb220,1062.8555,0,False
2026-09-11,0x031f72deb03c509af42624ddcd1f63fce5ecb220,1077.0199,0,False
2026-09-12,0x031f72deb03c509af42624ddcd1f63fce5ecb220,1072.2534,0,False
2026-09-13,0x031f72deb03c509af42624ddcd1f63fce5ecb220,1058.4963,0,False
2026-09-14,0x031f72deb03c509af42624ddcd1f63fce5ecb220,1074.9429,0,False
2026-09-15,0x031f72deb03c509af42624ddcd1f63fce5ecb220,1064.5941,0,False
2026-09-16,0x031f72deb03c509af42624ddcd1f63fce5ecb220,1106.1029,0,False
2026-09-17,0x031f72deb03c509af42624ddcd1f63fce5ecb220,1135.2578,0,False
2026-09-18,0x031f72deb03c509af42624ddcd1f63fce5ecb220,1159.3082,0,False
2026-09-19,0x031f72deb03c509af42624ddcd1f63fce5ecb220,1131.027,0,False
2026-09-20,0x031f72deb03c509af42624ddcd1f63fce5ecb220,1134.1807,0,False
2026-09-21,0x031f72deb03c509af42624ddcd1f63fce5ecb220,1125.5061,0,False
2026-09-22,0x031f72deb03c509af42624ddcd1f63fce5ecb220,1154.2552,0,False
2026-09-23,0x031f72deb03c509af42624ddcd1f63fce5ecb220,1125.2372,0,False
2026-09-24,0x031f72deb03c509af42624ddcd1f63fce5ecb220,1132.9093,0,False
2026-09-25,0x031f72deb03c509af42624ddcd1f63fce5ecb220,1147.4964,0,False
2026-09-26,0x031f72deb03c509af42624ddcd1f63fce5ecb220,1155.6759,0,False
2026-09-27,0x031f72deb03c509af42624ddcd1f63fce5ecb220,1143.6022,0,False
2026-09-28,0x031f72deb03c509af42624ddcd1f63fce5ecb220,1130.19,0,False
2026-09-29,0x031f72deb03c509af42624ddcd1f63fce5ecb220,1116.1798,0,False
2026-09-30,0x031f72deb03c509af42624ddcd1f63fce5ecb220,1120.5579,0,False
2026-10-01,0x031f72deb03c509af42624ddcd1f63fce5ecb220,1105.4544,0,False
2026-10-02,0x031f72deb03c509af42624ddcd1f63fce5ecb220,1095.3821,0,False
2026-08-19,0x25554a80781ee62414c3747e81c3f50157c634b1,1095.7978,107,False
2026-08-20,0x25554a80781ee62414c3747e81c3f50157c634b1,1133.6799,73,False
2026-08-21,0x25554a80781ee62414c3747e81c3f50157c634b1,1224.3606,81,False
2026-08-22,0x25554a80781ee62414c3747e81c3f50157c634b1,1198.2032,468,False
2026-08-23,0x25554a80781ee62414c3747e81c3f50157c634b1,1233.5875,128,False
2026-08-24,0x25554a80781ee62414c3747e81c3f50157c634b1,1231.1924,44,False
2026-08-25,0x25554a80781ee62414c3747e81c3f50157c634b1,1202.8414,85,False
2026-08-26,0x25554a80781ee62414c3747e81c3f50157c634b1,1239.126,36,False
2026-08-27,0x25554a80781ee62414c3747e81c3f50157c634b1,1252.9077,65,False
2026-08-28,0x25554a80781ee62414c3747e81c3f50157c634b1,1205.3643,238,False
2026-08-29,0x25554a80781ee62414c3747e81c3f50157c634b1,1215.3772,0,False
2026-08-30,0x25554a80781ee62414c3747e81c3f50157c634b1,1200.2594,65,False
2026-08-31,0x25554a80781ee62414c3747e81c3f50157c634b1,1226.4941,0,False
2026-09-01,0x25554a80781ee62414c3747e81c3f50157c634b1,1216.0882,32,False
2026-09-02,0x25554a80781ee62414c3747e81c3f50157c634b1,1216.7614,34,False
2026-09-03,0x25554a80781ee62414c3747e81c3f50157c634b1,1268.6798,75,False
2026-09-04,0x25554a80781ee62414c3747e81c3f50157c634b1,1250.2165,30,False
2026-09-05,0x25554a80781ee62414c3747e81c3f50157c634b1,1280.1703,50,False
2026-09-06,0x25554a80781ee62414c3747e81c3f50157c634b1,1303.0238,21,False
2026-09-07,0x25554a80781ee62414c3747e81c3f50157c634b1,1287.497,55,False
2026-09-08,0x25554a80781ee62414c3747e81c3f50157c634b1,1282.2202,16,False
2026-09-09,0x25554a80781ee62414c3747e81c3f50157c634b1,1266.408,9,False
2026-09-10,0x25554a80781ee62414c3747e81c3f50157c634b1,1239.1899,81,False
2026-09-11,0x25554a80781ee62414c3747e81c3f50157c634b1,1262.9463,19,False
2026-09-12,0x25554a80781ee62414c3747e81c3f50157c634b1,1270.2694,19,False
2026-09-13,0x25554a80781ee62414c3747e81c3f50157c634b1,1251.8597,3,False
2026-09-14,0x25554a80781ee62414c3747e81c3f50157c634b1,1264.9264,14,False
2026-09-15,0x25554a80781ee62414c3747e81c3f50157c634b1,1223.4495,7,False
2026-09-16,0x25554a80781ee62414c3747e81c3f50157c634b1,1239.4665,5,False
2026-09-17,0x25554a80781ee62414c3747e81c3f50157c634b1,1256.7152,102,False
2026-09-18,0x25554a80781ee62414c3747e81c3f50157c634b1,1334.4454,54,False
2026-09-19,0x25554a80781ee62414c3747e81c3f50157c634b1,1343.612,49,False
2026-09-20,0x25554a80781ee62414c3747e81c3f50157c634b1,1345.0939,28,False
2026-09-21,0x25554a80781ee62414c3747e81c3f50157c634b1,1386.5815,78,False
2026-09-22,0x25554a80781ee62414c3747e81c3f50157c634b1,1388.0015,4,False
2026-09-23,0x25554a80781ee62414c3747e81c3f50157c634b1,1360.4814,103,False
2026-09-24,0x25554a80781ee62414c3747e81c3f50157c634b1,1377.0011,106,False
2026-09-25,0x25554a80781ee62414c3747e81c3f50157c634b1,1389.1497,28,False
2026-09-26,0x25554a80781ee62414c3747e81c3f50157c634b1,1388.8735,13,False
2026-09-27,0x25554a80781ee62414c3747e81c3f50157c634b1,1392.7034,42,False
2026-09-28,0x25554a80781ee62414c3747e81c3f50157c634b1,1383.1997,50,False
2026-09-29,0x25554a80781ee62414c3747e81c3f50157c634b1,1380.3077,65,False
2026-09-30,0x25554a80781ee62414c3747e81c3f50157c634b1,1380.3118,83,False
2026-10-01,0x25554a80781ee62414c3747e81c3f50157c634b1,1382.284,32,False
2026-10-02,0x25554a80781ee62414c3747e81c3f50157c634b1,1371.9221,37,False
2026-08-19,0xbe494a5e3a719a78a45a47ab453b7b0199b9d101,999.9407,243,False
2026-08-20,0xbe494a5e3a719a78a45a47ab453b7b0199b9d101,782.541,3484,True
2026-08-21,0xbe494a5e3a719a78a45a47ab453b7b0199b9d101,782.541,0,True
2026-08-22,0xbe494a5e3a719a78a45a47ab453b7b0199b9d101,782.541,0,True
2026-08-23,0xbe494a5e3a719a78a45a47ab453b7b0199b9d101,782.541,0,True
2026-08-24,0xbe494a5e3a719a78a45a47ab453b7b0199b9d101,782.541,0,True
2026-08-25,0xbe494a5e3a719a78a45a47ab453b7b0199b9d101,782.541,0,True
2026-08-26,0xbe494a5e3a719a78a45a47ab453b7b0199b9d101,782.541,0,True
2026-08-27,0xbe494a5e3a719a78a45a47ab453b7b0199b9d101,782.541,0,True
2026-08-28,0xbe494a5e3a719a78a45a47ab453b7b0199b9d101,782.541,0,True
2026-08-29,0xbe494a5e3a719a78a45a47ab453b7b0199b9d101,782.541,0,True
2026-08-30,0xbe494a5e3a719a78a45a47ab453b7b0199b9d101,782.541,0,True
2026-08-31,0xbe494a5e3a719a78a45a47ab453b7b0199b9d101,782.541,0,True
2026-09-01,0xbe494a5e3a719a78a45a47ab453b7b0199b9d101,782.541,0,True
2026-09-02,0xbe494a5e3a719a78a45a47ab453b7b0199b9d101,782.541,0,True
2026-09-03,0xbe494a5e3a719a78a45a47ab453b7b0199b9d101,782.541,0,True
2026-09-04,0xbe494a5e3a719a78a45a47ab453b7b0199b9d101,782.541,0,True
2026-09-05,0xbe494a5e3a719a78a45a47ab453b7b0199b9d101,782.541,0,True
2026-09-06,0xbe494a5e3a719a78a45a47ab453b7b0199b9d101,782.541,0,True
2026-09-07,0xbe494a5e3a719a78a45a47ab453b7b0199b9d101,782.541,0,True
2026-09-08,0xbe494a5e3a719a78a45a47ab453b7b0199b9d101,782.541,0,True
2026-09-09,0xbe494a5e3a719a78a45a47ab453b7b0199b9d101,782.541,0,True
2026-09-10,0xbe494a5e3a719a78a45a47ab453b7b0199b9d101,782.541,0,True
2026-09-11,0xbe494a5e3a719a78a45a47ab453b7b0199b9d101,782.541,0,True
2026-09-12,0xbe494a5e3a719a78a45a47ab453b7b0199b9d101,782.541,0,True
2026-09-13,0xbe494a5e3a719a78a45a47ab453b7b0199b9d101,782.541,0,True
2026-09-14,0xbe494a5e3a719a78a45a47ab453b7b0199b9d101,782.541,0,True
2026-09-15,0xbe494a5e3a719a78a45a47ab453b7b0199b9d101,782.541,0,True
2026-09-16,0xbe494a5e3a719a78a45a47ab453b7b0199b9d101,782.541,0,True
2026-09-17,0xbe494a5e3a719a78a45a47ab453b7b0199b9d101,782.541,0,True
2026-09-18,0xbe494a5e3a719a78a45a47ab453b7b0199b9d101,782.541,0,True
2026-09-19,0xbe494a5e3a719a78a45a47ab453b7b0199b9d101,782.541,0,True
2026-09-20,0xbe494a5e3a719a78a45a47ab453b7b0199b9d101,782.541,0,True
2026-09-21,0xbe494a5e3a719a78a45a47ab453b7b0199b9d101,782.541,0,True
2026-09-22,0xbe494a5e3a719a78a45a47ab453b7b0199b9d101,782.541,0,True
2026-09-23,0xbe494a5e3a719a78a45a47ab453b7b0199b9d101,782.541,0,True
2026-09-24,0xbe494a5e3a719a78a45a47ab453b7b0199b9d101,782.541,0,True
2026-09-25,0xbe494a5e3a719a78a45a47ab453b7b0199b9d101,782.541,0,True
2026-09-26,0xbe494a5e3a719a78a45a47ab453b7b0199b9d101,782.541,0,True
2026-09-27,0xbe494a5e3a719a78a45a47ab453b7b0199b9d101,782.541,0,True
2026-09-28,0xbe494a5e3a719a78a45a47ab453b7b0199b9d101,782.541,0,True
2026-09-29,0xbe494a5e3a719a78a45a47ab453b7b0199b9d101,782.541,0,True
2026-09-30,0xbe494a5e3a719a78a45a47ab453b7b0199b9d101,782.541,0,True
2026-10-01,0xbe494a5e3a719a78a45a47ab453b7b0199b9d101,782.541,0,True
2026-10-02,0xbe494a5e3a719a78a45a47ab453b7b0199b9d101,782.541,0,True
2026-08-19,0xbbe9e1588a359337c3235de3b808da991cfc2efe,1000.0,0,False
2026-08-20,0xbbe9e1588a359337c3235de3b808da991cfc2efe,1000.0,0,False
2026-08-21,0xbbe9e1588a359337c3235de3b808da991cfc2efe,992.2974,1,False
2026-08-22,0xbbe9e1588a359337c3235de3b808da991cfc2efe,1011.527,94,False
2026-08-23,0xbbe9e1588a359337c3235de3b808da991cfc2efe,1073.2171,114,False
2026-08-24,0xbbe9e1588a359337c3235de3b808da991cfc2efe,1051.5272,2,False
2026-08-25,0xbbe9e1588a359337c3235de3b808da991cfc2efe,1034.5993,0,False
2026-08-26,0xbbe9e1588a359337c3235de3b808da991cfc2efe,1058.7288,0,False
2026-08-27,0xbbe9e1588a359337c3235de3b808da991cfc2efe,1088.949,111,False
2026-08-28,0xbbe9e1588a359337c3235de3b808da991cfc2efe,1052.1297,91,False
2026-08-29,0xbbe9e1588a359337c3235de3b808da991cfc2efe,1072.3639,1,False
2026-08-30,0xbbe9e1588a359337c3235de3b808da991cfc2efe,1055.093,0,False
2026-08-31,0xbbe9e1588a359337c3235de3b808da991cfc2efe,1076.0946,0,False
2026-09-01,0xbbe9e1588a359337c3235de3b808da991cfc2efe,1063.8208,24,False
2026-09-02,0xbbe9e1588a359337c3235de3b808da991cfc2efe,1125.8722,86,False
2026-09-03,0xbbe9e1588a359337c3235de3b808da991cfc2efe,1316.9989,43,False
2026-09-04,0xbbe9e1588a359337c3235de3b808da991cfc2efe,1375.3971,0,False
2026-09-05,0xbbe9e1588a359337c3235de3b808da991cfc2efe,1365.2628,0,False
2026-09-06,0xbbe9e1588a359337c3235de3b808da991cfc2efe,1324.0831,0,False
2026-09-07,0xbbe9e1588a359337c3235de3b808da991cfc2efe,1353.7567,0,False
2026-09-08,0xbbe9e1588a359337c3235de3b808da991cfc2efe,1365.3342,0,False
2026-09-09,0xbbe9e1588a359337c3235de3b808da991cfc2efe,1315.1835,405,False
2026-09-10,0xbbe9e1588a359337c3235de3b808da991cfc2efe,1210.3172,84,False
2026-09-11,0xbbe9e1588a359337c3235de3b808da991cfc2efe,1251.8779,22,False
2026-09-12,0xbbe9e1588a359337c3235de3b808da991cfc2efe,1217.0325,0,False
2026-09-13,0xbbe9e1588a359337c3235de3b808da991cfc2efe,1162.4087,0,False
2026-09-14,0xbbe9e1588a359337c3235de3b808da991cfc2efe,1265.7829,0,False
2026-09-15,0xbbe9e1588a359337c3235de3b808da991cfc2efe,1146.0544,0,False
2026-09-16,0xbbe9e1588a359337c3235de3b808da991cfc2efe,1295.6393,0,False
2026-09-17,0xbbe9e1588a359337c3235de3b808da991cfc2efe,1439.7118,38,False
2026-09-18,0xbbe9e1588a359337c3235de3b808da991cfc2efe,1449.5027,0,False
2026-09-19,0xbbe9e1588a359337c3235de3b808da991cfc2efe,1428.3807,0,False
2026-09-20,0xbbe9e1588a359337c3235de3b808da991cfc2efe,1431.8314,0,False
2026-09-21,0xbbe9e1588a359337c3235de3b808da991cfc2efe,1421.9245,1,False
2026-09-22,0xbbe9e1588a359337c3235de3b808da991cfc2efe,1565.459,0,False
2026-09-23,0xbbe9e1588a359337c3235de3b808da991cfc2efe,1564.6924,218,False
2026-09-24,0xbbe9e1588a359337c3235de3b808da991cfc2efe,1473.6458,0,False
2026-09-25,0xbbe9e1588a359337c3235de3b808da991cfc2efe,1446.9477,10,False
2026-09-26,0xbbe9e1588a359337c3235de3b808da991cfc2efe,1434.4258,0,False
2026-09-27,0xbbe9e1588a359337c3235de3b808da991cfc2efe,1332.272,0,False
2026-09-28,0xbbe9e1588a359337c3235de3b808da991cfc2efe,1155.411,69,False
2026-09-29,0xbbe9e1588a359337c3235de3b808da991cfc2efe,955.3662,2,False
2026-09-30,0xbbe9e1588a359337c3235de3b808da991cfc2efe,997.6503,246,False
2026-10-01,0xbbe9e1588a359337c3235de3b808da991cfc2efe,938.6912,0,False
2026-10-02,0xbbe9e1588a359337c3235de3b808da991cfc2efe,825.7512,0,False
2026-08-19,0xfdbaa5eee7cdf45eec3a71a672065a67191fda7a,1000.0,0,False
2026-08-20,0xfdbaa5eee7cdf45eec3a71a672065a67191fda7a,1000.0,0,False
2026-08-21,0xfdbaa5eee7cdf45eec3a71a672065a67191fda7a,1000.0,0,False
2026-08-22,0xfdbaa5eee7cdf45eec3a71a672065a67191fda7a,1000.0,0,False
2026-08-23,0xfdbaa5eee7cdf45eec3a71a672065a67191fda7a,1000.0,0,False
2026-08-24,0xfdbaa5eee7cdf45eec3a71a672065a67191fda7a,1000.0,0,False
2026-08-25,0xfdbaa5eee7cdf45eec3a71a672065a67191fda7a,1000.0,0,False
2026-08-26,0xfdbaa5eee7cdf45eec3a71a672065a67191fda7a,1000.0,0,False
2026-08-27,0xfdbaa5eee7cdf45eec3a71a672065a67191fda7a,1000.0,0,False
2026-08-28,0xfdbaa5eee7cdf45eec3a71a672065a67191fda7a,1000.0,0,False
2026-08-29,0xfdbaa5eee7cdf45eec3a71a672065a67191fda7a,1000.0,0,False
2026-08-30,0xfdbaa5eee7cdf45eec3a71a672065a67191fda7a,1000.0,0,False
2026-08-31,0xfdbaa5eee7cdf45eec3a71a672065a67191fda7a,1000.0,0,False
2026-09-01,0xfdbaa5eee7cdf45eec3a71a672065a67191fda7a,1000.0,0,False
2026-09-02,0xfdbaa5eee7cdf45eec3a71a672065a67191fda7a,1000.0,0,False
2026-09-03,0xfdbaa5eee7cdf45eec3a71a672065a67191fda7a,1000.0,0,False
2026-09-04,0xfdbaa5eee7cdf45eec3a71a672065a67191fda7a,1000.0,0,False
2026-09-05,0xfdbaa5eee7cdf45eec3a71a672065a67191fda7a,1000.0,0,False
2026-09-06,0xfdbaa5eee7cdf45eec3a71a672065a67191fda7a,1000.0,0,False
2026-09-07,0xfdbaa5eee7cdf45eec3a71a672065a67191fda7a,1000.0,0,False
2026-09-08,0xfdbaa5eee7cdf45eec3a71a672065a67191fda7a,1000.0,0,False
2026-09-09,0xfdbaa5eee7cdf45eec3a71a672065a67191fda7a,1000.0,0,False
2026-09-10,0xfdbaa5eee7cdf45eec3a71a672065a67191fda7a,1000.0,0,False
2026-09-11,0xfdbaa5eee7cdf45eec3a71a672065a67191fda7a,1000.0,0,False
2026-09-12,0xfdbaa5eee7cdf45eec3a71a672065a67191fda7a,1000.0179,36,False
2026-09-13,0xfdbaa5eee7cdf45eec3a71a672065a67191fda7a,1003.2488,28,False
2026-09-14,0xfdbaa5eee7cdf45eec3a71a672065a67191fda7a,990.7793,298,False
2026-09-15,0xfdbaa5eee7cdf45eec3a71a672065a67191fda7a,996.4372,285,False
2026-09-16,0xfdbaa5eee7cdf45eec3a71a672065a67191fda7a,991.0217,344,False
2026-09-17,0xfdbaa5eee7cdf45eec3a71a672065a67191fda7a,945.7996,191,False
2026-09-18,0xfdbaa5eee7cdf45eec3a71a672065a67191fda7a,928.4221,401,False
2026-09-19,0xfdbaa5eee7cdf45eec3a71a672065a67191fda7a,975.4974,327,False
2026-09-20,0xfdbaa5eee7cdf45eec3a71a672065a67191fda7a,980.209,1361,False
2026-09-21,0xfdbaa5eee7cdf45eec3a71a672065a67191fda7a,979.1312,1166,False
2026-09-22,0xfdbaa5eee7cdf45eec3a71a672065a67191fda7a,947.0915,480,False
2026-09-23,0xfdbaa5eee7cdf45eec3a71a672065a67191fda7a,980.5918,514,False
2026-09-24,0xfdbaa5eee7cdf45eec3a71a672065a67191fda7a,985.1525,169,False
2026-09-25,0xfdbaa5eee7cdf45eec3a71a672065a67191fda7a,970.306,626,False
2026-09-26,0xfdbaa5eee7cdf45eec3a71a672065a67191fda7a,978.5467,158,False
2026-09-27,0xfdbaa5eee7cdf45eec3a71a672065a67191fda7a,1002.5866,1651,False
2026-09-28,0xfdbaa5eee7cdf45eec3a71a672065a67191fda7a,1018.0319,1033,False
2026-09-29,0xfdbaa5eee7cdf45eec3a71a672065a67191fda7a,1044.1352,1135,False
2026-09-30,0xfdbaa5eee7cdf45eec3a71a672065a67191fda7a,1031.3119,758,False
2026-10-01,0xfdbaa5eee7cdf45eec3a71a672065a67191fda7a,1038.1926,2444,False
2026-10-02,0xfdbaa5eee7cdf45eec3a71a672065a67191fda7a,1081.4502,4241,False
2026-08-19,0x44f4f40d7c82447b2d23c2e537703016874ffab0,1000.0,0,False
2026-08-20,0x44f4f40d7c82447b2d23c2e537703016874ffab0,1000.0,0,False
2026-08-21,0x44f4f40d7c82447b2d23c2e537703016874ffab0,875.7501,50,False
2026-08-22,0x44f4f40d7c82447b2d23c2e537703016874ffab0,903.7857,0,False
2026-08-23,0x44f4f40d7c82447b2d23c2e537703016874ffab0,922.1221,1,False
2026-08-24,0x44f4f40d7c82447b2d23c2e537703016874ffab0,922.1221,0,False
2026-08-25,0x44f4f40d7c82447b2d23c2e537703016874ffab0,922.1221,0,False
2026-08-26,0x44f4f40d7c82447b2d23c2e537703016874ffab0,922.1221,0,False
2026-08-27,0x44f4f40d7c82447b2d23c2e537703016874ffab0,922.1221,0,False
2026-08-28,0x44f4f40d7c82447b2d23c2e537703016874ffab0,955.4405,3,False
2026-08-29,0x44f4f40d7c82447b2d23c2e537703016874ffab0,947.2893,0,False
2026-08-30,0x44f4f40d7c82447b2d23c2e537703016874ffab0,967.8085,6,False
2026-08-31,0x44f4f40d7c82447b2d23c2e537703016874ffab0,940.721,0,False
2026-09-01,0x44f4f40d7c82447b2d23c2e537703016874ffab0,974.9134,0,False
2026-09-02,0x44f4f40d7c82447b2d23c2e537703016874ffab0,977.8738,0,False
2026-09-03,0x44f4f40d7c82447b2d23c2e537703016874ffab0,845.2751,5,False
2026-09-04,0x44f4f40d7c82447b2d23c2e537703016874ffab0,899.0928,10,False
2026-09-05,0x44f4f40d7c82447b2d23c2e537703016874ffab0,898.0961,2,False
2026-09-06,0x44f4f40d7c82447b2d23c2e537703016874ffab0,878.564,1,False
2026-09-07,0x44f4f40d7c82447b2d23c2e537703016874ffab0,933.9823,0,False
2026-09-08,0x44f4f40d7c82447b2d23c2e537703016874ffab0,963.2086,0,False
2026-09-09,0x44f4f40d7c82447b2d23c2e537703016874ffab0,977.0274,1,False
2026-09-10,0x44f4f40d7c82447b2d23c2e537703016874ffab0,1068.525,0,False
2026-09-11,0x44f4f40d7c82447b2d23c2e537703016874ffab0,1058.1492,6,False
2026-09-12,0x44f4f40d7c82447b2d23c2e537703016874ffab0,1053.3694,0,False
2026-09-13,0x44f4f40d7c82447b2d23c2e537703016874ffab0,1041.4414,26,False
2026-09-14,0x44f4f40d7c82447b2d23c2e537703016874ffab0,987.2708,0,False
2026-09-15,0x44f4f40d7c82447b2d23c2e537703016874ffab0,1053.2905,30,False
2026-09-16,0x44f4f40d7c82447b2d23c2e537703016874ffab0,1041.4604,5,False
2026-09-17,0x44f4f40d7c82447b2d23c2e537703016874ffab0,1028.5277,11,False
2026-09-18,0x44f4f40d7c82447b2d23c2e537703016874ffab0,933.5916,0,False
2026-09-19,0x44f4f40d7c82447b2d23c2e537703016874ffab0,925.6942,0,False
2026-09-20,0x44f4f40d7c82447b2d23c2e537703016874ffab0,927.1855,0,False
2026-09-21,0x44f4f40d7c82447b2d23c2e537703016874ffab0,697.7978,17,True
2026-09-22,0x44f4f40d7c82447b2d23c2e537703016874ffab0,697.7978,0,True
2026-09-23,0x44f4f40d7c82447b2d23c2e537703016874ffab0,697.7978,0,True
2026-09-24,0x44f4f40d7c82447b2d23c2e537703016874ffab0,697.7978,0,True
2026-09-25,0x44f4f40d7c82447b2d23c2e537703016874ffab0,697.7978,0,True
2026-09-26,0x44f4f40d7c82447b2d23c2e537703016874ffab0,697.7978,0,True
2026-09-27,0x44f4f40d7c82447b2d23c2e537703016874ffab0,697.7978,0,True
2026-09-28,0x44f4f40d7c82447b2d23c2e537703016874ffab0,697.7978,0,True
2026-09-29,0x44f4f40d7c82447b2d23c2e537703016874ffab0,697.7978,0,True
2026-09-30,0x44f4f40d7c82447b2d23c2e537703016874ffab0,697.7978,0,True
2026-10-01,0x44f4f40d7c82447b2d23c2e537703016874ffab0,697.7978,0,True
2026-10-02,0x44f4f40d7c82447b2d23c2e537703016874ffab0,697.7978,0,True
2026-08-19,0x6608d5342ca0fc0acf0c334c2496f1542af1fc71,1000.0,0,False
2026-08-20,0x6608d5342ca0fc0acf0c334c2496f1542af1fc71,1007.2456,62,False
2026-08-21,0x6608d5342ca0fc0acf0c334c2496f1542af1fc71,1021.7319,445,False
2026-08-22,0x6608d5342ca0fc0acf0c334c2496f1542af1fc71,1025.816,0,False
2026-08-23,0x6608d5342ca0fc0acf0c334c2496f1542af1fc71,979.5001,210,False
2026-08-24,0x6608d5342ca0fc0acf0c334c2496f1542af1fc71,1248.9342,120,False
2026-08-25,0x6608d5342ca0fc0acf0c334c2496f1542af1fc71,1190.4789,6,False
2026-08-26,0x6608d5342ca0fc0acf0c334c2496f1542af1fc71,1081.8027,327,False
2026-08-27,0x6608d5342ca0fc0acf0c334c2496f1542af1fc71,1085.4011,919,False
2026-08-28,0x6608d5342ca0fc0acf0c334c2496f1542af1fc71,1139.7687,0,False
2026-08-29,0x6608d5342ca0fc0acf0c334c2496f1542af1fc71,1107.5006,0,False
2026-08-30,0x6608d5342ca0fc0acf0c334c2496f1542af1fc71,1252.1445,543,False
2026-08-31,0x6608d5342ca0fc0acf0c334c2496f1542af1fc71,1222.6052,295,False
2026-09-01,0x6608d5342ca0fc0acf0c334c2496f1542af1fc71,1189.0838,450,False
2026-09-02,0x6608d5342ca0fc0acf0c334c2496f1542af1fc71,1155.7732,2800,False
2026-09-03,0x6608d5342ca0fc0acf0c334c2496f1542af1fc71,1120.6104,1590,False
2026-09-04,0x6608d5342ca0fc0acf0c334c2496f1542af1fc71,1136.7797,1261,False
2026-09-05,0x6608d5342ca0fc0acf0c334c2496f1542af1fc71,1049.762,563,False
2026-09-06,0x6608d5342ca0fc0acf0c334c2496f1542af1fc71,1093.5434,617,False
2026-09-07,0x6608d5342ca0fc0acf0c334c2496f1542af1fc71,1149.8529,486,False
2026-09-08,0x6608d5342ca0fc0acf0c334c2496f1542af1fc71,1135.7247,11,False
2026-09-09,0x6608d5342ca0fc0acf0c334c2496f1542af1fc71,1175.8361,169,False
2026-09-10,0x6608d5342ca0fc0acf0c334c2496f1542af1fc71,1451.139,65,False
2026-09-11,0x6608d5342ca0fc0acf0c334c2496f1542af1fc71,1275.7827,82,False
2026-09-12,0x6608d5342ca0fc0acf0c334c2496f1542af1fc71,1371.332,86,False
2026-09-13,0x6608d5342ca0fc0acf0c334c2496f1542af1fc71,1549.7032,572,False
2026-09-14,0x6608d5342ca0fc0acf0c334c2496f1542af1fc71,1620.8471,203,False
2026-09-15,0x6608d5342ca0fc0acf0c334c2496f1542af1fc71,1685.6011,45,False
2026-09-16,0x6608d5342ca0fc0acf0c334c2496f1542af1fc71,1517.7583,34,False
2026-09-17,0x6608d5342ca0fc0acf0c334c2496f1542af1fc71,1437.5189,0,False
2026-09-18,0x6608d5342ca0fc0acf0c334c2496f1542af1fc71,1320.6034,0,False
2026-09-19,0x6608d5342ca0fc0acf0c334c2496f1542af1fc71,1354.8319,0,False
2026-09-20,0x6608d5342ca0fc0acf0c334c2496f1542af1fc71,1320.7748,0,False
2026-09-21,0x6608d5342ca0fc0acf0c334c2496f1542af1fc71,1200.6529,0,False
2026-09-22,0x6608d5342ca0fc0acf0c334c2496f1542af1fc71,1250.7142,707,False
2026-09-23,0x6608d5342ca0fc0acf0c334c2496f1542af1fc71,1424.8854,6,False
2026-09-24,0x6608d5342ca0fc0acf0c334c2496f1542af1fc71,1471.8915,0,False
2026-09-25,0x6608d5342ca0fc0acf0c334c2496f1542af1fc71,1376.8049,0,False
2026-09-26,0x6608d5342ca0fc0acf0c334c2496f1542af1fc71,1359.7544,0,False
2026-09-27,0x6608d5342ca0fc0acf0c334c2496f1542af1fc71,1416.6734,35,False
2026-09-28,0x6608d5342ca0fc0acf0c334c2496f1542af1fc71,1590.0037,0,False
2026-09-29,0x6608d5342ca0fc0acf0c334c2496f1542af1fc71,1508.594,426,False
2026-09-30,0x6608d5342ca0fc0acf0c334c2496f1542af1fc71,1540.1932,1,False
2026-10-01,0x6608d5342ca0fc0acf0c334c2496f1542af1fc71,1387.51,51,False
2026-10-02,0x6608d5342ca0fc0acf0c334c2496f1542af1fc71,1312.2919,0,False
2026-08-19,0x8fc7c0442e582bca195978c5a4fdec2e7c5bb0f7,1024.5586,154,False
2026-08-20,0x8fc7c0442e582bca195978c5a4fdec2e7c5bb0f7,1067.1156,14,False
2026-08-21,0x8fc7c0442e582bca195978c5a4fdec2e7c5bb0f7,1111.7619,129,False
2026-08-22,0x8fc7c0442e582bca195978c5a4fdec2e7c5bb0f7,1107.4906,58,False
2026-08-23,0x8fc7c0442e582bca195978c5a4fdec2e7c5bb0f7,1109.5536,15,False
2026-08-24,0x8fc7c0442e582bca195978c5a4fdec2e7c5bb0f7,1133.6943,64,False
2026-08-25,0x8fc7c0442e582bca195978c5a4fdec2e7c5bb0f7,1144.5784,13,False
2026-08-26,0x8fc7c0442e582bca195978c5a4fdec2e7c5bb0f7,1135.3264,25,False
2026-08-27,0x8fc7c0442e582bca195978c5a4fdec2e7c5bb0f7,1132.21,9,False
2026-08-28,0x8fc7c0442e582bca195978c5a4fdec2e7c5bb0f7,1122.9042,94,False
2026-08-29,0x8fc7c0442e582bca195978c5a4fdec2e7c5bb0f7,1108.7694,0,False
2026-08-30,0x8fc7c0442e582bca195978c5a4fdec2e7c5bb0f7,1131.6237,0,False
2026-08-31,0x8fc7c0442e582bca195978c5a4fdec2e7c5bb0f7,1110.2669,253,False
2026-09-01,0x8fc7c0442e582bca195978c5a4fdec2e7c5bb0f7,1085.8309,15,False
2026-09-02,0x8fc7c0442e582bca195978c5a4fdec2e7c5bb0f7,1090.5569,4,False
2026-09-03,0x8fc7c0442e582bca195978c5a4fdec2e7c5bb0f7,1100.5132,63,False
2026-09-04,0x8fc7c0442e582bca195978c5a4fdec2e7c5bb0f7,1052.2597,0,False
2026-09-05,0x8fc7c0442e582bca195978c5a4fdec2e7c5bb0f7,1057.13,0,False
2026-09-06,0x8fc7c0442e582bca195978c5a4fdec2e7c5bb0f7,1070.4275,0,False
2026-09-07,0x8fc7c0442e582bca195978c5a4fdec2e7c5bb0f7,1037.2749,0,False
2026-09-08,0x8fc7c0442e582bca195978c5a4fdec2e7c5bb0f7,1012.6646,0,False
2026-09-09,0x8fc7c0442e582bca195978c5a4fdec2e7c5bb0f7,1013.3242,0,False
2026-09-10,0x8fc7c0442e582bca195978c5a4fdec2e7c5bb0f7,958.3305,0,False
2026-09-11,0x8fc7c0442e582bca195978c5a4fdec2e7c5bb0f7,979.6726,0,False
2026-09-12,0x8fc7c0442e582bca195978c5a4fdec2e7c5bb0f7,981.4379,0,False
2026-09-13,0x8fc7c0442e582bca195978c5a4fdec2e7c5bb0f7,917.822,243,False
2026-09-14,0x8fc7c0442e582bca195978c5a4fdec2e7c5bb0f7,892.8478,209,False
2026-09-15,0x8fc7c0442e582bca195978c5a4fdec2e7c5bb0f7,766.8538,11,True
2026-09-16,0x8fc7c0442e582bca195978c5a4fdec2e7c5bb0f7,766.8538,0,True
2026-09-17,0x8fc7c0442e582bca195978c5a4fdec2e7c5bb0f7,766.8538,0,True
2026-09-18,0x8fc7c0442e582bca195978c5a4fdec2e7c5bb0f7,766.8538,0,True
2026-09-19,0x8fc7c0442e582bca195978c5a4fdec2e7c5bb0f7,766.8538,0,True
2026-09-20,0x8fc7c0442e582bca195978c5a4fdec2e7c5bb0f7,766.8538,0,True
2026-09-21,0x8fc7c0442e582bca195978c5a4fdec2e7c5bb0f7,766.8538,0,True
2026-09-22,0x8fc7c0442e582bca195978c5a4fdec2e7c5bb0f7,766.8538,0,True
2026-09-23,0x8fc7c0442e582bca195978c5a4fdec2e7c5bb0f7,766.8538,0,True
2026-09-24,0x8fc7c0442e582bca195978c5a4fdec2e7c5bb0f7,766.8538,0,True
2026-09-25,0x8fc7c0442e582bca195978c5a4fdec2e7c5bb0f7,766.8538,0,True
2026-09-26,0x8fc7c0442e582bca195978c5a4fdec2e7c5bb0f7,766.8538,0,True
2026-09-27,0x8fc7c0442e582bca195978c5a4fdec2e7c5bb0f7,766.8538,0,True
2026-09-28,0x8fc7c0442e582bca195978c5a4fdec2e7c5bb0f7,766.8538,0,True
2026-09-29,0x8fc7c0442e582bca195978c5a4fdec2e7c5bb0f7,766.8538,0,True
2026-09-30,0x8fc7c0442e582bca195978c5a4fdec2e7c5bb0f7,766.8538,0,True
2026-10-01,0x8fc7c0442e582bca195978c5a4fdec2e7c5bb0f7,766.8538,0,True
2026-10-02,0x8fc7c0442e582bca195978c5a4fdec2e7c5bb0f7,766.8538,0,True
2026-08-19,0xb3b60a1fd4d8241bfd7b285c3560d75135350582,940.8679,109,False
2026-08-20,0xb3b60a1fd4d8241bfd7b285c3560d75135350582,806.1905,326,False
2026-08-21,0xb3b60a1fd4d8241bfd7b285c3560d75135350582,773.92,107,True
2026-08-22,0xb3b60a1fd4d8241bfd7b285c3560d75135350582,773.92,0,True
2026-08-23,0xb3b60a1fd4d8241bfd7b285c3560d75135350582,773.92,0,True
2026-08-24,0xb3b60a1fd4d8241bfd7b285c3560d75135350582,773.92,0,True
2026-08-25,0xb3b60a1fd4d8241bfd7b285c3560d75135350582,773.92,0,True
2026-08-26,0xb3b60a1fd4d8241bfd7b285c3560d75135350582,773.92,0,True
2026-08-27,0xb3b60a1fd4d8241bfd7b285c3560d75135350582,773.92,0,True
2026-08-28,0xb3b60a1fd4d8241bfd7b285c3560d75135350582,773.92,0,True
2026-08-29,0xb3b60a1fd4d8241bfd7b285c3560d75135350582,773.92,0,True
2026-08-30,0xb3b60a1fd4d8241bfd7b285c3560d75135350582,773.92,0,True
2026-08-31,0xb3b60a1fd4d8241bfd7b285c3560d75135350582,773.92,0,True
2026-09-01,0xb3b60a1fd4d8241bfd7b285c3560d75135350582,773.92,0,True
2026-09-02,0xb3b60a1fd4d8241bfd7b285c3560d75135350582,773.92,0,True
2026-09-03,0xb3b60a1fd4d8241bfd7b285c3560d75135350582,773.92,0,True
2026-09-04,0xb3b60a1fd4d8241bfd7b285c3560d75135350582,773.92,0,True
2026-09-05,0xb3b60a1fd4d8241bfd7b285c3560d75135350582,773.92,0,True
2026-09-06,0xb3b60a1fd4d8241bfd7b285c3560d75135350582,773.92,0,True
2026-09-07,0xb3b60a1fd4d8241bfd7b285c3560d75135350582,773.92,0,True
2026-09-08,0xb3b60a1fd4d8241bfd7b285c3560d75135350582,773.92,0,True
2026-09-09,0xb3b60a1fd4d8241bfd7b285c3560d75135350582,773.92,0,True
2026-09-10,0xb3b60a1fd4d8241bfd7b285c3560d75135350582,773.92,0,True
2026-09-11,0xb3b60a1fd4d8241bfd7b285c3560d75135350582,773.92,0,True
2026-09-12,0xb3b60a1fd4d8241bfd7b285c3560d75135350582,773.92,0,True
2026-09-13,0xb3b60a1fd4d8241bfd7b285c3560d75135350582,773.92,0,True
2026-09-14,0xb3b60a1fd4d8241bfd7b285c3560d75135350582,773.92,0,True
2026-09-15,0xb3b60a1fd4d8241bfd7b285c3560d75135350582,773.92,0,True
2026-09-16,0xb3b60a1fd4d8241bfd7b285c3560d75135350582,773.92,0,True
2026-09-17,0xb3b60a1fd4d8241bfd7b285c3560d75135350582,773.92,0,True
2026-09-18,0xb3b60a1fd4d8241bfd7b285c3560d75135350582,773.92,0,True
2026-09-19,0xb3b60a1fd4d8241bfd7b285c3560d75135350582,773.92,0,True
2026-09-20,0xb3b60a1fd4d8241bfd7b285c3560d75135350582,773.92,0,True
2026-09-21,0xb3b60a1fd4d8241bfd7b285c3560d75135350582,773.92,0,True
2026-09-22,0xb3b60a1fd4d8241bfd7b285c3560d75135350582,773.92,0,True
2026-09-23,0xb3b60a1fd4d8241bfd7b285c3560d75135350582,773.92,0,True
2026-09-24,0xb3b60a1fd4d8241bfd7b285c3560d75135350582,773.92,0,True
2026-09-25,0xb3b60a1fd4d8241bfd7b285c3560d75135350582,773.92,0,True
2026-09-26,0xb3b60a1fd4d8241bfd7b285c3560d75135350582,773.92,0,True
2026-09-27,0xb3b60a1fd4d8241bfd7b285c3560d75135350582,773.92,0,True
2026-09-28,0xb3b60a1fd4d8241bfd7b285c3560d75135350582,773.92,0,True
2026-09-29,0xb3b60a1fd4d8241bfd7b285c3560d75135350582,773.92,0,True
2026-09-30,0xb3b60a1fd4d8241bfd7b285c3560d75135350582,773.92,0,True
2026-10-01,0xb3b60a1fd4d8241bfd7b285c3560d75135350582,773.92,0,True
2026-10-02,0xb3b60a1fd4d8241bfd7b285c3560d75135350582,773.92,0,True
2026-08-19,0xe06142615991dee64ca813085779fadcc70431eb,1002.2831,46,False
2026-08-20,0xe06142615991dee64ca813085779fadcc70431eb,1026.1533,121,False
2026-08-21,0xe06142615991dee64ca813085779fadcc70431eb,1071.0341,27,False
2026-08-22,0xe06142615991dee64ca813085779fadcc70431eb,1129.6714,42,False
2026-08-23,0xe06142615991dee64ca813085779fadcc70431eb,1140.2503,0,False
2026-08-24,0xe06142615991dee64ca813085779fadcc70431eb,1121.4061,53,False
2026-08-25,0xe06142615991dee64ca813085779fadcc70431eb,1087.0892,63,False
2026-08-26,0xe06142615991dee64ca813085779fadcc70431eb,1079.9004,1,False
2026-08-27,0xe06142615991dee64ca813085779fadcc70431eb,1078.4586,3,False
2026-08-28,0xe06142615991dee64ca813085779fadcc70431eb,1181.1282,0,False
2026-08-29,0xe06142615991dee64ca813085779fadcc70431eb,1163.3284,0,False
2026-08-30,0xe06142615991dee64ca813085779fadcc70431eb,1131.423,0,False
2026-08-31,0xe06142615991dee64ca813085779fadcc70431eb,1167.5486,0,False
2026-09-01,0xe06142615991dee64ca813085779fadcc70431eb,1180.5375,0,False
2026-09-02,0xe06142615991dee64ca813085779fadcc70431eb,1169.556,30,False
2026-09-03,0xe06142615991dee64ca813085779fadcc70431eb,1179.9733,159,False
2026-09-04,0xe06142615991dee64ca813085779fadcc70431eb,1152.7772,1,False
2026-09-05,0xe06142615991dee64ca813085779fadcc70431eb,1223.6359,0,False
2026-09-06,0xe06142615991dee64ca813085779fadcc70431eb,1373.9239,0,False
2026-09-07,0xe06142615991dee64ca813085779fadcc70431eb,1213.0698,0,False
2026-09-08,0xe06142615991dee64ca813085779fadcc70431eb,808.875,594,False
2026-09-09,0xe06142615991dee64ca813085779fadcc70431eb,875.5951,205,False
2026-09-10,0xe06142615991dee64ca813085779fadcc70431eb,710.0779,384,True
2026-09-11,0xe06142615991dee64ca813085779fadcc70431eb,710.0779,0,True
2026-09-12,0xe06142615991dee64ca813085779fadcc70431eb,710.0779,0,True
2026-09-13,0xe06142615991dee64ca813085779fadcc70431eb,710.0779,0,True
2026-09-14,0xe06142615991dee64ca813085779fadcc70431eb,710.0779,0,True
2026-09-15,0xe06142615991dee64ca813085779fadcc70431eb,710.0779,0,True
2026-09-16,0xe06142615991dee64ca813085779fadcc70431eb,710.0779,0,True
2026-09-17,0xe06142615991dee64ca813085779fadcc70431eb,710.0779,0,True
2026-09-18,0xe06142615991dee64ca813085779fadcc70431eb,710.0779,0,True
2026-09-19,0xe06142615991dee64ca813085779fadcc70431eb,710.0779,0,True
2026-09-20,0xe06142615991dee64ca813085779fadcc70431eb,710.0779,0,True
2026-09-21,0xe06142615991dee64ca813085779fadcc70431eb,710.0779,0,True
2026-09-22,0xe06142615991dee64ca813085779fadcc70431eb,710.0779,0,True
2026-09-23,0xe06142615991dee64ca813085779fadcc70431eb,710.0779,0,True
2026-09-24,0xe06142615991dee64ca813085779fadcc70431eb,710.0779,0,True
2026-09-25,0xe06142615991dee64ca813085779fadcc70431eb,710.0779,0,True
2026-09-26,0xe06142615991dee64ca813085779fadcc70431eb,710.0779,0,True
2026-09-27,0xe06142615991dee64ca813085779fadcc70431eb,710.0779,0,True
2026-09-28,0xe06142615991dee64ca813085779fadcc70431eb,710.0779,0,True
2026-09-29,0xe06142615991dee64ca813085779fadcc70431eb,710.0779,0,True
2026-09-30,0xe06142615991dee64ca813085779fadcc70431eb,710.0779,0,True
2026-10-01,0xe06142615991dee64ca813085779fadcc70431eb,710.0779,0,True
2026-10-02,0xe06142615991dee64ca813085779fadcc70431eb,710.0779,0,True
2026-08-19,0x2ded914aa5fadadd7d32d678924188586d7c656b,1007.7437,559,False
2026-08-20,0x2ded914aa5fadadd7d32d678924188586d7c656b,977.1248,336,False
2026-08-21,0x2ded914aa5fadadd7d32d678924188586d7c656b,984.9929,509,False
2026-08-22,0x2ded914aa5fadadd7d32d678924188586d7c656b,915.3192,92,False
2026-08-23,0x2ded914aa5fadadd7d32d678924188586d7c656b,901.1278,134,False
2026-08-24,0x2ded914aa5fadadd7d32d678924188586d7c656b,926.064,808,False
2026-08-25,0x2ded914aa5fadadd7d32d678924188586d7c656b,938.5304,532,False
2026-08-26,0x2ded914aa5fadadd7d32d678924188586d7c656b,915.6163,476,False
2026-08-27,0x2ded914aa5fadadd7d32d678924188586d7c656b,904.4911,425,False
2026-08-28,0x2ded914aa5fadadd7d32d678924188586d7c656b,958.1343,188,False
2026-08-29,0x2ded914aa5fadadd7d32d678924188586d7c656b,915.6215,0,False
2026-08-30,0x2ded914aa5fadadd7d32d678924188586d7c656b,954.4192,12,False
2026-08-31,0x2ded914aa5fadadd7d32d678924188586d7c656b,961.8446,649,False
2026-09-01,0x2ded914aa5fadadd7d32d678924188586d7c656b,979.9303,443,False
2026-09-02,0x2ded914aa5fadadd7d32d678924188586d7c656b,1010.6811,131,False
2026-09-03,0x2ded914aa5fadadd7d32d678924188586d7c656b,944.3799,610,False
2026-09-04,0x2ded914aa5fadadd7d32d678924188586d7c656b,935.6459,57,False
2026-09-05,0x2ded914aa5fadadd7d32d678924188586d7c656b,962.3273,0,False
2026-09-06,0x2ded914aa5fadadd7d32d678924188586d7c656b,939.1352,12,False
2026-09-07,0x2ded914aa5fadadd7d32d678924188586d7c656b,927.543,393,False
2026-09-08,0x2ded914aa5fadadd7d32d678924188586d7c656b,836.4645,363,False
2026-09-09,0x2ded914aa5fadadd7d32d678924188586d7c656b,887.5713,348,False
2026-09-10,0x2ded914aa5fadadd7d32d678924188586d7c656b,919.5943,28,False
2026-09-11,0x2ded914aa5fadadd7d32d678924188586d7c656b,949.3149,158,False
2026-09-12,0x2ded914aa5fadadd7d32d678924188586d7c656b,939.7683,148,False
2026-09-13,0x2ded914aa5fadadd7d32d678924188586d7c656b,982.7987,142,False
2026-09-14,0x2ded914aa5fadadd7d32d678924188586d7c656b,922.2124,392,False
2026-09-15,0x2ded914aa5fadadd7d32d678924188586d7c656b,953.3387,159,False
2026-09-16,0x2ded914aa5fadadd7d32d678924188586d7c656b,908.5497,578,False
2026-09-17,0x2ded914aa5fadadd7d32d678924188586d7c656b,840.7021,149,False
2026-09-18,0x2ded914aa5fadadd7d32d678924188586d7c656b,758.5559,148,True
2026-09-19,0x2ded914aa5fadadd7d32d678924188586d7c656b,758.5559,0,True
2026-09-20,0x2ded914aa5fadadd7d32d678924188586d7c656b,758.5559,0,True
2026-09-21,0x2ded914aa5fadadd7d32d678924188586d7c656b,758.5559,0,True
2026-09-22,0x2ded914aa5fadadd7d32d678924188586d7c656b,758.5559,0,True
2026-09-23,0x2ded914aa5fadadd7d32d678924188586d7c656b,758.5559,0,True
2026-09-24,0x2ded914aa5fadadd7d32d678924188586d7c656b,758.5559,0,True
2026-09-25,0x2ded914aa5fadadd7d32d678924188586d7c656b,758.5559,0,True
2026-09-26,0x2ded914aa5fadadd7d32d678924188586d7c656b,758.5559,0,True
2026-09-27,0x2ded914aa5fadadd7d32d678924188586d7c656b,758.5559,0,True
2026-09-28,0x2ded914aa5fadadd7d32d678924188586d7c656b,758.5559,0,True
2026-09-29,0x2ded914aa5fadadd7d32d678924188586d7c656b,758.5559,0,True
2026-09-30,0x2ded914aa5fadadd7d32d678924188586d7c656b,758.5559,0,True
2026-10-01,0x2ded914aa5fadadd7d32d678924188586d7c656b,758.5559,0,True
2026-10-02,0x2ded914aa5fadadd7d32d678924188586d7c656b,758.5559,0,True
2026-08-19,0x7cbe8545bf40cffa28c270589d87c3a1e0fb5019,1000.077,30,False
2026-08-20,0x7cbe8545bf40cffa28c270589d87c3a1e0fb5019,1016.5526,10,False
2026-08-21,0x7cbe8545bf40cffa28c270589d87c3a1e0fb5019,1032.6435,0,False
2026-08-22,0x7cbe8545bf40cffa28c270589d87c3a1e0fb5019,1030.7332,2,False
2026-08-23,0x7cbe8545bf40cffa28c270589d87c3a1e0fb5019,1052.0674,3,False
2026-08-24,0x7cbe8545bf40cffa28c270589d87c3a1e0fb5019,967.0872,0,False
2026-08-25,0x7cbe8545bf40cffa28c270589d87c3a1e0fb5019,1002.086,0,False
2026-08-26,0x7cbe8545bf40cffa28c270589d87c3a1e0fb5019,1035.2483,11,False
2026-08-27,0x7cbe8545bf40cffa28c270589d87c3a1e0fb5019,986.1468,77,False
2026-08-28,0x7cbe8545bf40cffa28c270589d87c3a1e0fb5019,975.8601,0,False
2026-08-29,0x7cbe8545bf40cffa28c270589d87c3a1e0fb5019,983.8723,0,False
2026-08-30,0x7cbe8545bf40cffa28c270589d87c3a1e0fb5019,963.621,0,False
2026-08-31,0x7cbe8545bf40cffa28c270589d87c3a1e0fb5019,981.4246,0,False
2026-09-01,0x7cbe8545bf40cffa28c270589d87c3a1e0fb5019,963.9238,0,False
2026-09-02,0x7cbe8545bf40cffa28c270589d87c3a1e0fb5019,973.0151,0,False
2026-09-03,0x7cbe8545bf40cffa28c270589d87c3a1e0fb5019,972.0456,0,False
2026-09-04,0x7cbe8545bf40cffa28c270589d87c3a1e0fb5019,1012.5113,0,False
2026-09-05,0x7cbe8545bf40cffa28c270589d87c3a1e0fb5019,1013.5388,0,False
2026-09-06,0x7cbe8545bf40cffa28c270589d87c3a1e0fb5019,1015.9287,0,False
2026-09-07,0x7cbe8545bf40cffa28c270589d87c3a1e0fb5019,1028.7791,0,False
2026-09-08,0x7cbe8545bf40cffa28c270589d87c3a1e0fb5019,1023.4423,35,False
2026-09-09,0x7cbe8545bf40cffa28c270589d87c3a1e0fb5019,1024.5732,31,False
2026-09-10,0x7cbe8545bf40cffa28c270589d87c3a1e0fb5019,964.1466,0,False
2026-09-11,0x7cbe8545bf40cffa28c270589d87c3a1e0fb5019,1004.042,25,False
2026-09-12,0x7cbe8545bf40cffa28c270589d87c3a1e0fb5019,991.4053,0,False
2026-09-13,0x7cbe8545bf40cffa28c270589d87c3a1e0fb5019,940.5631,1,False
2026-09-14,0x7cbe8545bf40cffa28c270589d87c3a1e0fb5019,931.3469,0,False
2026-09-15,0x7cbe8545bf40cffa28c270589d87c3a1e0fb5019,924.8014,7,False
2026-09-16,0x7cbe8545bf40cffa28c270589d87c3a1e0fb5019,974.5197,0,False
2026-09-17,0x7cbe8545bf40cffa28c270589d87c3a1e0fb5019,1008.7681,33,False
2026-09-18,0x7cbe8545bf40cffa28c270589d87c3a1e0fb5019,1104.3625,0,False
2026-09-19,0x7cbe8545bf40cffa28c270589d87c3a1e0fb5019,1097.1375,0,False
2026-09-20,0x7cbe8545bf40cffa28c270589d87c3a1e0fb5019,1109.2328,0,False
2026-09-21,0x7cbe8545bf40cffa28c270589d87c3a1e0fb5019,1165.4131,4,False
2026-09-22,0x7cbe8545bf40cffa28c270589d87c3a1e0fb5019,1214.681,0,False
2026-09-23,0x7cbe8545bf40cffa28c270589d87c3a1e0fb5019,1179.2609,0,False
2026-09-24,0x7cbe8545bf40cffa28c270589d87c3a1e0fb5019,1158.3628,1,False
2026-09-25,0x7cbe8545bf40cffa28c270589d87c3a1e0fb5019,1218.3313,0,False
2026-09-26,0x7cbe8545bf40cffa28c270589d87c3a1e0fb5019,1213.9141,0,False
2026-09-27,0x7cbe8545bf40cffa28c270589d87c3a1e0fb5019,1217.3752,0,False
2026-09-28,0x7cbe8545bf40cffa28c270589d87c3a1e0fb5019,1104.3682,0,False
2026-09-29,0x7cbe8545bf40cffa28c270589d87c3a1e0fb5019,1214.7029,0,False
2026-09-30,0x7cbe8545bf40cffa28c270589d87c3a1e0fb5019,1144.469,0,False
2026-10-01,0x7cbe8545bf40cffa28c270589d87c3a1e0fb5019,1108.2542,91,False
2026-10-02,0x7cbe8545bf40cffa28c270589d87c3a1e0fb5019,1125.2226,0,False
2026-08-19,0x500bea59133e20dc63b7e88913b30348494b84ba,1000.0,0,False
2026-08-20,0x500bea59133e20dc63b7e88913b30348494b84ba,1000.0,0,False
2026-08-21,0x500bea59133e20dc63b7e88913b30348494b84ba,1000.0,0,False
2026-08-22,0x500bea59133e20dc63b7e88913b30348494b84ba,1000.0,0,False
2026-08-23,0x500bea59133e20dc63b7e88913b30348494b84ba,1000.0,0,False
2026-08-24,0x500bea59133e20dc63b7e88913b30348494b84ba,1000.0,0,False
2026-08-25,0x500bea59133e20dc63b7e88913b30348494b84ba,1000.0,0,False
2026-08-26,0x500bea59133e20dc63b7e88913b30348494b84ba,1000.0,0,False
2026-08-27,0x500bea59133e20dc63b7e88913b30348494b84ba,1000.0,0,False
2026-08-28,0x500bea59133e20dc63b7e88913b30348494b84ba,1000.0,0,False
2026-08-29,0x500bea59133e20dc63b7e88913b30348494b84ba,1000.0,0,False
2026-08-30,0x500bea59133e20dc63b7e88913b30348494b84ba,1000.0,0,False
2026-08-31,0x500bea59133e20dc63b7e88913b30348494b84ba,1000.0,0,False
2026-09-01,0x500bea59133e20dc63b7e88913b30348494b84ba,1000.0,0,False
2026-09-02,0x500bea59133e20dc63b7e88913b30348494b84ba,1000.0,0,False
2026-09-03,0x500bea59133e20dc63b7e88913b30348494b84ba,1000.0,0,False
2026-09-04,0x500bea59133e20dc63b7e88913b30348494b84ba,1000.0,0,False
2026-09-05,0x500bea59133e20dc63b7e88913b30348494b84ba,1000.0,0,False
2026-09-06,0x500bea59133e20dc63b7e88913b30348494b84ba,1000.0,0,False
2026-09-07,0x500bea59133e20dc63b7e88913b30348494b84ba,1000.0,0,False
2026-09-08,0x500bea59133e20dc63b7e88913b30348494b84ba,1000.0,0,False
2026-09-09,0x500bea59133e20dc63b7e88913b30348494b84ba,1000.0,0,False
2026-09-10,0x500bea59133e20dc63b7e88913b30348494b84ba,1000.0,0,False
2026-09-11,0x500bea59133e20dc63b7e88913b30348494b84ba,1000.0,0,False
2026-09-12,0x500bea59133e20dc63b7e88913b30348494b84ba,1000.0,0,False
2026-09-13,0x500bea59133e20dc63b7e88913b30348494b84ba,1000.0,0,False
2026-09-14,0x500bea59133e20dc63b7e88913b30348494b84ba,1000.0,0,False
2026-09-15,0x500bea59133e20dc63b7e88913b30348494b84ba,1000.0,0,False
2026-09-16,0x500bea59133e20dc63b7e88913b30348494b84ba,1000.0,0,False
2026-09-17,0x500bea59133e20dc63b7e88913b30348494b84ba,1000.0,0,False
2026-09-18,0x500bea59133e20dc63b7e88913b30348494b84ba,1000.0,0,False
2026-09-19,0x500bea59133e20dc63b7e88913b30348494b84ba,1000.0,0,False
2026-09-20,0x500bea59133e20dc63b7e88913b30348494b84ba,1000.0,0,False
2026-09-21,0x500bea59133e20dc63b7e88913b30348494b84ba,1000.0,0,False
2026-09-22,0x500bea59133e20dc63b7e88913b30348494b84ba,1000.0,0,False
2026-09-23,0x500bea59133e20dc63b7e88913b30348494b84ba,1000.0,0,False
2026-09-24,0x500bea59133e20dc63b7e88913b30348494b84ba,1000.0,0,False
2026-09-25,0x500bea59133e20dc63b7e88913b30348494b84ba,1000.0,0,False
2026-09-26,0x500bea59133e20dc63b7e88913b30348494b84ba,1000.0,0,False
2026-09-27,0x500bea59133e20dc63b7e88913b30348494b84ba,1000.0,0,False
2026-09-28,0x500bea59133e20dc63b7e88913b30348494b84ba,1000.0,0,False
2026-09-29,0x500bea59133e20dc63b7e88913b30348494b84ba,1000.0,0,False
2026-09-30,0x500bea59133e20dc63b7e88913b30348494b84ba,1000.0,0,False
2026-10-01,0x500bea59133e20dc63b7e88913b30348494b84ba,1000.0,0,False
2026-10-02,0x500bea59133e20dc63b7e88913b30348494b84ba,1000.0,0,False
2026-08-19,0x39a04e90140793ec048323284425cd2ff53480d6,999.0859,508,False
2026-08-20,0x39a04e90140793ec048323284425cd2ff53480d6,1029.5599,82,False
2026-08-21,0x39a04e90140793ec048323284425cd2ff53480d6,1103.8814,745,False
2026-08-22,0x39a04e90140793ec048323284425cd2ff53480d6,1158.1656,82,False
2026-08-23,0x39a04e90140793ec048323284425cd2ff53480d6,1208.25,0,False
2026-08-24,0x39a04e90140793ec048323284425cd2ff53480d6,1169.9984,33,False
2026-08-25,0x39a04e90140793ec048323284425cd2ff53480d6,1149.7838,31,False
2026-08-26,0x39a04e90140793ec048323284425cd2ff53480d6,1179.0475,432,False
2026-08-27,0x39a04e90140793ec048323284425cd2ff53480d6,1203.1024,27,False
2026-08-28,0x39a04e90140793ec048323284425cd2ff53480d6,1148.7453,1633,False
2026-08-29,0x39a04e90140793ec048323284425cd2ff53480d6,1140.318,384,False
2026-08-30,0x39a04e90140793ec048323284425cd2ff53480d6,1141.38,11,False
2026-08-31,0x39a04e90140793ec048323284425cd2ff53480d6,1141.9145,33,False
2026-09-01,0x39a04e90140793ec048323284425cd2ff53480d6,1136.0152,206,False
2026-09-02,0x39a04e90140793ec048323284425cd2ff53480d6,1129.8592,363,False
2026-09-03,0x39a04e90140793ec048323284425cd2ff53480d6,1132.1779,954,False
2026-09-04,0x39a04e90140793ec048323284425cd2ff53480d6,1095.5045,386,False
2026-09-05,0x39a04e90140793ec048323284425cd2ff53480d6,1105.9783,148,False
2026-09-06,0x39a04e90140793ec048323284425cd2ff53480d6,1149.6839,350,False
2026-09-07,0x39a04e90140793ec048323284425cd2ff53480d6,1105.7982,37,False
2026-09-08,0x39a04e90140793ec048323284425cd2ff53480d6,1106.8693,358,False
2026-09-09,0x39a04e90140793ec048323284425cd2ff53480d6,1114.8597,699,False
2026-09-10,0x39a04e90140793ec048323284425cd2ff53480d6,1101.6301,205,False
2026-09-11,0x39a04e90140793ec048323284425cd2ff53480d6,1096.7366,305,False
2026-09-12,0x39a04e90140793ec048323284425cd2ff53480d6,1093.6151,0,False
2026-09-13,0x39a04e90140793ec048323284425cd2ff53480d6,1080.9511,0,False
2026-09-14,0x39a04e90140793ec048323284425cd2ff53480d6,1093.5317,6,False
2026-09-15,0x39a04e90140793ec048323284425cd2ff53480d6,1086.2204,17,False
2026-09-16,0x39a04e90140793ec048323284425cd2ff53480d6,1122.3448,24,False
2026-09-17,0x39a04e90140793ec048323284425cd2ff53480d6,1148.6436,232,False
2026-09-18,0x39a04e90140793ec048323284425cd2ff53480d6,1200.7263,226,False
2026-09-19,0x39a04e90140793ec048323284425cd2ff53480d6,1193.7218,13,False
2026-09-20,0x39a04e90140793ec048323284425cd2ff53480d6,1200.6214,0,False
2026-09-21,0x39a04e90140793ec048323284425cd2ff53480d6,1202.6535,26,False
2026-09-22,0x39a04e90140793ec048323284425cd2ff53480d6,1216.3191,14,False
2026-09-23,0x39a04e90140793ec048323284425cd2ff53480d6,1201.3133,7,False
2026-09-24,0x39a04e90140793ec048323284425cd2ff53480d6,1196.4276,0,False
2026-09-25,0x39a04e90140793ec048323284425cd2ff53480d6,1201.0501,0,False
2026-09-26,0x39a04e90140793ec048323284425cd2ff53480d6,1200.0424,0,False
2026-09-27,0x39a04e90140793ec048323284425cd2ff53480d6,1195.8639,0,False
2026-09-28,0x39a04e90140793ec048323284425cd2ff53480d6,1178.7605,0,False
2026-09-29,0x39a04e90140793ec048323284425cd2ff53480d6,1171.5994,0,False
2026-09-30,0x39a04e90140793ec048323284425cd2ff53480d6,1188.6556,0,False
2026-10-01,0x39a04e90140793ec048323284425cd2ff53480d6,1176.8834,0,False
2026-10-02,0x39a04e90140793ec048323284425cd2ff53480d6,1180.508,0,False
2026-08-19,0xf62edeee17968d4c55d1c74936d2110333342f30,937.5405,37,False
2026-08-20,0xf62edeee17968d4c55d1c74936d2110333342f30,697.2247,16,True
2026-08-21,0xf62edeee17968d4c55d1c74936d2110333342f30,697.2247,0,True
2026-08-22,0xf62edeee17968d4c55d1c74936d2110333342f30,697.2247,0,True
2026-08-23,0xf62edeee17968d4c55d1c74936d2110333342f30,697.2247,0,True
2026-08-24,0xf62edeee17968d4c55d1c74936d2110333342f30,697.2247,0,True
2026-08-25,0xf62edeee17968d4c55d1c74936d2110333342f30,697.2247,0,True
2026-08-26,0xf62edeee17968d4c55d1c74936d2110333342f30,697.2247,0,True
2026-08-27,0xf62edeee17968d4c55d1c74936d2110333342f30,697.2247,0,True
2026-08-28,0xf62edeee17968d4c55d1c74936d2110333342f30,697.2247,0,True
2026-08-29,0xf62edeee17968d4c55d1c74936d2110333342f30,697.2247,0,True
2026-08-30,0xf62edeee17968d4c55d1c74936d2110333342f30,697.2247,0,True
2026-08-31,0xf62edeee17968d4c55d1c74936d2110333342f30,697.2247,0,True
2026-09-01,0xf62edeee17968d4c55d1c74936d2110333342f30,697.2247,0,True
2026-09-02,0xf62edeee17968d4c55d1c74936d2110333342f30,697.2247,0,True
2026-09-03,0xf62edeee17968d4c55d1c74936d2110333342f30,697.2247,0,True
2026-09-04,0xf62edeee17968d4c55d1c74936d2110333342f30,697.2247,0,True
2026-09-05,0xf62edeee17968d4c55d1c74936d2110333342f30,697.2247,0,True
2026-09-06,0xf62edeee17968d4c55d1c74936d2110333342f30,697.2247,0,True
2026-09-07,0xf62edeee17968d4c55d1c74936d2110333342f30,697.2247,0,True
2026-09-08,0xf62edeee17968d4c55d1c74936d2110333342f30,697.2247,0,True
2026-09-09,0xf62edeee17968d4c55d1c74936d2110333342f30,697.2247,0,True
2026-09-10,0xf62edeee17968d4c55d1c74936d2110333342f30,697.2247,0,True
2026-09-11,0xf62edeee17968d4c55d1c74936d2110333342f30,697.2247,0,True
2026-09-12,0xf62edeee17968d4c55d1c74936d2110333342f30,697.2247,0,True
2026-09-13,0xf62edeee17968d4c55d1c74936d2110333342f30,697.2247,0,True
2026-09-14,0xf62edeee17968d4c55d1c74936d2110333342f30,697.2247,0,True
2026-09-15,0xf62edeee17968d4c55d1c74936d2110333342f30,697.2247,0,True
2026-09-16,0xf62edeee17968d4c55d1c74936d2110333342f30,697.2247,0,True
2026-09-17,0xf62edeee17968d4c55d1c74936d2110333342f30,697.2247,0,True
2026-09-18,0xf62edeee17968d4c55d1c74936d2110333342f30,697.2247,0,True
2026-09-19,0xf62edeee17968d4c55d1c74936d2110333342f30,697.2247,0,True
2026-09-20,0xf62edeee17968d4c55d1c74936d2110333342f30,697.2247,0,True
2026-09-21,0xf62edeee17968d4c55d1c74936d2110333342f30,697.2247,0,True
2026-09-22,0xf62edeee17968d4c55d1c74936d2110333342f30,697.2247,0,True
2026-09-23,0xf62edeee17968d4c55d1c74936d2110333342f30,697.2247,0,True
2026-09-24,0xf62edeee17968d4c55d1c74936d2110333342f30,697.2247,0,True
2026-09-25,0xf62edeee17968d4c55d1c74936d2110333342f30,697.2247,0,True
2026-09-26,0xf62edeee17968d4c55d1c74936d2110333342f30,697.2247,0,True
2026-09-27,0xf62edeee17968d4c55d1c74936d2110333342f30,697.2247,0,True
2026-09-28,0xf62edeee17968d4c55d1c74936d2110333342f30,697.2247,0,True
2026-09-29,0xf62edeee17968d4c55d1c74936d2110333342f30,697.2247,0,True
2026-09-30,0xf62edeee17968d4c55d1c74936d2110333342f30,697.2247,0,True
2026-10-01,0xf62edeee17968d4c55d1c74936d2110333342f30,697.2247,0,True
2026-10-02,0xf62edeee17968d4c55d1c74936d2110333342f30,697.2247,0,True
2026-08-19,0xa5fd942d4badbab4fe84a9e10f565dd40d5f15ff,990.2715,269,False
2026-08-20,0xa5fd942d4badbab4fe84a9e10f565dd40d5f15ff,984.2538,562,False
2026-08-21,0xa5fd942d4badbab4fe84a9e10f565dd40d5f15ff,990.8832,1054,False
2026-08-22,0xa5fd942d4badbab4fe84a9e10f565dd40d5f15ff,1015.2131,586,False
2026-08-23,0xa5fd942d4badbab4fe84a9e10f565dd40d5f15ff,1061.2424,44,False
2026-08-24,0xa5fd942d4badbab4fe84a9e10f565dd40d5f15ff,1069.6414,417,False
2026-08-25,0xa5fd942d4badbab4fe84a9e10f565dd40d5f15ff,1043.5971,34,False
2026-08-26,0xa5fd942d4badbab4fe84a9e10f565dd40d5f15ff,1065.9476,25,False
2026-08-27,0xa5fd942d4badbab4fe84a9e10f565dd40d5f15ff,1095.854,109,False
2026-08-28,0xa5fd942d4badbab4fe84a9e10f565dd40d5f15ff,1071.3231,11,False
2026-08-29,0xa5fd942d4badbab4fe84a9e10f565dd40d5f15ff,1076.1126,24,False
2026-08-30,0xa5fd942d4badbab4fe84a9e10f565dd40d5f15ff,1060.2457,59,False
2026-08-31,0xa5fd942d4badbab4fe84a9e10f565dd40d5f15ff,1088.825,19,False
2026-09-01,0xa5fd942d4badbab4fe84a9e10f565dd40d5f15ff,1081.4519,6,False
2026-09-02,0xa5fd942d4badbab4fe84a9e10f565dd40d5f15ff,1082.2188,133,False
2026-09-03,0xa5fd942d4badbab4fe84a9e10f565dd40d5f15ff,1157.4859,101,False
2026-09-04,0xa5fd942d4badbab4fe84a9e10f565dd40d5f15ff,1139.6421,4,False
2026-09-05,0xa5fd942d4badbab4fe84a9e10f565dd40d5f15ff,1160.4191,30,False
2026-09-06,0xa5fd942d4badbab4fe84a9e10f565dd40d5f15ff,1179.8476,796,False
2026-09-07,0xa5fd942d4badbab4fe84a9e10f565dd40d5f15ff,1170.5024,135,False
2026-09-08,0xa5fd942d4badbab4fe84a9e10f565dd40d5f15ff,1169.6535,275,False
2026-09-09,0xa5fd942d4badbab4fe84a9e10f565dd40d5f15ff,1188.0576,102,False
2026-09-10,0xa5fd942d4badbab4fe84a9e10f565dd40d5f15ff,1159.7482,114,False
2026-09-11,0xa5fd942d4badbab4fe84a9e10f565dd40d5f15ff,1191.6538,53,False
2026-09-12,0xa5fd942d4badbab4fe84a9e10f565dd40d5f15ff,1192.4568,48,False
2026-09-13,0xa5fd942d4badbab4fe84a9e10f565dd40d5f15ff,1160.5684,74,False
2026-09-14,0xa5fd942d4badbab4fe84a9e10f565dd40d5f15ff,1201.0744,201,False
2026-09-15,0xa5fd942d4badbab4fe84a9e10f565dd40d5f15ff,1152.2126,233,False
2026-09-16,0xa5fd942d4badbab4fe84a9e10f565dd40d5f15ff,1187.3148,39,False
2026-09-17,0xa5fd942d4badbab4fe84a9e10f565dd40d5f15ff,1244.2335,230,False
2026-09-18,0xa5fd942d4badbab4fe84a9e10f565dd40d5f15ff,1286.0247,410,False
2026-09-19,0xa5fd942d4badbab4fe84a9e10f565dd40d5f15ff,1264.2323,110,False
2026-09-20,0xa5fd942d4badbab4fe84a9e10f565dd40d5f15ff,1257.3612,567,False
2026-09-21,0xa5fd942d4badbab4fe84a9e10f565dd40d5f15ff,1283.3741,188,False
2026-09-22,0xa5fd942d4badbab4fe84a9e10f565dd40d5f15ff,1340.8026,306,False
2026-09-23,0xa5fd942d4badbab4fe84a9e10f565dd40d5f15ff,1280.4062,444,False
2026-09-24,0xa5fd942d4badbab4fe84a9e10f565dd40d5f15ff,1331.2473,264,False
2026-09-25,0xa5fd942d4badbab4fe84a9e10f565dd40d5f15ff,1362.681,1047,False
2026-09-26,0xa5fd942d4badbab4fe84a9e10f565dd40d5f15ff,1357.3456,319,False
2026-09-27,0xa5fd942d4badbab4fe84a9e10f565dd40d5f15ff,1338.6829,470,False
2026-09-28,0xa5fd942d4badbab4fe84a9e10f565dd40d5f15ff,1311.2663,456,False
2026-09-29,0xa5fd942d4badbab4fe84a9e10f565dd40d5f15ff,1303.3078,267,False
2026-09-30,0xa5fd942d4badbab4fe84a9e10f565dd40d5f15ff,1342.7414,53,False
2026-10-01,0xa5fd942d4badbab4fe84a9e10f565dd40d5f15ff,1314.48,103,False
2026-10-02,0xa5fd942d4badbab4fe84a9e10f565dd40d5f15ff,1301.1825,166,False
2026-08-19,0x85ed1f02990eebe097154ef7e76dd43dd59d4a44,985.3627,2,False
2026-08-20,0x85ed1f02990eebe097154ef7e76dd43dd59d4a44,910.7149,0,False
2026-08-21,0x85ed1f02990eebe097154ef7e76dd43dd59d4a44,801.2328,0,False
2026-08-22,0x85ed1f02990eebe097154ef7e76dd43dd59d4a44,826.637,0,False
2026-08-23,0x85ed1f02990eebe097154ef7e76dd43dd59d4a44,813.0,0,False
2026-08-24,0x85ed1f02990eebe097154ef7e76dd43dd59d4a44,787.249,0,True
2026-08-25,0x85ed1f02990eebe097154ef7e76dd43dd59d4a44,787.249,0,True
2026-08-26,0x85ed1f02990eebe097154ef7e76dd43dd59d4a44,787.249,0,True
2026-08-27,0x85ed1f02990eebe097154ef7e76dd43dd59d4a44,787.249,0,True
2026-08-28,0x85ed1f02990eebe097154ef7e76dd43dd59d4a44,787.249,0,True
2026-08-29,0x85ed1f02990eebe097154ef7e76dd43dd59d4a44,787.249,0,True
2026-08-30,0x85ed1f02990eebe097154ef7e76dd43dd59d4a44,787.249,0,True
2026-08-31,0x85ed1f02990eebe097154ef7e76dd43dd59d4a44,787.249,0,True
2026-09-01,0x85ed1f02990eebe097154ef7e76dd43dd59d4a44,787.249,0,True
2026-09-02,0x85ed1f02990eebe097154ef7e76dd43dd59d4a44,787.249,0,True
2026-09-03,0x85ed1f02990eebe097154ef7e76dd43dd59d4a44,787.249,0,True
2026-09-04,0x85ed1f02990eebe097154ef7e76dd43dd59d4a44,787.249,0,True
2026-09-05,0x85ed1f02990eebe097154ef7e76dd43dd59d4a44,787.249,0,True
2026-09-06,0x85ed1f02990eebe097154ef7e76dd43dd59d4a44,787.249,0,True
2026-09-07,0x85ed1f02990eebe097154ef7e76dd43dd59d4a44,787.249,0,True
2026-09-08,0x85ed1f02990eebe097154ef7e76dd43dd59d4a44,787.249,0,True
2026-09-09,0x85ed1f02990eebe097154ef7e76dd43dd59d4a44,787.249,0,True
2026-09-10,0x85ed1f02990eebe097154ef7e76dd43dd59d4a44,787.249,0,True
2026-09-11,0x85ed1f02990eebe097154ef7e76dd43dd59d4a44,787.249,0,True
2026-09-12,0x85ed1f02990eebe097154ef7e76dd43dd59d4a44,787.249,0,True
2026-09-13,0x85ed1f02990eebe097154ef7e76dd43dd59d4a44,787.249,0,True
2026-09-14,0x85ed1f02990eebe097154ef7e76dd43dd59d4a44,787.249,0,True
2026-09-15,0x85ed1f02990eebe097154ef7e76dd43dd59d4a44,787.249,0,True
2026-09-16,0x85ed1f02990eebe097154ef7e76dd43dd59d4a44,787.249,0,True
2026-09-17,0x85ed1f02990eebe097154ef7e76dd43dd59d4a44,787.249,0,True
2026-09-18,0x85ed1f02990eebe097154ef7e76dd43dd59d4a44,787.249,0,True
2026-09-19,0x85ed1f02990eebe097154ef7e76dd43dd59d4a44,787.249,0,True
2026-09-20,0x85ed1f02990eebe097154ef7e76dd43dd59d4a44,787.249,0,True
2026-09-21,0x85ed1f02990eebe097154ef7e76dd43dd59d4a44,787.249,0,True
2026-09-22,0x85ed1f02990eebe097154ef7e76dd43dd59d4a44,787.249,0,True
2026-09-23,0x85ed1f02990eebe097154ef7e76dd43dd59d4a44,787.249,0,True
2026-09-24,0x85ed1f02990eebe097154ef7e76dd43dd59d4a44,787.249,0,True
2026-09-25,0x85ed1f02990eebe097154ef7e76dd43dd59d4a44,787.249,0,True
2026-09-26,0x85ed1f02990eebe097154ef7e76dd43dd59d4a44,787.249,0,True
2026-09-27,0x85ed1f02990eebe097154ef7e76dd43dd59d4a44,787.249,0,True
2026-09-28,0x85ed1f02990eebe097154ef7e76dd43dd59d4a44,787.249,0,True
2026-09-29,0x85ed1f02990eebe097154ef7e76dd43dd59d4a44,787.249,0,True
2026-09-30,0x85ed1f02990eebe097154ef7e76dd43dd59d4a44,787.249,0,True
2026-10-01,0x85ed1f02990eebe097154ef7e76dd43dd59d4a44,787.249,0,True
2026-10-02,0x85ed1f02990eebe097154ef7e76dd43dd59d4a44,787.249,0,True
