account,historie_dagen,keuze_trades,keuze_gem_pct,keuze_winst_pct_trades,keuze_som_pct,keuze_verliesmaanden,maker_pct,fills_per_dag_30d,trades_7d,trades_14d,trades_per_dag_30d,houdtijd_uur,p90_posities,keuze_potje_pct,munten,eis_historie,eis_100,eis_rendement,eis_actief,eis_handmatig,eis_geen_mm,eis_posities,geschikt,test_trades,test_som_pct,test_potje_pct,test_gem_pct
0x0005…b112/default_1,211,234,-0.27,28.6,-62.6,4,4.3,7.3,4,17,1.13,1.2,3,-20.9,"BTC-PERP 36%, ETH-PERP 29%, SOL-PERP 16%",True,True,False,True,False,True,True,False,12,-7.0,-2.3,-0.58
0x0013…6b2e,129,101,-0.28,0.0,-27.9,3,0.0,1.0,0,0,0.03,0.0,1,-27.9,"XRP-PERP 64%, BTC-PERP 36%",True,True,False,False,False,True,True,False,0,0.0,0.0,
0x0025…a091,109,78,-0.05,30.8,-3.6,2,0.3,0.0,0,0,0.0,0.5,1,-3.6,"BTC-PERP 33%, HYPE-PERP 21%, ZEC-PERP 13%",True,False,False,False,False,True,True,False,76,-20.2,-20.2,-0.27
0x002e…6e4c,125,797,-0.21,14.4,-165.2,5,27.0,10.1,19,44,4.9,0.4,3,-55.1,"HYPE-PERP 11%, XAUT-PERP 9%, SOL-PERP 8%",True,True,False,True,False,True,True,False,181,-50.6,-16.9,-0.28
0x0034…19e4,140,399,-0.63,26.6,-249.5,5,0.2,4.7,0,0,0.87,2.0,7,-35.6,"FARTCOIN-PERP 19%, ENA-PERP 17%, PENGU-PERP 14%",True,True,False,False,True,True,True,False,0,0.0,0.0,
0x0039…53e8,240,354,-0.21,6.5,-73.3,3,23.0,6.8,0,1,0.43,0.0,1,-73.3,"BTC-PERP 81%, ETH-PERP 5%, MU-PERP 3%",True,True,False,False,False,True,True,False,1,0.4,0.4,0.38
0x0040…9c09,192,358,-0.11,32.7,-40.9,3,0.0,4.5,5,10,1.27,2.5,1,-40.9,"HYPE-PERP 92%, MU-PERP 3%, SPCX-PERP 2%",True,True,False,True,True,True,True,False,53,30.9,30.9,0.58
0x0048…1b53,43,209,-0.23,30.1,-47.2,1,24.7,17.3,0,20,4.77,1.6,1,-47.2,"SOL-PERP 52%, ETH-PERP 48%",False,True,False,False,False,True,True,False,86,-23.9,-23.9,-0.28
0x004d…0331,198,953,-0.26,8.6,-243.7,3,58.5,10.9,26,64,4.87,0.0,2,-121.8,"BTC-PERP 32%, ETH-PERP 29%, HYPE-PERP 4%",True,True,False,True,False,False,True,False,68,-17.6,-8.8,-0.26
0x0078…15a1,13,47,-0.35,8.5,-16.5,1,4.2,23.5,17,47,1.57,0.9,1,-16.5,ETH-PERP 100%,False,False,False,True,False,True,True,False,402,-116.5,-116.5,-0.29
0x007b…e602,74,269,-0.22,13.8,-58.6,2,40.4,48.9,75,111,5.0,0.5,1,-58.6,"QQQ-PERP 64%, XAUT-PERP 17%, SPY-PERP 16%",False,True,False,True,False,True,True,False,117,-31.1,-31.1,-0.27
0x00b8…e65d,213,569,-0.32,6.9,-182.2,8,3.6,2.7,0,0,0.27,0.1,3,-60.7,"SOL-PERP 49%, XPL-PERP 12%, ETH-PERP 9%",True,True,False,False,False,True,True,False,6,20.7,6.9,3.46
0x00d4…1c58,226,502,-0.27,13.5,-134.1,6,58.5,11.4,0,0,2.2,0.1,7,-19.2,"ETH-PERP 32%, SOL-PERP 25%, BTC-PERP 12%",True,True,False,False,False,False,True,False,42,-18.9,-2.7,-0.45
0x00fa…325b,64,43,-0.28,2.3,-12.1,1,0.0,23.2,41,42,1.4,0.0,1,-12.1,"BTC-PERP 98%, NVDA-PERP 2%",False,False,False,True,False,True,True,False,164,-42.3,-42.3,-0.26
0x0136…7824,148,472,-0.24,1.1,-112.0,4,85.4,37.9,47,114,5.1,0.1,2,-56.0,"BTC-PERP 60%, QQQ-PERP 8%, AAPL-PERP 5%",True,True,False,True,False,False,True,False,31,-5.8,-2.9,-0.19
0x0152…f299,237,225,-0.42,4.9,-94.0,6,0.3,5.2,2,2,0.13,0.3,3,-31.3,"BTC-PERP 47%, MON-PERP 12%, HYPE-PERP 12%",True,True,False,False,False,True,True,False,0,0.0,0.0,
0x0182…8b10,84,206,-0.52,18.4,-107.1,2,0.0,58.2,0,0,3.5,0.0,5,-21.4,"SNDK-PERP 42%, LIT-PERP 7%, HYPE-PERP 7%",False,True,False,False,False,True,True,False,0,0.0,0.0,
0x01dc…7057,30,118,-0.3,27.1,-34.9,1,31.8,17.1,2,2,3.9,1.6,1,-34.9,"ETH-PERP 59%, BTC-PERP 41%",False,True,False,False,False,True,True,False,15,-5.2,-5.2,-0.34
0x01e8…d057,203,241,-0.23,16.2,-54.3,4,79.7,0.0,0,0,0.0,0.4,1,-54.3,"BTC-PERP 85%, SPY-PERP 12%, SOL-PERP 1%",True,True,False,False,False,False,True,False,2,30.2,30.2,15.1
0x01f8…d7da,90,150,-0.27,0.0,-40.8,3,0.0,4.1,14,27,1.47,0.0,1,-40.8,BTC-PERP 100%,True,True,False,True,False,True,True,False,125,-33.6,-33.6,-0.27
0x0225…81d2,31,58,-0.34,20.7,-19.9,1,32.6,13.4,5,5,1.83,1.6,1,-19.9,"ETH-PERP 59%, BTC-PERP 41%",False,False,False,True,False,True,True,False,132,-19.0,-19.0,-0.14
0x023c…384a,210,181,-0.13,19.9,-23.9,5,21.8,2.0,0,0,0.03,0.0,1,-23.9,"SOL-PERP 24%, BTC-PERP 22%, HYPE-PERP 16%",True,True,False,False,False,True,True,False,0,0.0,0.0,
0x0260…7b5d,156,1315,-0.28,40.5,-367.9,5,1.9,6.7,18,35,3.27,2.2,6,-61.3,"HYPE-PERP 27%, SOL-PERP 18%, ETH-PERP 17%",True,True,False,True,False,True,True,False,252,-10.7,-1.8,-0.04
0x0266…e09d,197,828,-0.26,1.8,-219.3,6,93.1,41.7,0,0,0.17,0.1,1,-219.3,"BTC-PERP 65%, BNB-PERP 28%, ETH-PERP 7%",True,True,False,False,False,False,True,False,0,0.0,0.0,
0x0288…d11a,234,931,-0.26,26.1,-243.3,4,57.2,41.0,77,77,2.57,1.1,2,-121.6,"BTC-PERP 43%, ETH-PERP 35%, ZEC-PERP 6%",True,True,False,True,False,False,True,False,6,-1.8,-0.9,-0.31
0x0297…02e6,185,499,-0.24,29.5,-118.9,7,12.2,13.7,21,48,2.03,0.4,1,-118.9,"ETH-PERP 94%, BTC-PERP 5%, SPCX-PERP 0%",True,True,False,True,False,True,True,False,118,-55.1,-55.1,-0.47
0x02ab…3ede/default_1,18,4,-0.12,25.0,-0.5,1,0.0,7.5,0,0,0.13,0.0,1,-0.5,"ZRO-PERP 25%, HYPE-PERP 25%, AAVE-PERP 25%",False,False,False,False,False,True,True,False,102,-88.8,-88.8,-0.87
0x02ab…b1a8,116,412,-0.44,32.8,-182.1,3,0.1,4.7,0,0,0.87,5.5,4,-45.5,"ETH-PERP 35%, LIT-PERP 23%, SOL-PERP 12%",True,True,False,False,True,True,True,False,39,0.9,0.2,0.02
0x02b3…21e9/insilico,112,465,-0.29,13.3,-135.7,4,9.6,111.8,11,22,4.23,0.5,2,-67.8,"BTC-PERP 96%, HYPE-PERP 3%, PENGU-PERP 1%",True,True,False,True,False,True,True,False,0,0.0,0.0,
0x02b5…dc65,200,297,-0.58,27.9,-171.1,7,0.0,11.4,8,12,1.67,0.9,3,-57.0,"SOL-PERP 30%, BTC-PERP 29%, ETH-PERP 13%",True,True,False,True,False,True,True,False,0,0.0,0.0,
0x032f…3643,42,37,-0.26,24.3,-9.5,2,32.9,7.0,2,14,0.5,1.7,1,-9.5,"BTC-PERP 54%, ETH-PERP 46%",False,False,False,True,False,True,True,False,102,-35.9,-35.9,-0.35
0x0335…46b1,52,30,-0.64,23.3,-19.1,2,24.2,56.9,1,1,0.17,0.1,2,-9.6,"BTC-PERP 53%, SPCX-PERP 20%, XAUT-PERP 13%",False,False,False,False,False,True,True,False,72,-6.6,-3.3,-0.09
0x0345…8043,77,277,-0.26,9.4,-72.9,2,38.5,48.1,69,106,4.87,0.5,1,-72.9,"QQQ-PERP 60%, SPY-PERP 17%, XAUT-PERP 15%",False,True,False,True,False,True,True,False,132,-34.5,-34.5,-0.26
0x0359…648f,88,362,-0.31,25.1,-111.3,3,28.2,19.5,1,68,4.1,1.5,1,-111.3,"BTC-PERP 46%, ETH-PERP 38%, SOL-PERP 17%",False,True,False,True,False,True,True,False,36,-10.0,-10.0,-0.28
0x0368…77f6,190,714,-0.33,28.3,-233.8,7,0.0,9.7,16,38,2.87,0.3,1,-233.8,"SUI-PERP 87%, ETH-PERP 11%, HYPE-PERP 2%",True,True,False,True,False,True,True,False,97,-21.8,-21.8,-0.22
0x03b6…a821,199,282,-0.34,20.9,-95.2,7,2.7,6.9,3,9,0.87,0.7,1,-95.2,"ETH-PERP 82%, BTC-PERP 11%, SOL-PERP 7%",True,True,False,True,False,True,True,False,30,-13.8,-13.8,-0.46
0x03b9…dd17,211,125,0.24,59.2,29.4,3,0.0,4.1,3,8,0.3,22.0,3,9.8,"BTC-PERP 21%, ETH-PERP 10%, HYPE-PERP 10%",True,True,True,True,True,True,True,True,22,40.4,13.5,1.84
0x03d7…c38f,36,76,-0.26,7.9,-19.8,2,0.0,9.4,5,11,2.27,0.1,1,-19.8,BTC-PERP 100%,False,False,False,True,False,True,True,False,97,-24.3,-24.3,-0.25
0x0429…55fb,38,169,-0.26,23.7,-44.0,2,27.9,13.9,4,4,2.87,1.5,1,-44.0,"BTC-PERP 56%, ETH-PERP 44%",False,True,False,True,False,True,True,False,185,-36.6,-36.6,-0.2
0x0438…8843,40,151,-0.26,23.2,-40.0,2,30.5,15.3,6,56,4.53,1.6,1,-40.0,"ETH-PERP 53%, BTC-PERP 47%",False,True,False,True,False,True,True,False,175,-43.1,-43.1,-0.25
0x0461…04f3,240,620,0.03,42.7,18.3,4,9.4,0.0,0,0,0.0,3.3,2,9.2,"ETH-PERP 51%, BTC-PERP 48%, LIT-PERP 0%",True,True,True,False,True,True,True,False,6,11.4,5.7,1.89
0x0464…0b65,180,200,-0.35,23.5,-69.7,3,44.4,1.0,1,1,0.1,0.2,2,-34.8,"BTC-PERP 48%, HYPE-PERP 14%, ETH-PERP 13%",True,True,False,False,False,True,True,False,1,10.9,5.4,10.88
0x0467…8eb1,87,337,-0.18,28.5,-60.1,3,33.3,24.0,0,0,2.0,1.5,1,-60.1,"ETH-PERP 41%, SOL-PERP 34%, BTC-PERP 26%",False,True,False,False,False,True,True,False,218,-104.9,-104.9,-0.48
0x049d…86a3,76,335,-0.28,3.6,-93.0,3,8.9,15.9,1,1,0.67,0.1,2,-46.5,"XAUT-PERP 63%, DOGE-PERP 26%, BTC-PERP 10%",False,True,False,False,False,True,True,False,0,0.0,0.0,
0x049e…59f5,58,364,-0.28,22.8,-103.2,2,0.9,18.5,0,0,4.63,1.7,1,-103.2,"XAUT-PERP 41%, SOL-PERP 24%, ETH-PERP 15%",False,True,False,False,False,True,True,False,1,-0.4,-0.4,-0.4
0x04b3…a74a/default_1,17,4,0.97,75.0,3.9,0,0.0,3.6,3,3,0.13,67.6,2,2.0,"SOL-PERP 25%, XRP-PERP 25%, SUI-PERP 25%",False,False,True,False,True,True,True,False,150,-51.0,-25.5,-0.34
0x04c1…2d28,181,100,1.26,54.0,126.2,2,35.1,27.9,0,2,0.2,24.4,3,42.1,"ETH-PERP 43%, XPL-PERP 22%, MON-PERP 21%",True,True,True,False,True,True,True,False,20,92.7,30.9,4.63
0x04cd…d1d2,123,291,-0.3,13.1,-88.1,4,22.9,21.8,0,15,3.47,0.0,1,-88.1,"BTC-PERP 98%, ETH-PERP 1%, SOL-PERP 0%",True,True,False,False,False,True,True,False,0,0.0,0.0,
0x04cd…3264,78,30,0.52,10.0,15.5,0,1.5,8.9,27,30,1.0,0.8,2,7.8,"BTC-PERP 23%, ZEC-PERP 20%, ETH-PERP 13%",False,False,True,True,False,True,True,False,134,-52.3,-26.2,-0.39
0x04d4…2bf1,80,280,-0.22,20.0,-62.6,3,0.6,106.3,11,11,0.37,0.0,1,-62.6,"HYPE-PERP 95%, ZEC-PERP 5%",False,True,False,True,False,True,True,False,103,-6.1,-6.1,-0.06
0x04e5…4495,216,247,0.22,29.6,53.8,0,31.7,9.3,1,4,0.43,0.2,2,26.9,"BTC-PERP 42%, HYPE-PERP 36%, SOL-PERP 8%",True,True,True,True,False,True,True,False,70,108.0,54.0,1.54
0x050d…d529,182,186,-0.34,17.7,-62.9,6,37.2,5.1,1,2,0.33,1.2,3,-21.0,"BTC-PERP 37%, HYPE-PERP 17%, ETH-PERP 10%",True,True,False,False,False,True,True,False,56,-22.8,-7.6,-0.41
0x051a…5a5d,189,553,-0.98,21.7,-543.2,6,0.2,13.5,2,8,1.3,8.5,12,-45.3,"TAO-PERP 7%, BTC-PERP 7%, ETH-PERP 6%",True,True,False,True,True,True,False,False,47,34.3,2.9,0.73
0x053a…f08a,214,124,-1.05,17.7,-130.1,7,10.9,2.0,0,1,0.1,11.7,4,-32.5,"BTC-PERP 29%, MON-PERP 9%, FARTCOIN-PERP 8%",True,True,False,False,True,True,True,False,36,-88.5,-22.1,-2.46
0x0554…3629,31,261,-0.26,21.1,-68.0,1,31.8,23.1,47,127,8.63,1.7,1,-68.0,"BTC-PERP 52%, ETH-PERP 48%",False,True,False,True,False,True,True,False,73,-19.7,-19.7,-0.27
0x0590…253e,53,600,-0.17,8.7,-102.2,2,0.0,11.8,19,44,5.2,0.2,3,-34.1,"HYPE-PERP 10%, BTC-PERP 8%, ETH-PERP 8%",False,True,False,True,False,True,True,False,96,-22.4,-7.5,-0.23
0x05d8…389e,227,461,-0.52,40.8,-238.3,8,27.0,26.0,39,66,3.3,24.5,7,-34.0,"BTC-PERP 41%, ETH-PERP 39%, AAVE-PERP 3%",True,True,False,True,False,True,True,False,187,-53.9,-7.7,-0.29
0x05fc…b6b2,101,185,-0.06,38.4,-10.7,3,97.9,120.9,56,61,2.03,0.5,3,-3.6,"HYPE-PERP 46%, WTI-PERP 24%, BTC-PERP 12%",True,True,False,True,False,False,True,False,252,-0.0,-0.0,-0.0
0x0635…0ab9,164,553,-0.24,11.0,-132.8,6,0.3,19.5,43,50,4.4,0.0,1,-132.8,"BTC-PERP 70%, LINK-PERP 20%, ZRO-PERP 3%",True,True,False,True,False,True,True,False,77,-14.2,-14.2,-0.18
0x065f…c1a2,43,61,-0.06,26.2,-3.7,1,19.9,13.8,6,21,1.3,5.5,2,-1.8,"BTC-PERP 64%, SOL-PERP 23%, ONDO-PERP 10%",False,False,False,True,True,True,True,False,79,78.5,39.2,0.99
0x066d…7e7a,157,98,-0.31,29.6,-30.5,4,41.7,11.0,14,28,1.53,0.8,1,-30.5,"BTC-PERP 43%, XAUT-PERP 16%, MU-PERP 8%",True,False,False,True,False,True,True,False,99,28.6,28.6,0.29
0x0690…1cef,199,391,0.16,38.4,63.0,1,44.0,0.0,0,0,0.0,2.3,9,7.0,"BTC-PERP 47%, ETH-PERP 23%, AAVE-PERP 4%",True,True,True,False,True,True,True,False,23,11.3,1.3,0.49
0x0693…10f8,45,101,-0.26,31.7,-26.4,2,26.5,9.8,0,20,0.67,1.5,1,-26.4,"ETH-PERP 51%, BTC-PERP 49%",False,True,False,False,False,True,True,False,24,-7.9,-7.9,-0.33
0x069f…b1c9,205,274,-0.32,48.5,-87.8,6,50.2,17.5,11,19,1.5,3.1,2,-43.9,"BTC-PERP 45%, HYPE-PERP 18%, ZEC-PERP 4%",True,True,False,True,True,False,True,False,67,-12.4,-6.2,-0.18
0x06a0…256b,218,416,-0.34,12.5,-141.9,8,85.4,17.4,0,0,0.93,0.3,2,-71.0,"XAUT-PERP 53%, ETH-PERP 27%, BTC-PERP 14%",True,True,False,False,False,False,True,False,0,0.0,0.0,
0x06d1…12a8,119,121,-0.12,9.9,-14.9,1,98.4,0.0,0,0,0.0,0.6,2,-7.4,"ETH-PERP 36%, XAUT-PERP 33%, ZEC-PERP 23%",True,True,False,False,False,False,True,False,11,-1.3,-0.6,-0.12
0x06ef…02ee,196,529,-0.22,8.9,-118.0,5,21.0,5.7,5,9,0.5,0.1,1,-118.0,"ETH-PERP 32%, BTC-PERP 21%, HYPE-PERP 15%",True,True,False,True,False,True,True,False,27,-8.0,-8.0,-0.3
0x06f7…ded7,129,73,0.05,37.0,4.0,2,0.8,3.5,5,5,0.17,2.5,2,2.0,"SOL-PERP 29%, WTI-PERP 26%, ETH-PERP 15%",True,False,True,True,True,True,True,False,30,-5.7,-2.8,-0.19
0x0709…68e8,38,68,-0.34,35.3,-23.2,2,26.7,5.5,4,4,0.13,1.4,1,-23.2,"BTC-PERP 54%, ETH-PERP 46%",False,False,False,True,False,True,True,False,150,-36.4,-36.4,-0.24
0x0720…a0e1,202,963,-0.28,2.3,-270.1,4,89.3,17.4,0,0,1.93,0.0,2,-135.0,"BTC-PERP 83%, ETH-PERP 6%, INTC-PERP 3%",True,True,False,False,False,False,True,False,1,-3.2,-1.6,-3.19
0x0731…f72b,219,162,-0.33,26.5,-53.9,7,1.1,12.9,2,6,0.37,2.2,1,-53.9,"BTC-PERP 96%, XAUT-PERP 2%, HYPE-PERP 2%",True,True,False,True,True,True,True,False,17,-20.8,-20.8,-1.22
0x073f…c3d1,199,118,-0.84,27.1,-99.0,5,5.6,10.8,11,15,0.5,0.5,2,-49.5,"ETH-PERP 38%, SOL-PERP 20%, HYPE-PERP 11%",True,True,False,True,False,True,True,False,140,69.1,34.6,0.49
0x0776…2020,77,270,-0.33,7.8,-88.2,3,39.2,45.0,69,105,4.87,0.5,1,-88.2,"QQQ-PERP 64%, XAUT-PERP 17%, SPY-PERP 13%",False,True,False,True,False,True,True,False,119,-30.3,-30.3,-0.26
0x0780…528f/default_1,87,196,-0.14,32.1,-28.2,3,47.2,7.7,8,10,0.63,3.3,2,-14.1,"ETH-PERP 62%, BTC-PERP 38%",False,True,False,True,True,True,True,False,19,6.9,3.4,0.36
0x0782…46c9,47,44,0.02,43.2,0.7,1,0.0,3.0,6,14,1.0,20.9,1,0.7,"BTC-PERP 41%, ETH-PERP 18%, SOL-PERP 14%",False,False,True,True,True,True,True,False,72,-40.7,-40.7,-0.57
0x0788…c4a7,213,118,-0.33,54.2,-38.6,5,29.2,1.6,2,2,0.13,3.7,1,-38.6,"BTC-PERP 66%, LIT-PERP 16%, HYPE-PERP 15%",True,True,False,False,True,True,True,False,8,-0.9,-0.9,-0.11
0x078b…4cf4,31,257,-0.26,24.9,-67.9,1,31.4,23.0,39,119,8.43,1.6,1,-67.9,"BTC-PERP 52%, ETH-PERP 48%",False,True,False,True,False,True,True,False,75,-19.6,-19.6,-0.26
0x0799…ee66,248,328,-0.1,23.8,-32.8,4,5.6,9.8,18,29,1.1,1.5,2,-16.4,"BTC-PERP 58%, ETH-PERP 16%, SOL-PERP 5%",True,True,False,True,False,True,True,False,32,-12.3,-6.2,-0.38
0x07b3…4ff8,96,624,-0.16,29.5,-100.6,3,16.4,6.9,15,20,1.6,1.1,2,-50.3,"BTC-PERP 79%, ETH-PERP 12%, XAUT-PERP 5%",True,True,False,True,False,True,True,False,153,-43.3,-21.6,-0.28
0x07c6…2dcb,109,247,-0.47,35.2,-115.7,4,0.0,10.7,5,10,0.83,8.0,4,-28.9,"SOL-PERP 21%, XAUT-PERP 21%, ETH-PERP 20%",True,True,False,True,True,True,True,False,39,-19.3,-4.8,-0.49
0x07ce…1d43,167,127,0.02,36.2,2.2,2,42.0,0.0,0,0,0.0,1.0,1,2.2,"BTC-PERP 93%, XAUT-PERP 4%, SOL-PERP 3%",True,True,True,False,False,True,True,False,9,7.9,7.9,0.88
0x0823…2df9,33,189,-0.23,27.5,-42.8,2,44.6,37.4,44,85,5.33,1.6,1,-42.8,"BTC-PERP 50%, ETH-PERP 49%, TSLA-PERP 1%",False,True,False,True,False,True,True,False,148,-36.4,-36.4,-0.25
0x0864…3304,61,36,0.26,38.9,9.2,2,0.9,2.5,7,8,0.3,14.1,1,9.2,"BTC-PERP 64%, XAUT-PERP 14%, SOL-PERP 8%",False,False,True,True,True,True,True,False,118,-33.9,-33.9,-0.29
0x0883…b6ef,202,468,-0.23,47.2,-108.2,4,2.9,4.4,8,21,1.5,3.7,3,-36.1,"BTC-PERP 27%, ETH-PERP 16%, SOL-PERP 7%",True,True,False,True,True,True,True,False,184,-30.9,-10.3,-0.17
0x088b…396e,188,1621,-0.26,13.8,-429.1,7,51.0,15.6,44,91,7.03,0.2,2,-214.6,"BTC-PERP 71%, ETH-PERP 29%",True,True,False,True,False,False,True,False,229,-63.3,-31.6,-0.28
0x08a2…ff24,176,196,-0.29,3.6,-56.9,4,16.8,31.6,1,12,1.1,0.0,1,-56.9,"ETH-PERP 70%, HYPE-PERP 12%, SPCX-PERP 11%",True,True,False,True,False,True,True,False,31,-7.2,-7.2,-0.23
0x08b6…5bd0,214,125,0.67,43.2,83.6,4,0.0,6.3,2,4,0.33,24.1,4,20.9,"BTC-PERP 21%, HYPE-PERP 21%, LIT-PERP 9%",True,True,True,True,True,True,True,True,16,104.1,26.0,6.51
0x0923…317c,210,85,-0.25,36.5,-21.3,6,0.9,0.0,0,0,0.0,0.6,1,-21.3,"BTC-PERP 99%, ETH-PERP 1%",True,False,False,False,False,True,True,False,15,-4.4,-4.4,-0.29
0x092e…3089,190,274,-0.36,24.8,-98.9,7,55.3,7.0,0,2,0.23,2.2,1,-98.9,"BNB-PERP 54%, XAUT-PERP 31%, BTC-PERP 12%",True,True,False,False,True,False,True,False,0,0.0,0.0,
0x096a…5597,203,1172,-0.29,8.8,-341.2,7,20.7,8.1,1,17,2.37,0.1,2,-170.6,"BTC-PERP 75%, BNB-PERP 6%, ETH-PERP 5%",True,True,False,True,False,True,True,False,234,-77.4,-38.7,-0.33
0x09a3…3fc7,197,1888,-0.03,64.8,-54.3,5,93.5,24.1,37,87,6.97,1.0,1,-54.3,HYPE-PERP 100%,True,True,False,True,False,False,True,False,479,-16.3,-16.3,-0.03
0x09c2…b4ec,189,650,-0.24,19.7,-154.4,5,74.7,3.4,0,3,0.63,0.6,5,-30.9,"BTC-PERP 38%, XAUT-PERP 24%, LTC-PERP 8%",True,True,False,False,False,False,True,False,0,0.0,0.0,
0x09dc…108b/insilico,66,84,-0.28,26.2,-23.5,3,0.3,22.9,0,0,1.3,0.4,2,-11.8,"BTC-PERP 42%, HYPE-PERP 32%, ZEC-PERP 14%",False,False,False,False,False,True,True,False,127,-23.3,-11.6,-0.18
0x09e1…eb5d/default_1,192,150,-0.01,28.0,-0.9,1,99.4,8.0,1,1,0.27,0.3,1,-0.9,BTC-PERP 100%,True,True,False,False,False,False,True,False,0,0.0,0.0,
0x09fd…9303,239,121,0.19,23.1,22.4,3,3.0,29.1,0,6,0.43,4.6,2,11.2,"HYPE-PERP 21%, BTC-PERP 19%, ETH-PERP 17%",True,True,True,False,True,True,True,False,8,-5.1,-2.6,-0.63
0x09fe…0614,196,131,-0.42,6.9,-54.9,3,69.1,5.2,0,0,0.03,0.1,1,-54.9,"BTC-PERP 95%, SPCX-PERP 3%, VVV-PERP 2%",True,True,False,False,False,False,True,False,0,0.0,0.0,
0x0a30…96ad,77,114,-0.06,21.1,-6.6,1,29.1,11.7,45,53,1.8,1.0,3,-2.2,"XAUT-PERP 57%, BTC-PERP 17%, ETH-PERP 6%",False,True,False,True,False,True,True,False,21,-6.5,-2.2,-0.31
0x0a3b…ccca,119,123,-0.19,10.6,-22.8,2,2.4,11.2,24,24,0.8,0.3,3,-7.6,"BTC-PERP 11%, ZEC-PERP 8%, PUMP-PERP 7%",True,True,False,True,False,True,True,False,95,-33.6,-11.2,-0.35
0x0a4a…58c4,88,263,-0.25,31.6,-65.9,3,30.1,18.3,16,55,4.07,1.5,1,-65.9,"ETH-PERP 42%, BTC-PERP 34%, SOL-PERP 24%",False,True,False,True,False,True,True,False,51,-10.6,-10.6,-0.21
0x0a69…eec1/default_1,27,56,-0.26,42.9,-14.5,1,32.1,14.7,20,28,1.87,32.1,5,-2.9,"SPY-PERP 20%, XRP-PERP 18%, SOL-PERP 14%",False,False,False,True,True,True,True,False,61,-88.1,-17.6,-1.44
0x0a74…a88d,206,142,-0.1,29.6,-13.8,3,72.1,14.5,0,0,0.1,1.3,2,-6.9,"BTC-PERP 37%, ETH-PERP 23%, HYPE-PERP 8%",True,True,False,False,False,False,True,False,60,-24.3,-12.2,-0.41
0x0a77…41c7,209,289,-0.19,37.4,-54.4,4,3.8,0.0,0,0,0.0,0.6,2,-27.2,"BTC-PERP 57%, HYPE-PERP 26%, ETH-PERP 8%",True,True,False,False,False,True,True,False,43,-7.1,-3.6,-0.16
0x0af0…a2b9,40,160,-0.24,18.8,-38.5,2,29.9,15.0,5,60,4.83,1.6,1,-38.5,"BTC-PERP 63%, ETH-PERP 37%",False,True,False,True,False,True,True,False,176,-42.7,-42.7,-0.24
0x0afe…574b,180,244,-0.0,43.0,-0.9,3,47.1,32.3,7,8,0.43,0.6,1,-0.9,"BTC-PERP 72%, ETH-PERP 25%, SOL-PERP 2%",True,True,False,True,False,True,True,False,49,0.1,0.1,0.0
0x0b0f…6834,174,192,-0.06,9.4,-11.5,4,2.0,0.0,0,0,0.0,0.0,2,-5.8,"ETH-PERP 43%, BTC-PERP 40%, WTI-PERP 5%",True,True,False,False,False,True,True,False,3,0.9,0.4,0.3
0x0b17…30b6,197,600,-0.27,9.0,-160.6,6,0.2,0.0,0,0,0.0,0.2,1,-160.6,"BTC-PERP 70%, ETH-PERP 7%, SPY-PERP 4%",True,True,False,False,False,True,True,False,133,-32.7,-32.7,-0.25
0x0b65…1d11,43,120,0.25,38.3,30.5,0,8.7,25.3,12,21,2.6,8.8,9,3.4,"ETH-PERP 55%, SOL-PERP 17%, BTC-PERP 11%",False,True,True,True,True,True,True,False,33,30.9,3.4,0.94
0x0b94…5b00,102,266,-0.16,39.1,-41.3,3,65.9,2.0,0,0,0.07,7.0,6,-6.9,"BTC-PERP 11%, XAUT-PERP 11%, SOL-PERP 10%",True,True,False,False,True,False,True,False,3,6.6,1.1,2.2
0x0b95…48f7,41,185,-0.39,1.1,-71.2,2,0.4,25.1,7,69,4.83,0.0,1,-71.2,"BTC-PERP 97%, LINK-PERP 2%, QQQ-PERP 1%",False,True,False,True,False,True,True,False,282,-106.9,-106.9,-0.38
0x0ba8…1a7d,213,466,-0.3,12.2,-139.5,6,56.0,0.0,0,0,0.0,0.1,2,-69.8,"ETH-PERP 38%, BTC-PERP 27%, HYPE-PERP 8%",True,True,False,False,False,False,True,False,42,-8.9,-4.4,-0.21
0x0bb5…c686,181,473,-0.18,34.7,-85.5,6,5.1,9.3,5,22,1.1,2.1,1,-85.5,"ETH-PERP 57%, BTC-PERP 29%, XAUT-PERP 6%",True,True,False,True,True,True,True,False,0,0.0,0.0,
0x0bcf…dd1f,133,245,-0.06,43.3,-14.0,3,34.7,2.8,3,3,0.37,8.0,5,-2.8,"BTC-PERP 22%, HYPE-PERP 18%, ETH-PERP 17%",True,True,False,False,True,True,True,False,62,-35.8,-7.2,-0.58
0x0bfd…9b36,72,222,-0.27,9.9,-60.3,2,32.5,45.5,66,102,4.73,0.5,1,-60.3,"QQQ-PERP 74%, XAUT-PERP 18%, SPY-PERP 8%",False,True,False,True,False,True,True,False,138,-41.1,-41.1,-0.3
0x0c13…6fdb,44,276,-0.24,30.1,-65.9,2,32.6,20.9,40,68,6.33,1.6,1,-65.9,"ETH-PERP 51%, BTC-PERP 49%",False,True,False,True,False,True,True,False,103,-28.9,-28.9,-0.28
0x0c21…c492,207,120,-0.21,45.0,-25.0,4,5.4,2.1,4,7,0.53,3.2,1,-25.0,"BTC-PERP 62%, ETH-PERP 14%, FARTCOIN-PERP 7%",True,True,False,True,True,True,True,False,8,-20.4,-20.4,-2.55
0x0c49…56a1,13,35,-0.28,0.0,-9.8,1,95.3,23.7,0,35,1.17,0.0,1,-9.8,"QQQ-PERP 71%, SNDK-PERP 26%, XAG-PERP 3%",False,False,False,False,False,False,True,False,2042,-633.9,-633.9,-0.31
0x0c61…5155,165,189,-0.1,28.6,-18.2,5,11.5,5.4,13,19,2.03,0.3,1,-18.2,"BTC-PERP 74%, ETH-PERP 20%, XAUT-PERP 3%",True,True,False,True,False,True,True,False,61,-25.6,-25.6,-0.42
0x0c7b…31e3,213,305,-0.32,42.0,-97.8,8,0.0,4.7,3,8,0.93,1.1,1,-97.8,"ETH-PERP 81%, BTC-PERP 12%, HYPE-PERP 5%",True,True,False,True,False,True,True,False,42,-7.3,-7.3,-0.17
0x0c80…996b,41,370,-0.22,9.2,-81.3,2,0.8,12.5,2,39,4.47,0.2,3,-27.1,"HYPE-PERP 11%, ETH-PERP 9%, SOL-PERP 9%",False,True,False,True,False,True,True,False,180,-75.0,-25.0,-0.42
0x0c92…a803,134,464,-0.21,22.8,-99.6,3,13.0,11.6,1,8,0.87,0.4,2,-49.8,"BTC-PERP 61%, ETH-PERP 19%, HYPE-PERP 10%",True,True,False,True,False,True,True,False,34,11.4,5.7,0.33
0x0c95…01d1,92,260,-0.01,24.6,-1.8,3,6.3,10.3,2,11,1.0,2.7,5,-0.4,"SPY-PERP 25%, QQQ-PERP 25%, XAUT-PERP 10%",True,True,False,True,True,True,True,False,66,61.4,12.3,0.93
0x0c97…ae27,123,109,0.08,32.1,9.0,3,3.7,1.0,0,0,0.0,1.2,2,4.5,"ETH-PERP 24%, SOL-PERP 21%, QQQ-PERP 10%",True,True,True,False,False,True,True,False,102,45.8,22.9,0.45
0x0c99…ecff,165,113,-0.04,23.0,-4.8,3,7.8,4.4,0,0,0.27,1.9,1,-4.8,"ETH-PERP 66%, BTC-PERP 23%, ZEC-PERP 4%",True,True,False,False,False,True,True,False,0,0.0,0.0,
0x0caa…224b,73,221,-0.29,0.5,-63.1,3,6.1,74.5,0,12,0.63,0.1,1,-63.1,"SOL-PERP 99%, XAUT-PERP 0%, ETH-PERP 0%",False,True,False,False,False,True,True,False,450,-112.0,-112.0,-0.25
0x0ce1…c670/default_1,47,160,-0.31,7.5,-48.9,2,0.0,13.4,2,11,2.3,0.1,1,-48.9,"ETH-PERP 71%, XMR-PERP 29%",False,True,False,True,False,True,True,False,0,0.0,0.0,
0x0d00…e546,97,120,-0.23,13.3,-27.8,2,0.4,0.0,0,0,0.0,0.2,1,-27.8,"BTC-PERP 56%, ETH-PERP 38%, AVAX-PERP 2%",True,True,False,False,False,True,True,False,2,-5.9,-5.9,-2.96
0x0d0f…8cc1,204,475,-0.31,19.8,-148.3,7,1.1,26.0,1,3,0.23,0.4,2,-74.2,"BTC-PERP 91%, HYPE-PERP 6%, SOL-PERP 1%",True,True,False,False,False,True,True,False,0,0.0,0.0,
0x0d30…ac96,88,319,-0.2,29.8,-64.0,3,30.9,15.9,14,50,3.7,1.5,1,-64.0,"ETH-PERP 49%, BTC-PERP 32%, SOL-PERP 20%",False,True,False,True,False,True,True,False,36,13.3,13.3,0.37
0x0d72…0662,212,105,-0.63,22.9,-66.4,7,0.0,2.4,2,2,0.2,1.8,1,-66.4,"TAO-PERP 40%, UNI-PERP 24%, AAVE-PERP 18%",True,True,False,False,False,True,True,False,3,16.7,16.7,5.58
0x0da8…94de,28,126,-0.42,13.5,-53.2,1,0.0,69.5,0,23,4.2,1.8,6,-8.9,"ETH-PERP 21%, SOL-PERP 21%, LINK-PERP 18%",False,True,False,False,False,True,True,False,0,0.0,0.0,
0x0de7…b541,40,82,-0.28,26.8,-22.7,2,25.2,12.5,0,0,2.17,1.5,1,-22.7,"BTC-PERP 51%, ETH-PERP 49%",False,False,False,False,False,True,True,False,55,-17.3,-17.3,-0.31
0x0de7…9af0,36,73,-0.24,5.5,-17.4,2,0.0,8.8,5,11,2.23,0.1,1,-17.4,BTC-PERP 100%,False,False,False,True,False,True,True,False,114,-29.7,-29.7,-0.26
0x0e3f…1e1c/default_1,93,83,0.17,57.8,14.0,0,27.4,52.2,13,14,0.6,1.4,3,4.7,"BTC-PERP 43%, HYPE-PERP 20%, ETH-PERP 18%",True,False,True,True,False,True,True,False,135,-40.4,-13.5,-0.3
0x0e3f…1e1c/default_2,53,63,0.13,74.6,8.4,0,25.3,104.6,0,0,0.4,1.0,2,4.2,"HYPE-PERP 78%, BTC-PERP 16%, SPCX-PERP 3%",False,False,True,False,False,True,True,False,102,1.7,0.8,0.02
0x0e41…8628,136,79,-0.21,29.1,-16.2,3,49.0,6.5,3,5,0.5,2.4,5,-3.2,"SOL-PERP 16%, ETH-PERP 15%, BTC-PERP 14%",True,False,False,True,True,True,True,False,65,-8.4,-1.7,-0.13
0x0e60…33ba,213,89,-0.39,42.7,-34.8,6,2.9,1.3,3,3,0.13,2.3,1,-34.8,"BTC-PERP 99%, SOL-PERP 1%",True,False,False,False,True,True,True,False,44,-14.2,-14.2,-0.32
0x0e8b…d615,232,503,-0.22,38.6,-108.4,7,0.2,13.7,18,39,2.73,6.9,1,-108.4,"ETH-PERP 25%, BTC-PERP 24%, SPY-PERP 11%",True,True,False,True,True,True,True,False,175,-69.3,-69.3,-0.4
0x0e90…e60f,216,801,-0.69,23.8,-551.7,7,33.2,53.6,0,0,7.67,0.0,2,-275.8,"LIT-PERP 26%, XPL-PERP 8%, MON-PERP 7%",True,True,False,False,False,True,True,False,0,0.0,0.0,
0x0e9b…3b81,175,1033,-0.29,25.8,-295.3,6,0.0,14.7,0,33,4.47,1.5,1,-295.3,"BTC-PERP 44%, ETH-PERP 23%, SOL-PERP 14%",True,True,False,False,False,True,True,False,0,0.0,0.0,
0x0e9b…79c3,107,1774,-0.31,9.2,-552.4,4,0.0,165.5,78,212,9.77,0.3,1,-552.4,"AAPL-PERP 29%, ETH-PERP 11%, BTC-PERP 11%",True,True,False,True,False,False,True,False,207,-71.5,-71.5,-0.35
0x0ea6…11f7,206,110,-0.35,18.2,-38.0,6,0.0,4.0,3,3,0.13,0.2,1,-38.0,"ETH-PERP 78%, XRP-PERP 11%, ZEC-PERP 4%",True,True,False,False,False,True,True,False,4,-1.2,-1.2,-0.31
0x0eb3…0d79,184,266,-0.01,26.3,-2.1,4,0.1,5.8,9,13,0.57,0.2,1,-2.1,"HYPE-PERP 50%, BTC-PERP 21%, ZEC-PERP 16%",True,True,False,True,False,True,True,False,114,-95.4,-95.4,-0.84
0x0eb7…1bf7,108,266,-0.27,0.0,-71.9,4,21.5,6.4,8,22,2.13,0.0,1,-71.9,BTC-PERP 100%,True,True,False,True,False,True,True,False,90,-24.2,-24.2,-0.27
0x0ed3…2172,234,193,0.04,35.2,8.0,5,32.4,3.5,4,8,0.57,9.5,2,4.0,"LIT-PERP 20%, HYPE-PERP 18%, XPL-PERP 15%",True,True,True,True,True,True,True,True,63,27.4,13.7,0.44
0x0f14…4e95,199,175,-0.72,22.3,-126.3,5,0.0,3.4,6,12,1.0,4.6,4,-31.6,"BTC-PERP 20%, SOL-PERP 14%, ETH-PERP 14%",True,True,False,True,True,True,True,False,17,-8.7,-2.2,-0.51
0x0f3b…6306,228,1084,0.24,49.1,258.5,1,74.3,6.9,6,8,0.43,0.7,3,86.2,"ZEC-PERP 32%, FARTCOIN-PERP 27%, XMR-PERP 6%",True,True,True,True,False,False,True,False,327,14.3,4.8,0.04
0x0f59…a9c1,77,268,-0.25,11.9,-66.9,3,37.1,44.5,70,99,4.73,0.5,1,-66.9,"QQQ-PERP 60%, XAUT-PERP 17%, SPY-PERP 14%",False,True,False,True,False,True,True,False,132,-36.1,-36.1,-0.27
0x0fcc…dde5,47,178,-0.11,38.2,-20.0,1,16.6,78.6,0,30,2.67,0.0,1,-20.0,XMR-PERP 100%,False,True,False,False,False,True,True,False,0,0.0,0.0,
0x0fce…645d,18,29,-0.61,48.3,-17.8,1,1.5,16.1,13,22,0.97,21.0,6,-3.0,"MU-PERP 17%, BTC-PERP 14%, GOOGL-PERP 10%",False,False,False,True,True,True,True,False,65,-105.6,-17.6,-1.63
0x0fce…645d/default_1,13,261,-0.33,11.1,-85.3,1,91.0,65.4,166,261,8.7,0.2,1,-85.3,"QQQ-PERP 36%, SNDK-PERP 30%, BTC-PERP 17%",False,True,False,True,False,False,True,False,691,-213.2,-213.2,-0.31
0x0fe6…1835,105,199,-0.43,24.6,-84.9,3,41.1,0.0,0,0,0.0,2.0,3,-28.3,"BTC-PERP 29%, XAUT-PERP 25%, ETH-PERP 19%",True,True,False,False,True,True,True,False,29,-42.2,-14.1,-1.46
0x100b…f506,89,178,-0.32,24.7,-56.6,2,38.1,6.0,5,11,1.27,10.8,13,-4.4,"BTC-PERP 8%, XRP-PERP 7%, AVAX-PERP 6%",False,True,False,True,True,True,False,False,72,230.0,17.7,3.19
0x10b5…0037/default_1,81,129,-0.28,7.8,-36.3,2,0.4,0.0,0,0,0.0,0.0,1,-36.3,BTC-PERP 100%,False,True,False,False,False,True,True,False,57,-20.9,-20.9,-0.37
0x10bc…f691,107,204,-0.34,5.4,-69.9,3,5.3,4.0,2,2,0.07,0.0,1,-69.9,"BTC-PERP 69%, XAUT-PERP 24%, ETH-PERP 4%",True,True,False,False,False,True,True,False,27,-9.5,-9.5,-0.35
0x10bd…bd8c,210,293,-0.46,11.3,-134.1,7,34.8,1.7,0,3,0.13,0.2,2,-67.0,"BTC-PERP 56%, ETH-PERP 18%, HYPE-PERP 3%",True,True,False,False,False,True,True,False,8,-5.8,-2.9,-0.72
0x10c5…b9c9,210,848,-0.26,6.4,-224.7,5,29.6,2.1,0,2,0.33,0.0,1,-224.7,"ETH-PERP 50%, XAUT-PERP 13%, SOL-PERP 13%",True,True,False,False,False,True,True,False,19,-6.4,-6.4,-0.34
0x10d3…fdcd,173,130,-0.31,12.3,-40.3,6,10.9,5.0,0,1,0.03,0.4,1,-40.3,"BTC-PERP 49%, ETH-PERP 37%, XAUT-PERP 13%",True,True,False,False,False,True,True,False,8,56.0,56.0,7.0
0x10de…9756,213,545,-0.36,40.4,-196.0,8,0.5,9.4,8,19,1.63,4.3,2,-98.0,"BTC-PERP 44%, ETH-PERP 24%, HYPE-PERP 11%",True,True,False,True,True,True,True,False,163,-5.6,-2.8,-0.03
0x1102…3b0e,203,1623,-0.24,27.6,-384.1,6,2.8,14.8,70,95,5.1,1.2,6,-64.0,"ETH-PERP 25%, SPY-PERP 9%, QQQ-PERP 8%",True,True,False,True,False,True,True,False,956,-331.3,-55.2,-0.35
0x1108…628c,175,287,-0.41,36.6,-117.0,5,0.7,6.3,1,2,0.17,17.1,4,-29.2,"BTC-PERP 62%, ETH-PERP 8%, XAUT-PERP 5%",True,True,False,False,True,True,True,False,4,8.1,2.0,2.02
0x112e…7bed,121,334,-0.25,7.5,-83.4,4,0.4,9.7,25,35,1.23,0.1,1,-83.4,"BTC-PERP 66%, XAUT-PERP 29%, WTI-PERP 2%",True,True,False,True,False,True,True,False,20,-6.9,-6.9,-0.35
0x1130…42bb,106,547,-0.22,9.3,-120.8,4,0.1,8.1,28,58,1.97,0.2,3,-40.3,"BTC-PERP 11%, HYPE-PERP 8%, PUMP-PERP 6%",True,True,False,True,False,True,True,False,128,-41.5,-13.8,-0.32
0x1132…798c,74,255,-0.26,10.2,-65.4,2,38.9,47.6,74,111,5.17,0.5,1,-65.4,"QQQ-PERP 68%, XAUT-PERP 18%, SPY-PERP 13%",False,True,False,True,False,True,True,False,124,-34.2,-34.2,-0.28
0x115b…2076,213,547,-0.15,13.5,-83.4,6,14.8,0.0,0,0,0.0,0.5,1,-83.4,"XAUT-PERP 20%, AAPL-PERP 18%, WTI-PERP 14%",True,True,False,False,False,True,True,False,28,7.8,7.8,0.28
0x1168…3e5b,218,191,1.07,46.1,205.1,1,49.1,24.5,5,6,0.47,18.8,4,51.3,"BTC-PERP 19%, SOL-PERP 13%, ETH-PERP 12%",True,True,True,True,True,True,True,True,44,135.4,33.8,3.08
0x1169…7097,156,121,0.08,57.0,9.4,1,1.9,3.7,0,1,0.17,3.5,2,4.7,"BTC-PERP 42%, HYPE-PERP 35%, ETH-PERP 17%",True,True,True,False,True,True,True,False,54,30.2,15.1,0.56
0x1172…1d52,100,1278,-0.13,21.5,-170.1,4,0.1,22.2,28,73,9.3,0.3,4,-42.5,"HYPE-PERP 9%, XAUT-PERP 8%, ZEC-PERP 6%",True,True,False,True,False,True,True,False,383,-97.6,-24.4,-0.25
0x1196…af77/default_1,72,120,-0.18,27.5,-21.8,2,48.4,81.7,1,1,1.77,0.3,4,-5.4,"WTI-PERP 16%, HYPE-PERP 14%, TAO-PERP 11%",False,True,False,False,False,True,True,False,5,1.4,0.4,0.27
0x11b0…e517,199,78,0.17,41.0,13.3,2,0.8,84.6,0,3,0.37,21.6,2,6.6,"LIT-PERP 42%, HYPE-PERP 12%, BTC-PERP 12%",True,False,True,False,True,True,True,False,45,-18.1,-9.0,-0.4
0x11b5…17d0,30,125,-0.26,25.6,-32.6,1,29.6,15.8,3,3,4.07,1.6,1,-32.6,"ETH-PERP 51%, BTC-PERP 49%",False,True,False,False,False,True,True,False,9,-7.0,-7.0,-0.78
0x11c7…b2e0,192,425,-0.26,7.8,-110.5,5,87.7,1.0,0,1,0.03,0.1,2,-55.2,"ETH-PERP 87%, XAUT-PERP 4%, BTC-PERP 3%",True,True,False,False,False,False,True,False,2,18.8,9.4,9.41
0x11f2…d885,111,771,-0.32,29.2,-245.7,4,0.0,32.6,128,132,4.4,0.7,4,-61.4,"ZEC-PERP 6%, HYPE-PERP 6%, BTC-PERP 5%",True,True,False,True,False,True,True,False,178,-129.1,-32.3,-0.73
0x11fb…2d30,222,475,-0.25,11.8,-118.1,5,43.0,16.3,2,3,1.7,0.0,2,-59.0,"BTC-PERP 55%, ETH-PERP 18%, HYPE-PERP 9%",True,True,False,False,False,True,True,False,32,-21.2,-10.6,-0.66
0x1202…6a03,209,580,-0.17,41.7,-95.7,5,21.0,24.5,5,13,1.0,23.6,12,-8.0,"BTC-PERP 21%, ETH-PERP 15%, SOL-PERP 13%",True,True,False,True,True,True,False,False,0,0.0,0.0,
0x1223…4f02,43,102,-0.31,4.9,-31.3,2,7.9,4.6,0,3,0.47,0.2,1,-31.3,"BTC-PERP 36%, ETH-PERP 30%, SOL-PERP 23%",False,True,False,False,False,True,True,False,1,-0.3,-0.3,-0.31
0x1243…28bb,215,351,-0.22,13.1,-77.4,6,1.6,18.2,3,6,0.5,0.0,2,-38.7,"SPY-PERP 47%, BTC-PERP 31%, ETH-PERP 10%",True,True,False,True,False,True,True,False,19,-34.1,-17.0,-1.8
0x125d…cc1b/insilico,155,509,-0.25,18.7,-128.1,5,53.1,29.2,15,29,1.43,2.3,8,-16.0,"BTC-PERP 28%, SOL-PERP 11%, ETH-PERP 10%",True,True,False,True,True,False,True,False,119,-14.6,-1.8,-0.12
0x125d…30a5,210,268,-0.32,10.8,-84.7,7,10.3,2.6,2,6,0.43,0.1,2,-42.4,"BTC-PERP 46%, ETH-PERP 34%, SOL-PERP 6%",True,True,False,True,False,True,True,False,24,-1.7,-0.8,-0.07
0x1268…5afe,197,295,-0.25,17.3,-73.2,3,30.4,7.8,9,20,0.87,0.2,3,-24.4,"ETH-PERP 40%, BTC-PERP 21%, SOL-PERP 16%",True,True,False,True,False,True,True,False,3,-0.4,-0.1,-0.14
0x1277…038a,102,254,-0.51,17.3,-129.6,3,0.0,4.6,0,0,0.4,0.4,1,-129.6,"BTC-PERP 56%, ETH-PERP 7%, ZEC-PERP 7%",True,True,False,False,False,True,True,False,0,0.0,0.0,
0x128d…7b57,102,1196,-0.15,19.4,-176.5,3,0.2,16.8,27,66,6.43,0.3,4,-44.1,"HYPE-PERP 8%, BTC-PERP 7%, SOL-PERP 7%",True,True,False,True,False,True,True,False,347,-122.7,-30.7,-0.35
0x12c1…7f59,197,355,-0.28,26.2,-99.8,7,0.0,3.7,1,5,0.93,0.7,1,-99.8,"BTC-PERP 96%, WTI-PERP 4%, ETH-PERP 0%",True,True,False,True,False,True,True,False,5,-0.1,-0.1,-0.02
0x12f3…35e6,166,811,-0.26,21.3,-207.0,6,0.0,22.2,45,100,7.73,0.4,2,-103.5,"ETH-PERP 34%, XAG-PERP 27%, BTC-PERP 24%",True,True,False,True,False,True,True,False,140,-43.0,-21.5,-0.31
0x130f…1082,102,1064,-0.29,11.8,-309.8,4,0.0,107.7,111,111,9.53,0.3,1,-309.8,"AAPL-PERP 23%, SOL-PERP 16%, ETH-PERP 14%",True,True,False,True,False,True,True,False,323,-94.5,-94.5,-0.29
0x132c…4c57,111,176,-0.34,23.3,-59.9,4,0.0,38.0,0,1,0.43,0.9,1,-59.9,SOL-PERP 100%,True,True,False,False,False,True,True,False,85,-5.2,-5.2,-0.06
0x1388…0d10,118,167,-0.2,21.6,-33.4,3,94.5,13.3,8,8,1.03,0.2,1,-33.4,"BTC-PERP 46%, HYPE-PERP 22%, ETH-PERP 19%",True,True,False,True,False,False,True,False,0,0.0,0.0,
0x1396…d79d,215,487,0.23,55.2,112.2,0,54.2,20.6,45,50,3.03,2.2,3,37.4,"BTC-PERP 22%, SOL-PERP 19%, MON-PERP 12%",True,True,True,True,False,False,True,False,293,17.1,5.7,0.06
0x139c…159d,205,104,-0.65,14.4,-67.9,4,2.8,0.0,0,0,0.0,0.3,3,-22.6,"BTC-PERP 48%, ETH-PERP 38%, LIT-PERP 6%",True,True,False,False,False,True,True,False,3,16.9,5.6,5.62
0x13b8…4f75,215,105,-0.51,22.9,-53.3,8,0.0,2.7,2,2,0.13,1.2,1,-53.3,"TAO-PERP 49%, UNI-PERP 21%, AAVE-PERP 16%",True,True,False,False,False,True,True,False,8,-7.4,-7.4,-0.92
0x13ce…2b2f,82,662,-0.26,12.8,-174.7,3,0.0,9.3,24,61,3.23,0.3,3,-58.2,"BTC-PERP 13%, ETH-PERP 13%, HYPE-PERP 13%",False,True,False,True,False,True,True,False,339,-107.0,-35.7,-0.32
0x140d…dc7b,139,126,-0.32,31.7,-40.6,3,0.0,3.2,6,6,0.27,1.8,1,-40.6,"ETH-PERP 25%, BTC-PERP 24%, SOL-PERP 14%",True,True,False,True,False,True,True,False,221,-147.5,-147.5,-0.67
0x141b…925f,56,183,-0.43,6.0,-77.9,2,74.0,44.1,19,19,4.43,0.0,1,-77.9,"HYPE-PERP 24%, LIT-PERP 21%, ZEC-PERP 13%",False,True,False,True,False,False,True,False,0,0.0,0.0,
0x141e…44c2,197,232,-0.24,12.5,-54.9,3,1.6,0.0,0,0,0.0,0.0,2,-27.4,"ETH-PERP 68%, SOL-PERP 9%, LIT-PERP 7%",True,True,False,False,False,True,True,False,0,0.0,0.0,
0x1424…3ffe,216,1405,-0.32,5.6,-446.0,4,71.4,102.2,42,80,2.67,0.0,1,-446.0,"BTC-PERP 32%, ETH-PERP 16%, XPL-PERP 10%",True,True,False,True,False,False,True,False,49,-22.1,-22.1,-0.45
0x1433…887c,242,90,2.37,83.3,213.7,3,83.1,2.2,0,0,0.13,39.7,4,53.4,"BTC-PERP 24%, WTI-PERP 17%, LIT-PERP 13%",True,False,True,False,True,False,True,False,12,85.8,21.4,7.15
0x1490…e475,212,142,0.46,35.9,65.5,2,33.2,4.0,1,3,0.3,1.4,2,32.8,"BTC-PERP 68%, HYPE-PERP 15%, SOL-PERP 13%",True,True,True,False,False,True,True,False,4,-3.2,-1.6,-0.8
0x1493…9ff8,71,231,-0.29,26.8,-66.5,3,30.5,13.3,7,7,1.13,1.5,1,-66.5,"BTC-PERP 38%, ETH-PERP 32%, SOL-PERP 30%",False,True,False,True,False,True,True,False,0,0.0,0.0,
0x149d…e539,212,377,-0.34,44.0,-129.0,6,0.1,6.3,0,0,0.43,20.8,4,-32.2,"HYPE-PERP 14%, BNB-PERP 10%, SOL-PERP 9%",True,True,False,False,True,True,True,False,0,0.0,0.0,
0x14b6…96b5,226,2422,-0.25,0.3,-613.1,2,75.8,0.0,0,0,0.0,0.0,2,-306.6,"BTC-PERP 75%, ETH-PERP 25%",True,True,False,False,False,False,True,False,949,-211.6,-105.8,-0.22
0x14b6…30e9,204,606,-0.33,5.3,-201.0,5,78.5,23.4,0,33,1.17,0.1,2,-100.5,"ETH-PERP 30%, BTC-PERP 18%, XAUT-PERP 14%",True,True,False,False,False,False,True,False,53,-16.4,-8.2,-0.31
0x14db…7700,39,257,-0.25,25.7,-64.4,2,34.9,17.5,14,65,6.03,1.7,1,-64.4,"ETH-PERP 52%, BTC-PERP 48%",False,True,False,True,False,True,True,False,194,-41.3,-41.3,-0.21
0x14dc…7e2a,113,195,-0.39,27.7,-76.0,4,50.4,4.7,4,17,1.7,0.5,2,-38.0,"ZEC-PERP 36%, HYPE-PERP 21%, DOGE-PERP 10%",True,True,False,True,False,False,True,False,143,-34.8,-17.4,-0.24
0x14dc…7e2a/kbot_acc2,107,331,-0.4,28.4,-131.6,4,46.0,8.3,0,20,2.77,0.7,2,-65.8,"AAVE-PERP 38%, AVAX-PERP 20%, ZEC-PERP 16%",True,True,False,False,False,True,True,False,6,-1.5,-0.8,-0.25
0x14eb…3354,152,209,-0.3,26.3,-62.9,5,0.0,2.7,6,13,0.97,0.8,1,-62.9,"BTC-PERP 40%, ETH-PERP 31%, SOL-PERP 11%",True,True,False,True,False,True,True,False,51,-10.7,-10.7,-0.21
0x1508…6c4a,202,90,-0.11,42.2,-9.9,3,0.7,2.9,5,8,0.83,13.5,1,-9.9,"BTC-PERP 57%, ETH-PERP 41%, LIT-PERP 1%",True,False,False,True,True,True,True,False,37,6.3,6.3,0.17
0x150a…d667,170,1168,-0.19,29.3,-226.0,6,11.5,30.9,0,43,5.27,0.5,3,-75.3,"ETH-PERP 16%, BTC-PERP 14%, SOL-PERP 12%",True,True,False,False,False,True,True,False,0,0.0,0.0,
0x1517…4081,38,224,-0.25,29.0,-55.2,2,30.3,15.3,11,60,5.33,1.6,1,-55.2,"ETH-PERP 52%, BTC-PERP 48%",False,True,False,True,False,True,True,False,201,-53.3,-53.3,-0.27
0x154c…0c96,149,85,-0.33,1.2,-27.8,1,0.0,0.0,0,0,0.0,0.0,1,-27.8,"ETH-PERP 38%, BTC-PERP 22%, SOL-PERP 20%",True,False,False,False,False,True,True,False,47,-4.5,-4.5,-0.1
0x155a…230d,213,618,-0.26,28.0,-160.5,8,0.0,3.5,12,25,1.6,0.7,1,-160.5,"BTC-PERP 54%, ETH-PERP 40%, XAG-PERP 1%",True,True,False,True,False,True,True,False,127,-33.2,-33.2,-0.26
0x155c…8676,109,325,-0.24,28.9,-78.1,2,42.1,0.0,0,0,0.0,0.6,1,-78.1,"ETH-PERP 36%, HYPE-PERP 22%, BTC-PERP 14%",True,True,False,False,False,True,True,False,20,-10.8,-10.8,-0.54
0x155d…6159,160,2002,-0.25,20.2,-490.9,6,0.0,22.7,20,54,6.13,0.3,7,-70.1,"SOL-PERP 9%, HYPE-PERP 9%, ETH-PERP 7%",True,True,False,True,False,True,True,False,217,-67.8,-9.7,-0.31
0x15ad…8aaf,137,687,-0.28,20.8,-190.5,5,0.5,13.6,29,62,6.23,0.5,2,-95.2,"BTC-PERP 72%, HYPE-PERP 6%, ETH-PERP 5%",True,True,False,True,False,True,True,False,104,-26.5,-13.2,-0.25
0x15fa…9c37,63,750,-0.58,12.8,-434.9,3,0.0,21.7,28,28,1.1,0.7,1,-434.9,"BTC-PERP 50%, ETH-PERP 50%",False,True,False,True,False,True,True,False,574,-415.1,-415.1,-0.72
0x160a…1a3a/default_1,4,3,2.82,100.0,8.5,0,0.0,5.5,3,3,0.1,81.1,1,8.5,"HYPE-PERP 67%, SUI-PERP 33%",False,False,True,False,True,True,True,False,147,-48.4,-48.4,-0.33
0x1621…310e,109,104,-0.33,6.7,-34.5,4,0.0,6.3,4,11,0.93,0.2,1,-34.5,"SPY-PERP 25%, UNI-PERP 21%, QQQ-PERP 14%",True,True,False,True,False,True,True,False,20,-5.2,-5.2,-0.26
0x1628…29da,126,389,-0.31,35.2,-121.4,5,0.4,2.3,4,7,0.47,1.1,1,-121.4,"BTC-PERP 98%, ETH-PERP 2%",True,True,False,True,False,True,True,False,2,-0.2,-0.2,-0.11
0x163c…3bef,175,190,-0.17,4.7,-31.4,5,0.0,2.4,3,6,0.4,0.0,1,-31.4,"BTC-PERP 99%, ETH-PERP 1%",True,True,False,True,False,True,True,False,3,-0.8,-0.8,-0.27
0x1672…9134,184,146,-0.5,15.1,-72.5,6,6.4,1.6,0,1,0.23,0.1,2,-36.2,"ETH-PERP 38%, BTC-PERP 29%, PENGU-PERP 3%",True,True,False,False,False,True,True,False,40,-23.9,-12.0,-0.6
0x1679…adf3,172,328,-0.3,11.3,-97.9,5,0.9,1.6,2,3,0.23,0.1,3,-32.6,"BTC-PERP 43%, SOL-PERP 27%, ETH-PERP 13%",True,True,False,False,False,True,True,False,0,0.0,0.0,
0x16d8…9257/default_1,80,2,-2.44,50.0,-4.9,1,94.7,4.0,0,0,0.03,83.0,1,-4.9,XAG-PERP 100%,False,False,False,False,True,False,True,False,121,-21.0,-21.0,-0.17
0x16e0…c615,72,227,-0.33,10.6,-75.9,3,39.8,47.8,71,108,4.9,0.5,1,-75.9,"QQQ-PERP 74%, XAUT-PERP 20%, SPY-PERP 5%",False,True,False,True,False,True,True,False,127,-32.9,-32.9,-0.26
0x16e5…cef1,201,198,0.15,42.4,29.7,3,1.1,2.0,0,1,0.03,1.1,3,9.9,"ETH-PERP 43%, BTC-PERP 36%, LIT-PERP 8%",True,True,True,False,False,True,True,False,14,73.8,24.6,5.27
0x16e9…7bd3,216,107,-0.2,32.7,-21.4,5,6.3,12.1,0,0,0.33,1.5,1,-21.4,"BNB-PERP 86%, BTC-PERP 12%, SPY-PERP 2%",True,True,False,False,False,True,True,False,0,0.0,0.0,
0x1702…748d,159,77,-0.13,32.5,-9.8,3,1.3,7.7,0,3,0.4,3.4,1,-9.8,BTC-PERP 100%,True,False,False,False,True,True,True,False,31,-11.7,-11.7,-0.38
0x1708…0e97,131,133,-0.35,34.6,-46.3,4,9.5,4.0,9,14,1.1,25.5,3,-15.4,"BTC-PERP 23%, XAUT-PERP 18%, QQQ-PERP 17%",True,True,False,True,True,True,True,False,24,-11.0,-3.7,-0.46
0x172a…d734,83,433,-0.26,7.6,-111.1,3,1.3,14.9,21,59,6.1,0.3,3,-37.0,"ETH-PERP 12%, XAUT-PERP 10%, SOL-PERP 10%",False,True,False,True,False,True,True,False,0,0.0,0.0,
0x172c…1990,253,139,-0.05,32.4,-6.4,5,31.6,1.0,0,0,0.0,4.6,2,-3.2,"BTC-PERP 81%, SOL-PERP 4%, ETH-PERP 4%",True,True,False,False,True,True,True,False,2,-7.0,-3.5,-3.51
0x1736…26e7,213,3057,-0.26,5.1,-806.3,8,85.1,1.8,1,1,0.2,0.0,5,-161.3,"BTC-PERP 43%, ETH-PERP 15%, AAVE-PERP 7%",True,True,False,False,False,False,True,False,166,-65.7,-13.1,-0.4
0x173f…f5b9,40,576,-0.26,7.5,-151.1,2,33.1,51.4,35,50,12.1,0.1,1,-151.1,"BTC-PERP 34%, ETH-PERP 34%, SOL-PERP 32%",False,True,False,True,False,True,True,False,153,-41.2,-41.2,-0.27
0x1742…f3a5,191,1048,-0.26,1.8,-276.2,7,96.4,92.3,0,9,0.9,0.1,2,-138.1,"ETH-PERP 42%, BTC-PERP 25%, XRP-PERP 13%",True,True,False,False,False,False,True,False,20,-5.5,-2.8,-0.27
0x1755…a7b7,36,37,-0.29,5.4,-10.8,2,0.2,7.1,5,9,1.03,0.1,1,-10.8,BTC-PERP 100%,False,False,False,True,False,True,True,False,72,-17.3,-17.3,-0.24
0x175b…d749,172,184,-0.19,31.5,-35.2,5,0.0,12.2,0,0,1.23,40.3,10,-3.5,"BTC-PERP 36%, ETH-PERP 11%, HYPE-PERP 10%",True,True,False,False,True,True,True,False,0,0.0,0.0,
0x17ae…366e,199,503,-0.31,24.9,-153.5,7,0.9,11.5,0,0,0.3,0.5,7,-21.9,"BTC-PERP 13%, ETH-PERP 9%, HYPE-PERP 9%",True,True,False,False,False,True,True,False,57,-12.7,-1.8,-0.22
0x17b8…ef82,216,134,0.57,35.8,77.0,2,0.0,2.0,0,1,0.07,7.2,6,12.8,"XRP-PERP 16%, SOL-PERP 16%, ETH-PERP 14%",True,True,True,False,True,True,True,False,0,0.0,0.0,
0x17be…c9c8,246,143,-0.58,30.1,-83.2,8,45.8,11.6,0,2,0.27,10.4,2,-41.6,"BTC-PERP 43%, XAG-PERP 9%, ETH-PERP 7%",True,True,False,False,True,True,True,False,0,0.0,0.0,
0x17dc…dc5d,38,183,-0.31,24.0,-57.3,2,38.3,15.9,0,9,3.63,1.7,1,-57.3,"BTC-PERP 52%, ETH-PERP 48%",False,True,False,False,False,True,True,False,7,-3.6,-3.6,-0.51
0x1807…501a,31,52,-0.37,23.1,-19.1,1,23.2,13.0,5,5,1.57,1.7,1,-19.1,"BTC-PERP 54%, ETH-PERP 46%",False,False,False,True,False,True,True,False,55,-20.5,-20.5,-0.37
0x1813…5594,53,517,-0.21,9.1,-107.2,2,0.0,14.4,0,0,3.6,0.2,3,-35.7,"HYPE-PERP 9%, BTC-PERP 8%, SOL-PERP 7%",False,True,False,False,False,True,True,False,0,0.0,0.0,
0x1818…b31b,163,1949,-0.31,19.9,-608.8,4,92.0,118.5,99,163,30.13,0.3,3,-202.9,"LIT-PERP 37%, ASTER-PERP 35%, HYPE-PERP 15%",True,True,False,True,False,False,True,False,316,-111.1,-37.0,-0.35
0x1832…739e,192,305,-0.3,13.8,-92.5,5,33.3,0.0,0,0,0.0,0.2,2,-46.2,"BTC-PERP 57%, ETH-PERP 42%, HYPE-PERP 1%",True,True,False,False,False,True,True,False,8,-6.1,-3.0,-0.76
0x1858…f41b,165,167,-0.24,34.1,-40.8,5,4.3,4.0,0,4,0.13,0.4,3,-13.6,"BTC-PERP 32%, SOL-PERP 29%, ETH-PERP 24%",True,True,False,False,False,True,True,False,25,-0.3,-0.1,-0.01
0x1873…916a,171,873,-0.28,26.2,-245.2,5,37.0,92.6,48,120,10.83,2.7,3,-81.7,"WTI-PERP 35%, BTC-PERP 25%, ETH-PERP 12%",True,True,False,True,False,True,True,False,173,-42.0,-14.0,-0.24
0x1884…f96f,52,679,-0.28,1.6,-188.9,2,0.0,35.0,72,180,10.6,0.2,1,-188.9,"XAUT-PERP 71%, BTC-PERP 27%, ETH-PERP 1%",False,True,False,True,False,True,True,False,514,-141.5,-141.5,-0.28
0x18b3…c405,67,264,-0.42,0.0,-110.4,2,0.0,0.0,0,0,0.0,0.0,1,-110.4,"BTC-PERP 96%, HYPE-PERP 3%, ETH-PERP 1%",False,True,False,False,False,True,True,False,1,17.0,17.0,16.98
0x18b9…ab18,64,76,-0.53,38.2,-40.1,2,0.0,0.0,0,0,0.0,2.3,3,-13.4,"BTC-PERP 54%, ETH-PERP 33%, SOL-PERP 11%",False,False,False,False,True,True,True,False,39,-16.9,-5.6,-0.43
0x18c7…40cf,129,1513,-0.15,19.3,-222.5,5,0.0,12.3,24,62,5.17,0.2,3,-74.2,"HYPE-PERP 8%, SOL-PERP 7%, BTC-PERP 6%",True,True,False,True,False,True,True,False,281,-84.3,-28.1,-0.3
0x18df…8f39,153,136,-0.28,38.2,-38.1,4,0.0,3.0,5,13,0.9,12.1,1,-38.1,"BTC-PERP 96%, HYPE-PERP 4%, ETH-PERP 1%",True,True,False,True,True,True,True,False,15,-7.8,-7.8,-0.52
0x18e0…4d7f,38,151,-0.24,32.5,-35.5,2,27.3,15.5,0,0,2.57,1.5,1,-35.5,"BTC-PERP 54%, ETH-PERP 46%",False,True,False,False,False,True,True,False,88,-13.0,-13.0,-0.15
0x18fd…812e,216,128,0.25,36.7,31.8,4,5.8,1.0,0,0,0.0,22.6,8,4.0,"BTC-PERP 33%, ETH-PERP 25%, HYPE-PERP 6%",True,True,True,False,True,True,True,False,1,-40.8,-5.1,-40.8
0x18fe…a994,25,88,-0.22,37.5,-19.4,1,0.0,17.7,35,42,2.93,10.9,4,-4.8,"XRP-PERP 25%, SOL-PERP 22%, HYPE-PERP 18%",False,False,False,True,True,True,True,False,107,-138.2,-34.6,-1.29
0x1928…07f7,78,323,-0.48,3.7,-156.3,3,0.0,7.8,0,11,2.0,0.1,3,-52.1,"HYPE-PERP 8%, SOL-PERP 7%, PUMP-PERP 7%",False,True,False,False,False,True,True,False,44,14.8,4.9,0.34
0x1934…b820,34,134,-0.29,14.9,-39.2,2,1.3,194.6,1,4,3.27,0.7,2,-19.6,"SOL-PERP 54%, BTC-PERP 32%, ETH-PERP 8%",False,True,False,True,False,False,True,False,0,0.0,0.0,
0x19c4…9e20,205,1003,-0.29,11.9,-289.4,7,64.0,3.0,0,0,0.03,0.2,1,-289.4,"BTC-PERP 62%, SOL-PERP 18%, ETH-PERP 15%",True,True,False,False,False,False,True,False,37,-22.2,-22.2,-0.6
0x19c9…bcbe,215,278,-0.28,7.6,-77.7,7,18.6,0.0,0,0,0.0,0.0,1,-77.7,"ETH-PERP 52%, BTC-PERP 31%, SOL-PERP 11%",True,True,False,False,False,True,True,False,27,-6.0,-6.0,-0.22
0x19ff…6c97,201,342,-0.18,19.6,-61.7,5,3.2,4.4,5,11,0.5,0.3,1,-61.7,"BTC-PERP 93%, ETH-PERP 4%, SOL-PERP 1%",True,True,False,True,False,True,True,False,80,67.0,67.0,0.84
0x1a0e…60f0,42,186,-0.21,27.4,-38.7,2,25.5,20.4,7,80,5.67,1.7,1,-38.7,"ETH-PERP 51%, SOL-PERP 49%",False,True,False,True,False,True,True,False,183,-28.7,-28.7,-0.16
0x1a1e…b1b5/OTO-b2ciu0,150,170,-0.1,37.6,-16.9,3,0.0,3.9,6,8,0.33,4.7,3,-5.6,"BTC-PERP 21%, ZEC-PERP 21%, SOL-PERP 14%",True,True,False,True,True,True,True,False,22,2.2,0.7,0.1
0x1a1e…b1b5/OTO-b2ciu1,156,111,-0.57,25.2,-63.5,6,0.0,2.4,0,0,0.37,5.5,2,-31.8,"BTC-PERP 52%, ETH-PERP 22%, HYPE-PERP 8%",True,True,False,False,True,True,True,False,2,-1.9,-1.0,-0.95
0x1a1e…b1b5/OTO-b2ciu2,155,116,-0.1,26.7,-11.2,5,0.0,4.3,2,3,0.47,3.5,3,-3.7,"HYPE-PERP 36%, BTC-PERP 25%, ETH-PERP 12%",True,True,False,False,True,True,True,False,28,49.6,16.5,1.77
0x1a1e…b1b5/SUB-723978,221,158,-0.35,14.6,-56.1,6,55.6,2.0,4,5,0.2,0.5,2,-28.0,"BTC-PERP 95%, HYPE-PERP 2%, ETH-PERP 1%",True,True,False,True,False,False,True,False,4,-2.9,-1.4,-0.73
0x1a68…acf9,246,1832,-0.28,6.4,-520.3,9,66.4,4.0,0,0,0.17,0.0,4,-130.1,"ETH-PERP 27%, BTC-PERP 16%, SOL-PERP 12%",True,True,False,False,False,False,True,False,2,-0.5,-0.1,-0.24
0x1ab4…91dd,242,415,-0.33,23.4,-138.3,7,23.9,3.0,0,0,0.13,0.3,1,-138.3,"HYPE-PERP 41%, SOL-PERP 13%, LIT-PERP 11%",True,True,False,False,False,True,True,False,46,-18.7,-18.7,-0.41
0x1ad7…8b49,39,69,-0.21,31.9,-14.7,2,31.2,10.1,9,27,1.47,1.6,1,-14.7,"ETH-PERP 58%, BTC-PERP 42%",False,False,False,True,False,True,True,False,121,-35.3,-35.3,-0.29
0x1b01…03c9,86,342,-0.36,14.6,-124.0,3,49.6,73.8,0,0,1.77,0.3,1,-124.0,"AVGO-PERP 56%, MU-PERP 17%, VVV-PERP 12%",False,True,False,False,False,True,True,False,0,0.0,0.0,
0x1b38…8936,212,435,0.02,37.7,7.1,4,9.0,2.8,2,9,0.47,1.9,6,1.2,"BTC-PERP 22%, XMR-PERP 12%, SUI-PERP 10%",True,True,True,True,False,True,True,False,183,81.3,13.6,0.44
0x1b3d…daed,197,734,-0.27,7.4,-196.8,3,30.9,64.3,20,82,17.0,0.1,1,-196.8,"BTC-PERP 35%, ETH-PERP 34%, SOL-PERP 31%",True,True,False,True,False,True,True,False,116,-33.1,-33.1,-0.29
0x1b88…0945,211,403,-0.21,27.0,-83.6,4,2.3,0.0,0,0,0.0,0.9,2,-41.8,"ETH-PERP 38%, ZEC-PERP 17%, BTC-PERP 8%",True,True,False,False,False,True,True,False,77,-21.7,-10.8,-0.28
0x1b8b…7592,99,120,-0.19,39.2,-22.9,4,0.0,2.3,7,12,0.87,16.1,1,-22.9,"XAUT-PERP 50%, BTC-PERP 30%, ETH-PERP 11%",True,True,False,True,True,True,True,False,31,-10.1,-10.1,-0.32
0x1c02…827d,205,127,-1.24,36.2,-157.0,7,68.7,3.0,1,1,0.03,23.7,1,-157.0,"HYPE-PERP 22%, SOL-PERP 17%, ETH-PERP 11%",True,True,False,False,True,False,True,False,5,-30.5,-30.5,-6.1
0x1c1c…d5d7,81,1100,-0.15,12.8,-160.6,3,0.0,16.1,28,64,6.37,0.2,3,-53.5,"HYPE-PERP 8%, BTC-PERP 7%, SOL-PERP 7%",False,True,False,True,False,True,True,False,119,-29.8,-9.9,-0.25
0x1c46…df19,167,177,0.29,80.8,51.6,2,1.4,2.8,0,4,0.3,9.9,3,17.2,"ETH-PERP 41%, HYPE-PERP 33%, BTC-PERP 6%",True,True,True,False,True,True,True,False,0,0.0,0.0,
0x1c55…0f1d,198,119,-0.26,47.1,-31.5,4,0.0,0.0,0,0,0.0,4.6,2,-15.8,"BTC-PERP 72%, BNB-PERP 27%, ETH-PERP 1%",True,True,False,False,True,True,True,False,43,-11.4,-5.7,-0.27
0x1c58…810e,215,387,0.04,16.0,13.9,3,75.3,2.0,1,1,0.27,0.1,5,2.8,"SUI-PERP 39%, TAO-PERP 25%, XRP-PERP 12%",True,True,True,False,False,False,True,False,4,-11.0,-2.2,-2.76
0x1c67…d5ab,86,120,-0.05,1.7,-5.7,2,0.0,16.5,8,8,0.37,0.0,2,-2.8,"QQQ-PERP 40%, XAUT-PERP 36%, BTC-PERP 11%",False,True,False,True,False,True,True,False,0,0.0,0.0,
0x1c74…7c80,180,119,-0.3,27.7,-35.9,3,7.1,0.0,0,0,0.0,1.6,3,-12.0,"HYPE-PERP 39%, ETH-PERP 15%, BTC-PERP 8%",True,True,False,False,False,True,True,False,0,0.0,0.0,
0x1c7a…584e,86,389,-0.18,9.8,-68.2,3,3.5,7.0,19,44,2.63,0.2,3,-22.7,"BTC-PERP 10%, HYPE-PERP 10%, ETH-PERP 9%",False,True,False,True,False,True,True,False,90,-21.7,-7.2,-0.24
0x1c7d…d5a0,193,772,-0.3,9.6,-235.0,5,0.7,14.2,13,18,2.4,0.4,4,-58.8,"ETH-PERP 36%, BTC-PERP 31%, SOL-PERP 10%",True,True,False,True,False,True,True,False,83,-34.6,-8.6,-0.42
0x1c87…99e3,41,344,-0.2,7.0,-67.7,2,0.2,10.6,19,44,5.1,0.2,3,-22.6,"HYPE-PERP 11%, ZEC-PERP 10%, ETH-PERP 9%",False,True,False,True,False,True,True,False,192,-61.3,-20.4,-0.32
0x1ce3…412c,109,132,-0.2,28.8,-26.5,4,29.8,24.1,20,28,1.07,0.3,2,-13.2,"ETH-PERP 59%, BTC-PERP 21%, HYPE-PERP 5%",True,True,False,True,False,True,True,False,52,-12.9,-6.4,-0.25
0x1ce6…e982,42,65,-0.42,21.5,-27.2,2,24.8,12.1,28,35,1.23,1.6,1,-27.2,"ETH-PERP 58%, BTC-PERP 42%",False,False,False,True,False,True,True,False,38,-9.4,-9.4,-0.25
0x1cf7…38c7,178,290,-0.48,21.7,-138.0,5,24.2,3.8,1,2,0.37,2.5,3,-46.0,"BTC-PERP 26%, ETH-PERP 25%, SOL-PERP 15%",True,True,False,False,True,True,True,False,5,41.3,13.8,8.27
0x1cfb…73c1,109,521,-0.14,10.4,-74.8,2,0.2,2.0,1,2,0.2,0.1,3,-24.9,"XPL-PERP 7%, HYPE-PERP 7%, PUMP-PERP 6%",True,True,False,False,False,True,True,False,10,8.8,2.9,0.88
0x1d1a…8a3a,131,56,-0.08,10.7,-4.5,2,12.2,10.5,27,50,1.67,0.8,2,-2.2,"BTC-PERP 18%, ETH-PERP 18%, ZEC-PERP 18%",True,False,False,True,False,True,True,False,311,-123.1,-61.6,-0.4
0x1d5a…3ba1,199,135,0.3,42.2,40.9,2,0.1,4.5,2,4,0.4,1.6,1,40.9,"SOL-PERP 39%, HYPE-PERP 21%, BTC-PERP 11%",True,True,True,True,False,True,True,False,47,-17.5,-17.5,-0.37
0x1d73…17eb,102,220,-0.27,28.2,-59.7,3,15.3,3.4,2,3,0.33,5.7,3,-19.9,"XAUT-PERP 21%, SOL-PERP 19%, QQQ-PERP 14%",True,True,False,False,True,True,True,False,47,-5.2,-1.7,-0.11
0x1db9…c51f,210,113,-0.39,43.4,-44.6,6,30.1,3.1,0,2,0.33,5.1,1,-44.6,"BTC-PERP 44%, ETH-PERP 16%, SOL-PERP 9%",True,True,False,False,True,True,True,False,0,0.0,0.0,
0x1dc3…d362,156,293,-0.3,7.2,-87.5,6,0.0,3.0,3,3,0.1,0.5,2,-43.8,"BTC-PERP 64%, FARTCOIN-PERP 8%, ETH-PERP 6%",True,True,False,False,False,True,True,False,15,-10.1,-5.0,-0.67
0x1dc8…7e8c,214,175,0.29,20.0,51.2,3,6.6,2.0,0,0,0.0,0.0,2,25.6,"ETH-PERP 30%, HYPE-PERP 20%, BTC-PERP 18%",True,True,True,False,False,True,True,False,14,56.3,28.2,4.02
0x1e26…4bf1,253,875,-0.24,1.7,-208.4,5,20.3,15.8,2,3,0.57,0.0,1,-208.4,"ETH-PERP 100%, BTC-PERP 0%",True,True,False,False,False,True,True,False,10,-2.6,-2.6,-0.26
0x1e57…cc54,39,129,-0.21,13.2,-27.4,2,0.0,23.6,23,63,3.37,1.3,3,-9.1,"ZEC-PERP 43%, ETH-PERP 33%, BTC-PERP 8%",False,True,False,True,False,True,True,False,274,-112.0,-37.3,-0.41
0x1e83…b141,46,109,-0.2,30.3,-22.1,2,12.6,8.3,8,24,2.3,2.8,1,-22.1,"BTC-PERP 88%, QQQ-PERP 12%",False,True,False,True,True,True,True,False,98,-14.0,-14.0,-0.14
0x1e95…5c57,215,523,-0.21,32.3,-107.3,5,73.2,1.0,0,0,0.03,3.3,5,-21.5,"BTC-PERP 43%, ETH-PERP 15%, HYPE-PERP 11%",True,True,False,False,True,False,True,False,21,9.7,1.9,0.46
0x1eb2…a800,57,410,-0.14,11.2,-56.2,1,8.8,0.0,0,0,0.0,0.2,3,-18.7,"PUMP-PERP 7%, BTC-PERP 7%, HYPE-PERP 7%",False,True,False,False,False,True,True,False,247,-78.6,-26.2,-0.32
0x1ecd…b0f9,74,271,-0.28,10.0,-75.8,3,36.7,47.9,74,110,5.1,0.4,1,-75.8,"QQQ-PERP 65%, SPY-PERP 17%, XAUT-PERP 17%",False,True,False,True,False,True,True,False,114,-29.9,-29.9,-0.26
0x1eea…189a,185,678,-0.24,32.6,-165.2,6,0.0,20.2,7,40,5.27,2.3,2,-82.6,"BTC-PERP 55%, ETH-PERP 36%, XAG-PERP 5%",True,True,False,True,False,True,True,False,113,-32.4,-16.2,-0.29
0x1f15…e975,228,188,-0.59,43.1,-110.7,7,40.6,4.1,3,8,0.3,3.8,2,-55.4,"HYPE-PERP 37%, BTC-PERP 18%, AAVE-PERP 12%",True,True,False,True,True,True,True,False,5,-18.8,-9.4,-3.76
0x1f41…7eba,213,313,-0.46,21.4,-143.4,5,3.2,11.0,0,0,0.17,0.3,2,-71.7,"BTC-PERP 40%, HYPE-PERP 27%, LIT-PERP 12%",True,True,False,False,False,True,True,False,18,-37.1,-18.6,-2.06
0x1f41…7eba/default_1,180,38,-0.47,28.9,-17.7,1,68.3,0.0,0,0,0.0,0.1,1,-17.7,"HYPE-PERP 76%, BTC-PERP 18%, XRP-PERP 5%",True,False,False,False,False,False,True,False,107,-27.0,-27.0,-0.25
0x1f53…34d9,121,142,0.8,67.6,113.8,0,17.7,1.0,0,0,0.03,3.4,6,19.0,"ETH-PERP 17%, HYPE-PERP 15%, BNB-PERP 13%",True,True,True,False,True,True,True,False,27,24.2,4.0,0.9
0x1f68…92dd,199,1483,-0.31,1.1,-452.9,7,30.2,13.2,0,0,0.53,0.0,1,-452.9,"BTC-PERP 39%, WTI-PERP 13%, SPY-PERP 10%",True,True,False,False,False,True,True,False,1,-0.3,-0.3,-0.3
0x1f8d…188c,43,164,-0.32,25.0,-51.9,2,29.7,20.3,52,61,3.83,1.6,1,-51.9,"BTC-PERP 51%, ETH-PERP 49%",False,True,False,True,False,True,True,False,25,-9.6,-9.6,-0.39
0x1fcf…7c25,11,62,-0.25,21.0,-15.6,1,29.3,15.5,30,62,2.07,1.4,1,-15.6,"ETH-PERP 56%, BTC-PERP 44%",False,False,False,True,False,True,True,False,132,-35.9,-35.9,-0.27
0x200f…3c47,213,273,-0.21,17.2,-56.6,7,21.5,22.8,4,10,0.57,0.2,1,-56.6,"BTC-PERP 46%, XRP-PERP 16%, HYPE-PERP 6%",True,True,False,True,False,True,True,False,64,-14.7,-14.7,-0.23
0x2035…fef9,231,320,-0.46,20.0,-146.2,4,0.0,2.0,0,0,0.0,0.1,3,-48.7,"BTC-PERP 41%, ZEC-PERP 19%, FARTCOIN-PERP 14%",True,True,False,False,False,True,True,False,19,-47.2,-15.7,-2.49
0x2040…52a8,72,2074,-0.28,17.5,-588.6,3,18.4,76.1,0,0,16.33,0.4,14,-42.0,"BTC-PERP 49%, PUMP-PERP 2%, BNB-PERP 2%",False,True,False,False,False,True,False,False,79,43.4,3.1,0.55
0x2044…17ab,61,92,-0.29,0.0,-26.7,2,0.0,4.1,6,14,1.17,0.0,1,-26.7,BTC-PERP 100%,False,False,False,True,False,True,True,False,45,-12.3,-12.3,-0.27
0x2069…1091,166,409,-0.26,9.8,-105.6,5,0.4,9.3,0,9,2.27,0.2,2,-52.8,"BTC-PERP 87%, ETH-PERP 5%, HYPE-PERP 3%",True,True,False,False,False,True,True,False,17,-1.0,-0.5,-0.06
0x2098…2755,143,350,-0.3,19.1,-106.3,4,0.1,45.1,3,6,1.97,1.2,3,-35.4,"ETH-PERP 49%, HYPE-PERP 20%, BTC-PERP 19%",True,True,False,True,False,True,True,False,94,-24.3,-8.1,-0.26
0x2098…2755/default_1,56,171,-0.18,31.0,-31.0,2,0.2,86.7,20,35,2.53,4.6,7,-4.4,"HYPE-PERP 32%, SOL-PERP 15%, PUMP-PERP 8%",False,True,False,True,True,True,True,False,406,-129.9,-18.6,-0.32
0x20a2…70d2,183,406,-0.28,19.5,-114.6,6,0.3,8.4,13,28,2.77,0.1,1,-114.6,"ETH-PERP 63%, HYPE-PERP 11%, SNDK-PERP 10%",True,True,False,True,False,True,True,False,66,-18.7,-18.7,-0.28
0x20d3…4d8f,120,371,-0.33,59.0,-123.4,2,23.0,40.9,34,37,2.5,16.4,13,-9.5,"SOL-PERP 13%, LIT-PERP 10%, ZEC-PERP 10%",True,True,False,True,True,True,False,False,288,-66.4,-5.1,-0.23
0x20d3…4d8f/default_1,4,32,-0.2,50.0,-6.5,1,21.7,74.5,32,32,1.07,12.9,13,-0.5,"HYPE-PERP 12%, SOL-PERP 12%, ZEC-PERP 9%",False,False,False,True,True,True,False,False,224,-62.6,-4.8,-0.28
0x210a…3772,5,2,0.61,50.0,1.2,0,1.8,5.0,2,2,0.07,6.1,1,1.2,kPEPE-PERP 100%,False,False,True,False,True,True,True,False,121,36.8,36.8,0.3
0x2155…c5f4,152,910,-0.31,33.0,-281.9,5,2.9,10.0,23,33,2.6,0.7,2,-141.0,"BTC-PERP 57%, WTI-PERP 17%, SPY-PERP 9%",True,True,False,True,False,True,True,False,126,-24.1,-12.0,-0.19
0x2162…b3cb,208,63,0.19,41.3,11.8,4,18.8,31.5,4,4,0.33,76.6,2,5.9,"UNI-PERP 11%, SUI-PERP 11%, QQQ-PERP 11%",True,False,True,True,True,True,True,False,50,-7.1,-3.6,-0.14
0x218f…5820,164,218,0.8,86.7,174.4,0,0.2,7.0,7,23,1.67,20.3,8,21.8,"BTC-PERP 25%, ETH-PERP 22%, SUI-PERP 10%",True,True,True,True,True,True,True,True,52,152.2,19.0,2.93
0x21b6…a018,88,98,-0.37,21.4,-36.3,2,19.7,2.5,3,4,0.4,2.9,2,-18.2,"BTC-PERP 21%, HYPE-PERP 14%, SOL-PERP 9%",False,False,False,True,True,True,True,False,32,1.4,0.7,0.04
0x21c4…c677,250,843,-0.26,21.1,-216.3,6,30.3,7.7,8,15,1.43,0.4,4,-54.1,"BTC-PERP 34%, ETH-PERP 10%, BNB-PERP 7%",True,True,False,True,False,True,True,False,115,16.0,4.0,0.14
0x21d7…8d4d,165,2204,-0.26,4.9,-569.9,5,32.9,15.8,24,63,4.33,0.0,3,-190.0,"ETH-PERP 13%, SOL-PERP 13%, HYPE-PERP 12%",True,True,False,True,False,True,True,False,97,-24.9,-8.3,-0.26
0x21da…2c87,45,64,-0.17,26.6,-11.2,2,32.0,14.2,17,45,1.5,1.6,1,-11.2,"BTC-PERP 53%, ETH-PERP 47%",False,False,False,True,False,True,True,False,130,-39.8,-39.8,-0.31
0x21eb…abb8,205,232,-0.26,3.4,-59.5,5,86.2,31.7,0,0,0.33,0.1,2,-29.8,"BTC-PERP 50%, ETH-PERP 19%, FARTCOIN-PERP 11%",True,True,False,False,False,False,True,False,0,0.0,0.0,
0x2208…436e/default_1,130,179,-0.29,24.6,-52.6,5,66.3,0.0,0,0,0.0,0.6,1,-52.6,"QQQ-PERP 15%, SPY-PERP 14%, NEAR-PERP 13%",True,True,False,False,False,False,True,False,12,-2.6,-2.6,-0.21
0x2222…7222,226,315,-0.31,24.4,-96.6,7,0.8,8.6,3,9,0.63,0.6,1,-96.6,"HYPE-PERP 36%, BTC-PERP 10%, TAO-PERP 8%",True,True,False,True,False,True,True,False,2,-2.9,-2.9,-1.44
0x2223…e55a,139,161,-0.12,39.1,-18.9,3,10.6,0.0,0,0,0.0,3.3,8,-2.4,"BTC-PERP 29%, ETH-PERP 22%, XMR-PERP 12%",True,True,False,False,True,True,True,False,20,-24.3,-3.0,-1.22
0x2245…96d4,225,117,1.02,59.0,118.8,2,26.6,2.2,2,2,0.27,9.3,4,29.7,"BTC-PERP 28%, ETH-PERP 14%, LIT-PERP 14%",True,True,True,False,True,True,True,False,4,4.2,1.0,1.04
0x2248…d8d3,40,90,-0.27,27.8,-24.4,2,30.6,11.9,0,0,2.47,1.3,1,-24.4,"BTC-PERP 58%, ETH-PERP 42%",False,False,False,False,False,True,True,False,54,-19.1,-19.1,-0.35
0x2289…df90,65,653,-0.28,6.7,-183.8,3,4.8,10.6,8,28,2.77,0.1,3,-61.3,"ETH-PERP 19%, ENA-PERP 12%, BTC-PERP 7%",False,True,False,True,False,True,True,False,51,-15.9,-5.3,-0.31
0x22ac…1f44,209,222,-0.24,14.4,-52.7,6,32.5,11.6,0,7,0.7,0.0,1,-52.7,"AAVE-PERP 30%, BTC-PERP 20%, ETH-PERP 13%",True,True,False,False,False,True,True,False,0,0.0,0.0,
0x22c0…52de,122,6,-2.12,16.7,-12.7,1,13.2,0.0,0,0,0.0,0.8,1,-12.7,"BTC-PERP 67%, HYPE-PERP 33%",True,False,False,False,False,True,True,False,185,-76.1,-76.1,-0.41
0x22da…96a3,142,191,-0.02,9.9,-3.7,3,0.0,2.0,0,0,0.03,0.2,3,-1.2,"BTC-PERP 87%, ETH-PERP 4%, HYPE-PERP 3%",True,True,False,False,False,True,True,False,23,-10.6,-3.5,-0.46
0x22e5…9215,199,103,-0.29,30.1,-30.3,4,33.1,3.5,6,9,0.53,1.5,1,-30.3,"ETH-PERP 73%, BTC-PERP 11%, HYPE-PERP 5%",True,True,False,True,False,True,True,False,29,-8.4,-8.4,-0.29
0x230b…54a5,206,622,-0.1,28.9,-63.2,5,27.1,9.1,16,24,2.2,3.8,5,-12.6,"BTC-PERP 14%, HYPE-PERP 12%, FARTCOIN-PERP 11%",True,True,False,True,True,True,True,False,174,-50.8,-10.2,-0.29
0x2319…25b2,183,198,-0.26,18.2,-51.5,6,1.6,1.3,0,0,0.03,0.2,1,-51.5,"BTC-PERP 47%, ETH-PERP 30%, LIT-PERP 11%",True,True,False,False,False,True,True,False,10,28.1,28.1,2.81
0x232f…5212,73,121,-0.74,0.8,-90.0,3,0.0,3.2,0,12,0.97,0.0,1,-90.0,"XAUT-PERP 38%, NVDA-PERP 17%, BTC-PERP 15%",False,True,False,False,False,True,True,False,1,-3.3,-3.3,-3.34
0x2334…800f,143,589,-0.04,44.0,-23.8,4,1.6,12.8,21,47,4.1,1.2,1,-23.8,BTC-PERP 100%,True,True,False,True,False,True,True,False,216,-35.3,-35.3,-0.16
0x2362…0545,201,649,-0.21,12.8,-138.7,4,17.0,8.4,2,3,0.57,0.1,1,-138.7,"BTC-PERP 51%, XAG-PERP 15%, ETH-PERP 9%",True,True,False,False,False,True,True,False,32,38.9,38.9,1.22
0x2397…3720,211,212,-0.52,28.3,-110.4,7,0.7,2.0,0,0,0.07,0.9,2,-55.2,"BTC-PERP 67%, HYPE-PERP 8%, PUMP-PERP 6%",True,True,False,False,False,True,True,False,6,-0.7,-0.4,-0.11
0x23d3…1254,206,112,-0.16,42.9,-18.4,5,85.0,11.7,2,2,0.07,3.4,3,-6.1,"BTC-PERP 43%, LIT-PERP 11%, HYPE-PERP 6%",True,True,False,False,True,False,True,False,5,9.7,3.2,1.95
0x23d8…ef38,122,86,-0.31,44.2,-26.4,4,53.7,5.7,0,0,0.17,10.2,2,-13.2,"SOL-PERP 12%, LTC-PERP 12%, BTC-PERP 9%",True,False,False,False,True,False,True,False,23,-4.1,-2.0,-0.18
0x23db…9aaa,223,2789,-0.3,9.1,-841.4,7,0.1,4.0,1,1,0.03,0.0,1,-841.4,"ETH-PERP 40%, BTC-PERP 29%, SOL-PERP 13%",True,True,False,False,False,True,True,False,98,-21.3,-21.3,-0.22
0x23dd…e3ab,177,139,0.4,38.1,55.9,1,6.0,0.0,0,0,0.0,0.4,2,28.0,"HYPE-PERP 46%, SOL-PERP 8%, BTC-PERP 8%",True,True,True,False,False,True,True,False,60,-32.0,-16.0,-0.53
0x23fc…71ad,179,66,-0.39,16.7,-25.7,3,0.0,3.0,0,0,0.17,0.0,1,-25.7,"BTC-PERP 71%, HYPE-PERP 26%, ETH-PERP 3%",True,False,False,False,False,True,True,False,39,-6.9,-6.9,-0.18
0x2442…2b76,212,967,-0.28,5.9,-270.7,6,73.6,9.5,6,20,1.63,0.1,2,-135.4,"BTC-PERP 51%, BNB-PERP 17%, XAUT-PERP 12%",True,True,False,True,False,False,True,False,329,-108.3,-54.2,-0.33
0x2450…4898,175,1012,-0.27,26.3,-277.4,6,0.0,14.2,0,28,4.33,1.4,1,-277.4,"BTC-PERP 45%, ETH-PERP 23%, SOL-PERP 13%",True,True,False,False,False,True,True,False,0,0.0,0.0,
0x2454…06a1,211,178,-0.36,29.8,-63.3,6,6.3,3.7,1,2,0.53,3.6,2,-31.6,"BTC-PERP 60%, HYPE-PERP 17%, ETH-PERP 7%",True,True,False,False,True,True,True,False,34,-24.4,-12.2,-0.72
0x246f…574c,109,1771,-0.22,3.0,-389.1,4,99.5,9.7,1,9,2.17,0.0,2,-194.6,"QQQ-PERP 55%, SPY-PERP 13%, PENGU-PERP 11%",True,True,False,True,False,False,True,False,2,-0.7,-0.4,-0.34
0x2473…bf9d,25,92,-0.23,6.5,-21.0,1,0.0,8.3,19,53,3.07,0.3,2,-10.5,"ETH-PERP 16%, HYPE-PERP 16%, SOL-PERP 15%",False,False,False,True,False,True,True,False,163,-44.4,-22.2,-0.27
0x2473…8544/insilico,121,404,-0.37,23.3,-147.6,4,10.5,16.2,28,51,3.77,2.1,2,-73.8,"BTC-PERP 22%, ETH-PERP 14%, SOL-PERP 9%",True,True,False,True,False,True,True,False,4,-1.6,-0.8,-0.4
0x2491…4811,36,4802,-0.32,0.1,-1527.7,2,98.4,1342.4,1404,2808,137.77,0.0,1,-1527.7,"SNDK-PERP 66%, SPCX-PERP 29%, WTI-PERP 5%",False,True,False,True,False,False,True,False,1263,-360.2,-360.2,-0.29
0x24a0…a5da,146,1076,-0.3,21.3,-318.9,5,1.8,31.5,58,58,1.93,0.8,2,-159.4,"ETH-PERP 47%, BTC-PERP 46%, XAUT-PERP 4%",True,True,False,True,False,True,True,False,245,-78.7,-39.4,-0.32
0x24a7…799f,107,269,-0.26,6.7,-70.9,4,0.3,2.8,2,5,0.53,0.1,1,-70.9,"SOL-PERP 93%, QQQ-PERP 3%, BTC-PERP 1%",True,True,False,True,False,True,True,False,30,-6.1,-6.1,-0.2
0x24ca…896b,175,1027,-0.31,25.1,-320.1,6,0.0,13.9,0,27,4.27,1.5,1,-320.1,"BTC-PERP 42%, ETH-PERP 26%, SOL-PERP 13%",True,True,False,False,False,True,True,False,0,0.0,0.0,
0x24df…a71e,40,285,-0.26,28.1,-73.1,2,30.3,18.6,22,48,6.33,1.6,1,-73.1,"ETH-PERP 59%, BTC-PERP 40%, SOL-PERP 1%",False,True,False,True,False,True,True,False,72,-21.6,-21.6,-0.3
0x24ed…ae44,169,521,-0.13,35.1,-67.9,5,6.2,0.0,0,0,0.0,0.5,5,-13.6,"HYPE-PERP 15%, ETH-PERP 8%, BNB-PERP 7%",True,True,False,False,False,True,True,False,6,4.9,1.0,0.82
0x24f5…1846,95,230,-0.31,36.1,-70.7,4,93.7,5.8,0,0,1.33,0.5,2,-35.4,"UNI-PERP 77%, BTC-PERP 12%, LINK-PERP 6%",True,True,False,False,False,False,True,False,0,0.0,0.0,
0x2504…8243,208,227,0.61,60.4,139.2,1,24.3,8.5,4,6,1.13,2.2,2,69.6,"LIT-PERP 33%, PUMP-PERP 26%, HYPE-PERP 15%",True,True,True,True,True,True,True,True,14,10.9,5.4,0.78
0x2506…55e0,217,25,0.98,72.0,24.4,0,10.3,1.0,0,0,0.0,4.4,1,24.4,"FARTCOIN-PERP 80%, TAO-PERP 20%",True,False,True,False,True,True,True,False,93,214.8,214.8,2.31
0x2553…b5ff,198,620,-0.26,6.9,-159.0,3,35.6,58.7,15,32,14.8,0.1,1,-159.0,"BTC-PERP 35%, ETH-PERP 33%, SOL-PERP 32%",True,True,False,True,False,True,True,False,121,-34.3,-34.3,-0.28
0x257a…bef0,88,379,-0.23,27.2,-87.2,3,32.5,21.6,14,81,4.6,1.6,1,-87.2,"BTC-PERP 44%, ETH-PERP 37%, SOL-PERP 18%",False,True,False,True,False,True,True,False,121,-31.3,-31.3,-0.26
0x25de…9b68,105,126,0.11,15.9,14.4,2,5.6,7.2,1,3,0.57,0.0,2,7.2,"BTC-PERP 35%, SPY-PERP 15%, WTI-PERP 11%",True,True,True,False,False,True,True,False,0,0.0,0.0,
0x2633…a24f,91,97,-0.31,2.1,-29.8,2,6.3,2.3,0,1,0.07,0.0,1,-29.8,"SPY-PERP 70%, ETH-PERP 20%, BTC-PERP 7%",True,False,False,False,False,True,True,False,6,16.5,16.5,2.75
0x263c…f2ee,186,672,-0.18,14.9,-121.5,4,1.1,16.4,28,66,6.87,0.3,3,-40.5,"ETH-PERP 13%, BTC-PERP 8%, SOL-PERP 7%",True,True,False,True,False,True,True,False,292,-104.5,-34.8,-0.36
0x2668…6e2d,199,679,-0.08,39.2,-55.1,5,12.0,11.7,7,10,0.67,2.9,2,-27.6,"ETH-PERP 53%, BTC-PERP 47%",True,True,False,True,True,True,True,False,26,8.2,4.1,0.32
0x2671…d228,212,134,-0.36,26.1,-48.5,5,23.1,8.7,5,8,0.8,24.7,3,-16.2,"BTC-PERP 27%, ETH-PERP 8%, LIT-PERP 7%",True,True,False,True,True,True,True,False,45,71.1,23.7,1.58
0x26b7…7bbd,67,864,-0.16,12.2,-141.5,3,0.0,20.5,0,16,4.8,0.1,3,-47.2,"HYPE-PERP 9%, SOL-PERP 7%, PUMP-PERP 7%",False,True,False,False,False,True,True,False,0,0.0,0.0,
0x26d5…1cf3,201,259,-0.18,18.1,-45.5,2,26.6,10.2,25,62,4.0,0.2,2,-22.8,"BTC-PERP 16%, HYPE-PERP 13%, SOL-PERP 10%",True,True,False,True,False,True,True,False,53,-10.6,-5.3,-0.2
0x26e7…899a,88,355,-0.22,28.7,-77.0,3,30.1,22.8,43,108,5.57,1.6,1,-77.0,"BTC-PERP 49%, ETH-PERP 38%, SOL-PERP 13%",False,True,False,True,False,True,True,False,113,-24.2,-24.2,-0.21
0x26f7…607f,210,850,-0.16,12.2,-137.5,6,86.7,2.8,1,1,0.2,0.1,3,-45.8,"BTC-PERP 62%, ETH-PERP 17%, ZEC-PERP 5%",True,True,False,False,False,False,True,False,18,59.0,19.7,3.28
0x2743…6aae,253,1396,-0.35,21.7,-495.0,8,2.3,14.0,28,42,3.43,1.0,3,-165.0,"BTC-PERP 27%, HYPE-PERP 16%, ETH-PERP 9%",True,True,False,True,False,True,True,False,224,-99.5,-33.2,-0.44
0x2757…0011,204,217,0.35,36.4,76.1,0,63.7,4.5,2,2,0.1,0.5,2,38.0,"BTC-PERP 72%, ETH-PERP 10%, XMR-PERP 4%",True,True,True,False,False,False,True,False,8,75.1,37.6,9.39
0x2771…6812,212,114,-0.1,27.2,-11.0,5,14.7,4.2,0,0,0.17,4.8,3,-3.7,"BTC-PERP 38%, HYPE-PERP 21%, TAO-PERP 18%",True,True,False,False,True,True,True,False,0,0.0,0.0,
0x2781…227a,238,102,-0.25,11.8,-25.8,5,5.1,0.0,0,0,0.0,0.0,1,-25.8,BTC-PERP 100%,True,True,False,False,False,True,True,False,2,0.3,0.3,0.16
0x279f…c773,39,182,-0.17,30.8,-31.2,2,34.4,20.6,0,0,3.37,1.5,1,-31.2,"ETH-PERP 51%, BTC-PERP 49%",False,True,False,False,False,True,True,False,161,-24.6,-24.6,-0.15
0x27ca…398b,45,292,-0.26,6.8,-76.4,2,0.7,14.2,24,61,5.93,0.4,3,-25.5,"ZEC-PERP 11%, ETH-PERP 10%, HYPE-PERP 10%",False,True,False,True,False,True,True,False,191,-62.2,-20.7,-0.33
0x27db…4353,197,92,-0.37,34.8,-34.4,3,46.4,0.0,0,0,0.0,10.5,3,-11.5,"BTC-PERP 22%, USDJPY-PERP 14%, XAUT-PERP 11%",True,False,False,False,True,True,True,False,28,52.8,17.6,1.89
0x282c…a763,191,446,-0.25,29.4,-112.1,7,0.0,4.3,3,13,0.43,0.4,1,-112.1,"BTC-PERP 62%, ETH-PERP 16%, HYPE-PERP 8%",True,True,False,True,False,True,True,False,320,-139.2,-139.2,-0.44
0x282f…0fd1,109,174,-0.39,19.5,-68.1,3,36.0,1.0,0,0,0.03,0.3,3,-22.7,"BTC-PERP 26%, SOL-PERP 22%, ETH-PERP 21%",True,True,False,False,False,True,True,False,34,22.8,7.6,0.67
0x2858…8749,204,1175,-0.26,4.6,-306.0,7,82.3,21.1,24,42,3.67,0.0,1,-306.0,"BTC-PERP 51%, HYPE-PERP 13%, ETH-PERP 12%",True,True,False,True,False,False,True,False,156,-38.7,-38.7,-0.25
0x285c…c777/default_1,28,87,-0.17,44.8,-14.4,1,0.0,18.9,15,34,2.9,31.4,9,-1.6,"WTI-PERP 13%, XRP-PERP 11%, HYPE-PERP 11%",False,False,False,True,True,True,True,False,58,-44.7,-5.0,-0.77
0x285c…c777/default_3,28,116,0.09,44.0,10.3,0,0.0,18.1,29,54,3.87,29.7,9,1.1,"MU-PERP 11%, JUP-PERP 9%, WTI-PERP 8%",False,True,True,True,False,True,True,False,57,-79.3,-8.8,-1.39
0x2866…f2c9,158,976,-0.37,40.9,-365.8,6,0.8,4.1,5,30,1.6,1.3,2,-182.9,"TAO-PERP 25%, HYPE-PERP 21%, LIT-PERP 17%",True,True,False,True,False,True,True,False,50,-28.3,-14.2,-0.57
0x2876…3ad0,87,69,0.09,43.5,6.5,1,0.1,10.5,1,7,0.87,12.3,2,3.2,"XAG-PERP 23%, WTI-PERP 16%, XMR-PERP 7%",False,False,True,True,True,True,True,False,30,-30.7,-15.4,-1.02
0x288d…ec73,130,713,-0.49,22.2,-346.4,3,5.5,0.0,0,0,0.0,1.5,4,-86.6,"ZEC-PERP 27%, HYPE-PERP 11%, LIT-PERP 10%",True,True,False,False,False,True,True,False,613,-507.7,-126.9,-0.83
0x28e5…ccd7,242,367,-0.32,0.5,-115.7,3,0.0,0.0,0,0,0.0,0.0,1,-115.7,"BTC-PERP 78%, ETH-PERP 8%, HYPE-PERP 3%",True,True,False,False,False,True,True,False,1,11.8,11.8,11.82
0x28f6…8903,48,486,-0.23,5.8,-111.5,2,0.0,10.6,19,44,5.07,0.2,3,-37.2,"HYPE-PERP 10%, ETH-PERP 9%, ZEC-PERP 9%",False,True,False,True,False,True,True,False,202,-59.2,-19.7,-0.29
0x28fd…f89d,38,303,-0.23,27.7,-70.7,2,31.5,21.6,42,115,8.07,1.5,1,-70.7,"ETH-PERP 50%, BTC-PERP 50%",False,True,False,True,False,True,True,False,73,-22.8,-22.8,-0.31
0x2919…67b5,131,208,-0.24,18.8,-50.8,4,2.0,13.3,0,0,1.23,2.5,2,-25.4,"ETH-PERP 72%, BTC-PERP 23%, SOL-PERP 6%",True,True,False,False,True,True,True,False,18,-7.7,-3.8,-0.43
0x291e…83f8,211,203,-0.23,1.5,-46.4,1,97.3,0.0,0,0,0.0,0.0,1,-46.4,ETH-PERP 100%,True,True,False,False,False,False,True,False,15,-11.5,-11.5,-0.76
0x2948…5530,250,87,-0.07,18.4,-6.3,2,32.4,0.0,0,0,0.0,0.2,1,-6.3,"BTC-PERP 85%, ETH-PERP 3%, SOL-PERP 2%",True,False,False,False,False,True,True,False,18,-4.0,-4.0,-0.22
0x2955…8155,70,164,-3.35,8.5,-548.9,3,0.0,4.8,0,0,1.3,1.7,3,-183.0,"LIT-PERP 26%, MON-PERP 16%, SUI-PERP 15%",False,True,False,False,False,True,True,False,0,0.0,0.0,
0x2963…aae0/default_1,14,135,-0.29,1.5,-39.4,1,74.5,27.5,60,134,4.5,0.1,4,-9.8,"EURUSD-PERP 59%, PUMP-PERP 16%, kBONK-PERP 13%",False,True,False,True,False,False,True,False,680,-151.0,-37.8,-0.22
0x29b6…8b2b,100,532,-0.24,21.4,-127.5,4,41.4,0.0,0,0,0.0,1.0,1,-127.5,BTC-PERP 100%,True,True,False,False,False,True,True,False,3,-3.7,-3.7,-1.23
0x29e6…b999/default_1,23,24,0.21,54.2,5.1,0,0.0,3.9,0,4,0.8,17.1,5,1.0,"ZRO-PERP 21%, JUP-PERP 17%, XRP-PERP 8%",False,False,True,False,True,True,True,False,96,-68.8,-13.8,-0.72
0x2a07…c612,190,101,-0.33,21.8,-33.7,2,0.0,0.0,0,0,0.0,0.2,1,-33.7,"ETH-PERP 99%, BTC-PERP 1%",True,True,False,False,False,True,True,False,25,-6.4,-6.4,-0.26
0x2a17…c07d,209,197,-1.32,23.9,-259.9,7,4.5,3.1,10,12,0.57,4.0,4,-65.0,"BTC-PERP 32%, ETH-PERP 28%, SOL-PERP 12%",True,True,False,True,True,True,True,False,48,-97.5,-24.4,-2.03
0x2a2e…52a1,38,197,-0.21,29.9,-40.8,2,32.8,16.5,0,40,4.67,1.6,1,-40.8,"ETH-PERP 52%, BTC-PERP 48%",False,True,False,False,False,True,True,False,77,-19.6,-19.6,-0.26
0x2a3d…ebdf,212,136,-0.16,25.0,-21.2,4,15.4,0.0,0,0,0.0,1.4,2,-10.6,"BTC-PERP 29%, ETH-PERP 15%, HYPE-PERP 10%",True,True,False,False,False,True,True,False,2,4.0,2.0,1.99
0x2a4c…ba4c/default_2,61,148,-0.11,38.5,-15.6,2,0.0,8.0,0,0,0.27,0.2,2,-7.8,"BTC-PERP 50%, HYPE-PERP 50%",False,True,False,False,False,True,True,False,0,0.0,0.0,
0x2a58…514b,215,345,0.21,47.5,71.9,3,2.6,11.2,7,13,1.0,6.3,5,14.4,"BTC-PERP 19%, ETH-PERP 14%, SOL-PERP 12%",True,True,True,True,True,True,True,True,39,262.8,52.6,6.74
0x2a6d…4e1b,198,205,-0.28,25.9,-57.8,5,82.5,26.6,3,6,0.4,6.9,3,-19.3,"BTC-PERP 36%, ETH-PERP 17%, FARTCOIN-PERP 10%",True,True,False,True,True,False,True,False,23,16.0,5.3,0.69
0x2a74…96f0,156,32,-0.45,28.1,-14.4,2,1.9,0.0,0,0,0.0,21.0,3,-4.8,"BTC-PERP 50%, ZEC-PERP 25%, XAUT-PERP 12%",True,False,False,False,True,True,True,False,219,-400.5,-133.5,-1.83
0x2a8b…ac53,181,99,-0.34,6.1,-33.7,6,24.5,0.0,0,0,0.0,0.1,1,-33.7,"BTC-PERP 39%, ETH-PERP 35%, XAUT-PERP 6%",True,False,False,False,False,True,True,False,2,-0.4,-0.4,-0.2
0x2a8f…da5b,171,91,-0.34,34.1,-30.9,5,15.4,4.0,0,0,0.03,3.6,2,-15.4,"BTC-PERP 80%, ETH-PERP 11%, XAUT-PERP 3%",True,False,False,False,True,True,True,False,10,18.0,9.0,1.8
0x2aad…c65e,55,666,-0.24,6.2,-159.9,2,0.0,13.4,25,63,6.3,0.2,3,-53.3,"HYPE-PERP 10%, BTC-PERP 8%, ZEC-PERP 8%",False,True,False,True,False,True,True,False,128,-43.6,-14.5,-0.34
0x2b1a…c54b,200,306,-0.29,38.2,-87.9,6,2.1,8.4,21,30,2.73,0.2,1,-87.9,"HYPE-PERP 41%, BTC-PERP 19%, LIT-PERP 15%",True,True,False,True,False,True,True,False,175,-29.0,-29.0,-0.17
0x2b51…75ee,44,334,-0.25,26.0,-83.0,2,32.0,23.6,39,87,8.8,1.6,1,-83.0,"ETH-PERP 52%, BTC-PERP 48%",False,True,False,True,False,True,True,False,12,-3.5,-3.5,-0.29
0x2b56…1760,173,261,-0.15,44.1,-38.2,4,56.0,11.8,10,19,1.1,17.9,3,-12.7,"XAUT-PERP 22%, HYPE-PERP 15%, SOL-PERP 14%",True,True,False,True,True,False,True,False,14,-28.6,-9.5,-2.05
0x2b5f…c290,212,214,-0.38,10.3,-80.4,7,2.7,10.2,2,4,0.5,0.4,3,-26.8,"BTC-PERP 45%, ETH-PERP 21%, XAUT-PERP 9%",True,True,False,True,False,True,True,False,102,-27.4,-9.1,-0.27
0x2b95…0d14,88,399,-0.21,28.3,-85.1,3,35.7,22.0,44,104,5.37,1.5,1,-85.1,"BTC-PERP 43%, ETH-PERP 39%, SOL-PERP 18%",False,True,False,True,False,True,True,False,133,-28.3,-28.3,-0.21
0x2bd5…a8fc,74,135,-0.45,4.4,-60.5,3,0.0,3.3,0,9,0.87,0.0,1,-60.5,"XAUT-PERP 42%, XMR-PERP 32%, ETH-PERP 26%",False,True,False,False,False,True,True,False,0,0.0,0.0,
0x2bfc…baee,207,1142,-0.27,20.7,-304.3,7,1.8,33.4,26,73,4.33,0.3,1,-304.3,"ETH-PERP 51%, BTC-PERP 27%, LIT-PERP 8%",True,True,False,True,False,True,True,False,97,-30.3,-30.3,-0.31
0x2bfe…85ab,32,64,-0.24,26.6,-15.7,2,38.6,11.9,0,0,1.93,1.6,1,-15.7,"BTC-PERP 50%, ETH-PERP 50%",False,False,False,False,False,True,True,False,88,-25.1,-25.1,-0.28
0x2c11…258c,208,281,-0.17,43.4,-48.4,5,0.0,2.0,0,2,0.3,8.0,2,-24.2,"BTC-PERP 25%, SOL-PERP 20%, ETH-PERP 17%",True,True,False,False,True,True,True,False,2,-4.4,-2.2,-2.18
0x2c47…7841,78,65,0.87,72.3,56.6,1,42.3,4.0,4,9,0.5,12.0,3,18.9,"LIT-PERP 15%, HYPE-PERP 9%, WTI-PERP 8%",False,False,True,True,True,True,True,False,42,29.3,9.8,0.7
0x2c62…1674,197,3357,-0.36,5.7,-1196.0,7,65.0,4.0,3,12,1.3,0.0,1,-1196.0,"BTC-PERP 100%, ETH-PERP 0%, HYPE-PERP 0%",True,True,False,True,False,False,True,False,69,-10.0,-10.0,-0.15
0x2c77…3980,37,109,-0.12,1.8,-13.4,2,97.2,78.7,0,0,3.6,0.4,1,-13.4,BTC-PERP 100%,False,True,False,False,False,False,True,False,0,0.0,0.0,
0x2c7c…c319,148,138,-0.26,22.5,-36.2,5,7.2,9.0,0,3,0.1,0.5,2,-18.1,"BTC-PERP 61%, SOL-PERP 11%, ETH-PERP 4%",True,True,False,False,False,True,True,False,7,-5.0,-2.5,-0.71
0x2c95…9da9,198,388,-0.26,9.5,-100.5,3,28.9,32.5,55,94,5.53,0.1,1,-100.5,"ETH-PERP 37%, BTC-PERP 32%, SOL-PERP 31%",True,True,False,True,False,True,True,False,99,-31.3,-31.3,-0.32
0x2c9b…7761,31,71,-0.31,22.5,-21.8,2,25.5,11.9,0,0,2.13,1.8,1,-21.8,"BTC-PERP 51%, ETH-PERP 49%",False,False,False,False,False,True,True,False,100,-31.7,-31.7,-0.32
0x2caf…7066,216,217,0.17,50.2,36.9,2,73.7,75.0,4,8,0.83,10.6,4,9.2,"BTC-PERP 28%, TAO-PERP 10%, ETH-PERP 10%",True,True,True,True,True,False,True,False,7,6.1,1.5,0.87
0x2cbc…f1a8,154,428,-0.15,28.5,-63.9,4,0.3,2.5,1,2,0.1,1.2,2,-32.0,"BTC-PERP 28%, ONDO-PERP 18%, XPL-PERP 12%",True,True,False,False,False,True,True,False,8,9.5,4.8,1.18
0x2cef…20bc,109,230,-0.36,10.0,-82.3,3,1.7,3.0,1,1,0.03,0.2,2,-41.2,"BTC-PERP 53%, ETH-PERP 16%, SOL-PERP 12%",True,True,False,False,False,True,True,False,1,-1.7,-0.8,-1.67
0x2d20…2660,168,935,-0.22,6.4,-205.0,5,18.4,35.4,3,50,1.97,0.1,1,-205.0,"ETH-PERP 94%, WTI-PERP 3%, SOL-PERP 2%",True,True,False,True,False,True,True,False,0,0.0,0.0,
0x2d31…6216,216,220,-0.2,23.2,-43.0,7,11.7,9.2,3,8,0.43,2.7,3,-14.3,"BTC-PERP 35%, SOL-PERP 24%, WTI-PERP 6%",True,True,False,True,True,True,True,False,34,-25.4,-8.5,-0.75
0x2d9d…8504,204,743,-0.21,35.8,-155.3,5,1.2,7.6,0,0,1.5,1.4,5,-31.1,"FARTCOIN-PERP 26%, BTC-PERP 9%, ETH-PERP 8%",True,True,False,False,False,True,True,False,0,0.0,0.0,
0x2dab…c75d,177,151,-0.25,43.7,-38.1,4,49.4,5.3,4,10,0.7,3.9,2,-19.0,"ETH-PERP 19%, BTC-PERP 12%, SOL-PERP 7%",True,True,False,True,True,True,True,False,66,-23.1,-11.6,-0.35
0x2dc4…d9e2,72,240,-0.21,8.8,-49.9,2,43.5,49.5,72,110,5.07,0.5,1,-49.9,"QQQ-PERP 72%, XAUT-PERP 21%, SPY-PERP 5%",False,True,False,True,False,True,True,False,118,-31.5,-31.5,-0.27
0x2dd0…a1e3,209,232,-0.09,25.4,-19.8,6,1.8,6.9,0,0,0.87,0.2,1,-19.8,"BTC-PERP 99%, SPCX-PERP 1%",True,True,False,False,False,True,True,False,24,-8.3,-8.3,-0.35
0x2dd2…2124,187,405,-0.13,23.5,-51.5,4,5.6,9.0,22,48,3.23,0.3,1,-51.5,"BTC-PERP 85%, HYPE-PERP 14%, LIT-PERP 1%",True,True,False,True,False,True,True,False,71,-17.7,-17.7,-0.25
0x2e23…93d4,101,213,-0.18,33.3,-37.7,4,0.0,4.5,13,16,1.13,1.5,1,-37.7,"BTC-PERP 79%, WTI-PERP 15%, XAG-PERP 3%",True,True,False,True,False,True,True,False,7,-2.7,-2.7,-0.38
0x2e39…3d93,39,161,-0.31,26.1,-49.9,2,29.5,14.0,1,14,3.17,1.7,1,-49.9,"BTC-PERP 51%, ETH-PERP 49%",False,True,False,True,False,True,True,False,16,-4.7,-4.7,-0.29
0x2e4d…1fec,203,180,-0.0,40.0,-0.9,5,0.3,14.8,7,9,0.5,1.6,2,-0.4,"BTC-PERP 47%, HYPE-PERP 22%, SOL-PERP 14%",True,True,False,True,False,True,True,False,50,5.5,2.8,0.11
0x2e77…6c84,216,326,-0.47,21.2,-153.9,7,6.0,6.0,4,8,0.77,6.8,3,-51.3,"BTC-PERP 33%, ZEC-PERP 13%, HYPE-PERP 12%",True,True,False,True,True,True,True,False,120,-53.0,-17.7,-0.44
0x2e7f…55f0,248,486,-0.26,35.4,-126.9,9,0.0,5.7,3,15,1.2,0.7,1,-126.9,"BTC-PERP 83%, ETH-PERP 4%, BNB-PERP 4%",True,True,False,True,False,True,True,False,37,-11.3,-11.3,-0.3
0x2ed7…68c4,210,266,-0.17,22.6,-44.3,5,0.7,3.5,2,2,0.07,0.3,2,-22.2,"BTC-PERP 48%, HYPE-PERP 15%, SOL-PERP 13%",True,True,False,False,False,True,True,False,33,-22.8,-11.4,-0.69
0x2ede…d0f2,191,157,-0.71,31.8,-112.1,6,0.0,7.5,7,13,0.8,9.2,1,-112.1,"BTC-PERP 73%, ETH-PERP 26%, SOL-PERP 1%",True,True,False,True,True,True,True,False,48,1.6,1.6,0.03
0x2eea…775f,181,65,-0.37,61.5,-24.1,3,77.1,4.0,0,2,0.13,10.9,2,-12.0,"ZRO-PERP 40%, BTC-PERP 25%, SUI-PERP 11%",True,False,False,False,True,False,True,False,41,-19.1,-9.6,-0.47
0x2f44…03ec,200,173,-0.25,5.8,-43.3,3,0.8,10.4,69,100,3.93,0.1,1,-43.3,"BTC-PERP 68%, PENGU-PERP 17%, MON-PERP 7%",True,True,False,True,False,True,True,False,0,0.0,0.0,
0x2f47…5866,57,1005,-0.31,0.0,-310.3,2,1.5,29.4,0,36,1.2,0.0,1,-310.3,"BTC-PERP 100%, XAUT-PERP 0%, ETH-PERP 0%",False,True,False,False,False,True,True,False,0,0.0,0.0,
0x2f47…5ab4,212,1220,-0.27,12.7,-326.1,8,24.2,1.0,0,0,0.0,0.1,1,-326.1,"BTC-PERP 68%, ETH-PERP 23%, XAUT-PERP 4%",True,True,False,False,False,True,True,False,0,0.0,0.0,
0x2f55…ee59,190,647,-0.34,30.8,-220.4,6,0.0,1.8,1,3,0.43,1.4,1,-220.4,"HYPE-PERP 78%, BTC-PERP 20%, ZEC-PERP 1%",True,True,False,False,False,True,True,False,22,-2.2,-2.2,-0.1
0x2f87…566c,179,382,-0.14,24.6,-54.0,3,1.3,0.0,0,0,0.0,0.3,1,-54.0,"BTC-PERP 98%, WTI-PERP 2%, SOL-PERP 0%",True,True,False,False,False,True,True,False,96,-3.2,-3.2,-0.03
0x2fb7…69ad,45,118,-0.26,26.3,-31.1,2,31.2,14.6,0,11,1.43,1.6,1,-31.1,"BTC-PERP 55%, ETH-PERP 45%",False,True,False,False,False,True,True,False,14,-2.5,-2.5,-0.18
0x2fe2…974d,209,130,-0.25,24.6,-32.5,5,43.6,34.5,11,11,0.37,2.8,1,-32.5,"BTC-PERP 80%, ETH-PERP 5%, WLD-PERP 5%",True,True,False,True,True,True,True,False,2,-2.1,-2.1,-1.06
0x301c…30aa,198,417,-0.26,7.2,-107.8,3,30.2,42.3,47,63,7.53,0.1,1,-107.8,"ETH-PERP 34%, SOL-PERP 34%, BTC-PERP 32%",True,True,False,True,False,True,True,False,166,-46.7,-46.7,-0.28
0x3083…be15,26,32,0.59,43.8,18.9,0,0.0,5.4,6,18,1.07,67.9,6,3.2,"HYPE-PERP 34%, SOL-PERP 19%, SUI-PERP 9%",False,False,True,True,True,True,True,False,176,-196.4,-32.7,-1.12
0x3089…0876,19,17,-0.08,41.2,-1.3,1,0.0,4.6,1,8,0.57,31.7,3,-0.4,"XRP-PERP 18%, MON-PERP 12%, ENA-PERP 12%",False,False,False,True,True,True,True,False,86,-70.6,-23.5,-0.82
0x30c8…b225,232,509,-0.21,36.3,-105.3,7,0.4,15.5,20,40,2.8,6.9,1,-105.3,"ETH-PERP 27%, BTC-PERP 22%, SPY-PERP 11%",True,True,False,True,True,True,True,False,182,-64.9,-64.9,-0.36
0x30d9…8224,216,332,-0.14,29.5,-46.0,4,6.7,5.0,2,7,0.57,3.8,4,-11.5,"ETH-PERP 25%, BTC-PERP 20%, SOL-PERP 17%",True,True,False,True,True,True,True,False,98,5.0,1.2,0.05
0x3124…b496,111,180,-0.46,37.8,-82.4,4,22.2,13.3,0,0,2.3,3.1,3,-27.5,"HYPE-PERP 27%, SOL-PERP 22%, ETH-PERP 7%",True,True,False,False,True,True,True,False,0,0.0,0.0,
0x3126…2972,168,249,-0.34,32.9,-84.9,6,12.7,12.3,0,2,2.53,8.5,3,-28.3,"HYPE-PERP 14%, XRP-PERP 13%, SPCX-PERP 10%",True,True,False,False,True,True,True,False,8,19.6,6.5,2.46
0x3126…9a20,200,827,-0.16,26.4,-130.3,5,14.5,45.5,8,8,0.27,0.5,3,-43.4,"BTC-PERP 32%, HYPE-PERP 13%, ETH-PERP 11%",True,True,False,True,False,True,True,False,9,-4.4,-1.5,-0.49
0x312b…3733,209,452,-0.44,29.6,-199.6,6,7.6,17.0,11,29,3.53,1.2,5,-39.9,"BTC-PERP 55%, ETH-PERP 9%, SOL-PERP 8%",True,True,False,True,False,True,True,False,159,-77.0,-15.4,-0.48
0x3152…3200,115,1390,-0.14,60.7,-189.0,4,0.0,26.2,21,54,6.3,0.4,3,-63.0,"ETH-PERP 8%, HYPE-PERP 8%, BTC-PERP 7%",True,True,False,True,False,True,True,False,21,-7.2,-2.4,-0.34
0x31a3…0aba,210,141,-0.35,8.5,-49.6,5,0.0,2.0,0,0,0.03,0.0,1,-49.6,"ETH-PERP 57%, SOL-PERP 14%, BTC-PERP 9%",True,True,False,False,False,True,True,False,38,-17.2,-17.2,-0.45
0x31af…9a37,78,97,-0.31,32.0,-30.1,3,0.0,2.8,5,19,0.93,4.6,1,-30.1,BTC-PERP 100%,False,False,False,True,True,True,True,False,2,-3.0,-3.0,-1.49
0x31b0…10a6,51,524,-0.2,7.6,-104.2,2,3.9,11.0,19,44,5.17,0.2,3,-34.7,"HYPE-PERP 11%, BTC-PERP 8%, SOL-PERP 8%",False,True,False,True,False,True,True,False,166,-22.2,-7.4,-0.13
0x31bb…c52f,210,228,-0.12,42.1,-26.4,3,33.0,7.6,3,7,0.7,5.0,3,-8.8,"ETH-PERP 27%, HYPE-PERP 21%, BTC-PERP 18%",True,True,False,True,True,True,True,False,19,3.5,1.2,0.18
0x3219…97b1,44,210,-0.33,31.0,-68.5,2,30.3,19.5,0,16,4.23,1.4,1,-68.5,"ETH-PERP 53%, SOL-PERP 47%",False,True,False,False,False,True,True,False,16,-6.1,-6.1,-0.38
0x321a…bcfa,200,468,0.08,42.1,38.6,3,3.5,4.2,3,4,0.93,2.1,4,9.6,"BTC-PERP 25%, ETH-PERP 16%, HYPE-PERP 12%",True,True,True,True,True,True,True,True,30,9.6,2.4,0.32
0x3230…d7e5,203,258,-0.26,22.1,-65.8,7,34.9,7.6,1,12,0.83,1.6,1,-65.8,"BTC-PERP 100%, ETH-PERP 0%",True,True,False,True,False,True,True,False,19,-4.7,-4.7,-0.25
0x323a…213e,179,114,-0.27,30.7,-30.9,5,57.3,35.2,9,22,0.97,0.9,2,-15.4,"HYPE-PERP 34%, BTC-PERP 24%, WTI-PERP 7%",True,True,False,True,False,False,True,False,151,-21.6,-10.8,-0.14
0x329f…46b1,206,2096,-0.27,9.4,-571.1,7,93.4,45.3,47,63,5.13,0.3,3,-190.4,"BTC-PERP 26%, XAUT-PERP 17%, XRP-PERP 17%",True,True,False,True,False,False,True,False,37,-11.9,-4.0,-0.32
0x32cd…e135,220,2793,-0.33,6.8,-934.2,4,8.5,0.0,0,0,0.0,0.3,1,-934.2,"BTC-PERP 30%, SOL-PERP 25%, ETH-PERP 23%",True,True,False,False,False,True,True,False,129,-3.1,-3.1,-0.02
0x32e9…635b,162,90,0.37,51.1,33.5,3,0.0,28.3,11,20,1.6,4.1,2,16.8,"BTC-PERP 64%, QQQ-PERP 7%, XRP-PERP 6%",True,False,True,True,True,True,True,False,25,-8.4,-4.2,-0.34
0x32f4…a574,219,79,-0.31,5.1,-24.5,7,0.3,4.5,2,3,0.27,0.1,1,-24.5,"BTC-PERP 57%, QQQ-PERP 15%, ETH-PERP 13%",True,False,False,False,False,True,True,False,54,-19.5,-19.5,-0.36
0x3328…6154,108,231,-0.21,24.2,-47.9,3,45.5,0.0,0,0,0.0,2.0,3,-16.0,"BTC-PERP 27%, ETH-PERP 25%, XAUT-PERP 22%",True,True,False,False,True,True,True,False,38,-1.8,-0.6,-0.05
0x335d…60a1,130,1048,-0.27,1.6,-284.2,5,40.8,311.8,0,0,18.5,0.1,1,-284.2,"BTC-PERP 54%, USDJPY-PERP 16%, ETH-PERP 15%",True,True,False,False,False,False,True,False,0,0.0,0.0,
0x3366…df91,128,210,-0.27,22.4,-56.5,5,0.2,6.0,10,16,1.03,1.0,2,-28.2,"ETH-PERP 36%, BTC-PERP 35%, SOL-PERP 23%",True,True,False,True,False,True,True,False,32,3.7,1.8,0.11
0x3377…19c0,36,122,-0.25,1.6,-30.8,2,0.0,15.6,5,14,3.87,0.1,1,-30.8,BTC-PERP 100%,False,True,False,True,False,True,True,False,113,-28.4,-28.4,-0.25
0x33a2…cf94,163,96,0.36,49.0,34.2,3,0.0,27.4,10,19,1.63,3.0,2,17.1,"BTC-PERP 66%, QQQ-PERP 5%, XRP-PERP 5%",True,False,True,True,True,True,True,False,23,-10.2,-5.1,-0.44
0x33c6…2b20,113,484,-0.17,61.6,-80.9,2,0.5,14.0,33,46,2.47,0.6,3,-27.0,"ZEC-PERP 37%, LIT-PERP 14%, BTC-PERP 13%",True,True,False,True,False,True,True,False,16,-3.2,-1.1,-0.2
0x33d8…d5b7,170,206,-0.13,7.8,-26.0,4,3.6,2.2,0,2,0.07,0.0,1,-26.0,"BTC-PERP 78%, WLFI-PERP 5%, ZEC-PERP 3%",True,True,False,False,False,True,True,False,2,-1.0,-1.0,-0.48
0x33f4…104f,210,181,-0.24,42.5,-42.9,6,5.8,9.3,18,27,1.93,0.7,1,-42.9,"ONDO-PERP 20%, LIT-PERP 13%, SOL-PERP 13%",True,True,False,True,False,True,True,False,99,10.5,10.5,0.11
0x33fa…adf5,197,282,-0.14,34.8,-40.4,4,9.7,4.4,2,9,0.83,6.8,2,-20.2,"XAUT-PERP 13%, BNB-PERP 12%, ASTER-PERP 11%",True,True,False,True,True,True,True,False,11,-2.9,-1.4,-0.27
0x3407…2c36,197,535,-0.28,6.2,-148.4,3,27.4,50.1,39,50,12.1,0.1,1,-148.4,"BTC-PERP 36%, ETH-PERP 32%, SOL-PERP 32%",True,True,False,True,False,True,True,False,117,-33.8,-33.8,-0.29
0x3453…4264,38,307,-0.23,28.3,-69.9,2,31.0,22.1,42,107,7.97,1.6,1,-69.9,"BTC-PERP 55%, ETH-PERP 45%",False,True,False,True,False,True,True,False,105,-35.1,-35.1,-0.33
0x3499…0335,179,189,-0.18,36.0,-33.7,4,65.1,33.9,4,6,2.07,3.7,1,-33.7,"BTC-PERP 72%, QQQ-PERP 10%, HYPE-PERP 7%",True,True,False,True,True,False,True,False,24,10.9,10.9,0.46
0x34b2…099f,207,2012,-0.2,33.6,-403.7,7,0.1,17.8,0,2,0.3,2.5,13,-31.1,"BTC-PERP 14%, ETH-PERP 14%, SOL-PERP 12%",True,True,False,False,True,True,False,False,1,-0.3,-0.0,-0.31
0x34bf…687b,172,1639,-0.19,16.1,-305.3,4,13.6,3.8,0,3,0.17,0.1,2,-152.6,"BTC-PERP 59%, HYPE-PERP 24%, XAUT-PERP 5%",True,True,False,False,False,True,True,False,6,-1.4,-0.7,-0.24
0x34d7…fa96,163,182,-0.17,36.3,-31.7,5,1.2,6.0,0,1,0.43,1.6,3,-10.6,"ETH-PERP 19%, XAG-PERP 5%, XRP-PERP 5%",True,True,False,False,False,True,True,False,0,0.0,0.0,
0x355c…e83d,3,20,1.25,20.0,25.0,0,8.7,13.5,20,20,0.67,5.5,5,5.0,"HYPE-PERP 25%, SOL-PERP 15%, ETH-PERP 15%",False,False,True,True,True,True,True,False,467,255.5,51.1,0.55
0x357b…4906,211,210,-0.27,16.2,-56.7,7,0.0,84.0,10,35,2.3,2.2,2,-28.4,"ZEC-PERP 44%, BTC-PERP 42%, XAUT-PERP 10%",True,True,False,True,True,True,True,False,140,-62.8,-31.4,-0.45
0x3585…0d3d,119,1265,-0.26,13.4,-332.9,4,67.9,36.2,0,0,2.87,0.3,4,-83.2,"BTC-PERP 54%, XAUT-PERP 18%, ETH-PERP 12%",True,True,False,False,False,False,True,False,175,25.0,6.2,0.14
0x3585…af34/SUB-794265,88,127,-0.32,2.4,-40.1,3,88.9,3.7,0,0,0.8,0.0,1,-40.1,BTC-PERP 100%,False,True,False,False,False,False,True,False,0,0.0,0.0,
0x3594…2baf,106,78,-0.48,30.8,-37.1,2,7.3,4.3,2,15,0.93,19.4,3,-12.4,"BTC-PERP 32%, XAUT-PERP 26%, HYPE-PERP 9%",True,False,False,True,True,True,True,False,44,65.3,21.8,1.48
0x35bb…cff1,188,147,0.03,30.6,4.1,2,84.0,0.0,0,0,0.0,1.1,2,2.0,"BTC-PERP 73%, ETH-PERP 26%, SOL-PERP 1%",True,True,True,False,False,False,True,False,3,-0.1,-0.0,-0.02
0x35df…6985,74,272,-0.27,7.7,-74.8,3,29.8,49.0,73,113,5.2,0.4,1,-74.8,"QQQ-PERP 68%, SPY-PERP 17%, XAUT-PERP 12%",False,True,False,True,False,True,True,False,118,-32.6,-32.6,-0.28
0x3601…a676,215,1326,-0.33,2.9,-431.5,6,91.3,39.3,1,1,1.4,0.0,8,-53.9,"BNB-PERP 54%, HYPE-PERP 10%, SOL-PERP 10%",True,True,False,False,False,False,True,False,177,29.8,3.7,0.17
0x3604…8bd0,201,1268,-0.34,13.6,-428.9,7,3.3,45.0,22,38,2.27,0.3,2,-214.4,"ETH-PERP 85%, BTC-PERP 7%, SOL-PERP 5%",True,True,False,True,False,True,True,False,307,-68.6,-34.3,-0.22
0x3616…65dd,72,324,-0.24,33.6,-77.4,3,44.6,11.4,31,31,1.67,5.0,6,-12.9,"ONDO-PERP 14%, HYPE-PERP 12%, BNB-PERP 10%",False,True,False,True,True,True,True,False,602,-72.5,-12.1,-0.12
0x362a…8a34,172,795,-0.06,26.9,-51.3,3,9.7,28.0,23,28,3.77,1.0,7,-7.3,"ETH-PERP 25%, BTC-PERP 18%, HYPE-PERP 14%",True,True,False,True,False,True,True,False,138,101.1,14.4,0.73
0x3639…035e,178,161,0.03,39.1,5.2,3,0.0,5.2,15,25,1.33,2.0,1,5.2,"AAVE-PERP 20%, HYPE-PERP 19%, BTC-PERP 15%",True,True,True,True,True,True,True,True,75,-37.9,-37.9,-0.51
0x3662…59d9,32,81,-0.28,23.5,-22.4,2,30.8,15.0,40,66,2.33,1.8,1,-22.4,"BTC-PERP 63%, ETH-PERP 37%",False,False,False,True,False,True,True,False,120,-29.6,-29.6,-0.25
0x3672…5196,179,294,-0.59,51.4,-173.6,5,31.9,22.0,1,1,0.03,1.0,3,-57.9,"LIT-PERP 26%, DOGE-PERP 14%, HYPE-PERP 12%",True,True,False,False,False,True,True,False,3,-2.3,-0.8,-0.78
0x36a5…c6b3,134,165,-0.3,21.2,-49.3,4,26.7,8.4,9,30,1.23,0.4,1,-49.3,"BTC-PERP 73%, XAUT-PERP 7%, XAG-PERP 7%",True,True,False,True,False,True,True,False,0,0.0,0.0,
0x36eb…a32c,88,265,-0.28,31.3,-74.6,3,26.4,15.9,14,42,3.27,1.6,1,-74.6,"ETH-PERP 44%, BTC-PERP 29%, SOL-PERP 27%",False,True,False,True,False,True,True,False,14,-3.7,-3.7,-0.27
0x3703…d89c,123,553,-0.25,11.8,-135.6,5,0.1,19.3,60,89,5.33,0.0,1,-135.6,"BTC-PERP 99%, ETH-PERP 0%, FARTCOIN-PERP 0%",True,True,False,True,False,True,True,False,55,-12.1,-12.1,-0.22
0x374b…a1f8,213,193,0.08,17.6,16.2,6,9.6,17.0,0,0,0.17,0.1,2,8.1,"BTC-PERP 39%, ZEC-PERP 19%, HYPE-PERP 8%",True,True,True,False,False,True,True,False,55,-23.2,-11.6,-0.42
0x375c…44d0,67,883,-0.23,8.3,-199.8,3,0.0,13.8,25,61,6.3,0.2,3,-66.6,"HYPE-PERP 8%, SOL-PERP 8%, ETH-PERP 7%",False,True,False,True,False,True,True,False,341,-109.4,-36.5,-0.32
0x3770…9061,227,324,-0.36,32.4,-117.3,8,0.0,2.1,2,6,0.47,7.6,1,-117.3,"BTC-PERP 65%, SPY-PERP 17%, XAUT-PERP 17%",True,True,False,True,True,True,True,False,30,-9.1,-9.1,-0.3
0x3787…b88a,180,115,-0.47,40.0,-53.5,3,2.2,1.3,1,2,0.07,24.6,3,-17.8,"BTC-PERP 53%, ETH-PERP 24%, XAUT-PERP 5%",True,True,False,False,True,True,True,False,9,-4.9,-1.6,-0.55
0x3799…5c8d,194,150,0.38,38.0,57.6,3,6.5,2.8,3,8,0.73,27.9,9,6.4,"BTC-PERP 26%, ETH-PERP 10%, SOL-PERP 8%",True,True,True,True,True,True,True,True,33,-26.2,-2.9,-0.8
0x37a8…6828,253,146,0.46,31.5,67.6,3,13.3,2.0,1,1,0.07,5.4,3,22.5,"ETH-PERP 40%, LIT-PERP 34%, BTC-PERP 14%",True,True,True,False,True,True,True,False,1,-1.3,-0.4,-1.26
0x37aa…bf82,71,286,-0.37,1.7,-105.7,3,0.8,6.5,15,30,2.27,0.0,1,-105.7,"ZEC-PERP 60%, BTC-PERP 16%, HYPE-PERP 10%",False,True,False,True,False,True,True,False,39,-11.3,-11.3,-0.29
0x37bb…f580,67,1160,-0.24,17.8,-273.4,3,98.6,15.3,1,2,1.2,0.1,2,-136.7,"ETH-PERP 65%, BTC-PERP 35%, QQQ-PERP 0%",False,True,False,False,False,False,True,False,0,0.0,0.0,
0x381e…40f8,216,93,-0.24,19.4,-22.5,5,6.2,6.5,3,11,0.7,0.3,1,-22.5,"BTC-PERP 42%, ETH-PERP 33%, SPCX-PERP 12%",True,False,False,True,False,True,True,False,29,-5.6,-5.6,-0.19
0x383a…5e00,225,134,-0.47,34.3,-62.5,5,61.8,2.2,1,1,0.07,7.4,3,-20.8,"SOL-PERP 27%, ETH-PERP 26%, BTC-PERP 20%",True,True,False,False,True,False,True,False,3,-12.3,-4.1,-4.09
0x3844…966e,108,88,-0.37,0.0,-33.0,4,0.0,8.7,12,30,2.2,0.0,1,-33.0,"QQQ-PERP 39%, XAUT-PERP 12%, SPY-PERP 9%",True,False,False,True,False,True,True,False,83,-23.7,-23.7,-0.29
0x3879…3ab7,216,273,-0.17,48.4,-45.8,8,0.0,11.8,13,23,1.47,1.4,1,-45.8,"SOL-PERP 98%, HYPE-PERP 1%, ETH-PERP 1%",True,True,False,True,False,True,True,False,81,-53.0,-53.0,-0.65
0x38a1…df2f,204,106,-0.47,44.3,-49.5,5,4.8,17.6,17,17,0.57,21.7,1,-49.5,"BTC-PERP 34%, HYPE-PERP 18%, XAUT-PERP 17%",True,True,False,True,True,True,True,False,45,-13.0,-13.0,-0.29
0x38bf…242b,50,205,-0.11,16.6,-22.6,2,6.1,19.8,0,0,1.0,0.3,3,-7.5,"HYPE-PERP 18%, BTC-PERP 15%, ETH-PERP 13%",False,True,False,False,False,True,True,False,77,17.2,5.7,0.22
0x3900…0ea9,198,465,-0.26,8.6,-119.9,3,28.0,40.3,64,86,8.23,0.1,1,-119.9,"ETH-PERP 35%, SOL-PERP 33%, BTC-PERP 32%",True,True,False,True,False,True,True,False,103,-31.9,-31.9,-0.31
0x3937…1186,36,60,-0.24,3.3,-14.5,2,0.8,11.1,5,13,1.83,0.1,1,-14.5,BTC-PERP 100%,False,False,False,True,False,True,True,False,71,-17.8,-17.8,-0.25
0x394e…81d3,12,66,-0.34,15.2,-22.3,1,22.8,15.4,37,66,2.2,1.8,1,-22.3,"BTC-PERP 56%, ETH-PERP 44%",False,False,False,True,False,True,True,False,95,-26.4,-26.4,-0.28
0x396b…45ff,89,170,-0.32,33.5,-54.5,3,27.4,4.6,13,21,1.07,6.5,1,-54.5,"BTC-PERP 41%, SOL-PERP 32%, XAUT-PERP 12%",False,True,False,True,True,True,True,False,3,-0.9,-0.9,-0.32
0x39e6…ed4f,214,1051,-0.3,21.6,-310.3,8,12.4,5.5,18,22,1.57,0.2,1,-310.3,"ETH-PERP 28%, BTC-PERP 25%, HYPE-PERP 11%",True,True,False,True,False,True,True,False,31,-9.2,-9.2,-0.3
0x3a08…f7ec,16,75,-0.48,10.7,-35.7,1,7.0,21.7,3,50,2.5,0.2,3,-11.9,"BTC-PERP 25%, ONDO-PERP 19%, ETH-PERP 17%",False,False,False,True,False,True,True,False,26,-9.8,-3.3,-0.38
0x3a14…c1d3/default_1,59,32,-0.85,21.9,-27.2,1,58.3,0.0,0,0,0.0,2.9,3,-9.1,"BTC-PERP 41%, ETH-PERP 22%, ZEC-PERP 12%",False,False,False,False,True,False,True,False,96,-50.9,-17.0,-0.53
0x3a14…c1d3/insilico,135,300,-0.56,31.7,-167.2,5,52.7,24.2,3,4,0.83,3.5,5,-33.4,"BTC-PERP 45%, ETH-PERP 24%, HYPE-PERP 10%",True,True,False,True,True,False,True,False,42,42.3,8.5,1.01
0x3a2a…4bb4,36,48,-0.26,2.1,-12.5,2,3.4,9.8,5,9,1.43,0.1,1,-12.5,BTC-PERP 100%,False,False,False,True,False,True,True,False,65,-18.3,-18.3,-0.28
0x3a5d…e127,152,277,-0.11,24.5,-30.1,3,0.3,3.6,0,0,0.43,0.1,1,-30.1,"ETH-PERP 25%, SOL-PERP 25%, BTC-PERP 14%",True,True,False,False,False,True,True,False,0,0.0,0.0,
0x3a68…d3be,221,200,-0.58,22.0,-116.1,6,35.7,12.3,2,4,0.47,8.8,4,-29.0,"ETH-PERP 30%, SOL-PERP 22%, BTC-PERP 11%",True,True,False,True,True,True,True,False,53,7.5,1.9,0.14
0x3a68…94a8/hyprearn,80,124,-0.73,36.3,-90.6,3,0.0,2.5,0,3,0.17,1.3,2,-45.3,"TON-PERP 17%, ETH-PERP 12%, BTC-PERP 11%",False,True,False,False,False,True,True,False,2,-2.7,-1.4,-1.34
0x3a6f…e2f7,194,380,-0.37,24.7,-139.9,6,0.0,16.3,26,42,2.5,1.0,1,-139.9,"SOL-PERP 38%, BTC-PERP 17%, ETH-PERP 11%",True,True,False,True,False,True,True,False,98,-56.6,-56.6,-0.58
0x3aa6…4e2e,209,217,-0.47,25.8,-102.1,6,4.6,4.5,11,11,0.6,4.0,2,-51.0,"BTC-PERP 77%, PUMP-PERP 9%, HYPE-PERP 4%",True,True,False,True,True,True,True,False,29,-30.6,-15.3,-1.05
0x3ac0…0f86,226,416,-0.18,42.8,-74.9,6,65.2,4.0,9,19,1.07,9.3,2,-37.4,"BTC-PERP 35%, SOL-PERP 24%, MU-PERP 8%",True,True,False,True,True,False,True,False,69,-62.0,-31.0,-0.9
0x3ac4…750c,109,142,-0.41,28.9,-57.6,4,0.0,9.0,7,12,1.3,7.0,3,-19.2,"SOL-PERP 23%, BTC-PERP 19%, LIT-PERP 15%",True,True,False,True,True,True,True,False,13,-3.4,-1.1,-0.26
0x3ade…536c,188,240,-0.41,26.7,-98.1,6,0.0,1.7,1,4,0.17,1.5,1,-98.1,"HYPE-PERP 100%, BTC-PERP 0%",True,True,False,True,False,True,True,False,6,-5.2,-5.2,-0.87
0x3af2…a449,210,611,-0.28,15.9,-172.9,5,38.6,24.5,0,0,0.3,0.3,3,-57.6,"BTC-PERP 47%, ETH-PERP 25%, SOL-PERP 8%",True,True,False,False,False,True,True,False,16,-21.6,-7.2,-1.35
0x3b2f…7562,213,107,-0.82,60.7,-87.2,4,9.7,3.8,2,3,0.37,9.5,4,-21.8,"BTC-PERP 22%, HYPE-PERP 14%, SOL-PERP 13%",True,True,False,False,True,True,True,False,22,-23.8,-6.0,-1.08
0x3b55…a75f,2,1,0.16,100.0,0.2,0,0.0,7.0,1,1,0.03,34.8,1,0.2,HYPE-PERP 100%,False,False,True,False,True,True,True,False,190,-72.2,-72.2,-0.38
0x3b6d…4299,68,163,-0.4,14.1,-65.3,3,0.1,11.0,18,19,1.23,0.0,1,-65.3,"HYPE-PERP 37%, BTC-PERP 23%, XAUT-PERP 13%",False,True,False,True,False,True,True,False,98,-29.7,-29.7,-0.3
0x3b75…8136,166,674,-0.33,16.2,-224.3,5,25.3,8.0,14,32,3.0,1.1,4,-56.1,"SOL-PERP 13%, ETH-PERP 10%, XAG-PERP 9%",True,True,False,True,False,True,True,False,8,17.1,4.3,2.14
0x3b8c…44c4,210,246,-0.14,22.4,-33.8,3,15.0,21.9,6,9,0.9,0.8,3,-11.3,"ETH-PERP 26%, BTC-PERP 15%, XAG-PERP 7%",True,True,False,True,False,True,True,False,8,-9.6,-3.2,-1.19
0x3bb5…206d,213,210,-0.17,20.5,-36.3,4,60.7,0.0,0,0,0.0,0.1,1,-36.3,"BTC-PERP 100%, ETH-PERP 0%",True,True,False,False,False,False,True,False,10,-4.9,-4.9,-0.49
0x3bbb…0bce/default_1,8,4,-0.51,25.0,-2.0,1,0.0,2.6,3,4,0.13,25.2,1,-2.0,"XAG-PERP 50%, WTI-PERP 50%",False,False,False,True,True,True,True,False,104,26.0,26.0,0.25
0x3bdd…3dd9,215,585,-0.17,32.6,-101.3,6,4.0,2.7,3,7,0.57,1.4,2,-50.6,"SOL-PERP 27%, ETH-PERP 26%, HYPE-PERP 14%",True,True,False,True,False,True,True,False,39,-7.2,-3.6,-0.18
0x3c28…90d7,198,374,-0.27,29.7,-100.0,3,34.0,26.5,32,86,9.23,1.4,1,-100.0,"ETH-PERP 51%, SOL-PERP 48%, BTC-PERP 1%",True,True,False,True,False,True,True,False,57,-16.9,-16.9,-0.3
0x3c32…ef3e,96,605,-0.21,26.3,-126.1,3,16.4,5.0,10,14,1.3,1.0,2,-63.0,"BTC-PERP 76%, ETH-PERP 15%, XAUT-PERP 5%",True,True,False,True,False,True,True,False,197,-48.9,-24.4,-0.25
0x3c6b…f59d,50,464,-0.18,8.2,-85.3,2,0.0,9.6,19,44,4.57,0.2,3,-28.4,"HYPE-PERP 12%, ETH-PERP 10%, SOL-PERP 10%",False,True,False,True,False,True,True,False,193,-59.4,-19.8,-0.31
0x3c7a…5b76,87,289,-0.2,28.4,-57.9,3,28.2,7.8,0,5,0.43,1.5,1,-57.9,"SOL-PERP 43%, ETH-PERP 36%, BTC-PERP 21%",False,True,False,False,False,True,True,False,196,-69.2,-69.2,-0.35
0x3c88…6e0c,105,206,0.01,31.1,1.2,2,37.1,5.3,3,7,0.37,1.7,3,0.4,"QQQ-PERP 21%, SOL-PERP 15%, BTC-PERP 6%",True,True,True,True,False,True,True,False,60,-34.0,-11.3,-0.57
0x3cad…1f4b,126,429,-0.25,29.1,-108.0,5,1.3,10.5,28,59,3.8,1.9,3,-36.0,"ETH-PERP 18%, SOL-PERP 13%, HYPE-PERP 11%",True,True,False,True,False,True,True,False,138,-35.4,-11.8,-0.26
0x3cbc…0e1e,75,466,-0.4,32.8,-187.3,3,0.0,9.8,0,0,0.47,0.3,8,-23.4,"LIT-PERP 12%, ZEC-PERP 8%, XMR-PERP 8%",False,True,False,False,False,True,True,False,0,0.0,0.0,
0x3ccf…a394,96,68,-0.27,32.4,-18.2,3,0.0,1.8,0,3,0.1,7.7,1,-18.2,"ETH-PERP 63%, BTC-PERP 31%, SPCX-PERP 4%",True,False,False,False,True,True,True,False,132,-32.4,-32.4,-0.25
0x3cda…1e99,185,591,-0.16,36.7,-95.9,4,0.0,27.6,60,96,4.4,0.5,2,-48.0,"BTC-PERP 50%, ETH-PERP 50%",True,True,False,True,False,True,True,False,364,-56.1,-28.0,-0.15
0x3cdb…ca86,39,168,-0.21,23.8,-35.9,2,32.2,19.8,0,0,3.23,1.6,1,-35.9,"BTC-PERP 53%, ETH-PERP 47%",False,True,False,False,False,True,True,False,27,-8.2,-8.2,-0.3
0x3cf8…68dd,213,6182,-0.34,5.0,-2127.7,5,51.6,89.4,0,246,26.53,0.0,2,-1063.8,"BTC-PERP 72%, XAG-PERP 15%, SOL-PERP 5%",True,True,False,False,False,False,True,False,2600,-703.4,-351.7,-0.27
0x3d28…e434,213,86,0.18,40.7,15.3,4,2.6,7.6,5,10,0.8,14.1,3,5.1,"BTC-PERP 21%, SOL-PERP 15%, ETH-PERP 14%",True,False,True,True,True,True,True,False,80,-3.8,-1.3,-0.05
0x3d38…635b,166,1181,-0.29,14.6,-336.7,5,3.1,21.6,42,104,5.8,0.7,3,-112.2,"BTC-PERP 68%, ETH-PERP 13%, XAUT-PERP 4%",True,True,False,True,False,True,True,False,313,-94.0,-31.3,-0.3
0x3d3e…0d7e,153,746,-0.29,13.9,-212.9,5,0.0,3.0,0,1,0.33,0.4,1,-212.9,"BTC-PERP 79%, ETH-PERP 9%, DOGE-PERP 5%",True,True,False,False,False,True,True,False,0,0.0,0.0,
0x3d42…9083,149,970,-0.04,21.8,-34.8,4,0.8,1.9,4,5,0.33,0.3,4,-8.7,"BTC-PERP 7%, HYPE-PERP 7%, ETH-PERP 6%",True,True,False,True,False,True,True,False,759,-20.2,-5.0,-0.03
0x3d4a…e547,32,170,-0.24,28.2,-40.6,2,32.6,16.7,9,68,5.33,1.7,1,-40.6,"ETH-PERP 52%, BTC-PERP 48%",False,True,False,True,False,True,True,False,48,-14.3,-14.3,-0.3
0x3dac…1f8c,234,138,-0.24,23.9,-33.7,5,35.0,151.1,1,1,0.23,1.7,1,-33.7,"ETH-PERP 48%, LIT-PERP 30%, XMR-PERP 3%",True,True,False,False,False,False,True,False,7,-7.6,-7.6,-1.09
0x3df5…fbdf,209,208,-0.12,24.0,-25.4,4,0.0,4.5,6,7,0.67,0.4,1,-25.4,"BTC-PERP 64%, ETH-PERP 31%, PUMP-PERP 1%",True,True,False,True,False,True,True,False,35,-8.8,-8.8,-0.25
0x3e00…1a93,38,139,-0.3,26.6,-41.9,2,22.9,12.4,6,6,2.03,1.5,1,-41.9,"ETH-PERP 50%, BTC-PERP 50%",False,True,False,True,False,True,True,False,6,-5.2,-5.2,-0.87
0x3e11…287f,109,115,0.01,35.7,0.8,2,46.7,11.2,0,0,0.17,0.5,1,0.8,"ETH-PERP 41%, HYPE-PERP 32%, SOL-PERP 10%",True,True,True,False,False,True,True,False,69,110.1,110.1,1.6
0x3e22…e759,199,1022,0.01,27.4,8.4,4,0.5,6.4,14,22,1.67,0.3,6,1.4,"BTC-PERP 63%, HYPE-PERP 5%, ETH-PERP 5%",True,True,True,True,False,True,True,False,281,-62.3,-10.4,-0.22
0x3e2f…b006,167,155,-0.21,9.7,-32.2,4,0.5,3.7,0,0,0.6,0.1,1,-32.2,"BTC-PERP 79%, SOL-PERP 10%, HYPE-PERP 6%",True,True,False,False,False,True,True,False,5,-3.3,-3.3,-0.65
0x3e39…8dd5,220,230,-0.25,0.4,-58.1,3,79.0,0.0,0,0,0.0,0.0,1,-58.1,"BTC-PERP 98%, HYPE-PERP 0%, ETH-PERP 0%",True,True,False,False,False,False,True,False,5,-1.0,-1.0,-0.19
0x3e44…8a44,32,69,-0.21,29.0,-14.3,1,27.3,11.9,0,0,2.03,1.6,1,-14.3,"ETH-PERP 55%, BTC-PERP 45%",False,False,False,False,False,True,True,False,91,-30.7,-30.7,-0.34
0x3e65…7874,113,1023,-0.17,16.6,-171.9,4,0.0,22.6,26,64,6.63,0.2,3,-57.3,"ETH-PERP 7%, HYPE-PERP 7%, SOL-PERP 6%",True,True,False,True,False,True,True,False,6,-0.2,-0.1,-0.04
0x3e8b…3c66,164,168,0.18,50.0,29.7,3,1.5,2.7,0,0,0.17,6.5,5,5.9,"HYPE-PERP 32%, BTC-PERP 12%, MON-PERP 8%",True,True,True,False,True,True,True,False,35,-37.9,-7.6,-1.08
0x3ea6…50bd,23,45,-0.29,40.0,-13.2,1,2.4,11.1,16,27,1.5,23.0,2,-6.6,"ETH-PERP 38%, BTC-PERP 36%, XAUT-PERP 11%",False,False,False,True,True,True,True,False,131,-19.3,-9.6,-0.15
0x3eef…8faa,215,462,0.54,69.5,248.0,0,6.3,7.3,5,22,0.97,3.0,6,41.3,"HYPE-PERP 19%, BTC-PERP 16%, XAUT-PERP 15%",True,True,True,True,True,True,True,True,123,110.9,18.5,0.9
0x3ef4…28dd,215,214,-0.2,29.4,-42.8,3,0.4,5.3,20,27,1.33,6.2,2,-21.4,"BTC-PERP 76%, SNDK-PERP 6%, XAUT-PERP 4%",True,True,False,True,True,True,True,False,57,-21.7,-10.8,-0.38
0x3eff…ae08,11,63,-0.31,19.0,-19.4,1,32.0,15.5,36,63,2.1,1.8,1,-19.4,"BTC-PERP 57%, ETH-PERP 43%",False,False,False,True,False,True,True,False,195,-38.2,-38.2,-0.2
0x3f47…6bc0,198,330,-0.39,22.1,-127.3,6,0.4,0.0,0,0,0.0,0.5,2,-63.6,"BTC-PERP 51%, LIT-PERP 21%, ETH-PERP 13%",True,True,False,False,False,True,True,False,89,-14.7,-7.4,-0.17
0x3f6b…3d95,74,261,-0.28,10.3,-74.1,3,33.1,47.4,72,110,5.07,0.5,1,-74.1,"QQQ-PERP 68%, XAUT-PERP 17%, SPY-PERP 15%",False,True,False,True,False,True,True,False,133,-36.8,-36.8,-0.28
0x3fab…5b1c,180,158,-0.2,36.7,-30.8,3,47.1,0.0,0,0,0.0,0.1,1,-30.8,"FARTCOIN-PERP 28%, HYPE-PERP 27%, LIT-PERP 9%",True,True,False,False,False,True,True,False,0,0.0,0.0,
0x3fbc…2f34,55,190,0.14,48.9,26.5,0,50.6,1.8,0,0,0.03,1.7,5,5.3,"ETH-PERP 16%, LIT-PERP 12%, NEAR-PERP 9%",False,True,True,False,False,False,True,False,144,88.9,17.8,0.62
0x4009…662d,81,130,0.02,29.2,2.8,1,1.0,10.1,11,14,1.5,16.8,4,0.7,"GOOGL-PERP 31%, NVDA-PERP 17%, TSLA-PERP 17%",False,True,True,True,True,True,True,False,214,-53.1,-13.3,-0.25
0x402c…2d28,80,591,-0.29,34.5,-172.4,3,0.3,19.0,50,102,7.23,4.4,2,-86.2,"BNB-PERP 21%, BTC-PERP 20%, ETH-PERP 19%",False,True,False,True,False,True,True,False,335,-51.4,-25.7,-0.15
0x4035…5d9f,143,2117,-0.25,17.9,-524.5,5,46.2,13.9,25,62,6.23,0.3,16,-32.8,"SUI-PERP 7%, BTC-PERP 7%, MON-PERP 7%",True,True,False,True,False,True,False,False,97,-25.4,-1.6,-0.26
0x4036…6bb1,163,245,-0.12,29.4,-30.6,4,36.1,1.8,3,4,0.3,1.3,1,-30.6,"BTC-PERP 65%, ETH-PERP 23%, XAUT-PERP 9%",True,True,False,True,False,True,True,False,58,-10.0,-10.0,-0.17
0x405b…4f64,215,1114,-0.34,8.7,-378.4,8,0.0,10.1,0,22,3.23,0.2,1,-378.4,"BTC-PERP 45%, ETH-PERP 29%, SOL-PERP 9%",True,True,False,False,False,True,True,False,0,0.0,0.0,
0x409f…10e6,128,1329,-0.3,11.9,-392.8,5,14.9,5.7,0,0,0.8,0.1,1,-392.8,"BTC-PERP 54%, WTI-PERP 30%, HYPE-PERP 5%",True,True,False,False,False,True,True,False,80,-29.9,-29.9,-0.37
0x40c6…d2af,213,109,-0.52,22.9,-57.1,6,2.5,36.2,17,43,2.17,6.0,3,-19.0,"BTC-PERP 67%, ETH-PERP 17%, SPCX-PERP 15%",True,True,False,True,True,True,True,False,252,-101.7,-33.9,-0.4
0x40fa…d3eb,190,72,-0.66,29.2,-47.5,3,0.4,13.5,4,11,0.57,17.1,3,-15.8,"ZEC-PERP 22%, HYPE-PERP 15%, TAO-PERP 14%",True,False,False,True,True,True,True,False,68,151.1,50.4,2.22
0x416e…6cfc,78,100,-0.94,32.0,-93.7,3,5.5,2.5,0,0,0.13,13.2,5,-18.7,"UNI-PERP 9%, ZEC-PERP 9%, ONDO-PERP 8%",False,True,False,False,True,True,True,False,4,18.1,3.6,4.52
0x4198…9e04,42,260,-0.25,30.0,-63.9,2,27.8,19.5,8,81,6.37,1.6,1,-63.9,"ETH-PERP 52%, SOL-PERP 48%",False,True,False,True,False,True,True,False,191,-65.2,-65.2,-0.34
0x41c5…530c,73,135,-0.48,1.5,-64.6,3,0.0,3.3,0,7,0.87,0.0,1,-64.6,"XAUT-PERP 48%, BTC-PERP 19%, WTI-PERP 19%",False,True,False,False,False,True,True,False,0,0.0,0.0,
0x424d…420e,197,683,0.31,53.9,209.3,2,3.4,42.7,13,20,2.4,1.7,4,52.3,"LIT-PERP 37%, HYPE-PERP 32%, PUMP-PERP 16%",True,True,True,True,False,True,True,False,166,21.9,5.5,0.13
0x42a7…af6d,230,476,-0.3,42.6,-141.8,8,0.0,4.4,12,26,1.97,23.9,2,-70.9,"BTC-PERP 53%, ETH-PERP 42%, HYPE-PERP 5%",True,True,False,True,True,True,True,False,92,-13.8,-6.9,-0.15
0x42ae…8a58,170,473,-0.32,41.9,-153.3,6,0.4,6.7,6,10,0.87,1.5,1,-153.3,"HYPE-PERP 36%, ETH-PERP 32%, BTC-PERP 29%",True,True,False,True,False,True,True,False,142,-29.7,-29.7,-0.21
0x4311…d641,200,122,-0.55,29.5,-66.6,5,3.0,2.0,3,10,0.7,8.6,3,-22.2,"BTC-PERP 18%, ZEC-PERP 18%, TAO-PERP 16%",True,True,False,True,True,True,True,False,35,-52.4,-17.5,-1.5
0x431f…d8ba,93,137,-0.31,18.2,-43.1,4,0.0,1.2,0,0,0.07,0.2,1,-43.1,"XAUT-PERP 10%, NEAR-PERP 9%, LIT-PERP 7%",True,True,False,False,False,True,True,False,48,11.4,11.4,0.24
0x4321…56df,214,166,-0.21,9.6,-35.5,5,40.7,0.0,0,0,0.0,0.0,1,-35.5,"BTC-PERP 86%, ETH-PERP 7%, XAUT-PERP 3%",True,True,False,False,False,True,True,False,3,0.2,0.2,0.06
0x432c…4293,207,632,-0.07,43.2,-45.2,5,4.4,3.5,8,8,0.37,3.6,5,-9.0,"BTC-PERP 33%, ETH-PERP 15%, SOL-PERP 10%",True,True,False,True,True,True,True,False,239,64.1,12.8,0.27
0x432c…6a9a,128,121,-0.16,32.2,-19.9,4,0.2,4.4,6,8,0.7,3.3,3,-6.6,"ETH-PERP 41%, BTC-PERP 27%, SOL-PERP 21%",True,True,False,True,True,True,True,False,32,3.3,1.1,0.1
0x4331…8a3f,75,155,-0.09,9.0,-13.8,2,53.2,2.2,7,13,0.73,0.0,1,-13.8,"USDJPY-PERP 41%, EURUSD-PERP 25%, XAUT-PERP 10%",False,True,False,True,False,False,True,False,27,-19.0,-19.0,-0.7
0x4349…fc6d,143,233,-0.34,21.5,-79.4,3,0.2,6.4,10,12,0.87,1.1,2,-39.7,"ETH-PERP 56%, HYPE-PERP 14%, BTC-PERP 13%",True,True,False,True,False,True,True,False,192,-63.7,-31.8,-0.33
0x4397…82b9,126,243,-0.61,17.7,-147.9,5,5.8,5.2,13,13,0.57,1.3,6,-24.7,"HYPE-PERP 25%, ZEC-PERP 12%, SOL-PERP 11%",True,True,False,True,False,True,True,False,28,30.5,5.1,1.09
0x43a6…1f25/SUB-229539,39,299,-0.7,10.4,-210.7,2,0.0,17.1,32,60,5.43,0.3,6,-35.1,"MEGA-PERP 27%, ZRO-PERP 20%, MON-PERP 16%",False,True,False,True,False,True,True,False,14,-7.7,-1.3,-0.55
0x43a6…1f25,182,637,0.06,48.4,35.2,1,9.8,0.0,0,0,0.0,0.2,1,35.2,"HYPE-PERP 96%, BTC-PERP 4%",True,True,True,False,False,True,True,False,3,3.3,3.3,1.1
0x43c2…546c,248,138,-0.29,8.7,-39.6,4,71.5,348.4,89,89,2.97,0.2,2,-19.8,"BTC-PERP 29%, QQQ-PERP 28%, ETH-PERP 12%",True,True,False,True,False,False,True,False,0,0.0,0.0,
0x43cf…3276,175,122,-0.14,9.8,-16.6,3,0.0,0.0,0,0,0.0,0.0,2,-8.3,"BTC-PERP 29%, SUI-PERP 23%, ETH-PERP 17%",True,True,False,False,False,True,True,False,7,6.8,3.4,0.97
0x43d9…fc7c,71,368,-0.34,16.3,-124.9,3,4.2,24.2,3,12,1.93,0.1,3,-41.6,"ETH-PERP 35%, BTC-PERP 23%, HYPE-PERP 22%",False,True,False,True,False,True,True,False,4,-2.3,-0.8,-0.57
0x4407…4cce,100,152,-0.45,27.6,-67.8,4,3.0,18.9,39,65,2.6,3.6,1,-67.8,"BTC-PERP 40%, ETH-PERP 39%, SOL-PERP 12%",True,True,False,True,True,True,True,False,88,-32.4,-32.4,-0.37
0x4415…84ba,32,109,-0.13,33.0,-14.6,2,29.2,21.2,0,0,3.4,1.5,1,-14.6,"BTC-PERP 50%, ETH-PERP 50%",False,True,False,False,False,True,True,False,71,-11.9,-11.9,-0.17
0x442c…5df0,126,525,-0.27,9.3,-140.7,5,0.0,9.2,19,44,4.53,0.5,3,-46.9,"BTC-PERP 29%, HYPE-PERP 10%, ZEC-PERP 8%",True,True,False,True,False,True,True,False,127,-38.9,-13.0,-0.31
0x446b…2af0,61,796,-0.17,12.3,-139.0,2,0.0,15.0,24,62,6.27,0.2,3,-46.3,"HYPE-PERP 10%, BTC-PERP 7%, SOL-PERP 7%",False,True,False,True,False,True,True,False,5,-0.3,-0.1,-0.05
0x448a…f167,94,439,-0.16,30.3,-69.2,4,0.9,23.3,14,29,3.9,0.3,7,-9.9,"HYPE-PERP 14%, BTC-PERP 13%, SOL-PERP 12%",True,True,False,True,False,True,True,False,130,50.7,7.2,0.39
0x4495…1e51,105,81,-0.31,23.5,-24.8,3,0.1,3.7,2,4,0.37,0.2,1,-24.8,BTC-PERP 100%,True,False,False,True,False,True,True,False,35,6.0,6.0,0.17
0x44ce…6569,126,580,-0.35,15.2,-200.1,5,0.0,11.3,0,3,3.53,0.4,1,-200.1,"BTC-PERP 52%, XAUT-PERP 12%, QQQ-PERP 10%",True,True,False,False,False,True,True,False,0,0.0,0.0,
0x44e6…bdc5,200,115,-0.0,33.0,-0.3,2,2.0,4.7,2,5,0.53,0.7,2,-0.2,"BTC-PERP 42%, HYPE-PERP 19%, MU-PERP 12%",True,True,False,True,False,True,True,False,28,13.6,6.8,0.49
0x44f5…c175,81,107,-0.27,42.1,-29.0,3,9.0,12.6,9,16,0.83,6.2,2,-14.5,"SOL-PERP 27%, QQQ-PERP 26%, WTI-PERP 11%",False,True,False,True,True,True,True,False,34,-8.1,-4.0,-0.24
0x4508…093a,209,963,-0.35,9.3,-341.1,5,0.7,0.0,0,0,0.0,0.0,4,-85.3,"BTC-PERP 69%, DOGE-PERP 5%, LIT-PERP 4%",True,True,False,False,False,True,True,False,98,-2.2,-0.6,-0.02
0x4510…2f2a,111,227,-0.14,37.9,-31.5,4,24.2,15.1,12,28,2.47,5.3,1,-31.5,"BTC-PERP 53%, ETH-PERP 26%, XAUT-PERP 11%",True,True,False,True,True,True,True,False,0,0.0,0.0,
0x4519…9424,181,106,-0.79,45.3,-84.0,7,34.0,5.1,8,16,1.13,15.6,2,-42.0,"LIT-PERP 11%, HYPE-PERP 8%, ENA-PERP 7%",True,True,False,True,True,True,True,False,2,2.3,1.2,1.17
0x452b…6cc9,190,205,-0.13,27.3,-27.7,5,28.2,3.7,6,13,0.83,3.5,4,-6.9,"BTC-PERP 28%, ETH-PERP 25%, SOL-PERP 9%",True,True,False,True,True,True,True,False,48,-36.0,-9.0,-0.75
0x4549…9f0d,172,185,-0.25,16.2,-46.7,4,30.1,0.0,0,0,0.0,0.5,1,-46.7,"BTC-PERP 89%, ETH-PERP 5%, LIT-PERP 2%",True,True,False,False,False,True,True,False,27,-7.2,-7.2,-0.27
0x458e…1e43,176,145,2.23,75.9,323.7,0,29.5,7.8,1,1,0.17,16.3,4,80.9,"BTC-PERP 21%, ETH-PERP 14%, LIT-PERP 12%",True,True,True,False,True,True,True,False,7,62.9,15.7,8.99
0x458e…20fe,208,294,-0.16,22.1,-48.0,3,23.1,0.0,0,0,0.0,0.2,3,-16.0,"BTC-PERP 56%, ETH-PERP 29%, XAG-PERP 7%",True,True,False,False,False,True,True,False,20,-19.1,-6.4,-0.96
0x4591…fc87,182,403,-0.22,30.8,-89.5,6,28.6,14.8,31,53,3.5,3.1,3,-29.8,"BTC-PERP 28%, ETH-PERP 24%, QQQ-PERP 10%",True,True,False,True,False,True,True,False,74,-6.0,-2.0,-0.08
0x4592…a17c,209,222,-0.21,6.8,-46.9,5,74.3,18.3,4,7,0.67,0.1,1,-46.9,"BTC-PERP 43%, SOL-PERP 18%, XAUT-PERP 17%",True,True,False,True,False,False,True,False,0,0.0,0.0,
0x45a4…c81d,58,516,-0.33,6.2,-171.4,2,10.6,25.0,22,37,9.33,0.1,4,-42.8,"BTC-PERP 31%, QQQ-PERP 12%, WTI-PERP 10%",False,True,False,True,False,True,True,False,31,-14.1,-3.5,-0.46
0x45aa…2e46,171,383,-0.17,5.0,-63.2,5,0.0,2.1,4,4,0.37,0.1,1,-63.2,"BNB-PERP 86%, HYPE-PERP 5%, ETH-PERP 5%",True,True,False,True,False,True,True,False,79,-37.2,-37.2,-0.47
0x45bd…e693,190,148,-0.37,32.4,-54.5,6,2.0,40.6,20,35,1.83,6.9,1,-54.5,"BTC-PERP 89%, XAUT-PERP 10%, BNB-PERP 1%",True,True,False,True,True,True,True,False,15,-2.3,-2.3,-0.15
0x4651…60ed,211,137,-0.44,47.4,-60.4,7,7.1,7.1,0,0,0.07,2.9,2,-30.2,"HYPE-PERP 35%, XAUT-PERP 15%, WTI-PERP 13%",True,True,False,False,True,True,True,False,9,25.6,12.8,2.84
0x469a…7036,132,109,-0.27,43.1,-29.7,3,32.3,4.7,2,4,0.57,24.0,5,-5.9,"XAG-PERP 22%, BTC-PERP 12%, WTI-PERP 10%",True,True,False,True,True,True,True,False,0,0.0,0.0,
0x469d…b36b,216,701,-0.25,5.0,-175.1,4,0.4,17.6,0,1,2.57,0.0,1,-175.1,"ETH-PERP 98%, XAUT-PERP 1%, BTC-PERP 1%",True,True,False,False,False,True,True,False,0,0.0,0.0,
0x469d…2465,210,115,-0.43,13.0,-49.6,3,4.6,0.0,0,0,0.0,0.6,1,-49.6,"SOL-PERP 60%, XAUT-PERP 13%, BTC-PERP 10%",True,True,False,False,False,True,True,False,4,1.6,1.6,0.39
0x469f…7c65,211,1916,-0.44,35.2,-839.4,7,0.0,3.7,12,13,1.43,0.7,5,-167.9,"BTC-PERP 45%, ETH-PERP 18%, XRP-PERP 9%",True,True,False,True,False,True,True,False,15,1.2,0.2,0.08
0x46a9…215a,120,393,-0.27,6.1,-105.5,4,0.0,10.0,0,4,0.13,0.2,3,-35.2,"BTC-PERP 8%, PUMP-PERP 8%, XPL-PERP 7%",True,True,False,False,False,True,True,False,0,0.0,0.0,
0x46b3…d015,201,218,-0.31,23.9,-68.4,4,3.0,1.0,1,1,0.07,1.0,1,-68.4,"BTC-PERP 83%, ETH-PERP 6%, LIT-PERP 6%",True,True,False,False,False,True,True,False,0,0.0,0.0,
0x46b9…9daf,38,86,-0.31,27.9,-26.3,2,40.9,4.5,4,4,0.13,1.3,1,-26.3,"BTC-PERP 60%, ETH-PERP 40%",False,False,False,True,False,True,True,False,52,-14.5,-14.5,-0.28
0x46d5…4941,109,576,-0.55,37.2,-314.1,4,0.1,11.1,34,80,5.6,19.7,4,-78.5,"PUMP-PERP 9%, PENGU-PERP 7%, XPL-PERP 7%",True,True,False,True,False,True,True,False,248,-229.7,-57.4,-0.93
0x4705…7d0f,42,856,-0.29,5.5,-248.9,2,37.7,324.1,252,331,25.77,0.0,1,-248.9,"SPCX-PERP 79%, BTC-PERP 21%, SOL-PERP 0%",False,True,False,True,False,False,True,False,155,-20.3,-20.3,-0.13
0x4728…7c8c,53,245,-0.32,18.4,-77.4,2,0.3,17.1,38,59,5.0,0.8,6,-12.9,"WTI-PERP 11%, LINK-PERP 11%, XRP-PERP 11%",False,True,False,True,False,True,True,False,1,-0.3,-0.0,-0.31
0x472e…c878,161,906,-0.26,13.0,-237.3,5,24.7,10.9,25,62,4.6,0.3,3,-79.1,"BTC-PERP 43%, ETH-PERP 24%, SOL-PERP 19%",True,True,False,True,False,True,True,False,383,-123.7,-41.2,-0.32
0x473b…625d,169,117,-0.25,12.8,-29.2,6,16.9,5.2,4,6,0.63,0.1,1,-29.2,"BTC-PERP 52%, WTI-PERP 36%, XAG-PERP 3%",True,True,False,True,False,True,True,False,37,-11.0,-11.0,-0.3
0x4740…896a,48,533,-0.18,8.8,-96.0,2,0.0,22.0,19,54,5.7,0.2,3,-32.0,"HYPE-PERP 11%, ETH-PERP 9%, SOL-PERP 8%",False,True,False,True,False,True,True,False,1115,-316.9,-105.6,-0.28
0x475e…c105,217,927,-0.32,11.0,-296.0,8,0.0,48.1,0,22,0.97,0.1,1,-296.0,"SOL-PERP 43%, BTC-PERP 38%, ETH-PERP 9%",True,True,False,False,False,True,True,False,0,0.0,0.0,
0x4792…b428,38,64,-0.23,23.4,-14.9,2,32.0,10.3,8,27,1.73,1.4,1,-14.9,"ETH-PERP 55%, BTC-PERP 45%",False,False,False,True,False,True,True,False,126,-31.5,-31.5,-0.25
0x479c…3aec,116,105,-0.06,39.0,-6.0,2,4.2,5.3,12,13,0.8,11.0,2,-3.0,"BTC-PERP 55%, DOGE-PERP 13%, ETH-PERP 10%",True,True,False,True,True,True,True,False,226,-69.3,-34.6,-0.31
0x47dd…f961,131,727,-0.4,16.9,-293.9,5,0.0,36.5,25,25,0.83,0.6,1,-293.9,"BTC-PERP 44%, ETH-PERP 18%, HYPE-PERP 10%",True,True,False,True,False,True,True,False,0,0.0,0.0,
0x47ea…133d,203,689,-0.27,24.4,-183.6,5,3.0,3.0,0,0,0.07,1.1,1,-183.6,"BNB-PERP 54%, ETH-PERP 27%, BTC-PERP 7%",True,True,False,False,False,True,True,False,56,-17.0,-17.0,-0.3
0x47f5…2c2e,171,574,-0.27,1.9,-152.3,1,81.6,0.0,0,0,0.0,0.0,1,-152.3,"BTC-PERP 57%, ZEC-PERP 22%, ETH-PERP 8%",True,True,False,False,False,False,True,False,3,1.1,1.1,0.36
0x47fb…21da,137,267,-0.25,25.8,-67.7,3,13.8,0.0,0,0,0.0,1.0,1,-67.7,"ETH-PERP 30%, BTC-PERP 28%, HYPE-PERP 22%",True,True,False,False,False,True,True,False,3,-1.6,-1.6,-0.54
0x4802…e93b,36,98,-0.26,1.0,-25.7,2,0.0,12.8,5,14,3.07,0.1,1,-25.7,BTC-PERP 100%,False,False,False,True,False,True,True,False,124,-30.7,-30.7,-0.25
0x480f…dba0,252,1461,-0.31,9.7,-447.5,9,0.0,11.2,13,48,3.2,0.1,2,-223.8,"BTC-PERP 26%, HYPE-PERP 25%, SOL-PERP 9%",True,True,False,True,False,True,True,False,190,-28.3,-14.2,-0.15
0x4818…eafc,175,139,-0.39,27.3,-54.1,5,33.5,3.9,7,9,0.47,3.8,1,-54.1,"HYPE-PERP 33%, SOL-PERP 16%, LIT-PERP 10%",True,True,False,True,True,True,True,False,17,6.9,6.9,0.4
0x481b…cdbf,211,103,-0.02,31.1,-1.7,3,23.2,0.0,0,0,0.0,0.3,1,-1.7,"HYPE-PERP 41%, BTC-PERP 30%, SOL-PERP 25%",True,True,False,False,False,True,True,False,7,8.0,8.0,1.14
0x4859…6d8a,165,371,-0.29,12.9,-108.5,6,0.3,17.2,22,44,3.03,0.1,1,-108.5,"QQQ-PERP 33%, BTC-PERP 26%, BNB-PERP 10%",True,True,False,True,False,True,True,False,126,-40.7,-40.7,-0.32
0x4870…df14,68,68,-0.37,8.8,-24.8,2,14.1,20.1,58,58,2.23,0.0,1,-24.8,"SNDK-PERP 34%, AMD-PERP 24%, SPCX-PERP 10%",False,False,False,True,False,True,True,False,162,-77.1,-77.1,-0.48
0x489d…7fb6,191,291,-0.28,19.9,-81.3,5,24.6,2.4,0,0,0.17,0.2,1,-81.3,"BTC-PERP 54%, HYPE-PERP 7%, ETH-PERP 5%",True,True,False,False,False,True,True,False,4,-6.0,-6.0,-1.51
0x489e…8140,15,82,-0.12,22.0,-9.4,1,9.7,30.2,37,60,2.73,0.3,1,-9.4,"BTC-PERP 74%, ETH-PERP 20%, SNDK-PERP 6%",False,False,False,True,False,True,True,False,91,-18.9,-18.9,-0.21
0x48ba…f14d,39,261,-0.25,29.5,-66.3,2,31.5,18.8,18,59,6.23,1.7,1,-66.3,"ETH-PERP 52%, BTC-PERP 48%",False,True,False,True,False,True,True,False,59,-18.5,-18.5,-0.31
0x48d7…0032,216,318,-0.13,44.7,-40.0,5,0.0,10.5,3,11,1.23,3.1,1,-40.0,"HYPE-PERP 33%, ASTER-PERP 31%, SOL-PERP 12%",True,True,False,True,True,True,True,False,0,0.0,0.0,
0x48dc…59d9,211,116,-0.37,24.1,-42.6,5,60.0,1.5,0,1,0.1,0.3,1,-42.6,"ETH-PERP 82%, BTC-PERP 4%, WTI-PERP 3%",True,True,False,False,False,False,True,False,3,-0.6,-0.6,-0.21
0x48ee…59b2,27,105,-0.2,21.9,-21.4,1,0.9,9.3,18,48,3.5,1.0,1,-21.4,"XAUT-PERP 31%, ZEC-PERP 21%, DOGE-PERP 12%",False,True,False,True,False,True,True,False,275,-43.7,-43.7,-0.16
0x48f1…6575,85,80,-0.4,25.0,-31.9,3,2.2,3.2,3,9,0.57,0.3,1,-31.9,"HYPE-PERP 48%, BTC-PERP 36%, QQQ-PERP 10%",False,False,False,True,False,True,True,False,70,-62.2,-62.2,-0.89
0x4956…6f14,202,162,0.2,52.5,33.2,2,0.0,13.9,19,25,2.9,4.2,3,11.1,"BTC-PERP 40%, ETH-PERP 26%, HYPE-PERP 13%",True,True,True,True,True,True,True,True,123,-31.0,-10.3,-0.25
0x495c…eee1,105,110,-0.41,38.2,-44.6,4,39.4,5.0,0,0,0.03,1.8,1,-44.6,"SOL-PERP 46%, BTC-PERP 21%, ZEC-PERP 6%",True,True,False,False,False,True,True,False,15,-4.9,-4.9,-0.33
0x496f…f7ac,211,349,-0.61,14.3,-213.3,4,0.4,9.0,13,25,0.97,1.4,3,-71.1,"BTC-PERP 68%, ETH-PERP 12%, PUMP-PERP 5%",True,True,False,True,False,True,True,False,15,0.0,0.0,0.0
0x4971…b635,148,851,-0.3,13.3,-257.5,5,0.0,12.0,38,77,5.9,0.2,1,-257.5,"BTC-PERP 64%, HYPE-PERP 34%, TSLA-PERP 2%",True,True,False,True,False,True,True,False,387,-54.0,-54.0,-0.14
0x49a9…232b,213,351,-0.29,27.6,-101.7,5,2.4,39.0,20,27,2.53,7.4,5,-20.3,"BTC-PERP 31%, SOL-PERP 18%, ETH-PERP 10%",True,True,False,True,True,True,True,False,80,-43.5,-8.7,-0.54
0x49bc…d280,109,94,0.05,36.2,4.4,2,0.0,1.3,1,2,0.2,3.1,2,2.2,"DOGE-PERP 20%, BTC-PERP 12%, XRP-PERP 11%",True,False,True,False,True,True,True,False,12,-0.5,-0.2,-0.04
0x49c4…0c8b,116,1111,-0.15,19.8,-164.1,4,0.9,15.6,26,64,6.67,0.3,4,-41.0,"HYPE-PERP 7%, ETH-PERP 7%, BTC-PERP 6%",True,True,False,True,False,True,True,False,67,-20.3,-5.1,-0.3
0x49cc…cf84,62,132,-0.34,3.0,-44.4,2,0.0,4.0,12,24,1.87,0.0,1,-44.4,"BTC-PERP 99%, ETH-PERP 1%",False,True,False,True,False,True,True,False,85,-35.2,-35.2,-0.41
0x49d6…4124,200,4410,-0.28,9.2,-1247.2,7,70.7,4.7,1,4,1.17,0.0,2,-623.6,"ETH-PERP 77%, LIT-PERP 4%, BTC-PERP 3%",True,True,False,True,False,False,True,False,96,49.3,24.6,0.51
0x49ec…f0b6,160,175,0.06,37.1,9.8,3,64.7,13.3,0,0,0.03,0.4,1,9.8,"BTC-PERP 69%, ETH-PERP 31%",True,True,True,False,False,False,True,False,5,6.6,6.6,1.32
0x49f5…fa68,52,199,-0.31,48.7,-60.8,2,0.0,7.0,8,28,2.6,2.4,2,-30.4,"BTC-PERP 46%, SOL-PERP 32%, ETH-PERP 12%",False,True,False,True,True,True,True,False,129,-46.0,-23.0,-0.36
0x4a17…83f7,209,4884,-0.31,0.1,-1506.6,2,0.8,6.0,7,14,0.63,0.0,1,-1506.6,BTC-PERP 100%,True,True,False,True,False,True,True,False,6,-0.4,-0.4,-0.07
0x4a2d…e768,50,137,-0.1,36.5,-13.2,2,0.0,8.5,8,27,2.4,2.5,1,-13.2,"BTC-PERP 36%, ETH-PERP 23%, WTI-PERP 16%",False,True,False,True,True,True,True,False,23,-7.1,-7.1,-0.31
0x4a52…e17e,138,2034,-0.39,11.8,-787.0,5,74.5,71.5,102,521,33.8,0.1,3,-262.3,"XAG-PERP 44%, ETH-PERP 16%, BTC-PERP 15%",True,True,False,True,False,False,True,False,3134,-850.8,-283.6,-0.27
0x4a71…b3fb,131,221,-0.01,18.6,-1.6,4,13.8,3.5,3,5,0.5,0.6,4,-0.4,"BTC-PERP 41%, ETH-PERP 24%, ZEC-PERP 7%",True,True,False,True,False,True,True,False,31,10.4,2.6,0.34
0x4a83…48b3,146,117,-0.25,7.7,-28.9,4,0.0,0.0,0,0,0.0,0.0,2,-14.4,"BTC-PERP 32%, ETH-PERP 29%, SOL-PERP 13%",True,True,False,False,False,True,True,False,55,-15.2,-7.6,-0.28
0x4aa9…ad82,89,55,-0.35,18.2,-19.2,3,0.0,1.0,0,0,0.03,1.7,1,-19.2,"BTC-PERP 82%, HYPE-PERP 18%",False,False,False,False,False,True,True,False,65,-32.4,-32.4,-0.5
0x4ad7…7903,215,150,-0.58,16.0,-86.4,4,0.1,3.0,5,10,0.73,0.3,1,-86.4,"BTC-PERP 45%, XAUT-PERP 34%, SOL-PERP 7%",True,True,False,True,False,True,True,False,46,-4.4,-4.4,-0.1
0x4adf…dc91,22,22,0.64,40.9,14.1,0,0.0,3.6,3,4,0.73,16.7,6,2.4,"ZRO-PERP 18%, JUP-PERP 14%, XRP-PERP 9%",False,False,True,True,True,True,True,False,79,-94.4,-15.7,-1.19
0x4b38…925e/default_1,137,365,-0.56,40.0,-204.5,4,31.2,10.0,31,45,3.07,5.9,6,-34.1,"BTC-PERP 12%, LINK-PERP 10%, ZEC-PERP 8%",True,True,False,True,False,True,True,False,261,-61.1,-10.2,-0.23
0x4b49…0753,184,193,-0.21,17.1,-40.8,4,5.8,1.6,0,1,0.23,0.0,2,-20.4,"BTC-PERP 31%, XAG-PERP 18%, ETH-PERP 18%",True,True,False,False,False,True,True,False,83,-17.7,-8.8,-0.21
0x4b5d…db05,159,256,-0.12,17.6,-30.4,4,0.0,4.8,1,4,0.3,0.2,1,-30.4,"BTC-PERP 26%, XAUT-PERP 18%, ETH-PERP 16%",True,True,False,True,False,True,True,False,47,-20.2,-20.2,-0.43
0x4b70…6c8c,132,99,0.04,28.3,4.1,2,0.0,0.0,0,0,0.0,0.6,1,4.1,"BTC-PERP 94%, FARTCOIN-PERP 3%, BNB-PERP 1%",True,False,True,False,False,True,True,False,6,9.4,9.4,1.56
0x4b8f…83a3,199,271,-0.11,35.1,-30.6,4,6.4,6.5,14,28,1.03,0.5,2,-15.3,"ETH-PERP 41%, BTC-PERP 38%, SOL-PERP 19%",True,True,False,True,False,True,True,False,43,28.4,14.2,0.66
0x4bad…52c5,27,101,-0.3,23.8,-30.5,1,65.3,25.7,0,26,3.37,2.5,4,-7.6,"MU-PERP 27%, AAPL-PERP 10%, NVDA-PERP 9%",False,True,False,False,False,False,True,False,5,23.4,5.8,4.69
0x4bb3…dee2,212,233,0.89,49.4,206.3,0,24.8,12.1,25,29,2.0,8.5,6,34.4,"ETH-PERP 42%, BTC-PERP 18%, BNB-PERP 8%",True,True,True,True,True,True,True,True,66,16.5,2.8,0.25
0x4bb5…e699,218,601,-0.35,37.6,-212.7,7,31.0,0.0,0,0,0.0,4.7,2,-106.4,"BTC-PERP 71%, ETH-PERP 14%, HYPE-PERP 3%",True,True,False,False,True,True,True,False,43,-3.6,-1.8,-0.08
0x4bc7…03b6,200,327,-0.32,15.6,-103.1,6,1.6,13.0,19,22,2.47,0.6,3,-34.4,"BTC-PERP 77%, HYPE-PERP 7%, ETH-PERP 7%",True,True,False,True,False,True,True,False,78,-26.5,-8.8,-0.34
0x4bc9…95f3,210,102,-0.3,5.9,-30.7,2,53.5,0.0,0,0,0.0,0.1,1,-30.7,"BTC-PERP 83%, SOL-PERP 13%, LIT-PERP 4%",True,True,False,False,False,False,True,False,6,-1.6,-1.6,-0.27
0x4bea…064a,65,87,0.09,52.9,7.5,1,0.0,13.3,5,16,0.93,9.0,2,3.8,"QQQ-PERP 13%, XMR-PERP 10%, TSLA-PERP 7%",False,False,True,True,True,True,True,False,84,-25.5,-12.8,-0.3
0x4bea…e637,171,135,1.0,91.9,134.6,0,1.7,3.3,6,11,0.9,15.0,3,44.9,"ETH-PERP 24%, BTC-PERP 23%, SOL-PERP 16%",True,True,True,True,True,True,True,True,17,58.4,19.5,3.44
0x4bfc…9859,86,839,-0.15,16.3,-125.6,3,1.0,9.8,19,57,2.97,0.2,3,-41.9,"HYPE-PERP 8%, BTC-PERP 7%, SOL-PERP 7%",False,True,False,True,False,True,True,False,77,-9.7,-3.2,-0.13
0x4c25…4df6,56,101,-0.09,26.7,-8.9,1,0.8,4.9,2,3,0.77,0.2,2,-4.4,"ETH-PERP 51%, BTC-PERP 21%, SOL-PERP 10%",False,True,False,False,False,True,True,False,66,-13.2,-6.6,-0.2
0x4c2d…4549,215,104,0.04,39.4,4.5,4,1.2,4.6,0,1,0.17,6.1,1,4.5,"SOL-PERP 32%, BTC-PERP 21%, XAUT-PERP 18%",True,True,True,False,True,True,True,False,12,1.2,1.2,0.1
0x4ca6…2ee6,18,237,-0.28,11.4,-66.4,1,0.0,40.4,52,109,7.9,0.2,1,-66.4,BTC-PERP 100%,False,True,False,True,False,True,True,False,6,-11.8,-11.8,-1.97
0x4cb4…145e,199,158,-0.13,18.4,-20.9,5,0.0,3.1,1,2,0.5,0.4,1,-20.9,"BTC-PERP 65%, ETH-PERP 15%, WTI-PERP 3%",True,True,False,False,False,True,True,False,0,0.0,0.0,
0x4cb7…7cd5,209,118,-0.03,55.1,-3.2,4,7.1,1.3,0,1,0.13,0.8,2,-1.6,"BTC-PERP 21%, SUI-PERP 15%, kPEPE-PERP 14%",True,True,False,False,False,True,True,False,8,-4.7,-2.4,-0.58
0x4cbe…0e89,198,99,-0.33,32.3,-32.4,3,24.1,5.5,0,4,0.13,1.4,1,-32.4,"ETH-PERP 54%, SOL-PERP 43%, BTC-PERP 3%",True,False,False,False,False,True,True,False,139,-23.2,-23.2,-0.17
0x4cbe…7dd8,252,139,-0.35,40.3,-48.4,7,43.3,9.0,1,1,0.03,20.7,4,-12.1,"BTC-PERP 29%, ETH-PERP 23%, SOL-PERP 19%",True,True,False,False,True,True,True,False,23,-10.8,-2.7,-0.47
0x4cc0…7448,154,221,-0.15,13.1,-32.2,4,46.9,24.3,4,7,0.53,0.6,2,-16.1,"BTC-PERP 80%, ETH-PERP 13%, ONDO-PERP 3%",True,True,False,True,False,True,True,False,8,-3.9,-2.0,-0.48
0x4cce…ac09,203,187,-0.42,10.7,-78.3,7,5.5,11.4,21,21,0.7,0.1,1,-78.3,"BTC-PERP 87%, ETH-PERP 7%, SOL-PERP 3%",True,True,False,True,False,True,True,False,0,0.0,0.0,
0x4d21…6c8b,38,149,-0.25,26.8,-36.9,2,35.5,14.6,0,0,2.53,1.5,1,-36.9,"BTC-PERP 56%, ETH-PERP 44%",False,True,False,False,False,True,True,False,25,-11.3,-11.3,-0.45
0x4d2b…2322,72,225,-0.27,10.2,-61.5,3,39.8,46.6,69,104,4.97,0.5,1,-61.5,"QQQ-PERP 73%, XAUT-PERP 19%, SPY-PERP 7%",False,True,False,True,False,True,True,False,129,-34.8,-34.8,-0.27
0x4d5e…97a5,161,118,-0.52,17.8,-61.1,5,0.4,0.0,0,0,0.0,0.9,3,-20.4,"BTC-PERP 32%, ETH-PERP 28%, FARTCOIN-PERP 23%",True,True,False,False,False,True,True,False,10,31.9,10.6,3.19
0x4d95…9fd7,27,29,-0.97,41.4,-28.2,1,0.0,5.3,4,7,0.97,15.0,4,-7.0,"XAG-PERP 14%, WTI-PERP 14%, ZRO-PERP 14%",False,False,False,True,True,True,True,False,116,8.7,2.2,0.08
0x4da0…cf92,185,319,0.4,41.1,128.4,0,1.0,19.8,14,58,4.4,5.9,4,32.1,"LIT-PERP 14%, HYPE-PERP 12%, ZEC-PERP 11%",True,True,True,True,False,True,True,False,77,33.6,8.4,0.44
0x4de8…acb9,168,352,-0.07,33.0,-23.0,4,0.0,10.8,10,27,1.9,1.0,7,-3.3,"WTI-PERP 7%, ZEC-PERP 5%, XAG-PERP 4%",True,True,False,True,False,True,True,False,138,-84.7,-12.1,-0.61
0x4e1c…96f7,244,280,-0.08,33.2,-22.2,6,0.9,3.9,1,3,0.53,3.7,2,-11.1,"BTC-PERP 40%, XAUT-PERP 12%, HYPE-PERP 9%",True,True,False,False,True,True,True,False,167,3.9,2.0,0.02
0x4e26…d6ce,15,30,-0.39,46.7,-11.6,1,0.0,10.7,12,30,1.0,24.0,2,-5.8,"BTC-PERP 47%, ETH-PERP 47%, SOL-PERP 7%",False,False,False,True,True,True,True,False,102,-51.6,-25.8,-0.51
0x4e67…5eba,212,344,-0.26,17.7,-90.4,7,2.0,5.4,12,19,1.33,0.3,1,-90.4,"BTC-PERP 77%, ETH-PERP 22%, SNDK-PERP 1%",True,True,False,True,False,True,True,False,107,-27.3,-27.3,-0.26
0x4e75…a485,33,176,-0.25,24.4,-43.2,2,35.3,22.5,15,59,5.0,1.6,1,-43.2,"ETH-PERP 50%, BTC-PERP 50%",False,True,False,True,False,True,True,False,33,-10.4,-10.4,-0.31
0x4e7a…ceba,136,472,-0.26,8.3,-121.6,5,79.2,40.4,92,112,4.83,0.2,2,-60.8,"BTC-PERP 53%, ETH-PERP 44%, PUMP-PERP 1%",True,True,False,True,False,False,True,False,13,5.9,3.0,0.46
0x4e9b…c147,213,201,-0.25,31.8,-50.3,4,0.0,2.0,0,0,0.03,2.0,3,-16.8,"BTC-PERP 30%, XRP-PERP 17%, ETH-PERP 13%",True,True,False,False,True,True,True,False,0,0.0,0.0,
0x4ea6…f71e,53,594,-0.2,7.4,-117.4,2,0.0,10.6,19,44,5.13,0.2,3,-39.1,"HYPE-PERP 10%, SOL-PERP 8%, BTC-PERP 8%",False,True,False,True,False,True,True,False,296,-95.8,-31.9,-0.32
0x4eae…f5c9,45,229,-0.28,29.3,-65.1,2,26.6,22.4,36,79,4.3,1.5,1,-65.1,"ETH-PERP 54%, SOL-PERP 46%",False,True,False,True,False,True,True,False,183,-36.9,-36.9,-0.2
0x4ecd…4882,201,489,-0.19,5.3,-93.1,1,57.6,1.2,1,2,0.1,0.0,6,-15.5,"BTC-PERP 85%, XMR-PERP 7%, SOL-PERP 2%",True,True,False,False,False,False,True,False,702,-63.8,-10.6,-0.09
0x4ee3…ab01,26,13,-0.5,38.5,-6.5,1,0.0,3.7,1,4,0.43,12.3,1,-6.5,"JUP-PERP 38%, ZRO-PERP 38%, VVV-PERP 15%",False,False,False,True,True,True,True,False,142,-9.1,-9.1,-0.06
0x4efd…0ba3,242,252,-0.13,53.2,-33.2,5,17.6,12.8,3,12,1.1,9.2,2,-16.6,"BTC-PERP 19%, HYPE-PERP 15%, PUMP-PERP 15%",True,True,False,True,True,True,True,False,13,42.9,21.4,3.3
0x4f2a…2560,159,431,0.16,58.7,69.6,0,73.8,44.0,17,22,1.7,0.4,2,34.8,"FARTCOIN-PERP 70%, BTC-PERP 28%, XPL-PERP 2%",True,True,True,True,False,False,True,False,148,33.9,17.0,0.23
0x4f3c…92aa,43,79,-0.37,31.6,-29.4,2,26.7,12.8,0,0,1.1,1.6,1,-29.4,"ETH-PERP 57%, SOL-PERP 43%",False,False,False,False,False,True,True,False,170,-36.7,-36.7,-0.22
0x4f8c…0607/insilico,147,1477,-0.3,16.8,-447.3,5,26.7,27.6,110,191,8.83,1.0,1,-447.3,"BTC-PERP 19%, ETH-PERP 11%, SOL-PERP 10%",True,True,False,True,False,True,True,False,129,-38.5,-38.5,-0.3
0x4ff9…68af,190,261,-0.13,24.1,-32.8,4,14.8,0.0,0,0,0.0,2.8,5,-6.6,"ETH-PERP 32%, BTC-PERP 25%, XAUT-PERP 21%",True,True,False,False,True,True,True,False,56,-13.9,-2.8,-0.25
0x4fff…5adf,88,543,-0.24,11.6,-130.5,3,0.0,44.5,0,41,4.33,0.3,2,-65.2,"BTC-PERP 33%, ETH-PERP 32%, QQQ-PERP 25%",False,True,False,False,False,True,True,False,0,0.0,0.0,
0x5044…ef3c/SUB-934599,49,32,-1.02,21.9,-32.6,2,0.0,11.3,6,8,0.33,8.2,3,-10.9,"BTC-PERP 25%, HYPE-PERP 25%, ETH-PERP 19%",False,False,False,True,True,True,True,False,87,-58.3,-19.4,-0.67
0x5052…61f7,191,107,-0.02,30.8,-1.8,2,76.3,10.6,3,4,0.2,0.2,1,-1.8,"ETH-PERP 80%, BTC-PERP 20%",True,True,False,True,False,False,True,False,11,-4.6,-4.6,-0.41
0x509e…a956,179,193,-0.16,33.7,-29.9,3,71.2,2.9,5,6,0.27,4.5,1,-29.9,"LIT-PERP 10%, ETH-PERP 6%, BTC-PERP 6%",True,True,False,True,True,False,True,False,23,-68.2,-68.2,-2.97
0x50c5…37ce,140,292,-0.21,23.3,-60.2,4,35.6,2.1,0,0,0.13,0.6,3,-20.1,"ETH-PERP 42%, BTC-PERP 32%, XAUT-PERP 14%",True,True,False,False,False,True,True,False,0,0.0,0.0,
0x50cc…45c8,71,862,-0.18,8.6,-159.3,3,0.2,18.7,22,58,6.03,0.2,3,-53.1,"HYPE-PERP 8%, ETH-PERP 7%, SOL-PERP 7%",False,True,False,True,False,True,True,False,0,0.0,0.0,
0x50d4…566f,169,275,-0.21,4.4,-57.5,4,39.6,0.0,0,0,0.0,0.0,4,-14.4,"WTI-PERP 27%, ETH-PERP 24%, BTC-PERP 24%",True,True,False,False,False,True,True,False,6,-11.4,-2.8,-1.91
0x50f9…8fbb,50,589,-0.2,10.9,-115.3,2,0.0,20.3,24,60,6.43,0.2,3,-38.4,"HYPE-PERP 10%, ZEC-PERP 9%, SOL-PERP 8%",False,True,False,True,False,True,True,False,246,-70.8,-23.6,-0.29
0x5147…534c,208,353,-0.25,45.6,-88.1,5,0.6,8.5,15,22,1.4,3.2,1,-88.1,"BTC-PERP 44%, BNB-PERP 16%, ETH-PERP 15%",True,True,False,True,True,True,True,False,37,1.2,1.2,0.03
0x514c…5db2,245,116,-0.1,37.1,-11.9,6,3.6,5.2,2,6,0.43,3.7,2,-6.0,"ETH-PERP 53%, BTC-PERP 40%, HYPE-PERP 4%",True,True,False,True,True,True,True,False,4,-2.0,-1.0,-0.5
0x5170…baac,140,93,-0.35,36.6,-32.7,4,0.0,3.1,7,16,1.17,10.3,1,-32.7,"BTC-PERP 55%, ETH-PERP 22%, XAUT-PERP 13%",True,False,False,True,True,True,True,False,62,-7.2,-7.2,-0.12
0x5199…e1c6,109,52,-1.14,51.9,-59.5,2,47.1,0.0,0,0,0.0,7.7,5,-11.9,"ETH-PERP 13%, QQQ-PERP 12%, ASTER-PERP 10%",True,False,False,False,True,True,True,False,80,169.6,33.9,2.12
0x5228…c9ee,213,392,-0.11,7.4,-42.1,2,84.7,0.0,0,0,0.0,0.1,4,-10.5,"HYPE-PERP 23%, BTC-PERP 17%, LIT-PERP 15%",True,True,False,False,False,False,True,False,52,30.2,7.6,0.58
0x5252…1283,213,185,-0.41,25.9,-76.1,7,40.1,10.4,3,5,0.37,0.8,1,-76.1,"BTC-PERP 45%, ETH-PERP 10%, SOL-PERP 5%",True,True,False,True,False,True,True,False,14,-17.2,-17.2,-1.23
0x5290…fe7a,152,688,-0.26,22.8,-180.5,2,6.0,1.5,0,0,0.13,0.6,1,-180.5,"BTC-PERP 37%, ETH-PERP 33%, HYPE-PERP 18%",True,True,False,False,False,True,True,False,5,3.5,3.5,0.7
0x52c8…7511,204,237,-0.39,22.8,-92.8,2,0.0,0.0,0,0,0.0,0.5,2,-46.4,"LIT-PERP 38%, HYPE-PERP 27%, ETH-PERP 11%",True,True,False,False,False,True,True,False,690,-232.2,-116.1,-0.34
0x5303…bdec,214,346,-0.35,14.2,-119.4,8,0.0,4.0,0,12,0.73,0.1,2,-59.7,"BTC-PERP 40%, ETH-PERP 16%, WTI-PERP 10%",True,True,False,False,False,True,True,False,0,0.0,0.0,
0x5334…c55e,143,351,-0.27,16.8,-95.6,4,63.3,19.9,7,11,1.27,0.8,1,-95.6,"SOL-PERP 25%, LIT-PERP 10%, HYPE-PERP 10%",True,True,False,True,False,False,True,False,125,-23.0,-23.0,-0.18
0x538e…293a,75,131,-0.61,1.5,-79.3,3,0.0,2.7,1,13,0.9,0.0,1,-79.3,"XAUT-PERP 33%, WTI-PERP 31%, ETH-PERP 14%",False,True,False,True,False,True,True,False,1,-1.6,-1.6,-1.64
0x538f…69ad,205,554,-0.26,10.1,-144.1,7,50.9,9.4,11,23,1.9,0.2,2,-72.0,"BTC-PERP 47%, ETH-PERP 33%, SOL-PERP 10%",True,True,False,True,False,False,True,False,55,-3.8,-1.9,-0.07
0x539d…4336,40,93,-0.26,23.7,-24.2,2,0.0,9.8,0,8,1.83,1.0,1,-24.2,"BTC-PERP 25%, HYPE-PERP 18%, SOL-PERP 17%",False,False,False,False,False,True,True,False,11,-2.8,-2.8,-0.26
0x53b6…0772,68,101,-0.47,10.9,-47.0,3,5.3,4.4,4,8,0.67,0.9,3,-15.7,"BTC-PERP 43%, ETH-PERP 39%, SOL-PERP 12%",False,True,False,True,False,True,True,False,257,-102.2,-34.1,-0.4
0x53c4…2e77/insilico,155,216,-0.61,27.3,-132.7,5,34.3,10.4,13,29,2.03,4.5,3,-44.2,"BTC-PERP 58%, HYPE-PERP 8%, XAUT-PERP 7%",True,True,False,True,True,True,True,False,136,-72.4,-24.1,-0.53
0x541f…c63b,133,2378,-0.02,43.8,-51.4,3,0.5,55.8,73,190,19.3,0.6,8,-6.4,"ZEC-PERP 8%, HYPE-PERP 8%, MON-PERP 7%",True,True,False,True,False,True,True,False,1532,-175.8,-22.0,-0.11
0x5428…6a58,42,262,-0.22,32.1,-57.0,2,27.7,19.5,8,80,6.37,1.5,1,-57.0,"SOL-PERP 51%, ETH-PERP 49%",False,True,False,True,False,True,True,False,188,-50.0,-50.0,-0.27
0x543f…f6a0,245,87,-0.3,17.2,-26.1,6,19.0,6.4,3,3,0.37,3.0,2,-13.0,"BTC-PERP 92%, FARTCOIN-PERP 2%, LIT-PERP 1%",True,False,False,False,True,True,True,False,32,3.2,1.6,0.1
0x5443…0906,202,187,0.07,24.6,13.2,3,3.0,3.5,1,7,1.07,0.0,2,6.6,"ETH-PERP 62%, BTC-PERP 14%, BNB-PERP 12%",True,True,True,True,False,True,True,False,51,48.6,24.3,0.95
0x5453…8138,238,327,-0.25,15.0,-81.9,7,1.8,11.1,8,8,0.73,0.1,2,-41.0,"BTC-PERP 38%, SOL-PERP 30%, ETH-PERP 13%",True,True,False,True,False,True,True,False,25,16.4,8.2,0.66
0x5494…a5dd/sub4,44,215,0.12,44.2,25.8,1,7.3,202.0,28,47,2.97,10.1,10,2.6,"SPCX-PERP 20%, SNDK-PERP 20%, MRVL-PERP 15%",False,True,True,True,True,False,True,False,0,0.0,0.0,
0x54ce…9ffc,65,485,-0.27,17.3,-132.5,3,0.9,14.5,55,74,4.87,0.1,6,-22.1,"WTI-PERP 13%, XRP-PERP 12%, LINK-PERP 12%",False,True,False,True,False,True,True,False,11,-5.8,-1.0,-0.53
0x54e4…54ee,199,874,-0.26,0.5,-225.9,2,90.9,0.0,0,0,0.0,0.0,1,-225.9,"BTC-PERP 98%, ETH-PERP 2%",True,True,False,False,False,False,True,False,43,-8.4,-8.4,-0.2
0x550a…3211,119,97,0.07,40.2,6.6,2,0.0,18.1,6,17,1.73,0.4,3,2.2,"WTI-PERP 13%, ZEC-PERP 9%, MRVL-PERP 7%",True,False,True,True,False,True,True,False,123,-21.6,-7.2,-0.18
0x5535…f845,229,303,-0.85,4.3,-257.4,7,1.5,30.0,12,15,0.5,0.1,5,-51.5,"BTC-PERP 57%, HYPE-PERP 40%, XRP-PERP 1%",True,True,False,True,False,True,True,False,10,18.6,3.7,1.86
0x5565…3c17,116,129,-0.36,13.2,-46.7,4,2.7,41.5,12,26,1.73,0.7,2,-23.4,"BTC-PERP 74%, ETH-PERP 10%, HYPE-PERP 9%",True,True,False,True,False,True,True,False,45,-26.3,-13.2,-0.58
0x5570…085e,183,103,0.26,49.5,26.8,3,33.2,2.0,1,1,0.1,11.6,2,13.4,"ETH-PERP 33%, SOL-PERP 24%, BTC-PERP 10%",True,True,True,False,True,True,True,False,4,-5.4,-2.7,-1.36
0x5575…bd7c,217,225,-0.29,21.3,-65.7,5,0.7,17.0,10,23,1.2,1.5,1,-65.7,"BTC-PERP 12%, ETH-PERP 11%, BNB-PERP 10%",True,True,False,True,False,True,True,False,83,-9.7,-9.7,-0.12
0x558f…e004,128,134,-0.25,32.8,-33.4,4,0.2,4.5,6,9,0.73,2.4,2,-16.7,"ETH-PERP 38%, BTC-PERP 32%, SOL-PERP 20%",True,True,False,True,True,True,True,False,30,1.5,0.8,0.05
0x5595…a25c,113,86,-0.51,10.5,-44.2,3,9.4,2.2,1,3,0.17,1.1,2,-22.1,"BTC-PERP 88%, LIT-PERP 8%, ETH-PERP 3%",True,False,False,False,False,True,True,False,25,-10.0,-5.0,-0.4
0x55c5…19fe,170,157,0.03,47.8,4.9,3,61.9,6.9,0,0,0.3,13.5,4,1.2,"BTC-PERP 32%, ETH-PERP 18%, HYPE-PERP 4%",True,True,True,False,True,False,True,False,13,48.3,12.1,3.72
0x55ce…ea90,126,508,-0.35,20.9,-176.5,5,0.1,22.3,8,47,4.1,1.9,1,-176.5,"BTC-PERP 90%, SOL-PERP 4%, ETH-PERP 2%",True,True,False,True,False,True,True,False,92,-39.5,-39.5,-0.43
0x55d7…0aaf,109,685,-0.28,12.1,-189.5,4,0.0,11.1,19,44,5.17,0.3,3,-63.2,"BTC-PERP 10%, XAUT-PERP 10%, HYPE-PERP 8%",True,True,False,True,False,True,True,False,200,-62.6,-20.9,-0.31
0x55e4…3e9a,43,18,-0.28,27.8,-5.1,2,23.9,7.7,0,8,0.3,1.6,1,-5.1,"ETH-PERP 61%, BTC-PERP 39%",False,False,False,False,False,True,True,False,100,-37.2,-37.2,-0.37
0x5636…e68a,160,163,-0.53,16.6,-86.8,5,73.8,1.6,0,0,0.1,0.3,5,-17.4,"BTC-PERP 56%, ETH-PERP 28%, XAUT-PERP 2%",True,True,False,False,False,False,True,False,0,0.0,0.0,
0x5646…2448,43,147,-0.3,32.7,-44.3,2,30.9,18.0,0,0,2.73,1.5,1,-44.3,"ETH-PERP 50%, SOL-PERP 50%",False,True,False,False,False,True,True,False,51,-17.4,-17.4,-0.34
0x564a…bbc3,57,710,-0.23,8.2,-165.4,2,0.1,14.7,24,62,6.33,0.2,3,-55.1,"HYPE-PERP 10%, BTC-PERP 8%, SOL-PERP 8%",False,True,False,True,False,True,True,False,140,-53.5,-17.8,-0.38
0x5654…d65b,182,663,-0.23,17.5,-153.1,4,0.0,4.0,0,0,0.47,0.1,1,-153.1,"BTC-PERP 99%, ETH-PERP 1%, SUI-PERP 0%",True,True,False,False,False,True,True,False,0,0.0,0.0,
0x566e…709b,213,313,-0.1,11.2,-32.1,6,0.1,10.9,3,5,0.73,0.0,1,-32.1,"ETH-PERP 65%, BTC-PERP 25%, ASTER-PERP 2%",True,True,False,True,False,True,True,False,49,0.6,0.6,0.01
0x5691…c49d,247,1418,-0.32,4.3,-448.4,8,92.2,40.5,0,2,0.13,0.1,4,-112.1,"BNB-PERP 22%, XAUT-PERP 18%, TAO-PERP 18%",True,True,False,False,False,False,True,False,0,0.0,0.0,
0x56a0…582c,113,195,-0.17,7.2,-33.7,3,1.5,7.6,23,48,2.17,0.1,2,-16.8,"BTC-PERP 85%, ETH-PERP 12%, HYPE-PERP 3%",True,True,False,True,False,True,True,False,15,-15.7,-7.8,-1.05
0x56aa…4a05,40,433,-0.26,8.5,-113.7,2,30.1,40.3,17,44,7.77,0.1,1,-113.7,"SOL-PERP 36%, ETH-PERP 32%, BTC-PERP 32%",False,True,False,True,False,True,True,False,106,-31.0,-31.0,-0.29
0x56b6…a7bd,120,226,-0.33,45.6,-74.8,4,0.0,4.1,10,18,1.7,4.6,3,-24.9,"BTC-PERP 51%, ETH-PERP 28%, SOL-PERP 9%",True,True,False,True,True,True,True,False,40,-1.7,-0.6,-0.04
0x56b6…a7bd/default_1,120,295,-0.28,49.5,-82.8,4,0.0,4.0,10,18,1.6,4.0,3,-27.6,"BTC-PERP 52%, ETH-PERP 29%, SOL-PERP 9%",True,True,False,True,True,True,True,False,79,-23.6,-7.9,-0.3
0x56e3…7a92,204,124,-0.25,0.0,-31.3,3,93.9,0.0,0,0,0.0,0.1,1,-31.3,"BTC-PERP 99%, ETH-PERP 1%",True,True,False,False,False,False,True,False,3,-1.1,-1.1,-0.36
0x5708…0610,176,427,-0.24,43.1,-102.3,6,42.9,4.8,7,18,1.6,3.8,4,-25.6,"BTC-PERP 52%, ETH-PERP 24%, SOL-PERP 10%",True,True,False,True,True,True,True,False,57,-20.1,-5.0,-0.35
0x5711…e635,214,250,-0.5,26.8,-126.2,7,5.8,2.7,5,5,0.27,3.3,2,-63.1,"BTC-PERP 48%, ETH-PERP 14%, HYPE-PERP 13%",True,True,False,True,True,True,True,False,43,16.5,8.2,0.38
0x5759…ded3,181,106,-1.84,37.7,-195.1,4,27.1,24.2,4,9,0.67,24.1,4,-48.8,"BTC-PERP 36%, ETH-PERP 18%, HYPE-PERP 14%",True,True,False,True,True,True,True,False,12,4.2,1.0,0.35
0x576a…190b,211,545,-0.3,19.6,-163.2,7,0.3,11.5,0,3,0.13,0.4,1,-163.2,"HYPE-PERP 22%, BTC-PERP 22%, ETH-PERP 21%",True,True,False,False,False,True,True,False,0,0.0,0.0,
0x5773…ec70,85,179,-0.27,0.6,-47.9,3,17.2,4.9,4,13,1.57,0.0,1,-47.9,BTC-PERP 100%,False,True,False,True,False,True,True,False,69,-18.4,-18.4,-0.27
0x5788…324f,112,266,-0.16,26.7,-41.7,4,0.0,25.3,23,47,4.43,0.5,1,-41.7,"ETH-PERP 100%, ZRO-PERP 0%",True,True,False,True,False,True,True,False,66,-12.9,-12.9,-0.2
0x57d5…3e9e,163,356,-0.23,20.8,-80.9,5,13.1,4.0,9,14,0.6,0.2,1,-80.9,"BTC-PERP 66%, HYPE-PERP 15%, XAUT-PERP 4%",True,True,False,True,False,True,True,False,21,-4.2,-4.2,-0.2
0x57f0…58d9,162,312,-0.31,6.1,-95.3,6,0.0,4.6,1,14,0.47,0.1,1,-95.3,"BTC-PERP 98%, QQQ-PERP 1%, META-PERP 0%",True,True,False,True,False,True,True,False,0,0.0,0.0,
0x5821…e70d,166,195,-0.35,35.9,-67.6,6,5.3,4.8,3,4,0.37,1.1,1,-67.6,"BTC-PERP 98%, FARTCOIN-PERP 2%",True,True,False,True,False,True,True,False,56,-12.3,-12.3,-0.22
0x582e…085e,115,176,-0.16,11.9,-27.6,4,12.7,8.4,0,0,1.23,0.2,1,-27.6,"BTC-PERP 62%, HYPE-PERP 14%, ETH-PERP 12%",True,True,False,False,False,True,True,False,6,1.0,1.0,0.17
0x5843…22a5,73,240,-0.25,9.6,-59.7,2,36.3,47.8,68,104,4.83,0.5,1,-59.7,"QQQ-PERP 69%, XAUT-PERP 20%, SPY-PERP 11%",False,True,False,True,False,True,True,False,132,-35.5,-35.5,-0.27
0x5861…b0a3,102,227,-0.04,34.4,-8.8,2,13.8,2.6,2,3,0.27,5.1,3,-2.9,"XAUT-PERP 20%, SOL-PERP 19%, BTC-PERP 15%",True,True,False,False,True,True,True,False,50,-8.0,-2.7,-0.16
0x586d…75cd,232,115,-0.15,23.5,-17.4,3,3.8,0.0,0,0,0.0,1.5,2,-8.7,"ETH-PERP 33%, BTC-PERP 15%, MON-PERP 13%",True,True,False,False,False,True,True,False,14,-25.3,-12.6,-1.8
0x58c5…5e44,57,202,-0.04,27.2,-7.3,1,1.3,37.1,24,35,2.27,0.5,1,-7.3,"ETH-PERP 61%, XMR-PERP 25%, ZEC-PERP 6%",False,True,False,True,False,True,True,False,129,-31.7,-31.7,-0.25
0x58ef…8d4e,152,771,-0.81,24.9,-621.1,5,0.0,22.6,108,108,3.6,3.9,8,-77.6,"ETH-PERP 26%, BTC-PERP 26%, SOL-PERP 20%",True,True,False,True,False,True,True,False,6,-10.7,-1.3,-1.78
0x58fe…0533,148,478,-0.31,0.8,-148.4,5,81.9,26.7,27,77,3.23,0.1,2,-74.2,"BTC-PERP 77%, NVDA-PERP 9%, ETH-PERP 3%",True,True,False,True,False,False,True,False,71,-22.1,-11.0,-0.31
0x5932…5d1a,169,175,-0.35,24.6,-61.7,2,19.1,0.0,0,0,0.0,0.2,2,-30.8,"ETH-PERP 25%, XAUT-PERP 20%, SOL-PERP 17%",True,True,False,False,False,True,True,False,2,4.0,2.0,2.0
0x596c…b3e0,169,316,-0.27,25.3,-85.4,6,0.0,2.9,6,14,1.17,0.3,1,-85.4,"BTC-PERP 62%, ETH-PERP 12%, HYPE-PERP 9%",True,True,False,True,False,True,True,False,0,0.0,0.0,
0x596d…eb6c,224,432,-0.25,16.4,-109.2,5,59.2,7.4,21,33,1.47,0.1,2,-54.6,"BTC-PERP 83%, ETH-PERP 7%, XAUT-PERP 2%",True,True,False,True,False,False,True,False,134,-17.1,-8.6,-0.13
0x59a0…a5c8,178,26,-0.75,7.7,-19.5,1,0.2,0.0,0,0,0.0,1.6,2,-9.8,"BTC-PERP 69%, ETH-PERP 23%, LIT-PERP 8%",True,False,False,False,False,True,True,False,366,-27.4,-13.7,-0.07
0x59b8…7d5b,125,145,-0.34,14.5,-49.5,5,0.0,2.3,3,10,0.5,0.5,1,-49.5,"BTC-PERP 43%, ETH-PERP 34%, SOL-PERP 5%",True,True,False,True,False,True,True,False,7,-5.3,-5.3,-0.75
0x5a2f…778f,166,334,-0.25,1.8,-82.6,3,74.1,1.2,1,1,0.07,0.0,1,-82.6,"BTC-PERP 96%, ETH-PERP 2%, XAUT-PERP 1%",True,True,False,False,False,False,True,False,2,4.5,4.5,2.23
0x5a59…26b1,222,457,-0.31,32.2,-140.8,7,0.0,9.4,15,37,2.1,0.4,1,-140.8,"ETH-PERP 18%, SOL-PERP 16%, BTC-PERP 11%",True,True,False,True,False,True,True,False,24,-18.0,-18.0,-0.75
0x5a60…343a,41,85,-0.33,25.9,-28.0,2,35.7,8.1,12,20,0.7,1.5,1,-28.0,"BTC-PERP 53%, ETH-PERP 47%",False,False,False,True,False,True,True,False,55,-14.6,-14.6,-0.26
0x5a7e…6ee5,200,205,-0.28,19.0,-57.3,5,18.8,3.0,0,0,0.1,0.0,2,-28.6,"EURUSD-PERP 42%, BTC-PERP 26%, ETH-PERP 12%",True,True,False,False,False,True,True,False,26,-3.4,-1.7,-0.13
0x5a9c…3b66,184,529,-0.22,18.0,-114.1,6,0.0,14.7,15,15,0.5,0.4,3,-38.0,"BTC-PERP 64%, ETH-PERP 11%, XAG-PERP 6%",True,True,False,True,False,True,True,False,337,-93.7,-31.2,-0.28
0x5a9e…e68c/default_2,60,184,-0.09,41.3,-17.4,2,0.0,11.0,0,0,0.47,0.2,2,-8.7,"BTC-PERP 50%, HYPE-PERP 50%",False,True,False,False,False,True,True,False,0,0.0,0.0,
0x5aae…9e60,80,205,-0.27,16.1,-54.5,3,0.0,5.2,9,22,1.9,0.3,1,-54.5,"BTC-PERP 55%, ETH-PERP 38%, HYPE-PERP 8%",False,True,False,True,False,True,True,False,99,-26.2,-26.2,-0.26
0x5ae9…ca56,153,376,0.14,34.8,54.0,3,35.5,2.5,0,0,0.03,1.1,5,10.8,"XRP-PERP 11%, AAVE-PERP 9%, HYPE-PERP 9%",True,True,True,False,False,True,True,False,5,6.0,1.2,1.21
0x5b14…9493,220,1331,-0.3,2.6,-396.4,8,94.8,9.2,5,7,1.1,0.1,2,-198.2,"BTC-PERP 29%, XAUT-PERP 27%, SOL-PERP 21%",True,True,False,True,False,False,True,False,29,7.2,3.6,0.25
0x5b16…f4a5,131,301,-0.25,23.3,-74.5,5,38.9,10.7,19,41,2.2,1.0,1,-74.5,BTC-PERP 100%,True,True,False,True,False,True,True,False,20,-8.1,-8.1,-0.41
0x5b39…dd76,214,1222,-0.33,11.0,-405.8,8,59.6,5.1,1,25,1.37,0.1,2,-202.9,"BTC-PERP 39%, SOL-PERP 10%, ETH-PERP 9%",True,True,False,True,False,False,True,False,200,-62.7,-31.4,-0.31
0x5b3c…7863,199,426,-0.41,24.2,-173.1,7,23.6,11.0,0,0,0.2,0.7,3,-57.7,"ETH-PERP 24%, LIT-PERP 20%, BTC-PERP 19%",True,True,False,False,False,True,True,False,39,-29.4,-9.8,-0.75
0x5b48…b9d8,94,91,-0.23,12.1,-20.7,4,51.8,36.9,7,10,0.33,0.8,1,-20.7,"XAUT-PERP 48%, BTC-PERP 18%, HYPE-PERP 8%",True,False,False,True,False,False,True,False,14,-2.3,-2.3,-0.16
0x5b5d…0d42,223,3682,-0.28,4.1,-1018.4,8,83.7,33.7,12,28,2.03,0.0,1,-1018.4,"SOL-PERP 40%, BTC-PERP 32%, ETH-PERP 12%",True,True,False,True,False,False,True,False,83,-28.7,-28.7,-0.35
0x5b77…fa01,210,315,-0.29,17.5,-89.8,7,4.1,2.5,3,10,0.53,0.3,1,-89.8,"BTC-PERP 85%, ETH-PERP 8%, HYPE-PERP 2%",True,True,False,True,False,True,True,False,24,-13.8,-13.8,-0.58
0x5bc7…921f,102,135,-0.51,41.5,-68.6,4,0.0,4.3,0,0,0.37,3.5,1,-68.6,"HYPE-PERP 18%, ETH-PERP 17%, BTC-PERP 12%",True,True,False,False,True,True,True,False,10,12.2,12.2,1.22
0x5bd6…5cd1,10,244,-0.19,35.2,-47.2,1,31.9,258.6,191,244,8.13,0.2,4,-11.8,"SNDK-PERP 30%, LIT-PERP 23%, HYPE-PERP 10%",False,True,False,True,False,False,True,False,529,-146.2,-36.6,-0.28
0x5bdd…24ed,238,382,-0.17,7.3,-65.9,4,0.3,5.4,3,3,0.1,0.0,2,-33.0,"BTC-PERP 83%, HYPE-PERP 6%, ETH-PERP 3%",True,True,False,False,False,True,True,False,9,-1.9,-1.0,-0.21
0x5c19…3c4a,116,383,-0.34,24.3,-129.1,3,0.2,17.4,0,20,3.07,0.9,3,-43.0,"BTC-PERP 42%, ETH-PERP 14%, ONDO-PERP 9%",True,True,False,False,False,True,True,False,151,12.7,4.2,0.08
0x5c30…7c60,16,29,0.11,41.4,3.1,0,63.0,6.2,11,22,0.97,6.9,3,1.0,"ETH-PERP 14%, XAUT-PERP 10%, BTC-PERP 10%",False,False,True,True,True,False,True,False,111,-42.4,-14.1,-0.38
0x5c38…dd27,42,80,-0.27,30.0,-21.2,2,22.5,5.3,0,6,0.2,1.5,1,-21.2,"BTC-PERP 51%, ETH-PERP 49%",False,False,False,False,False,True,True,False,224,-50.5,-50.5,-0.23
0x5c56…9536,63,749,-0.57,13.5,-429.9,3,0.0,21.3,27,27,1.07,0.7,1,-429.9,"BTC-PERP 50%, ETH-PERP 50%",False,True,False,True,False,True,True,False,570,-443.2,-443.2,-0.78
0x5c73…b827,47,443,-0.22,6.5,-95.8,2,0.0,11.0,19,44,5.43,0.2,3,-31.9,"HYPE-PERP 9%, ZEC-PERP 9%, SOL-PERP 8%",False,True,False,True,False,True,True,False,174,-66.3,-22.1,-0.38
0x5c83…db2a,224,3340,-0.27,25.8,-892.0,8,0.0,11.3,5,13,1.6,0.3,4,-223.0,"ETH-PERP 47%, HYPE-PERP 44%, FARTCOIN-PERP 6%",True,True,False,True,False,True,True,False,73,-12.7,-3.2,-0.17
0x5c95…f1a8,211,1582,-0.27,0.0,-424.4,1,0.0,5.0,0,0,0.0,0.0,1,-424.4,"BTC-PERP 94%, ETH-PERP 1%, FARTCOIN-PERP 1%",True,True,False,False,False,True,True,False,0,0.0,0.0,
0x5cb4…6d88,199,2352,-0.3,16.1,-716.3,7,0.0,9.9,16,16,1.0,0.2,2,-358.2,"BTC-PERP 26%, SOL-PERP 24%, JUP-PERP 8%",True,True,False,True,False,True,True,False,24,-2.9,-1.4,-0.12
0x5cd3…7d6e,134,152,-0.6,30.9,-90.7,2,0.0,0.0,0,0,0.0,1.8,2,-45.4,"BTC-PERP 82%, WTI-PERP 11%, XAG-PERP 7%",True,True,False,False,False,True,True,False,5,3.4,1.7,0.68
0x5cef…6cb9,163,139,-0.38,33.1,-53.0,5,43.1,10.3,8,15,1.43,10.5,2,-26.5,"BTC-PERP 42%, SOL-PERP 29%, ETH-PERP 11%",True,True,False,True,True,True,True,False,19,-11.3,-5.6,-0.59
0x5d1c…2414,234,397,-0.16,26.2,-61.8,6,83.9,3.1,1,4,0.37,0.4,2,-30.9,"ETH-PERP 46%, BTC-PERP 42%, HYPE-PERP 3%",True,True,False,True,False,False,True,False,12,-24.1,-12.0,-2.01
0x5d47…6068/default_1,20,1868,-0.26,3.5,-488.2,1,93.1,207.1,608,1137,62.27,0.1,2,-244.1,"BTC-PERP 65%, ETH-PERP 34%, XAUT-PERP 0%",False,True,False,True,False,False,True,False,4771,-1248.9,-624.4,-0.26
0x5da4…3a6e,8,485,-0.38,0.4,-184.1,1,93.4,519.0,0,485,16.17,0.0,3,-61.4,"ETH-PERP 42%, INTC-PERP 24%, AMD-PERP 15%",False,True,False,False,False,False,True,False,0,0.0,0.0,
0x5db3…88c7,93,181,-0.33,14.4,-59.8,3,0.1,1.9,0,1,0.2,0.1,1,-59.8,"BTC-PERP 52%, HYPE-PERP 12%, XAUT-PERP 9%",True,True,False,False,False,True,True,False,132,-32.1,-32.1,-0.24
0x5e0b…8c0f,9,1,0.44,100.0,0.4,0,98.4,73.2,0,1,0.03,3.0,1,0.4,SOL-PERP 100%,False,False,True,False,True,False,True,False,208,15.7,15.7,0.08
0x5e23…f3a9,134,105,-0.3,14.3,-31.5,4,0.1,43.5,0,10,1.57,0.1,2,-15.8,"LIT-PERP 14%, AAVE-PERP 14%, JUP-PERP 14%",True,True,False,False,False,True,True,False,0,0.0,0.0,
0x5e64…288e,177,368,-0.22,18.5,-80.7,5,7.0,58.9,33,54,3.13,0.5,2,-40.4,"BTC-PERP 76%, WTI-PERP 19%, ETH-PERP 3%",True,True,False,True,False,True,True,False,186,-54.1,-27.0,-0.29
0x5e65…339d,213,265,-0.49,35.1,-130.1,7,39.2,20.7,4,5,0.3,18.4,3,-43.4,"BTC-PERP 37%, ETH-PERP 28%, SOL-PERP 18%",True,True,False,True,True,True,True,False,19,-3.1,-1.0,-0.16
0x5f2c…9be9,198,437,-0.2,42.8,-86.2,3,39.2,25.9,4,41,6.27,1.1,3,-28.7,"HYPE-PERP 38%, ZEC-PERP 29%, LIT-PERP 21%",True,True,False,True,False,True,True,False,8,32.0,10.7,4.0
0x5f40…c03b,65,1522,-0.5,7.0,-766.7,3,0.0,59.5,0,0,10.93,0.5,2,-383.4,"BTC-PERP 78%, ETH-PERP 22%",False,True,False,False,False,True,True,False,0,0.0,0.0,
0x5f50…af9f,118,163,-0.29,19.0,-47.7,4,21.9,24.5,0,0,0.13,0.6,2,-23.8,"BTC-PERP 31%, XAUT-PERP 31%, WTI-PERP 11%",True,True,False,False,False,True,True,False,23,-7.7,-3.8,-0.33
0x5f8a…0f0d,31,67,-0.22,29.9,-14.7,2,33.2,11.9,0,0,2.07,1.8,1,-14.7,"ETH-PERP 54%, BTC-PERP 46%",False,False,False,False,False,True,True,False,70,-20.0,-20.0,-0.29
0x5f92…a7e7,216,322,-0.11,23.0,-35.9,5,1.7,9.3,14,28,1.1,0.1,2,-18.0,"ETH-PERP 51%, BTC-PERP 43%, HYPE-PERP 2%",True,True,False,True,False,True,True,False,58,-16.5,-8.2,-0.29
0x5f9b…ad18,177,643,-0.26,31.9,-169.0,6,0.0,4.9,0,2,0.7,2.0,1,-169.0,BTC-PERP 100%,True,True,False,False,True,True,True,False,0,0.0,0.0,
0x5f9e…d366,81,394,-0.24,30.5,-92.9,3,36.4,21.2,7,45,3.0,1.5,1,-92.9,"ETH-PERP 43%, BTC-PERP 28%, SOL-PERP 28%",False,True,False,True,False,True,True,False,57,5.3,5.3,0.09
0x5fe5…e9dc,87,99,-0.34,21.2,-33.9,3,37.8,12.1,15,19,1.23,1.8,1,-33.9,"ETH-PERP 54%, SOL-PERP 29%, BTC-PERP 17%",False,False,False,True,False,True,True,False,42,-34.4,-34.4,-0.82
0x5ffe…bc80,39,142,-0.22,27.5,-31.2,2,33.0,14.0,5,50,4.33,1.6,1,-31.2,"ETH-PERP 51%, BTC-PERP 49%",False,True,False,True,False,True,True,False,186,-45.9,-45.9,-0.25
0x6028…8776,219,83,-0.13,24.1,-10.9,4,0.2,1.7,1,1,0.1,0.4,1,-10.9,"BTC-PERP 75%, ZEC-PERP 7%, ETH-PERP 7%",True,False,False,False,False,True,True,False,51,33.1,33.1,0.65
0x6038…ab8e/insilico,128,128,-0.79,29.7,-101.7,4,4.9,5.5,5,11,1.8,4.5,15,-6.8,"NEAR-PERP 16%, XPL-PERP 13%, XMR-PERP 9%",True,True,False,True,True,True,False,False,8,-2.2,-0.1,-0.28
0x603c…36e7,186,2238,-0.29,4.2,-653.9,7,0.0,16.8,3,17,4.77,0.0,3,-218.0,"HYPE-PERP 43%, BNB-PERP 23%, XAUT-PERP 20%",True,True,False,True,False,True,True,False,260,-76.2,-25.4,-0.29
0x604a…9663,200,77,0.23,39.0,17.5,3,0.6,1.7,1,2,0.13,3.2,1,17.5,"ETH-PERP 43%, BTC-PERP 14%, ZEC-PERP 13%",True,False,True,False,True,True,True,False,53,0.6,0.6,0.01
0x6055…7e9a/SUB-662843,195,1016,-0.25,5.1,-256.3,6,69.5,4.0,0,0,0.03,0.1,1,-256.3,"BTC-PERP 93%, XAG-PERP 3%, ETH-PERP 2%",True,True,False,False,False,False,True,False,1,3.1,3.1,3.07
0x608d…1850,51,528,-0.28,3.8,-147.2,2,0.1,11.8,19,44,5.67,0.2,3,-49.1,"HYPE-PERP 9%, ETH-PERP 8%, SOL-PERP 8%",False,True,False,True,False,True,True,False,295,-100.7,-33.6,-0.34
0x60af…4a6c,36,28,-0.26,0.0,-7.3,2,3.0,5.3,5,9,0.73,0.1,1,-7.3,BTC-PERP 100%,False,False,False,True,False,True,True,False,74,-16.9,-16.9,-0.23
0x60de…b5ee,215,507,-0.22,29.6,-112.5,7,31.6,3.5,7,15,1.33,7.7,2,-56.2,"BTC-PERP 25%, ETH-PERP 14%, USDJPY-PERP 12%",True,True,False,True,True,True,True,False,78,-11.9,-6.0,-0.15
0x60f4…f87d,253,165,0.02,50.9,3.8,2,19.1,29.1,7,12,0.57,4.1,2,1.9,"BTC-PERP 55%, ZEC-PERP 13%, SOL-PERP 7%",True,True,True,True,True,True,True,True,77,84.4,42.2,1.1
0x6121…a53b,175,985,-0.3,9.7,-295.0,5,0.0,13.1,1,34,3.17,0.0,1,-295.0,"BTC-PERP 39%, ETH-PERP 17%, ASTER-PERP 7%",True,True,False,True,False,True,True,False,77,-38.6,-38.6,-0.5
0x612e…62e5,185,147,-0.51,19.7,-75.6,7,10.7,8.1,1,9,0.33,4.4,2,-37.8,"BTC-PERP 56%, EURUSD-PERP 8%, HYPE-PERP 8%",True,True,False,True,True,True,True,False,15,-4.3,-2.2,-0.28
0x614b…3986,214,350,-0.3,24.3,-103.5,6,60.6,3.9,3,3,0.5,1.8,2,-51.8,"BTC-PERP 71%, XAUT-PERP 10%, HYPE-PERP 9%",True,True,False,False,False,False,True,False,31,-11.6,-5.8,-0.37
0x6159…7452,69,99,-0.33,28.3,-32.3,3,4.2,56.9,4,6,1.57,1.3,2,-16.2,"BTC-PERP 78%, ETH-PERP 9%, HYPE-PERP 5%",False,False,False,True,False,True,True,False,25,-14.0,-7.0,-0.56
0x6161…8663,40,258,-0.23,18.2,-59.4,2,0.0,11.3,27,65,4.93,0.3,2,-29.7,"HYPE-PERP 13%, ETH-PERP 11%, SOL-PERP 10%",False,True,False,True,False,True,True,False,244,-60.8,-30.4,-0.25
0x61c0…1a86/default_1,137,4601,0.28,87.3,1286.5,1,77.6,19.1,22,66,7.73,1.0,30,42.9,"LIT-PERP 8%, HYPE-PERP 6%, ENA-PERP 5%",True,True,True,True,False,False,False,False,1161,1060.2,35.3,0.91
0x61f1…2b8e,207,690,-0.29,22.9,-202.4,6,9.8,11.1,8,25,2.87,0.7,4,-50.6,"BTC-PERP 41%, HYPE-PERP 14%, SOL-PERP 9%",True,True,False,True,False,True,True,False,48,21.0,5.2,0.44
0x61f7…0e68,157,543,-0.29,17.1,-159.5,5,5.5,0.0,0,0,0.0,0.2,1,-159.5,"BTC-PERP 23%, ETH-PERP 20%, HYPE-PERP 14%",True,True,False,False,False,True,True,False,48,-32.7,-32.7,-0.68
0x626b…7d0b,211,21,-0.2,23.8,-4.2,1,0.1,0.0,0,0,0.0,1.3,1,-4.2,"ETH-PERP 86%, BTC-PERP 10%, BNB-PERP 5%",True,False,False,False,False,True,True,False,99,-39.2,-39.2,-0.4
0x6273…d9b7,169,504,-0.2,25.0,-98.8,3,1.9,7.0,15,31,2.1,1.8,1,-98.8,"XRP-PERP 14%, SOL-PERP 13%, ETH-PERP 12%",True,True,False,True,False,True,True,False,18,-9.4,-9.4,-0.52
0x627f…fe80,125,117,0.18,47.0,20.6,2,0.0,2.3,6,12,0.93,23.8,1,20.6,"ETH-PERP 53%, BTC-PERP 47%",True,True,True,True,True,True,True,True,54,-31.7,-31.7,-0.59
0x62e3…7bd7,241,154,0.51,53.2,79.1,1,41.8,7.8,3,10,0.83,21.3,6,13.2,"BTC-PERP 21%, XRP-PERP 8%, ETH-PERP 6%",True,True,True,True,True,True,True,True,17,-9.0,-1.5,-0.53
0x630f…0e5b,248,206,-0.33,36.4,-68.7,5,77.1,1.7,1,2,0.1,0.7,2,-34.4,"BTC-PERP 86%, HYPE-PERP 8%, LIT-PERP 3%",True,True,False,False,False,False,True,False,28,12.1,6.0,0.43
0x636f…73d3,204,1093,-0.23,3.0,-247.9,4,92.7,0.0,0,0,0.0,0.1,1,-247.9,"BTC-PERP 51%, ETH-PERP 34%, HYPE-PERP 10%",True,True,False,False,False,False,True,False,12,6.5,6.5,0.54
0x6394…a0df,40,47,-0.29,29.8,-13.5,2,24.5,7.5,0,7,0.23,1.8,1,-13.5,"ETH-PERP 51%, BTC-PERP 43%, SOL-PERP 6%",False,False,False,False,False,True,True,False,97,-25.4,-25.4,-0.26
0x63d9…4fbc,152,94,-0.17,35.1,-15.6,3,0.3,8.0,2,7,0.8,14.0,1,-15.6,"BTC-PERP 90%, ETH-PERP 9%, WTI-PERP 1%",True,False,False,True,True,True,True,False,69,-15.7,-15.7,-0.23
0x645c…60c9,152,877,-0.37,20.2,-327.8,5,0.0,5.6,19,34,2.3,0.0,1,-327.8,"BTC-PERP 48%, HYPE-PERP 19%, ETH-PERP 13%",True,True,False,True,False,True,True,False,120,-33.7,-33.7,-0.28
0x645c…60c9/default_1,123,397,-0.28,44.1,-109.3,5,0.0,5.4,17,32,2.17,2.2,1,-109.3,"BTC-PERP 76%, ETH-PERP 24%",True,True,False,True,True,True,True,False,121,-33.4,-33.4,-0.28
0x6497…0545,219,1773,-0.29,3.8,-508.1,8,90.6,22.2,37,60,3.37,0.1,2,-254.0,"ETH-PERP 35%, PUMP-PERP 23%, HYPE-PERP 20%",True,True,False,True,False,False,True,False,480,-139.5,-69.8,-0.29
0x64b0…02e2,12,64,-0.26,23.4,-16.9,1,32.1,16.4,35,64,2.13,1.6,1,-16.9,"BTC-PERP 52%, ETH-PERP 48%",False,False,False,True,False,True,True,False,201,-46.1,-46.1,-0.23
0x64b3…d0d4,240,291,-0.24,22.3,-69.0,7,82.1,31.0,0,5,0.73,1.6,1,-69.0,"BTC-PERP 69%, QQQ-PERP 20%, XAG-PERP 5%",True,True,False,False,False,False,True,False,11,-3.3,-3.3,-0.3
0x64c5…8b2e,203,184,-0.4,29.3,-72.8,7,3.9,2.2,0,0,0.17,2.6,2,-36.4,"BTC-PERP 68%, ETH-PERP 18%, SOL-PERP 3%",True,True,False,False,True,True,True,False,2,-0.3,-0.2,-0.13
0x64e8…3751,190,201,-0.48,41.8,-96.1,5,5.0,2.0,0,0,0.17,11.7,2,-48.0,"ETH-PERP 19%, HYPE-PERP 17%, BTC-PERP 10%",True,True,False,False,True,True,True,False,0,0.0,0.0,
0x64eb…4718,100,1053,-0.31,16.0,-325.8,4,0.0,44.4,103,137,11.73,0.2,3,-108.6,"QQQ-PERP 18%, BTC-PERP 16%, SOL-PERP 9%",True,True,False,True,False,True,True,False,0,0.0,0.0,
0x6515…cf8c,212,129,-0.23,20.2,-29.9,6,0.0,6.0,2,2,0.27,2.2,1,-29.9,"BTC-PERP 83%, WTI-PERP 6%, ETH-PERP 3%",True,True,False,False,True,True,True,False,14,-3.0,-3.0,-0.22
0x6521…3109,182,280,0.09,23.9,25.6,3,20.3,31.0,5,5,0.17,0.2,6,4.3,"ETH-PERP 42%, BTC-PERP 18%, HYPE-PERP 9%",True,True,True,True,False,True,True,False,6,11.0,1.8,1.84
0x6522…fe9c,196,101,-0.29,14.9,-29.5,5,0.0,0.0,0,0,0.0,0.1,1,-29.5,"BTC-PERP 87%, TAO-PERP 4%, SOL-PERP 3%",True,True,False,False,False,True,True,False,3,8.3,8.3,2.77
0x652b…fadf,40,290,-0.23,31.0,-66.2,2,35.0,19.0,28,56,6.5,1.6,1,-66.2,"ETH-PERP 53%, BTC-PERP 46%, SOL-PERP 1%",False,True,False,True,False,True,True,False,213,-47.2,-47.2,-0.22
0x65b7…c24d,200,153,-0.36,43.8,-55.6,4,0.3,16.2,7,20,1.2,3.3,2,-27.8,"BTC-PERP 26%, ETH-PERP 16%, HYPE-PERP 11%",True,True,False,True,True,True,True,False,93,-12.6,-6.3,-0.14
0x65ba…f15e,44,92,-0.35,25.0,-32.4,2,28.5,9.6,11,20,0.67,1.2,1,-32.4,"SOL-PERP 59%, ETH-PERP 41%",False,False,False,True,False,True,True,False,35,-11.4,-11.4,-0.33
0x65bb…2f0d,85,113,-0.32,17.7,-35.8,2,9.8,17.8,0,0,0.7,0.1,3,-11.9,"HYPE-PERP 71%, BTC-PERP 4%, NVDA-PERP 4%",False,True,False,False,False,True,True,False,0,0.0,0.0,
0x65d6…95f9,93,993,-0.79,14.6,-785.9,4,0.1,6.8,16,39,2.53,0.0,1,-785.9,"BTC-PERP 77%, SOL-PERP 15%, ETH-PERP 8%",True,True,False,True,False,True,True,False,251,-37.7,-37.7,-0.15
0x65db…f01b,140,464,-0.09,49.6,-40.9,5,18.0,21.7,0,19,2.67,0.6,3,-13.6,"LIT-PERP 17%, BTC-PERP 10%, ZEC-PERP 9%",True,True,False,False,False,True,True,False,0,0.0,0.0,
0x6611…00b6,208,547,-0.27,22.3,-146.4,6,0.3,17.6,33,56,5.03,0.5,2,-73.2,"BTC-PERP 59%, ETH-PERP 8%, HYPE-PERP 7%",True,True,False,True,False,True,True,False,136,-31.6,-15.8,-0.23
0x6629…e817,107,88,0.86,45.5,76.0,0,0.0,59.7,0,2,0.07,14.1,4,19.0,"BTC-PERP 33%, ETH-PERP 17%, ZEC-PERP 16%",True,False,True,False,True,True,True,False,40,-61.4,-15.4,-1.53
0x663b…1d57,160,661,-0.07,25.4,-43.8,4,7.0,33.8,57,91,8.43,0.1,3,-14.6,"BTC-PERP 47%, LIT-PERP 32%, ETH-PERP 11%",True,True,False,True,False,True,True,False,119,-15.0,-5.0,-0.13
0x664b…8979,52,561,-0.31,18.4,-172.2,2,0.0,53.2,17,28,11.67,0.0,6,-28.7,"ETH-PERP 24%, MU-PERP 16%, SNDK-PERP 14%",False,True,False,True,False,True,True,False,1171,-388.0,-64.7,-0.33
0x665e…d6ec,217,103,-0.26,31.1,-27.3,4,2.6,0.0,0,0,0.0,1.1,2,-13.6,"BTC-PERP 33%, ETH-PERP 28%, BNB-PERP 8%",True,True,False,False,False,True,True,False,39,-15.0,-7.5,-0.39
0x665f…3f09,209,924,-0.18,39.1,-169.0,6,0.3,27.7,22,39,3.07,1.9,4,-42.2,"BTC-PERP 35%, ETH-PERP 14%, HYPE-PERP 10%",True,True,False,True,False,True,True,False,123,124.1,31.0,1.01
0x66a3…1772,151,794,-0.38,27.3,-299.1,5,24.5,12.5,21,54,5.03,3.8,1,-299.1,"ETH-PERP 84%, BTC-PERP 16%",True,True,False,True,False,True,True,False,74,-20.1,-20.1,-0.27
0x66c4…6864,203,692,-0.73,13.2,-507.1,7,3.0,19.8,20,42,4.97,1.8,3,-169.0,"ETH-PERP 30%, BTC-PERP 23%, FARTCOIN-PERP 12%",True,True,False,True,False,True,True,False,196,23.3,7.8,0.12
0x66cf…3e25,182,1177,-0.26,1.7,-309.0,7,95.6,1.0,0,0,0.03,0.1,2,-154.5,"XAUT-PERP 49%, SOL-PERP 24%, BTC-PERP 22%",True,True,False,False,False,False,True,False,0,0.0,0.0,
0x66dd…634f,213,111,-0.14,16.2,-15.1,2,4.7,0.0,0,0,0.0,1.0,1,-15.1,"BTC-PERP 93%, HYPE-PERP 5%, ETH-PERP 2%",True,True,False,False,False,True,True,False,47,-10.8,-10.8,-0.23
0x6713…1229,224,92,0.83,65.2,76.4,2,32.0,1.2,0,0,0.07,17.5,5,15.3,"HYPE-PERP 26%, LIT-PERP 11%, BTC-PERP 9%",True,False,True,False,True,True,True,False,19,56.8,11.4,2.99
0x6738…1ff5,18,213,-0.29,19.2,-60.7,1,84.1,29.2,16,109,7.1,0.0,2,-30.4,"PUMP-PERP 13%, PENGU-PERP 12%, ENA-PERP 11%",False,True,False,True,False,False,True,False,4,-3.0,-1.5,-0.75
0x6750…7cfc,184,208,-0.05,26.9,-11.4,3,0.1,8.1,18,25,1.27,1.2,1,-11.4,"BTC-PERP 60%, HYPE-PERP 9%, SOL-PERP 8%",True,True,False,True,False,True,True,False,99,-3.7,-3.7,-0.04
0x6752…815a,156,212,-0.24,22.2,-51.9,5,14.4,19.5,0,7,0.97,0.1,1,-51.9,"SOL-PERP 56%, SPY-PERP 14%, WTI-PERP 9%",True,True,False,False,False,True,True,False,0,0.0,0.0,
0x676a…01d9,204,225,1.23,64.0,276.5,0,32.9,1.9,1,1,0.1,20.2,7,39.5,"HYPE-PERP 21%, XRP-PERP 18%, SOL-PERP 16%",True,True,True,False,True,True,True,False,6,2.1,0.3,0.35
0x6792…7415,244,177,-0.15,29.4,-25.9,5,0.0,2.2,3,9,0.83,17.0,1,-25.9,"BTC-PERP 93%, ETH-PERP 2%, XAUT-PERP 2%",True,True,False,True,True,True,True,False,6,-20.3,-20.3,-3.39
0x67bd…4849,211,114,-0.34,21.1,-38.7,6,24.0,2.0,0,0,0.03,0.3,2,-19.4,"BTC-PERP 64%, ETH-PERP 17%, XRP-PERP 10%",True,True,False,False,False,True,True,False,18,-6.4,-3.2,-0.36
0x67c2…6fc4,204,177,-0.04,39.0,-6.3,3,1.7,8.8,21,27,0.9,2.3,2,-3.2,"SUI-PERP 50%, BTC-PERP 22%, ETH-PERP 13%",True,True,False,True,True,True,True,False,24,2.3,1.2,0.1
0x6835…21bf,213,305,-0.28,8.5,-86.8,8,34.3,19.2,2,2,1.47,0.0,2,-43.4,"BTC-PERP 76%, ETH-PERP 21%, PENGU-PERP 1%",True,True,False,False,False,True,True,False,3,-0.3,-0.2,-0.1
0x6882…8686,116,363,0.34,62.0,124.3,0,3.5,40.4,12,22,2.17,2.1,4,31.1,"LIT-PERP 55%, HYPE-PERP 25%, PUMP-PERP 7%",True,True,True,True,True,True,True,True,100,-7.7,-1.9,-0.08
0x689a…0952,198,75,-0.26,33.3,-19.3,2,12.0,0.0,0,0,0.0,0.5,1,-19.3,"BTC-PERP 53%, SOL-PERP 23%, FARTCOIN-PERP 20%",True,False,False,False,False,True,True,False,97,-4.6,-4.6,-0.05
0x689d…905f,199,1051,-0.25,1.0,-258.8,1,93.1,0.0,0,0,0.0,0.0,1,-258.8,"BTC-PERP 99%, ETH-PERP 1%",True,True,False,False,False,False,True,False,41,-11.2,-11.2,-0.27
0x6901…d8d4,212,626,-0.09,20.1,-53.7,3,69.6,22.3,10,10,0.4,0.2,2,-26.8,"BTC-PERP 18%, ETH-PERP 17%, XAUT-PERP 13%",True,True,False,True,False,False,True,False,15,-10.3,-5.2,-0.69
0x690c…abee,206,152,-1.12,29.6,-170.3,5,19.7,6.6,0,2,0.23,9.4,4,-42.6,"BTC-PERP 38%, HYPE-PERP 18%, AAVE-PERP 7%",True,True,False,False,True,True,True,False,2,-1.3,-0.3,-0.63
0x6953…37c2,243,86,0.11,32.6,9.6,2,9.7,3.5,0,0,0.0,3.3,3,3.2,"BTC-PERP 73%, HYPE-PERP 7%, ETH-PERP 6%",True,False,True,False,True,True,True,False,37,21.7,7.2,0.59
0x6989…7541,49,511,-0.19,7.4,-97.3,2,0.0,10.5,19,44,5.13,0.2,3,-32.4,"HYPE-PERP 10%, SOL-PERP 8%, BTC-PERP 8%",False,True,False,True,False,True,True,False,185,-50.9,-17.0,-0.28
0x6a0c…f651,213,349,-0.25,39.0,-88.8,4,13.3,8.0,1,1,0.03,3.8,5,-17.8,"TAO-PERP 17%, HYPE-PERP 12%, LIT-PERP 8%",True,True,False,False,True,True,True,False,185,-26.6,-5.3,-0.14
0x6a65…b441,178,858,-0.22,37.5,-191.5,4,0.1,5.8,39,56,3.17,0.8,4,-47.9,"BTC-PERP 27%, WTI-PERP 25%, HYPE-PERP 19%",True,True,False,True,False,True,True,False,146,-22.3,-5.6,-0.15
0x6a68…7985,210,665,-0.32,34.0,-209.9,5,4.2,31.5,82,121,4.1,2.9,5,-42.0,"BTC-PERP 19%, ETH-PERP 18%, HYPE-PERP 13%",True,True,False,True,False,True,True,False,81,-34.6,-6.9,-0.43
0x6a73…05aa,40,159,-0.26,25.8,-42.1,1,28.9,14.6,8,62,4.73,1.6,1,-42.1,"BTC-PERP 53%, ETH-PERP 47%",False,True,False,True,False,True,True,False,84,-23.6,-23.6,-0.28
0x6a78…66ec,230,181,-0.22,33.7,-39.3,5,29.0,14.0,2,3,0.63,10.4,1,-39.3,"XAUT-PERP 36%, BTC-PERP 31%, ETH-PERP 18%",True,True,False,False,True,True,True,False,43,-1.6,-1.6,-0.04
0x6a9c…3bd4,79,28,-0.21,10.7,-5.8,2,24.9,6.5,12,12,0.4,0.2,1,-5.8,"BTC-PERP 64%, ZEC-PERP 11%, XAUT-PERP 7%",False,False,False,True,False,True,True,False,166,-47.5,-47.5,-0.29
0x6ac2…66f8,186,44,-0.38,40.9,-16.7,3,5.5,33.2,0,4,0.2,46.1,2,-8.4,"BTC-PERP 20%, XAUT-PERP 18%, WTI-PERP 18%",True,False,False,False,True,True,True,False,86,-3.5,-1.8,-0.04
0x6b14…1ae3,87,49,-0.38,14.3,-18.8,1,3.8,0.0,0,0,0.0,0.7,2,-9.4,"BTC-PERP 55%, XRP-PERP 12%, ETH-PERP 10%",False,False,False,False,False,True,True,False,222,55.5,27.8,0.25
0x6b2a…46d7,39,297,-0.24,5.4,-71.0,2,0.0,10.9,19,44,5.13,0.2,3,-23.7,"HYPE-PERP 11%, ETH-PERP 10%, ZEC-PERP 9%",False,True,False,True,False,True,True,False,95,-22.6,-7.5,-0.24
0x6b38…b44b,208,469,-0.29,15.8,-134.5,7,29.0,6.5,0,0,0.13,0.0,2,-67.2,"EURUSD-PERP 37%, BTC-PERP 23%, WTI-PERP 7%",True,True,False,False,False,True,True,False,7,3.5,1.8,0.49
0x6b78…902d,168,294,-0.17,51.4,-48.5,4,0.0,10.0,6,8,1.03,11.4,5,-9.7,"ETH-PERP 29%, SOL-PERP 27%, BTC-PERP 21%",True,True,False,True,True,True,True,False,120,-31.6,-6.3,-0.26
0x6b89…b94a,224,271,-0.27,33.2,-72.3,7,2.1,8.3,1,2,0.23,5.7,3,-24.1,"BTC-PERP 41%, HYPE-PERP 22%, ETH-PERP 7%",True,True,False,False,True,True,True,False,23,7.9,2.6,0.35
0x6bae…da55,167,306,-0.13,38.6,-40.3,4,0.4,6.3,11,17,1.13,1.2,6,-6.7,"BTC-PERP 41%, HYPE-PERP 13%, ETH-PERP 10%",True,True,False,True,False,True,True,False,37,-13.8,-2.3,-0.37
0x6be9…8966,202,868,-0.25,20.5,-215.0,6,87.0,95.5,36,96,5.3,0.2,1,-215.0,"ETH-PERP 39%, XAUT-PERP 16%, SPY-PERP 14%",True,True,False,True,False,False,True,False,19,-10.2,-10.2,-0.54
0x6c0b…c108,177,211,-0.24,1.9,-51.1,6,0.0,10.0,0,0,0.17,0.0,1,-51.1,"BTC-PERP 99%, SOL-PERP 1%",True,True,False,False,False,True,True,False,26,-7.2,-7.2,-0.28
0x6c2c…21e1,7,2502,-0.3,1.1,-743.2,1,84.9,519.0,2473,2502,83.4,0.0,3,-247.7,"SOL-PERP 39%, LIT-PERP 31%, PUMP-PERP 19%",False,True,False,True,False,False,True,False,1910,-505.8,-168.6,-0.26
0x6c74…996c,183,132,0.08,40.2,10.0,2,10.4,1.7,3,6,0.27,0.7,1,10.0,"BTC-PERP 78%, ETH-PERP 22%",True,True,True,True,False,True,True,False,6,9.4,9.4,1.57
0x6c78…91c2,104,1670,-0.19,11.9,-320.8,4,0.1,13.6,26,65,6.4,0.3,6,-53.5,"HYPE-PERP 8%, SOL-PERP 7%, ETH-PERP 7%",True,True,False,True,False,True,True,False,132,-41.8,-7.0,-0.32
0x6c98…97b9,128,211,-0.26,24.6,-54.4,5,0.0,6.4,10,16,1.13,1.0,2,-27.2,"BTC-PERP 36%, ETH-PERP 34%, SOL-PERP 24%",True,True,False,True,False,True,True,False,34,3.3,1.6,0.1
0x6cc1…1758,96,920,-0.24,13.6,-222.5,4,3.5,15.4,15,33,1.1,1.1,3,-74.2,"QQQ-PERP 18%, BTC-PERP 16%, ETH-PERP 15%",True,True,False,True,False,True,True,False,102,-48.8,-16.3,-0.48
0x6cce…b16e,249,147,0.94,49.0,138.8,1,6.2,3.1,0,0,0.17,1.1,3,46.3,"BTC-PERP 29%, SOL-PERP 21%, ETH-PERP 20%",True,True,True,False,False,True,True,False,39,177.4,59.1,4.55
0x6ce6…c2b0,108,281,-0.32,22.8,-89.6,4,3.0,7.1,4,18,1.5,1.4,2,-44.8,"BTC-PERP 40%, SOL-PERP 22%, WTI-PERP 6%",True,True,False,True,False,True,True,False,0,0.0,0.0,
0x6d10…6635,152,690,-0.28,23.3,-196.2,2,4.1,0.0,0,0,0.0,0.6,1,-196.2,"BTC-PERP 41%, ETH-PERP 33%, HYPE-PERP 16%",True,True,False,False,False,True,True,False,6,-1.6,-1.6,-0.27
0x6d3d…4ed9,111,104,-0.29,0.0,-30.3,4,0.0,6.7,3,5,0.43,0.0,2,-15.2,"BTC-PERP 59%, ETH-PERP 38%, TAO-PERP 2%",True,True,False,True,False,True,True,False,0,0.0,0.0,
0x6d42…7bd6/insilico,192,153,-0.41,2.6,-62.0,7,20.2,2.5,0,0,0.07,0.0,3,-20.7,"BTC-PERP 47%, HYPE-PERP 16%, SOL-PERP 13%",True,True,False,False,False,True,True,False,3,-1.0,-0.3,-0.33
0x6d82…1297,104,740,-0.18,11.2,-134.3,4,11.4,10.7,19,44,5.13,0.4,3,-44.8,"BTC-PERP 17%, XAUT-PERP 9%, HYPE-PERP 9%",True,True,False,True,False,True,True,False,284,-93.3,-31.1,-0.33
0x6d98…8430,42,390,-0.26,25.1,-100.1,2,32.1,25.0,53,114,9.93,1.7,1,-100.1,"BTC-PERP 51%, ETH-PERP 49%",False,True,False,True,False,True,True,False,146,-18.7,-18.7,-0.13
0x6dce…5c92,199,482,-0.38,29.7,-180.8,7,6.6,1.9,0,2,0.4,3.3,3,-60.3,"BTC-PERP 30%, ETH-PERP 23%, SOL-PERP 9%",True,True,False,False,True,True,True,False,41,24.0,8.0,0.59
0x6df1…a814,45,391,-0.21,33.0,-83.7,2,26.9,25.9,38,106,10.1,1.5,1,-83.7,"ETH-PERP 53%, SOL-PERP 47%",False,True,False,True,False,True,True,False,188,-33.5,-33.5,-0.18
0x6e22…9172,206,97,-0.16,7.2,-15.5,3,24.2,0.0,0,0,0.0,0.0,2,-7.8,"SUI-PERP 39%, BTC-PERP 31%, ETH-PERP 10%",True,False,False,False,False,True,True,False,5,-2.2,-1.1,-0.44
0x6e22…21b0,120,152,-0.41,12.5,-61.6,3,0.0,13.5,7,22,2.57,2.1,1,-61.6,"HYPE-PERP 43%, BTC-PERP 35%, ETH-PERP 16%",True,True,False,True,True,True,True,False,60,-28.4,-28.4,-0.47
0x6e51…586e,191,128,-0.25,49.2,-32.4,4,15.4,8.9,4,8,0.27,27.1,4,-8.1,"ETH-PERP 30%, SUI-PERP 12%, SOL-PERP 11%",True,True,False,True,True,True,True,False,5,-0.3,-0.1,-0.06
0x6e60…4433,211,355,-0.22,25.6,-79.8,6,4.5,9.0,0,1,0.1,0.3,1,-79.8,"BTC-PERP 56%, HYPE-PERP 28%, ETH-PERP 14%",True,True,False,False,False,True,True,False,0,0.0,0.0,
0x6e83…b102,109,272,-0.27,0.7,-74.5,4,11.5,6.4,15,28,1.63,0.0,1,-74.5,"BTC-PERP 96%, XAUT-PERP 2%, HYPE-PERP 1%",True,True,False,True,False,True,True,False,222,-49.4,-49.4,-0.22
0x6e9c…5cda,243,252,0.01,33.7,1.6,4,5.6,8.7,12,20,1.57,3.2,2,0.8,"BTC-PERP 77%, ETH-PERP 8%, SOL-PERP 8%",True,True,True,True,True,True,True,True,37,-17.5,-8.8,-0.47
0x6eaa…25cd,181,983,-0.26,9.5,-250.8,6,65.3,4.0,0,0,0.07,0.1,3,-83.6,"ETH-PERP 31%, SOL-PERP 24%, BTC-PERP 19%",True,True,False,False,False,False,True,False,153,-49.4,-16.5,-0.32
0x6ed2…ef67,199,64,0.27,81.2,17.4,2,74.1,3.6,2,14,0.7,7.6,1,17.4,"WTI-PERP 33%, MU-PERP 22%, SPCX-PERP 14%",True,False,True,True,True,False,True,False,48,126.9,126.9,2.64
0x6ed9…5f24,116,221,-0.32,2.3,-70.5,4,0.0,2.2,3,6,0.67,0.0,1,-70.5,BTC-PERP 100%,True,True,False,True,False,True,True,False,3,-2.9,-2.9,-0.97
0x6ee1…15b6,249,495,-0.23,19.0,-115.1,7,1.8,17.0,36,57,3.0,1.5,3,-38.4,"ETH-PERP 60%, BTC-PERP 20%, SOL-PERP 17%",True,True,False,True,False,True,True,False,91,-37.9,-12.6,-0.42
0x6f32…2b3d,66,770,-0.22,6.5,-172.1,3,0.0,23.3,0,34,4.77,0.2,3,-57.4,"HYPE-PERP 11%, ETH-PERP 8%, SOL-PERP 8%",False,True,False,False,False,True,True,False,0,0.0,0.0,
0x6f3b…aedb,190,214,-0.02,33.2,-4.3,3,0.0,66.6,30,45,4.6,6.2,6,-0.7,"BTC-PERP 23%, ETH-PERP 22%, SOL-PERP 11%",True,True,False,True,False,True,True,False,203,-140.5,-23.4,-0.69
0x6f99…5cb6,163,275,0.07,42.9,20.2,2,36.9,34.9,0,30,1.37,2.1,2,10.1,"SOL-PERP 66%, ETH-PERP 20%, SUI-PERP 11%",True,True,True,False,True,True,True,False,25,-13.9,-7.0,-0.56
0x6fbe…7446,212,108,-0.24,26.9,-25.5,3,0.9,18.3,38,62,2.07,1.2,2,-12.8,"BTC-PERP 41%, XAUT-PERP 15%, XMR-PERP 9%",True,True,False,True,False,True,True,False,309,-127.5,-63.8,-0.41
0x6fc8…deb1,55,126,-0.18,43.7,-22.6,2,0.0,7.0,21,30,2.2,6.5,1,-22.6,"BTC-PERP 99%, HYPE-PERP 1%",False,True,False,True,True,True,True,False,16,-5.4,-5.4,-0.34
0x6fd7…3136,213,113,-0.25,20.4,-28.4,6,8.4,0.0,0,0,0.0,0.2,1,-28.4,"BTC-PERP 56%, ETH-PERP 43%, XRP-PERP 1%",True,True,False,False,False,True,True,False,3,-3.6,-3.6,-1.21
0x6ffb…b0cd,181,281,-0.31,19.2,-87.1,5,0.0,2.7,1,2,0.47,0.2,1,-87.1,"BTC-PERP 35%, SOL-PERP 22%, HYPE-PERP 14%",True,True,False,False,False,True,True,False,246,-53.9,-53.9,-0.22
0x702e…eafd,239,492,-0.29,20.3,-141.1,5,7.0,22.9,5,8,0.63,1.2,4,-35.3,"HYPE-PERP 22%, BTC-PERP 21%, ETH-PERP 12%",True,True,False,True,False,True,True,False,21,-13.8,-3.4,-0.66
0x707a…c876/default_1,26,32,0.51,50.0,16.3,0,0.0,6.9,9,22,1.07,48.4,8,2.0,"HYPE-PERP 19%, SUI-PERP 12%, XRP-PERP 12%",False,False,True,True,True,True,True,False,125,-163.7,-20.5,-1.31
0x70a1…b6f8,110,77,-0.24,16.9,-18.9,4,7.2,3.7,0,0,0.13,0.5,2,-9.4,"ETH-PERP 26%, SOL-PERP 21%, BTC-PERP 13%",True,False,False,False,False,True,True,False,49,-16.3,-8.2,-0.33
0x70a8…47bb,41,525,-0.39,7.2,-207.3,2,0.5,104.3,19,119,15.3,0.2,2,-103.6,"ETH-PERP 72%, HYPE-PERP 15%, SOL-PERP 7%",False,True,False,True,False,True,True,False,0,0.0,0.0,
0x70af…13e4,169,123,-0.06,32.5,-7.0,4,17.3,3.0,2,5,0.73,10.0,2,-3.5,"BTC-PERP 21%, ETH-PERP 11%, XRP-PERP 9%",True,True,False,True,True,True,True,False,12,-13.4,-6.7,-1.12
0x70de…e4f7,163,130,-0.26,29.2,-34.4,6,0.0,2.2,4,8,0.6,0.4,1,-34.4,BTC-PERP 100%,True,True,False,True,False,True,True,False,17,-6.1,-6.1,-0.36
0x7112…7fe9,215,1193,-0.35,9.3,-417.8,8,0.0,12.0,1,39,3.67,0.1,1,-417.8,"BTC-PERP 50%, ETH-PERP 19%, SOL-PERP 10%",True,True,False,True,False,True,True,False,0,0.0,0.0,
0x719a…63c7,226,401,0.05,41.9,21.6,3,42.7,17.0,2,8,0.87,5.1,4,5.4,"BTC-PERP 51%, ETH-PERP 19%, HYPE-PERP 13%",True,True,True,True,True,True,True,True,4,-5.1,-1.3,-1.27
0x71a9…11e9,216,482,-0.4,20.7,-194.8,6,23.0,10.8,7,14,1.4,0.9,1,-194.8,"BTC-PERP 42%, ETH-PERP 33%, SOL-PERP 5%",True,True,False,True,False,True,True,False,1,1.5,1.5,1.51
0x71e3…e424,56,686,-0.3,4.1,-204.6,2,0.0,13.7,26,63,6.43,0.2,3,-68.2,"HYPE-PERP 9%, BTC-PERP 8%, SOL-PERP 8%",False,True,False,True,False,True,True,False,307,-126.5,-42.2,-0.41
0x71e5…d250,32,87,-0.14,21.8,-12.1,2,0.0,28.0,10,23,2.6,1.5,2,-6.0,"BTC-PERP 31%, ETH-PERP 25%, SOL-PERP 7%",False,False,False,True,False,True,True,False,15,-4.0,-2.0,-0.27
0x7223…e7c4,139,338,-0.18,22.2,-62.2,4,91.8,37.3,30,58,3.03,0.2,3,-20.7,"BTC-PERP 63%, XAG-PERP 11%, HYPE-PERP 7%",True,True,False,True,False,False,True,False,195,-42.6,-14.2,-0.22
0x7226…28c4,109,251,-0.47,22.7,-117.4,4,16.2,6.6,13,40,2.8,0.4,1,-117.4,"HYPE-PERP 44%, ETH-PERP 39%, AAVE-PERP 8%",True,True,False,True,False,True,True,False,24,-10.7,-10.7,-0.44
0x7277…25f9,154,295,-0.26,35.9,-75.7,5,27.9,6.3,1,16,1.13,1.0,1,-75.7,"BTC-PERP 89%, SOL-PERP 6%, ETH-PERP 4%",True,True,False,True,False,True,True,False,0,0.0,0.0,
0x727c…31fc,188,119,-0.34,10.9,-41.0,4,3.6,0.0,0,0,0.0,0.0,1,-41.0,"ETH-PERP 39%, BTC-PERP 29%, HYPE-PERP 13%",True,True,False,False,False,True,True,False,5,-1.5,-1.5,-0.29
0x7290…1d4a,213,213,-0.07,15.5,-15.2,5,44.0,4.7,0,1,0.33,0.3,1,-15.2,"BTC-PERP 71%, ETH-PERP 12%, HYPE-PERP 5%",True,True,False,False,False,True,True,False,16,-6.9,-6.9,-0.43
0x7290…5c44,57,717,-0.28,6.8,-199.1,2,0.0,14.1,25,62,6.1,0.2,3,-66.4,"HYPE-PERP 11%, BTC-PERP 9%, ETH-PERP 9%",False,True,False,True,False,True,True,False,193,-70.8,-23.6,-0.37
0x72a2…b41f,210,229,-0.26,9.2,-60.5,4,76.2,0.0,0,0,0.0,0.1,2,-30.2,"BTC-PERP 40%, SOL-PERP 37%, HYPE-PERP 3%",True,True,False,False,False,False,True,False,10,39.6,19.8,3.96
0x72ad…b8b2,137,691,-0.35,9.0,-244.7,4,40.1,41.9,0,0,5.03,0.1,3,-81.6,"BTC-PERP 54%, XAUT-PERP 20%, SOL-PERP 18%",True,True,False,False,False,True,True,False,495,-119.3,-39.8,-0.24
0x72b0…c695,217,782,-0.28,14.8,-215.2,8,60.4,9.2,23,32,1.53,0.1,2,-107.6,"BTC-PERP 23%, XAUT-PERP 14%, XRP-PERP 14%",True,True,False,True,False,False,True,False,31,-9.9,-5.0,-0.32
0x72e2…439e,183,114,-0.58,36.8,-65.9,6,0.8,8.3,20,43,2.07,1.7,1,-65.9,"ZEC-PERP 15%, XMR-PERP 11%, BTC-PERP 9%",True,True,False,True,False,True,True,False,6,-2.2,-2.2,-0.36
0x72ed…c2f4,128,133,-0.25,30.1,-33.7,4,0.0,4.4,6,13,0.87,3.5,3,-11.2,"BTC-PERP 38%, ETH-PERP 35%, SOL-PERP 18%",True,True,False,True,True,True,True,False,36,4.1,1.4,0.11
0x731b…15f9,219,140,0.46,45.7,64.7,2,40.1,9.0,0,1,0.13,0.3,2,32.4,"BTC-PERP 24%, ETH-PERP 15%, PUMP-PERP 11%",True,True,True,False,False,True,True,False,5,2.1,1.0,0.41
0x732c…7561,170,216,-0.19,25.9,-40.5,5,0.9,11.7,10,23,1.9,0.9,2,-20.2,"WTI-PERP 39%, BTC-PERP 23%, XAUT-PERP 18%",True,True,False,True,False,True,True,False,161,-21.7,-10.8,-0.13
0x7346…3ed7,142,183,-0.39,33.9,-71.2,5,25.8,35.3,0,0,0.9,5.9,1,-71.2,"XAG-PERP 42%, BNB-PERP 14%, XAUT-PERP 12%",True,True,False,False,True,True,True,False,11,29.3,29.3,2.66
0x737a…c5e3,163,162,0.92,88.9,149.6,0,1.3,2.2,1,7,0.47,25.1,6,24.9,"BTC-PERP 27%, ETH-PERP 15%, SUI-PERP 15%",True,True,True,True,True,True,True,True,23,86.3,14.4,3.75
0x741a…7707,169,153,-0.27,31.4,-40.6,6,16.4,3.0,1,1,0.17,0.8,1,-40.6,"BTC-PERP 76%, ETH-PERP 22%, XAG-PERP 1%",True,True,False,False,False,True,True,False,4,2.1,2.1,0.54
0x7444…ed0c,177,1135,-0.49,25.4,-551.2,6,29.8,2.8,3,13,1.1,1.5,5,-110.2,"BTC-PERP 9%, QQQ-PERP 8%, XAUT-PERP 7%",True,True,False,True,False,True,True,False,10,-45.6,-9.1,-4.56
0x74b5…961c,73,336,-0.26,9.2,-88.6,3,3.6,10.5,0,3,2.37,0.2,3,-29.5,"ETH-PERP 14%, SOL-PERP 12%, XAUT-PERP 10%",False,True,False,False,False,True,True,False,12,-6.3,-2.1,-0.52
0x7500…44a0,183,224,-0.89,37.9,-199.7,6,15.0,112.2,5,9,0.7,12.7,5,-39.9,"LIT-PERP 30%, HYPE-PERP 25%, XAUT-PERP 9%",True,True,False,True,True,True,True,False,17,-20.5,-4.1,-1.21
0x750a…2479,231,481,-0.23,5.0,-109.0,7,1.3,10.8,3,6,0.63,0.0,1,-109.0,"BTC-PERP 83%, ETH-PERP 9%, XAG-PERP 2%",True,True,False,True,False,True,True,False,83,22.9,22.9,0.28
0x751e…2488,216,564,-0.28,0.4,-156.2,7,0.9,9.1,0,11,1.77,0.0,1,-156.2,"BTC-PERP 37%, ETH-PERP 33%, SOL-PERP 20%",True,True,False,False,False,True,True,False,0,0.0,0.0,
0x7566…3795,209,1195,-0.32,34.3,-387.6,7,2.0,5.8,13,24,2.3,0.4,5,-77.5,"BTC-PERP 29%, ETH-PERP 18%, MON-PERP 12%",True,True,False,True,False,True,True,False,92,-25.8,-5.2,-0.28
0x75b2…91d4,75,141,-0.28,4.3,-40.1,3,0.0,2.9,2,10,1.0,0.0,1,-40.1,"ETH-PERP 54%, XAUT-PERP 30%, BTC-PERP 16%",False,True,False,True,False,True,True,False,1,-1.3,-1.3,-1.31
0x75c7…df4d,127,195,-0.49,31.8,-96.4,5,5.4,5.0,14,32,2.33,5.7,1,-96.4,"BTC-PERP 72%, ETH-PERP 16%, HYPE-PERP 7%",True,True,False,True,True,True,True,False,205,-45.1,-45.1,-0.22
0x7602…fbff,152,135,0.26,38.5,35.3,2,2.9,12.3,4,11,1.53,15.2,6,5.9,"AAVE-PERP 11%, SOL-PERP 10%, ETH-PERP 7%",True,True,True,True,True,True,True,True,1,-0.3,-0.0,-0.31
0x762d…8011,99,179,-0.33,29.1,-59.2,3,15.9,0.0,0,0,0.0,3.6,4,-14.8,"BTC-PERP 23%, XAUT-PERP 15%, ETH-PERP 13%",True,True,False,False,True,True,True,False,39,-13.7,-3.4,-0.35
0x763a…3bdd,21,19,-0.91,31.6,-17.3,1,1.9,8.0,8,18,0.63,3.0,4,-4.3,"BTC-PERP 26%, TAO-PERP 21%, LIT-PERP 16%",False,False,False,True,True,True,True,False,84,64.8,16.2,0.77
0x768b…d337,53,579,-0.42,1.4,-245.1,2,0.0,10.2,19,44,5.07,0.2,4,-61.3,"HYPE-PERP 10%, BTC-PERP 9%, SOL-PERP 8%",False,True,False,True,False,True,True,False,124,-39.5,-9.9,-0.32
0x76ba…e370,219,858,-0.28,21.7,-244.2,5,18.3,27.4,84,159,9.83,1.7,2,-122.1,"HYPE-PERP 57%, BTC-PERP 40%, ETH-PERP 3%",True,True,False,True,False,True,True,False,493,-195.7,-97.8,-0.4
0x7701…5b22,181,790,-0.29,15.9,-225.7,6,18.0,5.7,12,16,1.23,0.2,1,-225.7,"BTC-PERP 98%, WTI-PERP 1%, USDJPY-PERP 0%",True,True,False,True,False,True,True,False,29,-1.0,-1.0,-0.04
0x770b…e585,123,168,-0.15,37.5,-25.1,3,0.0,3.5,8,18,1.57,1.8,1,-25.1,"SOL-PERP 8%, LIT-PERP 8%, XPL-PERP 7%",True,True,False,True,False,True,True,False,29,-2.7,-2.7,-0.09
0x772e…748c,190,315,-0.09,45.4,-27.8,4,29.8,7.4,14,24,1.6,70.7,9,-3.1,"BTC-PERP 20%, ETH-PERP 17%, kPEPE-PERP 5%",True,True,False,True,True,True,True,False,40,0.3,0.0,0.01
0x775b…64ff,207,70,0.19,38.6,13.6,1,17.9,0.0,0,0,0.0,13.9,2,6.8,"BTC-PERP 63%, ETH-PERP 19%, SOL-PERP 10%",True,False,True,False,True,True,True,False,94,49.1,24.6,0.52
0x7791…d728,144,316,-0.21,43.0,-66.5,4,0.6,4.2,2,3,0.67,11.7,3,-22.2,"BTC-PERP 58%, DOGE-PERP 9%, UNI-PERP 6%",True,True,False,False,True,True,True,False,28,36.9,12.3,1.32
0x77ff…bbf1,65,93,0.96,45.2,89.1,1,0.5,4.6,16,27,1.9,23.4,6,14.8,"SPCX-PERP 9%, HYPE-PERP 8%, AAVE-PERP 8%",False,False,True,True,True,True,True,False,114,-166.3,-27.7,-1.46
0x780c…2e91,216,70,-0.3,44.3,-21.3,6,10.3,0.0,0,0,0.0,5.8,2,-10.6,"BTC-PERP 60%, ETH-PERP 40%",True,False,False,False,True,True,True,False,83,-25.4,-12.7,-0.31
0x7821…5164,32,151,-0.27,24.5,-41.2,2,30.2,13.0,9,56,4.4,1.6,1,-41.2,"BTC-PERP 52%, ETH-PERP 48%",False,True,False,True,False,True,True,False,189,-53.5,-53.5,-0.28
0x782e…3b62,100,1445,-0.32,10.3,-458.6,4,0.0,231.8,117,238,11.23,0.4,1,-458.6,"AAPL-PERP 23%, HYPE-PERP 13%, BTC-PERP 13%",True,True,False,True,False,False,True,False,122,-35.3,-35.3,-0.29
0x7830…7de9,191,1728,-0.26,19.2,-448.7,7,28.7,37.4,43,105,9.1,0.5,2,-224.4,"BTC-PERP 39%, ETH-PERP 36%, XAUT-PERP 12%",True,True,False,True,False,True,True,False,254,-74.9,-37.4,-0.29
0x7841…77b5,167,261,-0.05,63.2,-12.0,3,55.3,19.8,0,0,1.07,1.3,1,-12.0,"HYPE-PERP 61%, BTC-PERP 23%, ETH-PERP 7%",True,True,False,False,False,False,True,False,11,-3.3,-3.3,-0.3
0x78ac…8a91,107,108,-0.44,26.9,-47.2,2,0.0,0.0,0,0,0.0,0.8,1,-47.2,"BTC-PERP 55%, ETH-PERP 23%, HYPE-PERP 19%",True,True,False,False,False,True,True,False,18,-14.8,-14.8,-0.82
0x78ac…8a91/default_1,21,22,-0.58,4.5,-12.7,1,0.0,10.0,18,20,0.73,0.7,1,-12.7,"HYPE-PERP 41%, BTC-PERP 36%, ETH-PERP 18%",False,False,False,True,False,True,True,False,84,-26.0,-26.0,-0.31
0x78b3…3839,45,425,-0.25,4.0,-105.3,2,0.0,10.1,19,44,4.87,0.2,3,-35.1,"HYPE-PERP 10%, ZEC-PERP 9%, ETH-PERP 9%",False,True,False,True,False,True,True,False,112,-29.7,-9.9,-0.27
0x78bc…3cb3,80,1000,-0.15,13.4,-148.3,3,0.0,15.0,25,62,6.27,0.2,3,-49.4,"ETH-PERP 10%, BTC-PERP 9%, HYPE-PERP 8%",False,True,False,True,False,True,True,False,216,-58.3,-19.4,-0.27
0x78c3…42aa,210,1072,-0.42,26.5,-455.2,7,4.0,27.8,0,0,1.33,2.3,4,-113.8,"BTC-PERP 36%, HYPE-PERP 29%, ETH-PERP 12%",True,True,False,False,True,True,True,False,2,0.3,0.1,0.14
0x7901…4fb2,39,291,-0.26,28.9,-74.3,2,32.1,18.4,39,94,7.07,1.7,1,-74.3,"BTC-PERP 51%, ETH-PERP 49%",False,True,False,True,False,True,True,False,57,-20.2,-20.2,-0.35
0x791c…d2af,19,188,-0.29,5.3,-54.5,1,0.2,19.9,26,68,6.27,0.3,3,-18.2,"ZEC-PERP 11%, SOL-PERP 11%, HYPE-PERP 10%",False,True,False,True,False,True,True,False,230,-47.0,-15.7,-0.2
0x7939…0430,218,198,-0.3,39.4,-58.6,4,0.0,3.8,4,7,0.8,10.7,4,-14.6,"BTC-PERP 38%, ETH-PERP 18%, HYPE-PERP 10%",True,True,False,True,True,True,True,False,18,-33.3,-8.3,-1.85
0x7942…e1d3,179,91,0.47,33.0,42.8,1,45.5,1.0,0,0,0.0,0.6,2,21.4,"BTC-PERP 49%, ETH-PERP 25%, SOL-PERP 8%",True,False,True,False,False,True,True,False,20,40.8,20.4,2.04
0x7948…e784,210,1696,-0.17,19.1,-284.9,4,36.9,1.0,0,0,0.03,0.0,4,-71.2,"BTC-PERP 56%, HYPE-PERP 13%, ETH-PERP 11%",True,True,False,False,False,True,True,False,25,26.1,6.5,1.04
0x795c…12ef,170,4947,-0.26,3.8,-1272.7,6,61.4,16.6,24,63,6.17,0.0,4,-318.2,"ETH-PERP 23%, HYPE-PERP 16%, BTC-PERP 14%",True,True,False,True,False,False,True,False,96,-23.3,-5.8,-0.24
0x7986…0a83,198,139,-0.12,45.3,-16.5,4,69.4,11.1,4,9,0.77,26.4,2,-8.2,"ETH-PERP 37%, BTC-PERP 32%, SOL-PERP 18%",True,True,False,True,True,False,True,False,20,-28.5,-14.2,-1.43
0x79b1…d643,149,59,-0.06,30.5,-3.3,4,3.0,19.4,6,12,0.83,10.6,2,-1.6,"ETH-PERP 56%, SOL-PERP 24%, FARTCOIN-PERP 10%",True,False,False,True,True,True,True,False,75,-84.1,-42.0,-1.12
0x79b6…eaee,174,78,-0.4,25.6,-31.2,3,0.8,3.7,9,18,1.13,0.4,1,-31.2,"ETH-PERP 26%, SOL-PERP 14%, HYPE-PERP 14%",True,False,False,True,False,True,True,False,51,-9.3,-9.3,-0.18
0x79ca…9b14,168,860,-0.2,14.3,-169.4,4,0.0,18.2,26,64,6.4,0.2,3,-56.5,"ETH-PERP 9%, HYPE-PERP 9%, BTC-PERP 8%",True,True,False,True,False,True,True,False,185,-47.1,-15.7,-0.25
0x79db…228f,169,320,-0.42,0.6,-135.3,6,0.0,2.3,3,8,0.47,0.0,1,-135.3,"BTC-PERP 99%, XAUT-PERP 1%, SOL-PERP 0%",True,True,False,True,False,True,True,False,41,-15.3,-15.3,-0.37
0x7a25…dde8,208,378,-0.41,25.4,-154.1,7,24.4,4.9,5,12,1.2,1.0,4,-38.5,"BTC-PERP 40%, ETH-PERP 26%, XAUT-PERP 12%",True,True,False,True,False,True,True,False,89,57.3,14.3,0.64
0x7a30…1faa,11,63,-0.31,0.0,-19.6,1,91.1,42.4,28,63,2.1,0.1,1,-19.6,"QQQ-PERP 59%, SPCX-PERP 21%, NVDA-PERP 19%",False,False,False,True,False,False,True,False,38,-12.0,-12.0,-0.32
0x7a32…6cba,164,148,0.21,31.1,31.1,3,0.0,27.3,10,18,1.5,0.1,2,15.6,"BTC-PERP 80%, QQQ-PERP 3%, XRP-PERP 3%",True,True,True,True,False,True,True,False,24,-10.1,-5.0,-0.42
0x7a74…d780,206,148,-0.38,27.7,-56.2,4,0.0,0.0,0,0,0.0,0.3,2,-28.1,"BTC-PERP 43%, ETH-PERP 19%, XRP-PERP 8%",True,True,False,False,False,True,True,False,6,-0.9,-0.4,-0.15
0x7a77…e3ac,53,110,-0.15,17.3,-16.6,2,0.0,11.9,19,34,1.9,0.4,1,-16.6,"BTC-PERP 86%, ZEC-PERP 6%, SOL-PERP 2%",False,True,False,True,False,True,True,False,0,0.0,0.0,
0x7a7d…1079,119,179,-0.2,17.3,-36.3,4,0.0,22.0,17,17,0.57,0.4,1,-36.3,"BTC-PERP 99%, ETH-PERP 1%",True,True,False,True,False,True,True,False,0,0.0,0.0,
0x7aa4…0c01,63,555,-0.29,4.3,-162.8,2,0.0,10.6,19,44,5.23,0.2,3,-54.3,"HYPE-PERP 10%, ETH-PERP 8%, BTC-PERP 8%",False,True,False,True,False,True,True,False,123,-33.5,-11.2,-0.27
0x7aac…23a1,232,340,-0.18,41.2,-62.9,4,59.9,24.8,5,5,0.4,1.3,3,-21.0,"BTC-PERP 29%, ETH-PERP 19%, HYPE-PERP 10%",True,True,False,True,False,False,True,False,130,17.6,5.9,0.14
0x7ad4…5e40,217,392,-0.3,22.7,-117.9,4,16.0,4.6,0,0,0.4,0.1,3,-39.3,"BTC-PERP 39%, MON-PERP 23%, ETH-PERP 16%",True,True,False,False,False,True,True,False,0,0.0,0.0,
0x7ae5…263a,217,160,0.08,50.0,12.5,4,6.1,4.9,5,10,0.33,9.8,2,6.2,"HYPE-PERP 11%, AAVE-PERP 9%, MON-PERP 9%",True,True,True,True,True,True,True,True,42,-17.4,-8.7,-0.41
0x7aea…51b5,71,112,-0.44,18.8,-49.0,3,42.3,11.0,0,7,0.23,0.3,2,-24.5,"BTC-PERP 38%, ETH-PERP 24%, SPY-PERP 12%",False,True,False,False,False,True,True,False,0,0.0,0.0,
0x7b2a…a927,126,25,3.5,84.0,87.4,0,0.1,2.7,0,0,0.07,89.6,4,21.8,"BTC-PERP 32%, ETH-PERP 16%, XRP-PERP 12%",True,False,True,False,True,True,True,False,114,-12.3,-3.1,-0.11
0x7b3a…a404,44,375,-0.22,30.9,-82.8,2,33.4,25.7,34,104,9.6,1.5,1,-82.8,"ETH-PERP 56%, SOL-PERP 44%",False,True,False,True,False,True,True,False,118,-26.8,-26.8,-0.23
0x7b61…0947,86,167,-0.27,6.0,-45.9,3,85.4,17.3,11,22,1.5,0.3,1,-45.9,"BTC-PERP 98%, SOL-PERP 1%, HYPE-PERP 1%",False,True,False,True,False,False,True,False,40,-11.7,-11.7,-0.29
0x7b6c…544b,163,101,0.47,46.5,47.6,2,0.0,26.0,10,18,1.53,2.6,2,23.8,"BTC-PERP 67%, QQQ-PERP 7%, XRP-PERP 5%",True,True,True,True,True,True,True,True,23,-17.5,-8.8,-0.76
0x7b81…d20f,104,94,-0.39,6.4,-36.7,3,0.0,15.4,28,61,2.83,0.4,2,-18.4,"BTC-PERP 15%, ETH-PERP 15%, HYPE-PERP 14%",True,False,False,True,False,True,True,False,55,-15.3,-7.6,-0.28
0x7b8a…7b7a,162,257,-0.33,4.7,-86.0,5,0.6,0.0,0,0,0.0,0.1,1,-86.0,"ETH-PERP 41%, BTC-PERP 37%, SOL-PERP 7%",True,True,False,False,False,True,True,False,52,-13.9,-13.9,-0.27
0x7bc4…851a,186,173,-0.27,31.2,-46.0,7,0.0,2.9,3,7,0.27,0.4,1,-46.0,"ETH-PERP 91%, SOL-PERP 5%, LIT-PERP 2%",True,True,False,True,False,True,True,False,49,-11.6,-11.6,-0.24
0x7bd5…6d02,171,222,-0.94,35.1,-208.5,5,0.0,34.6,4,14,0.87,44.1,5,-41.7,"XAUT-PERP 11%, XAG-PERP 7%, SOL-PERP 7%",True,True,False,True,True,True,True,False,76,97.0,19.4,1.28
0x7c42…d05e,214,301,-0.06,29.2,-18.0,5,10.1,6.6,13,26,1.0,0.2,1,-18.0,"BTC-PERP 60%, HYPE-PERP 23%, ETH-PERP 9%",True,True,False,True,False,True,True,False,27,-3.4,-3.4,-0.12
0x7c4e…3fc2,186,130,-0.44,22.3,-57.5,5,1.0,3.6,0,0,0.17,0.2,6,-9.6,"BTC-PERP 42%, ETH-PERP 18%, SOL-PERP 5%",True,True,False,False,False,True,True,False,5,-3.0,-0.5,-0.61
0x7c54…afa7,32,67,-0.3,20.9,-20.0,1,21.8,12.3,0,0,2.03,1.5,1,-20.0,"ETH-PERP 67%, BTC-PERP 33%",False,False,False,False,False,True,True,False,101,-15.9,-15.9,-0.16
0x7c5d…1676,210,636,-0.17,30.5,-109.7,6,2.9,8.9,7,19,1.33,0.4,2,-54.8,"BTC-PERP 50%, SOL-PERP 13%, ETH-PERP 10%",True,True,False,True,False,True,True,False,105,-6.3,-3.2,-0.06
0x7c65…7317,86,60,0.12,35.0,7.4,1,39.4,6.8,10,19,1.33,0.8,2,3.7,"ZEC-PERP 33%, BTC-PERP 23%, SOL-PERP 12%",False,False,True,True,False,True,True,False,179,-46.8,-23.4,-0.26
0x7d1f…fbf4,214,342,0.04,45.6,13.1,6,0.2,5.5,0,1,0.5,20.0,7,1.9,"SOL-PERP 18%, ETH-PERP 16%, BTC-PERP 13%",True,True,True,False,True,True,True,False,6,6.5,0.9,1.08
0x7d31…b21b,163,159,-0.23,44.7,-37.4,4,0.1,39.8,12,17,1.37,4.2,4,-9.4,"LIT-PERP 12%, ETH-PERP 11%, HYPE-PERP 11%",True,True,False,True,True,True,True,False,98,301.7,75.4,3.08
0x7d43…0eb8,205,570,0.23,62.3,128.7,1,24.3,32.2,41,76,3.67,1.2,3,42.9,"BTC-PERP 33%, HYPE-PERP 27%, TAO-PERP 24%",True,True,True,True,False,True,True,False,129,34.9,11.6,0.27
0x7d59…246a,173,370,-0.18,24.9,-66.6,4,33.8,0.0,0,0,0.0,1.1,3,-22.2,"BTC-PERP 32%, ETH-PERP 29%, SOL-PERP 11%",True,True,False,False,False,True,True,False,19,-30.3,-10.1,-1.59
0x7da5…696b,200,200,-0.05,48.0,-10.4,4,6.1,2.4,0,0,0.0,1.6,1,-10.4,"SOL-PERP 68%, LINK-PERP 32%, XAUT-PERP 1%",True,True,False,False,False,True,True,False,27,14.5,14.5,0.54
0x7daf…d835,72,113,-0.35,53.1,-39.2,1,29.2,11.1,4,7,0.37,1.3,4,-9.8,"BTC-PERP 36%, HYPE-PERP 18%, ZEC-PERP 11%",False,True,False,True,False,True,True,False,1,-0.2,-0.0,-0.19
0x7dec…4de6,72,100,-0.33,19.0,-33.4,1,37.0,0.0,0,0,0.0,0.1,4,-8.4,"XPL-PERP 49%, MON-PERP 16%, WLFI-PERP 8%",False,True,False,False,False,True,True,False,64,-19.5,-4.9,-0.3
0x7df4…c7cd,106,494,-0.42,25.5,-205.6,4,8.9,27.9,2,8,2.03,0.5,4,-51.4,"ETH-PERP 21%, SOL-PERP 10%, BTC-PERP 9%",True,True,False,True,False,True,True,False,48,-22.2,-5.6,-0.46
0x7e15…f12b,215,1314,-0.35,9.1,-456.9,8,0.0,9.6,15,54,4.37,0.1,1,-456.9,"BTC-PERP 52%, ETH-PERP 19%, GBPUSD-PERP 8%",True,True,False,True,False,True,True,False,14,-7.6,-7.6,-0.54
0x7e2f…02a8,212,1523,-0.31,38.9,-467.5,7,1.0,70.6,35,69,7.13,2.6,6,-77.9,"BTC-PERP 17%, SOL-PERP 12%, ETH-PERP 11%",True,True,False,True,False,True,True,False,80,-26.6,-4.4,-0.33
0x7e3b…6046,225,233,-0.2,27.9,-46.3,5,59.7,14.6,5,8,0.3,10.6,3,-15.4,"BTC-PERP 28%, XAUT-PERP 19%, HYPE-PERP 6%",True,True,False,True,True,False,True,False,14,1.3,0.4,0.1
0x7e40…26c6,146,344,-0.18,40.4,-60.6,5,39.0,3.3,0,0,0.17,0.8,1,-60.6,"SOL-PERP 46%, XRP-PERP 36%, ETH-PERP 17%",True,True,False,False,False,True,True,False,16,-3.2,-3.2,-0.2
0x7e43…de05,90,983,-0.26,12.9,-254.3,3,22.5,15.9,15,41,1.37,0.4,3,-84.8,"WTI-PERP 37%, ETH-PERP 9%, BTC-PERP 8%",True,True,False,True,False,True,True,False,330,-106.8,-35.6,-0.32
0x7e5f…3632,75,266,-0.25,9.0,-66.5,2,31.9,47.0,67,102,4.83,0.5,1,-66.5,"QQQ-PERP 63%, SPY-PERP 19%, XAUT-PERP 14%",False,True,False,True,False,True,True,False,124,-33.7,-33.7,-0.27
0x7e93…4170,38,244,-0.23,30.7,-55.8,2,28.3,16.2,14,57,5.5,1.7,1,-55.8,"ETH-PERP 55%, BTC-PERP 45%",False,True,False,True,False,True,True,False,202,-35.4,-35.4,-0.18
0x7e99…2f11,226,376,-0.15,42.0,-55.2,6,4.6,3.9,3,6,0.7,5.2,1,-55.2,"BTC-PERP 94%, WTI-PERP 6%, NVDA-PERP 0%",True,True,False,True,True,True,True,False,21,5.9,5.9,0.28
0x7e9e…a129,197,363,-0.29,7.2,-106.6,4,0.6,10.7,19,44,4.87,0.3,3,-35.5,"BTC-PERP 18%, HYPE-PERP 10%, ETH-PERP 9%",True,True,False,True,False,True,True,False,92,-20.4,-6.8,-0.22
0x7ea2…ffe0,169,181,-1.01,37.6,-183.5,5,16.6,17.9,2,6,0.27,24.9,5,-36.7,"BTC-PERP 31%, SOL-PERP 17%, ZEC-PERP 13%",True,True,False,True,True,True,True,False,40,-77.2,-15.4,-1.93
0x7ec1…6483,80,1040,-0.19,12.8,-194.6,3,0.0,17.6,28,65,6.23,0.2,3,-64.9,"HYPE-PERP 8%, SOL-PERP 7%, BTC-PERP 6%",False,True,False,True,False,True,True,False,226,-75.2,-25.1,-0.33
0x7eca…f062,17,40,-0.31,27.5,-12.4,1,0.0,23.8,34,40,1.33,7.8,5,-2.5,"QQQ-PERP 30%, BTC-PERP 22%, XAG-PERP 15%",False,False,False,True,True,True,True,False,894,-249.4,-49.9,-0.28
0x7ed8…8437,93,141,-0.3,20.6,-41.9,4,0.0,2.5,0,1,0.07,0.4,1,-41.9,"ENA-PERP 13%, LIT-PERP 11%, XAUT-PERP 9%",True,True,False,False,False,True,True,False,28,-18.0,-18.0,-0.64
0x7ee3…ddbf,75,272,-0.28,9.2,-76.7,3,40.2,49.6,70,109,5.1,0.4,1,-76.7,"QQQ-PERP 63%, SPY-PERP 18%, XAUT-PERP 16%",False,True,False,True,False,True,True,False,118,-37.5,-37.5,-0.32
0x7eed…048d,88,151,-0.41,27.8,-62.1,3,28.5,11.7,7,16,0.57,1.8,1,-62.1,"BTC-PERP 42%, ETH-PERP 35%, SOL-PERP 23%",False,True,False,True,False,True,True,False,79,2.8,2.8,0.04
0x7f06…a764,179,152,-0.14,19.7,-21.7,5,6.3,1.7,2,3,0.23,0.2,1,-21.7,"BTC-PERP 85%, XAUT-PERP 12%, WTI-PERP 1%",True,True,False,False,False,True,True,False,26,-6.9,-6.9,-0.26
0x7f0f…1a48,207,516,-0.26,1.9,-133.2,1,82.0,0.0,0,0,0.0,0.0,2,-66.6,"SOL-PERP 22%, TAO-PERP 18%, PUMP-PERP 15%",True,True,False,False,False,False,True,False,19,-3.1,-1.6,-0.16
0x7f71…bb49,165,309,-0.47,1.9,-144.1,6,25.3,50.0,25,25,0.83,0.0,3,-48.0,"BTC-PERP 36%, VVV-PERP 8%, ETH-PERP 8%",True,True,False,True,False,True,True,False,60,-16.9,-5.6,-0.28
0x7f78…50bf,189,110,-0.3,18.2,-32.9,5,25.7,12.1,5,6,0.2,1.2,3,-11.0,"BTC-PERP 60%, ETH-PERP 23%, XAUT-PERP 6%",True,True,False,True,False,True,True,False,17,3.3,1.1,0.2
0x7f7a…d1e1,33,171,-0.26,22.8,-45.0,2,29.4,18.2,40,82,4.8,1.7,1,-45.0,"BTC-PERP 54%, ETH-PERP 46%",False,True,False,True,False,True,True,False,126,-12.7,-12.7,-0.1
0x7fa7…9567,209,88,-0.66,46.6,-57.7,6,4.0,16.5,0,1,0.03,54.2,5,-11.5,"BTC-PERP 15%, HYPE-PERP 11%, ETH-PERP 11%",True,False,False,False,True,True,True,False,19,-30.5,-6.1,-1.61
0x7fad…ee45,212,422,-0.55,28.9,-232.1,5,47.8,4.8,10,12,0.43,10.3,9,-25.8,"ETH-PERP 25%, BTC-PERP 17%, SOL-PERP 12%",True,True,False,True,True,True,True,False,47,-0.1,-0.0,-0.0
0x7fb5…60a7,84,269,-0.26,30.9,-68.6,3,27.3,8.5,0,0,1.83,4.4,1,-68.6,"BTC-PERP 53%, XAUT-PERP 47%",False,True,False,False,True,True,True,False,157,-34.1,-34.1,-0.22
0x7fe8…6c60,61,305,-0.4,1.6,-121.4,3,0.1,6.5,12,12,0.4,0.2,3,-40.5,"BTC-PERP 9%, HYPE-PERP 8%, SOL-PERP 7%",False,True,False,True,False,True,True,False,134,-45.4,-15.1,-0.34
0x7ffd…984e,67,859,-0.31,5.8,-264.4,3,0.0,14.6,0,1,3.83,0.1,3,-88.1,"HYPE-PERP 8%, PUMP-PERP 7%, SOL-PERP 7%",False,True,False,False,False,True,True,False,0,0.0,0.0,
0x800c…4777,39,150,-0.21,25.3,-31.4,1,31.9,14.9,6,59,4.63,1.7,1,-31.4,"BTC-PERP 53%, ETH-PERP 47%",False,True,False,True,False,True,True,False,190,-48.5,-48.5,-0.26
0x801c…02bb/insilico,152,133,-0.31,17.3,-40.9,5,28.3,14.8,7,15,1.03,0.4,1,-40.9,"BTC-PERP 88%, XAUT-PERP 5%, HYPE-PERP 4%",True,True,False,True,False,True,True,False,26,-4.4,-4.4,-0.17
0x8062…b193,214,212,-0.14,30.7,-29.6,5,2.4,25.7,0,0,0.43,7.5,4,-7.4,"BTC-PERP 28%, HYPE-PERP 21%, ETH-PERP 16%",True,True,False,False,True,True,True,False,17,31.3,7.8,1.84
0x8078…a88a,11,88,-0.21,4.5,-18.1,1,0.0,44.9,5,88,2.93,0.0,1,-18.1,"XAG-PERP 60%, WTI-PERP 31%, SOL-PERP 6%",False,False,False,True,False,True,True,False,32,9.5,9.5,0.3
0x8089…2f67,213,1610,-0.28,3.3,-446.2,8,26.3,18.6,58,110,5.83,0.0,1,-446.2,"BTC-PERP 76%, WTI-PERP 8%, ETH-PERP 5%",True,True,False,True,False,True,True,False,451,-150.0,-150.0,-0.33
0x8095…a0ac,249,499,-0.25,4.2,-123.7,4,33.3,0.0,0,0,0.0,0.0,1,-123.7,"BTC-PERP 76%, ETH-PERP 22%, XPL-PERP 1%",True,True,False,False,False,True,True,False,4,1.3,1.3,0.33
0x80ab…ec13/default_5,42,516,-0.25,0.0,-127.0,2,100.0,346.5,0,126,15.3,0.0,1,-127.0,XRP-PERP 100%,False,True,False,False,False,False,True,False,840,-223.3,-223.3,-0.27
0x80ac…184f,183,100,-0.35,35.0,-35.2,4,15.8,6.2,8,15,1.37,6.8,3,-11.7,"BTC-PERP 53%, ETH-PERP 17%, HYPE-PERP 11%",True,True,False,True,True,True,True,False,73,-42.1,-14.0,-0.58
0x80ac…6253,179,68,-0.38,27.9,-26.1,5,21.0,5.7,0,0,0.13,0.5,1,-26.1,"BTC-PERP 75%, SOL-PERP 9%, ETH-PERP 4%",True,False,False,False,False,True,True,False,33,31.1,31.1,0.94
0x80e6…7134,177,424,-0.26,12.7,-110.3,5,3.7,18.0,23,40,2.7,0.1,4,-27.6,"BTC-PERP 35%, SOL-PERP 24%, ETH-PERP 8%",True,True,False,True,False,True,True,False,89,-52.3,-13.1,-0.59
0x80f9…40a6,98,130,-0.34,12.3,-44.1,4,5.7,4.3,16,25,1.13,1.7,1,-44.1,BTC-PERP 100%,True,True,False,True,False,True,True,False,83,-28.9,-28.9,-0.35
0x80ff…f708,23,27,-1.31,37.0,-35.4,1,0.0,6.1,3,10,0.9,47.0,5,-7.1,"HYPE-PERP 33%, XRP-PERP 22%, TAO-PERP 11%",False,False,False,True,True,True,True,False,87,-64.2,-12.8,-0.74
0x8130…e4a8,201,349,-0.16,33.0,-57.0,4,3.0,5.4,5,5,0.37,5.8,5,-11.4,"BTC-PERP 27%, SOL-PERP 16%, ETH-PERP 12%",True,True,False,True,True,True,True,False,70,-41.2,-8.2,-0.59
0x8130…c00f,12,62,-0.27,21.0,-16.6,1,26.5,14.9,34,62,2.07,1.5,1,-16.6,"BTC-PERP 53%, ETH-PERP 47%",False,False,False,True,False,True,True,False,85,-28.3,-28.3,-0.33
0x8133…232c,36,56,-0.26,3.6,-14.3,2,0.0,6.3,5,11,1.6,0.1,1,-14.3,BTC-PERP 100%,False,False,False,True,False,True,True,False,96,-22.8,-22.8,-0.24
0x8139…8478,182,242,-0.24,24.8,-58.5,5,7.7,4.0,0,0,0.07,5.0,2,-29.2,"BTC-PERP 76%, ETH-PERP 11%, SOL-PERP 4%",True,True,False,False,True,True,True,False,130,-91.6,-45.8,-0.7
0x8151…9d42,205,127,-0.19,16.5,-23.8,5,0.2,6.2,8,13,0.97,7.1,2,-11.9,"BTC-PERP 90%, SPY-PERP 5%, AMD-PERP 2%",True,True,False,True,True,True,True,False,47,43.1,21.6,0.92
0x815e…936a,56,678,-0.22,9.0,-149.3,2,0.0,12.4,23,56,5.6,0.2,3,-49.8,"HYPE-PERP 10%, BTC-PERP 9%, ETH-PERP 8%",False,True,False,True,False,True,True,False,455,-156.0,-52.0,-0.34
0x8163…14b1,3,6,-0.65,16.7,-3.9,1,0.4,43.0,6,6,0.2,7.2,2,-2.0,"ETH-PERP 50%, SOL-PERP 17%, kPEPE-PERP 17%",False,False,False,True,True,True,True,False,115,-12.5,-6.2,-0.11
0x8176…f1b2,210,925,-0.22,9.6,-202.0,6,0.1,30.1,12,15,0.7,0.0,1,-202.0,"BTC-PERP 59%, HYPE-PERP 12%, AAVE-PERP 7%",True,True,False,True,False,True,True,False,28,-0.4,-0.4,-0.01
0x8182…f11c,207,1625,-0.49,9.8,-801.5,7,3.1,19.0,1,3,1.5,0.1,3,-267.2,"ETH-PERP 32%, BTC-PERP 19%, HYPE-PERP 15%",True,True,False,False,False,True,True,False,197,-87.0,-29.0,-0.44
0x81ba…2d8f,236,228,-0.3,30.7,-68.8,6,38.3,5.0,3,3,0.33,1.8,1,-68.8,"ETH-PERP 73%, BTC-PERP 12%, XAUT-PERP 7%",True,True,False,False,False,True,True,False,13,-6.8,-6.8,-0.53
0x81dc…62a4,213,219,-0.03,54.8,-5.5,4,1.0,5.6,1,5,0.7,2.4,2,-2.8,"BTC-PERP 79%, HYPE-PERP 11%, ZEC-PERP 3%",True,True,False,True,True,True,True,False,4,-4.7,-2.4,-1.17
0x81e3…4f5f,244,187,-0.29,27.3,-53.3,7,0.0,10.5,0,0,0.5,2.9,2,-26.6,"BTC-PERP 58%, ETH-PERP 25%, BNB-PERP 4%",True,True,False,False,True,True,True,False,0,0.0,0.0,
0x8212…f36e,232,510,-0.19,37.6,-95.3,7,0.3,15.7,19,40,2.8,6.8,1,-95.3,"BTC-PERP 29%, ETH-PERP 20%, SPY-PERP 11%",True,True,False,True,True,True,True,False,184,-54.8,-54.8,-0.3
0x821d…0331,234,183,-0.16,10.9,-30.0,4,12.2,0.0,0,0,0.0,0.1,1,-30.0,"BTC-PERP 73%, ETH-PERP 15%, ZEC-PERP 3%",True,True,False,False,False,True,True,False,28,-7.7,-7.7,-0.28
0x8244…e9e4,176,365,-0.21,25.5,-77.3,4,27.5,15.6,0,4,1.87,1.2,1,-77.3,"XRP-PERP 57%, ETH-PERP 22%, XAUT-PERP 18%",True,True,False,False,False,True,True,False,107,-9.9,-9.9,-0.09
0x824a…a958,33,204,-0.21,28.4,-42.1,2,26.6,15.9,52,97,6.23,1.6,1,-42.1,"ETH-PERP 57%, BTC-PERP 43%",False,True,False,True,False,True,True,False,99,-34.6,-34.6,-0.35
0x8286…17ff,198,3884,-0.23,3.5,-882.9,4,91.3,10.2,0,0,0.13,0.0,1,-882.9,"BTC-PERP 87%, UNI-PERP 11%, HYPE-PERP 0%",True,True,False,False,False,False,True,False,2,4.8,4.8,2.4
0x8293…4f66,237,452,0.24,35.6,109.5,2,1.3,5.0,16,17,1.33,3.3,5,21.9,"ETH-PERP 19%, FARTCOIN-PERP 18%, kPEPE-PERP 13%",True,True,True,True,True,True,True,True,25,5.4,1.1,0.22
0x8295…1653,202,108,-0.55,25.0,-59.9,2,84.9,107.2,0,1,1.2,0.2,6,-10.0,"ZEC-PERP 45%, MON-PERP 21%, ETH-PERP 16%",True,True,False,False,False,False,True,False,79,38.2,6.4,0.48
0x82ab…d62e,40,250,-0.27,26.8,-67.5,2,31.9,19.2,14,35,5.3,1.6,1,-67.5,"ETH-PERP 60%, BTC-PERP 40%, SOL-PERP 0%",False,True,False,True,False,True,True,False,110,-30.1,-30.1,-0.27
0x82b7…8436,68,407,-0.24,39.8,-97.9,3,0.0,13.5,30,70,4.2,5.3,5,-19.6,"ETH-PERP 13%, HYPE-PERP 12%, BTC-PERP 11%",False,True,False,True,False,True,True,False,324,-133.5,-26.7,-0.41
0x82bc…a36d,171,3232,-0.21,39.5,-676.2,6,0.6,10.9,27,65,4.97,0.3,15,-45.1,"ETH-PERP 8%, HYPE-PERP 8%, BTC-PERP 8%",True,True,False,True,False,True,False,False,256,-74.7,-5.0,-0.29
0x82be…68b5,139,566,-0.12,45.2,-69.8,4,0.0,10.8,18,49,2.47,1.3,2,-34.9,"BTC-PERP 38%, HYPE-PERP 20%, ETH-PERP 14%",True,True,False,True,False,True,True,False,207,-11.9,-6.0,-0.06
0x82c8…9ae2,31,68,-0.18,25.0,-12.3,2,24.8,12.7,0,0,2.1,1.6,1,-12.3,"BTC-PERP 51%, ETH-PERP 49%",False,False,False,False,False,True,True,False,91,-26.7,-26.7,-0.29
0x82d8…1c70,73,2197,-0.25,0.7,-549.5,3,4.0,168.3,455,1089,57.63,0.0,1,-549.5,"BNB-PERP 77%, BTC-PERP 18%, ETH-PERP 3%",False,True,False,True,False,False,True,False,2397,-605.3,-605.3,-0.25
0x82e6…b353,32,150,-0.26,2.0,-39.1,2,94.8,226.2,0,0,4.93,0.1,2,-19.6,"BTC-PERP 79%, SOL-PERP 21%",False,True,False,False,False,False,True,False,0,0.0,0.0,
0x82e7…d156,174,205,-0.18,26.8,-36.9,4,38.4,26.2,13,22,1.9,5.2,3,-12.3,"BTC-PERP 43%, ETH-PERP 23%, SNDK-PERP 13%",True,True,False,True,True,True,True,False,23,-32.0,-10.7,-1.39
0x830b…2998,84,271,-0.27,33.6,-73.0,3,27.9,9.1,0,0,1.83,4.4,1,-73.0,"BTC-PERP 54%, XAUT-PERP 46%",False,True,False,False,True,True,True,False,156,-33.5,-33.5,-0.21
0x8329…55ee,108,76,-0.25,32.9,-18.7,3,3.3,5.1,5,11,0.87,19.6,1,-18.7,"XAUT-PERP 36%, QQQ-PERP 26%, SOL-PERP 16%",True,False,False,True,True,True,True,False,114,-43.6,-43.6,-0.38
0x836a…2dc0,183,166,-0.19,27.7,-30.8,5,14.8,2.5,0,2,0.17,0.4,2,-15.4,"BTC-PERP 37%, ETH-PERP 17%, HYPE-PERP 10%",True,True,False,False,False,True,True,False,25,9.7,4.8,0.39
0x8376…d130,40,273,-0.25,30.4,-69.5,2,27.9,18.9,27,56,6.33,1.6,1,-69.5,"ETH-PERP 52%, BTC-PERP 47%, SOL-PERP 1%",False,True,False,True,False,True,True,False,205,-51.4,-51.4,-0.25
0x838f…6d5c,126,779,-0.31,6.5,-237.8,3,0.0,0.0,0,0,0.0,0.2,1,-237.8,"XAUT-PERP 35%, WTI-PERP 23%, XAG-PERP 10%",True,True,False,False,False,True,True,False,260,-73.7,-73.7,-0.28
0x83a7…5601,253,114,-0.18,34.2,-21.0,4,57.3,1.8,1,4,0.23,0.4,2,-10.5,"ETH-PERP 48%, BTC-PERP 33%, SOL-PERP 15%",True,True,False,True,False,False,True,False,29,-30.0,-15.0,-1.03
0x83c8…82e1,75,253,-0.26,10.7,-64.7,3,27.6,46.6,72,109,5.0,0.5,1,-64.7,"QQQ-PERP 66%, XAUT-PERP 15%, SPY-PERP 14%",False,True,False,True,False,True,True,False,110,-31.2,-31.2,-0.28
0x83e0…9219,238,178,-0.28,10.7,-49.8,1,0.7,1.5,0,1,0.03,0.1,1,-49.8,"BTC-PERP 91%, XRP-PERP 2%, MON-PERP 1%",True,True,False,False,False,True,True,False,0,0.0,0.0,
0x83ed…5c45,203,214,-0.11,45.8,-23.5,6,47.9,3.1,7,11,0.83,13.6,1,-23.5,"SOL-PERP 47%, ETH-PERP 25%, BNB-PERP 5%",True,True,False,True,True,True,True,False,63,-26.1,-26.1,-0.41
0x83ef…f920,180,150,-0.03,34.7,-4.1,3,49.4,4.6,8,15,0.7,6.4,2,-2.0,"ETH-PERP 27%, SOL-PERP 25%, XAUT-PERP 17%",True,True,False,True,True,True,True,False,24,8.5,4.2,0.35
0x8491…ec58,108,182,-0.27,4.9,-48.8,4,18.7,8.5,1,1,0.03,0.0,5,-9.8,"XAG-PERP 24%, NVDA-PERP 19%, SPY-PERP 12%",True,True,False,False,False,True,True,False,1,-9.3,-1.9,-9.34
0x84a7…527a,116,131,-0.08,38.9,-10.2,3,0.4,10.3,3,8,0.83,6.8,2,-5.1,"BTC-PERP 70%, HYPE-PERP 27%, XAUT-PERP 2%",True,True,False,True,True,True,True,False,38,16.2,8.1,0.43
0x84c6…1acc,32,168,-0.29,21.4,-48.9,2,33.4,16.3,5,64,5.2,1.7,1,-48.9,"BTC-PERP 57%, ETH-PERP 43%",False,True,False,True,False,True,True,False,206,-47.5,-47.5,-0.23
0x850f…c2b2,100,101,-0.29,21.8,-29.7,4,0.0,4.0,7,13,1.27,3.1,1,-29.7,"BTC-PERP 98%, ETH-PERP 2%",True,True,False,True,True,True,True,False,89,-18.9,-18.9,-0.21
0x851f…f63e,252,2418,-0.31,24.9,-743.0,9,0.1,11.9,18,39,3.2,0.8,4,-185.8,"BTC-PERP 37%, SOL-PERP 24%, ETH-PERP 16%",True,True,False,True,False,True,True,False,466,-116.2,-29.0,-0.25
0x852f…3b44,32,181,-0.38,24.3,-68.9,2,0.0,13.4,54,68,5.73,1.0,2,-34.4,"WLD-PERP 24%, XAUT-PERP 13%, BNB-PERP 7%",False,True,False,True,False,True,True,False,134,-15.2,-7.6,-0.11
0x8552…c924,181,920,-0.27,25.3,-244.7,7,0.0,7.1,9,30,3.27,0.5,2,-122.4,"BTC-PERP 36%, ETH-PERP 14%, HYPE-PERP 12%",True,True,False,True,False,True,True,False,69,-15.9,-8.0,-0.23
0x856b…41b7,240,228,0.12,32.0,28.3,3,5.0,1.7,0,0,0.0,7.0,4,7.1,"SOL-PERP 32%, BTC-PERP 31%, ETH-PERP 10%",True,True,True,False,True,True,True,False,12,-11.1,-2.8,-0.92
0x85e0…ece3,242,3539,-0.25,21.4,-877.0,8,0.0,4.2,3,6,0.73,0.1,4,-219.2,"HYPE-PERP 45%, ETH-PERP 31%, BTC-PERP 20%",True,True,False,True,False,True,True,False,33,-29.3,-7.3,-0.89
0x85e5…19e6,200,438,0.15,38.6,63.9,1,0.0,0.0,0,0,0.0,0.8,4,16.0,"BTC-PERP 28%, ETH-PERP 23%, SOL-PERP 7%",True,True,True,False,False,True,True,False,6,0.4,0.1,0.06
0x8601…473e,166,236,-0.41,36.9,-97.2,4,1.8,13.2,0,15,2.67,15.9,3,-32.4,"XAUT-PERP 24%, XAG-PERP 14%, WTI-PERP 12%",True,True,False,False,True,True,True,False,0,0.0,0.0,
0x8615…5c90,21,600,-0.38,0.0,-225.8,1,89.6,422.7,0,68,20.0,0.0,1,-225.8,"SNDK-PERP 89%, SPCX-PERP 11%",False,True,False,False,False,False,True,False,1634,-481.3,-481.3,-0.29
0x8655…0d2f,190,1289,-0.16,17.8,-211.6,5,95.8,3.5,0,2,0.13,0.1,1,-211.6,"BTC-PERP 98%, ETH-PERP 1%, ENA-PERP 1%",True,True,False,False,False,False,True,False,19,5.7,5.7,0.3
0x8655…f589,138,149,-0.43,10.1,-64.1,5,0.0,2.0,0,0,0.03,0.2,1,-64.1,"BTC-PERP 93%, ETH-PERP 3%, kBONK-PERP 1%",True,True,False,False,False,True,True,False,19,-5.1,-5.1,-0.27
0x869d…f054,70,258,-0.23,28.7,-60.3,3,21.4,4.9,14,28,2.0,1.9,2,-30.2,"SPY-PERP 26%, QQQ-PERP 24%, XAUT-PERP 21%",False,True,False,True,False,True,True,False,73,-1.1,-0.6,-0.02
0x86cf…b6a8/default_1,26,5,0.76,60.0,3.8,0,0.0,2.8,0,1,0.17,7.1,3,1.3,"HYPE-PERP 40%, XPL-PERP 20%, SOL-PERP 20%",False,False,True,False,True,True,True,False,97,17.0,5.7,0.17
0x86d2…b629,44,254,-0.27,28.3,-68.7,2,33.2,22.3,0,10,5.53,1.4,1,-68.7,"ETH-PERP 50%, SOL-PERP 50%",False,True,False,False,False,True,True,False,61,-22.2,-22.2,-0.36
0x86e5…c49c,88,880,-0.26,35.0,-230.3,3,0.0,16.3,61,118,7.97,3.2,4,-57.6,"ETH-PERP 31%, SOL-PERP 24%, BTC-PERP 22%",False,True,False,True,False,True,True,False,284,-58.4,-14.6,-0.21
0x86f8…39a9,185,455,-0.28,16.9,-128.8,3,1.4,0.0,0,0,0.0,0.1,3,-42.9,"ETH-PERP 33%, BTC-PERP 25%, SOL-PERP 11%",True,True,False,False,False,True,True,False,24,-21.6,-7.2,-0.9
0x8701…c11c,46,447,-0.22,6.9,-99.0,2,0.0,10.6,19,44,5.1,0.2,3,-33.0,"ZEC-PERP 9%, HYPE-PERP 9%, SOL-PERP 9%",False,True,False,True,False,True,True,False,202,-60.9,-20.3,-0.3
0x8715…0c81,109,33,0.75,45.5,24.7,2,13.9,6.8,0,0,0.37,2.8,2,12.4,"BTC-PERP 73%, ETH-PERP 9%, USDJPY-PERP 9%",True,False,True,False,True,True,True,False,91,-32.7,-16.4,-0.36
0x8738…559d,33,81,-0.34,18.5,-27.2,2,28.4,11.8,0,0,2.33,1.8,1,-27.2,"BTC-PERP 53%, ETH-PERP 47%",False,False,False,False,False,True,True,False,53,-14.1,-14.1,-0.27
0x8756…ced1,45,116,-0.39,27.6,-45.7,2,34.6,12.8,17,24,0.8,1.3,1,-45.7,"ETH-PERP 53%, SOL-PERP 47%",False,True,False,True,False,True,True,False,13,-7.9,-7.9,-0.61
0x878a…62ee,47,191,-0.21,5.2,-39.6,2,57.0,78.9,1,3,5.9,0.0,1,-39.6,"BTC-PERP 92%, WTI-PERP 2%, QQQ-PERP 2%",False,True,False,False,False,False,True,False,5,-10.1,-10.1,-2.01
0x8792…abae,87,286,-0.22,28.7,-61.7,3,33.5,8.7,0,6,0.4,1.4,1,-61.7,"SOL-PERP 42%, ETH-PERP 38%, BTC-PERP 20%",False,True,False,False,False,True,True,False,25,-9.1,-9.1,-0.36
0x87ac…7301,85,335,-0.31,6.3,-103.5,3,15.3,7.1,0,0,0.83,0.1,4,-25.9,"BTC-PERP 13%, SPY-PERP 9%, HYPE-PERP 9%",False,True,False,False,False,True,True,False,0,0.0,0.0,
0x87b2…a922,126,497,-0.36,11.9,-178.1,5,0.1,2.0,0,1,0.13,0.7,2,-89.0,"BTC-PERP 51%, ETH-PERP 15%, QQQ-PERP 14%",True,True,False,False,False,True,True,False,0,0.0,0.0,
0x87db…585a,209,127,-0.27,3.9,-34.4,3,0.0,0.0,0,0,0.0,0.0,1,-34.4,"BTC-PERP 87%, ETH-PERP 4%, ZEC-PERP 2%",True,True,False,False,False,True,True,False,23,-5.2,-5.2,-0.23
0x8810…9945,215,735,-0.24,31.6,-179.0,7,1.8,6.5,2,2,0.47,0.4,2,-89.5,"BTC-PERP 59%, ETH-PERP 27%, HYPE-PERP 6%",True,True,False,False,False,True,True,False,39,1.4,0.7,0.04
0x8870…33ea,99,707,-0.3,41.6,-211.3,4,18.6,25.0,41,53,3.53,0.4,4,-52.8,"HYPE-PERP 17%, PUMP-PERP 15%, ZEC-PERP 13%",True,True,False,True,False,True,True,False,222,-47.5,-11.9,-0.21
0x887c…9d11,148,168,-0.21,36.3,-34.6,5,0.0,4.4,12,23,1.3,0.5,1,-34.6,"ETH-PERP 15%, BTC-PERP 15%, SOL-PERP 11%",True,True,False,True,False,True,True,False,90,-43.0,-43.0,-0.48
0x88a9…c985,104,836,-0.26,3.6,-214.0,4,91.6,58.2,75,179,14.33,0.1,1,-214.0,"QQQ-PERP 91%, BTC-PERP 8%, HYPE-PERP 1%",True,True,False,True,False,False,True,False,16,-4.2,-4.2,-0.26
0x88d3…33d5,63,747,-0.56,13.1,-417.9,3,0.0,21.3,27,27,1.07,0.7,1,-417.9,"BTC-PERP 50%, ETH-PERP 50%",False,True,False,True,False,True,True,False,570,-397.9,-397.9,-0.7
0x88df…96cf,160,191,-0.38,23.6,-72.0,5,0.3,1.6,0,0,0.07,8.0,7,-10.3,"BTC-PERP 49%, ETH-PERP 17%, WTI-PERP 7%",True,True,False,False,True,True,True,False,20,33.3,4.8,1.67
0x8946…3290,27,122,0.63,46.7,77.2,0,0.0,23.0,11,11,4.07,4.2,8,9.6,"SOL-PERP 12%, XRP-PERP 11%, HYPE-PERP 10%",False,True,True,True,False,True,True,False,4,130.4,16.3,32.61
0x895f…c09c/SUB-630529,90,520,-0.31,0.4,-159.4,1,61.2,0.0,0,0,0.0,0.0,1,-159.4,"SPY-PERP 79%, AAPL-PERP 20%, BTC-PERP 0%",True,True,False,False,False,False,True,False,10,-11.9,-11.9,-1.19
0x898b…df21,36,81,-0.47,3.7,-38.4,2,0.0,9.2,20,48,2.6,0.0,3,-12.8,"ETH-PERP 21%, ONDO-PERP 16%, SOL-PERP 12%",False,False,False,True,False,True,True,False,357,-106.4,-35.5,-0.3
0x8997…5ff5,215,775,-0.28,25.4,-214.6,8,0.0,8.8,1,11,2.63,2.0,1,-214.6,"BTC-PERP 63%, XAG-PERP 17%, ETH-PERP 10%",True,True,False,True,True,True,True,False,142,-39.9,-39.9,-0.28
0x89a7…8df6,38,279,-0.53,2.2,-149.1,2,0.0,10.9,19,44,5.2,0.2,3,-49.7,"HYPE-PERP 11%, ZEC-PERP 10%, ETH-PERP 9%",False,True,False,True,False,True,True,False,120,-35.1,-11.7,-0.29
0x89b2…74cb,75,52,0.26,46.2,13.3,1,43.3,9.4,6,6,0.57,22.4,3,4.4,"QQQ-PERP 29%, BTC-PERP 15%, ETH-PERP 15%",False,False,True,True,True,True,True,False,87,26.0,8.7,0.3
0x89cb…15d0,84,271,-0.27,29.9,-72.3,3,25.9,9.2,0,0,1.83,4.4,1,-72.3,"BTC-PERP 51%, XAUT-PERP 49%",False,True,False,False,True,True,True,False,154,-28.2,-28.2,-0.18
0x8a10…f915,156,102,0.15,47.1,15.3,1,59.6,1.0,0,1,0.1,0.7,2,7.6,"BTC-PERP 39%, XAUT-PERP 21%, HYPE-PERP 12%",True,True,True,False,False,False,True,False,0,0.0,0.0,
0x8a10…6046,40,158,-0.22,22.2,-35.1,2,26.3,15.1,7,64,4.73,1.6,1,-35.1,"BTC-PERP 53%, ETH-PERP 47%",False,True,False,True,False,True,True,False,196,-64.9,-64.9,-0.33
0x8a1b…51ea,240,836,-0.11,13.2,-94.7,6,56.4,79.0,20,56,3.07,0.2,7,-13.5,"BTC-PERP 29%, HYPE-PERP 12%, ETH-PERP 10%",True,True,False,True,False,False,True,False,98,-22.4,-3.2,-0.23
0x8a1b…51ea/default_1,200,102,0.0,11.8,0.2,4,87.8,8.3,1,6,0.27,0.1,2,0.1,"BTC-PERP 53%, LIT-PERP 19%, XMR-PERP 15%",True,True,False,True,False,False,True,False,1,-4.6,-2.3,-4.57
0x8a26…4662,74,261,-0.21,14.6,-55.9,2,35.7,47.0,70,105,4.87,0.5,1,-55.9,"QQQ-PERP 66%, XAUT-PERP 18%, SPY-PERP 15%",False,True,False,True,False,True,True,False,124,-33.7,-33.7,-0.27
0x8a29…a23c,197,206,-0.12,16.0,-25.1,5,29.4,4.6,0,0,0.13,0.0,2,-12.6,"XAG-PERP 49%, WTI-PERP 12%, BTC-PERP 6%",True,True,False,False,False,True,True,False,13,-20.2,-10.1,-1.55
0x8a58…cbb1,211,347,-0.04,23.9,-13.4,3,71.9,4.3,5,9,0.83,0.3,2,-6.7,"BTC-PERP 65%, ETH-PERP 12%, TAO-PERP 3%",True,True,False,True,False,False,True,False,13,-22.7,-11.4,-1.75
0x8a5f…a6ce,185,452,-0.19,33.8,-86.2,5,5.3,5.7,0,6,0.33,1.9,1,-86.2,"ETH-PERP 55%, BTC-PERP 29%, XAUT-PERP 6%",True,True,False,False,False,True,True,False,0,0.0,0.0,
0x8aa0…3c33,15,80,-0.11,18.8,-8.8,1,9.2,28.4,36,59,2.67,0.3,1,-8.8,"BTC-PERP 85%, ETH-PERP 6%, SNDK-PERP 5%",False,False,False,True,False,True,True,False,73,-25.6,-25.6,-0.35
0x8aab…63d8,191,256,-0.27,0.8,-69.2,5,0.0,0.0,0,0,0.0,0.0,1,-69.2,"BTC-PERP 100%, BNB-PERP 0%",True,True,False,False,False,True,True,False,10,4.2,4.2,0.42
0x8aad…341a/default_1,5,10,0.56,50.0,5.6,0,0.0,11.0,10,10,0.33,17.1,4,1.4,"HYPE-PERP 30%, SOL-PERP 20%, XRP-PERP 20%",False,False,True,True,True,True,True,False,159,11.9,3.0,0.07
0x8ae5…fafc,49,177,-0.06,32.8,-11.4,1,95.4,17.7,5,14,1.2,0.8,4,-2.8,"ETH-PERP 37%, BTC-PERP 34%, HYPE-PERP 20%",False,True,False,True,False,False,True,False,30,17.5,4.4,0.58
0x8afc…cf9e,211,180,-0.25,21.1,-45.4,4,0.2,0.0,0,0,0.0,1.8,3,-15.1,"BTC-PERP 56%, ETH-PERP 21%, SOL-PERP 11%",True,True,False,False,False,True,True,False,61,-27.1,-9.0,-0.44
0x8b36…a03d,172,981,-0.19,20.0,-183.2,6,51.9,5.2,4,4,0.13,0.2,3,-61.1,"BTC-PERP 35%, ETH-PERP 20%, SOL-PERP 12%",True,True,False,True,False,False,True,False,33,-18.2,-6.1,-0.55
0x8b9c…81a2,49,593,-0.2,7.9,-119.2,2,0.0,19.2,19,54,5.8,0.2,3,-39.7,"HYPE-PERP 9%, ETH-PERP 8%, SOL-PERP 8%",False,True,False,True,False,True,True,False,341,-110.9,-37.0,-0.33
0x8bac…fe6f,213,119,2.6,70.6,309.6,0,1.5,4.9,1,2,0.07,21.6,7,44.2,"ETH-PERP 31%, BTC-PERP 14%, HYPE-PERP 12%",True,True,True,False,True,True,True,False,69,193.8,27.7,2.81
0x8bcb…6c92,40,219,-0.33,0.9,-72.8,2,0.6,53.2,0,1,4.67,0.0,1,-72.8,BTC-PERP 100%,False,True,False,False,False,True,True,False,0,0.0,0.0,
0x8bd6…9d35,204,260,-0.37,25.8,-97.3,5,32.8,2.6,2,13,0.9,1.9,2,-48.6,"BTC-PERP 28%, SUI-PERP 11%, TAO-PERP 9%",True,True,False,True,False,True,True,False,68,-27.3,-13.6,-0.4
0x8bd6…dd30,214,566,-0.51,1.1,-286.3,4,0.1,36.2,0,0,2.4,0.2,3,-95.4,"XPL-PERP 8%, NEAR-PERP 7%, PUMP-PERP 6%",True,True,False,False,False,True,True,False,0,0.0,0.0,
0x8bea…c094,200,851,0.63,68.6,536.2,1,0.0,0.0,0,0,0.0,4.0,9,59.6,"ETH-PERP 18%, BTC-PERP 17%, LIT-PERP 10%",True,True,True,False,True,True,True,False,77,145.7,16.2,1.89
0x8bf2…83de,225,199,0.11,36.7,22.2,3,45.8,2.5,0,0,0.13,0.4,3,7.4,"ETH-PERP 46%, BTC-PERP 38%, HYPE-PERP 9%",True,True,True,False,False,True,True,False,0,0.0,0.0,
0x8bf2…5edb,159,100,0.96,60.0,95.5,0,0.3,3.8,1,6,0.4,1.2,2,47.8,"LIT-PERP 50%, HYPE-PERP 13%, AAVE-PERP 8%",True,True,True,True,False,True,True,False,9,-13.8,-6.9,-1.53
0x8c19…1cdd,216,360,-0.28,23.3,-99.2,3,16.5,0.0,0,0,0.0,0.7,1,-99.2,"AAVE-PERP 39%, BTC-PERP 32%, XRP-PERP 8%",True,True,False,False,False,True,True,False,72,-14.1,-14.1,-0.2
0x8c7f…a031,185,759,-0.22,3.4,-169.9,2,74.1,0.0,0,0,0.0,0.0,2,-85.0,"BTC-PERP 71%, HYPE-PERP 27%, SOL-PERP 1%",True,True,False,False,False,False,True,False,7,30.6,15.3,4.37
0x8c9e…3eda,170,338,0.14,57.4,48.4,3,8.0,8.2,2,5,0.27,3.7,3,16.1,"BTC-PERP 38%, ETH-PERP 18%, XAUT-PERP 5%",True,True,True,True,True,True,True,True,8,-2.5,-0.8,-0.31
0x8c9f…3033,212,133,-0.25,17.3,-32.8,6,1.2,3.2,0,1,0.47,0.2,1,-32.8,"BTC-PERP 35%, WTI-PERP 32%, ETH-PERP 20%",True,True,False,False,False,True,True,False,0,0.0,0.0,
0x8ca7…0297,108,89,-0.24,67.4,-21.7,2,42.3,3.3,3,9,0.77,6.9,3,-7.2,"HYPE-PERP 22%, BTC-PERP 16%, LIT-PERP 16%",True,False,False,True,True,True,True,False,10,-0.7,-0.2,-0.07
0x8cca…e972,200,436,-0.27,19.5,-118.9,4,0.1,14.7,4,4,1.33,0.0,3,-39.6,"BTC-PERP 42%, HYPE-PERP 15%, ZEC-PERP 11%",True,True,False,True,False,True,True,False,0,0.0,0.0,
0x8ce6…cb13,216,241,-0.16,14.5,-38.9,8,28.9,2.7,7,15,1.1,0.3,1,-38.9,BTC-PERP 100%,True,True,False,True,False,True,True,False,65,-17.6,-17.6,-0.27
0x8cf4…b9d4,253,244,0.34,57.4,83.3,1,6.1,38.0,9,13,1.3,2.3,5,16.7,"SOL-PERP 29%, BTC-PERP 13%, HYPE-PERP 6%",True,True,True,True,True,True,True,True,14,-13.3,-2.7,-0.95
0x8d4a…47ab,206,1802,-0.28,10.2,-499.9,7,84.7,114.6,16,160,14.53,0.1,2,-250.0,"BTC-PERP 66%, XAUT-PERP 8%, WTI-PERP 7%",True,True,False,True,False,False,True,False,475,-139.8,-69.9,-0.29
0x8d59…68d2,244,688,-0.28,0.4,-191.6,8,1.3,7.1,4,13,0.9,0.0,1,-191.6,"BTC-PERP 35%, ETH-PERP 31%, SOL-PERP 22%",True,True,False,True,False,True,True,False,122,-33.6,-33.6,-0.28
0x8d7b…cc6e,38,259,-0.21,27.4,-53.4,2,37.8,20.0,6,38,5.73,1.6,1,-53.4,"BTC-PERP 50%, ETH-PERP 50%",False,True,False,True,False,True,True,False,152,-36.4,-36.4,-0.24
0x8d7b…05d9,128,159,-0.19,21.4,-29.8,2,88.9,132.2,0,0,4.07,0.2,2,-14.9,"UNI-PERP 23%, WTI-PERP 20%, BTC-PERP 19%",True,True,False,False,False,False,True,False,222,-53.5,-26.8,-0.24
0x8daf…5cf5,190,196,-0.26,27.0,-51.6,5,3.8,3.1,2,6,0.2,0.4,1,-51.6,"ETH-PERP 97%, SUI-PERP 3%",True,True,False,True,False,True,True,False,38,-43.2,-43.2,-1.14
0x8dc8…dc26,66,200,-0.25,12.0,-49.3,2,0.3,18.9,7,59,3.73,0.8,1,-49.3,"XAUT-PERP 50%, BNB-PERP 40%, ETH-PERP 4%",False,True,False,True,False,True,True,False,0,0.0,0.0,
0x8dfa…648e,190,400,-1.24,30.0,-496.3,6,0.0,4.0,15,17,1.03,38.9,11,-45.1,"BTC-PERP 21%, ETH-PERP 15%, HYPE-PERP 9%",True,True,False,True,True,True,False,False,81,-30.9,-2.8,-0.38
0x8e1f…9d8b,83,291,-0.25,7.9,-73.1,3,1.7,14.6,0,21,4.63,0.4,3,-24.4,"ETH-PERP 24%, XAUT-PERP 16%, HYPE-PERP 10%",False,True,False,False,False,True,True,False,0,0.0,0.0,
0x8e25…767c,88,289,-0.33,26.0,-94.9,3,27.3,19.5,16,55,4.3,1.6,1,-94.9,"ETH-PERP 50%, BTC-PERP 33%, SOL-PERP 17%",False,True,False,True,False,True,True,False,46,-11.2,-11.2,-0.24
0x8e26…766c,215,120,0.39,67.5,46.8,0,54.3,5.2,0,7,0.57,4.1,1,46.8,"BTC-PERP 98%, WTI-PERP 2%",True,True,True,False,True,False,True,False,22,4.2,4.2,0.19
0x8e2f…8723,203,129,-0.77,20.2,-98.9,5,7.9,3.9,6,8,0.4,2.0,2,-49.4,"BTC-PERP 52%, ETH-PERP 19%, ZEC-PERP 7%",True,True,False,True,True,True,True,False,2,-6.8,-3.4,-3.38
0x8e56…a6cb/default_13,50,67,-0.24,31.3,-15.9,2,0.0,25.8,32,35,1.33,0.3,1,-15.9,"MU-PERP 46%, HYPE-PERP 45%, SNDK-PERP 6%",False,False,False,True,False,True,True,False,46,-15.5,-15.5,-0.34
0x8e56…a6cb/default_17,50,69,-0.18,36.2,-12.2,2,0.0,35.7,36,38,1.53,0.3,1,-12.2,"SPCX-PERP 51%, HYPE-PERP 43%, SOL-PERP 3%",False,False,False,True,False,True,True,False,40,-26.4,-26.4,-0.66
0x8e56…a6cb/default_2,51,82,-0.32,29.3,-26.2,1,0.0,36.3,55,58,2.07,0.2,1,-26.2,"MU-PERP 66%, ETH-PERP 20%, HYPE-PERP 10%",False,False,False,True,False,True,True,False,51,-12.1,-12.1,-0.24
0x8e7c…2022,187,119,-0.28,16.0,-33.9,5,0.0,3.4,0,4,0.43,0.3,1,-33.9,"ETH-PERP 66%, BTC-PERP 21%, SOL-PERP 5%",True,True,False,False,False,True,True,False,0,0.0,0.0,
0x8eae…808b,28,69,0.26,53.6,17.8,0,0.0,7.4,12,30,2.3,36.1,7,2.5,"XRP-PERP 14%, HYPE-PERP 10%, SOL-PERP 9%",False,False,True,True,True,True,True,False,148,-49.8,-7.1,-0.34
0x8eaf…18db,201,176,-0.36,22.2,-63.4,7,30.1,32.1,0,3,0.6,1.9,1,-63.4,"BTC-PERP 97%, ETH-PERP 2%, HYPE-PERP 1%",True,True,False,False,False,True,True,False,0,0.0,0.0,
0x8eea…36d6,211,3429,-0.3,1.6,-1018.1,6,1.1,2.5,0,0,0.3,0.0,2,-509.0,"XAG-PERP 38%, BTC-PERP 31%, WTI-PERP 8%",True,True,False,False,False,True,True,False,34,8.0,4.0,0.24
0x8ef2…781d,98,93,-0.31,18.3,-29.0,2,1.7,1.2,2,2,0.17,2.0,3,-9.7,"BTC-PERP 45%, ETH-PERP 17%, QQQ-PERP 10%",True,False,False,False,True,True,True,False,20,41.5,13.8,2.07
0x8f13…d9cb,215,326,-0.42,13.8,-137.7,6,73.5,97.9,13,20,3.1,0.1,1,-137.7,"TAO-PERP 33%, LIT-PERP 25%, AAVE-PERP 14%",True,True,False,True,False,False,True,False,7,1.4,1.4,0.21
0x8f13…284c,200,197,-0.62,42.1,-121.5,5,31.6,4.6,4,5,0.33,12.2,3,-40.5,"BTC-PERP 30%, ETH-PERP 10%, SOL-PERP 9%",True,True,False,True,True,True,True,False,24,-4.3,-1.4,-0.18
0x8f35…67d3,199,195,-0.4,37.4,-78.5,5,46.0,11.6,14,16,0.67,11.1,2,-39.2,"BTC-PERP 33%, ETH-PERP 13%, SOL-PERP 9%",True,True,False,True,True,True,True,False,87,-35.0,-17.5,-0.4
0x8f36…a2b0,185,953,-0.22,16.2,-207.6,4,10.3,0.0,0,0,0.0,0.0,2,-103.8,"ETH-PERP 53%, BTC-PERP 20%, ZEC-PERP 9%",True,True,False,False,False,True,True,False,313,56.6,28.3,0.18
0x8f39…3543,137,106,-0.31,7.5,-32.9,5,29.7,14.0,4,4,0.2,0.0,1,-32.9,"BTC-PERP 82%, ETH-PERP 9%, DOGE-PERP 6%",True,True,False,True,False,True,True,False,24,-6.2,-6.2,-0.26
0x8f47…a3ab,44,305,-0.23,26.9,-69.8,2,31.9,23.6,4,51,7.5,1.7,1,-69.8,"BTC-PERP 51%, ETH-PERP 49%",False,True,False,True,False,True,True,False,109,-25.3,-25.3,-0.23
0x8f49…f094,87,127,-0.35,17.3,-43.9,3,35.4,16.9,18,43,3.67,1.7,1,-43.9,"BTC-PERP 49%, ETH-PERP 46%, SOL-PERP 5%",False,True,False,True,False,True,True,False,43,-11.6,-11.6,-0.27
0x8f5d…699e,203,269,0.18,39.4,49.7,3,18.7,13.2,1,1,0.3,11.0,6,8.3,"BTC-PERP 25%, ETH-PERP 12%, SOL-PERP 10%",True,True,True,False,True,True,True,False,58,-56.5,-9.4,-0.97
0x8f67…8a35,77,52,-0.23,15.4,-11.8,3,0.7,37.9,15,15,1.03,0.2,1,-11.8,BTC-PERP 100%,False,False,False,True,False,True,True,False,111,-28.6,-28.6,-0.26
0x8f79…705c,191,447,-0.17,14.1,-77.5,5,0.0,7.9,2,2,0.67,0.0,1,-77.5,"BTC-PERP 91%, HYPE-PERP 5%, WTI-PERP 2%",True,True,False,False,False,True,True,False,78,17.7,17.7,0.23
0x8f7c…d19f,173,406,-0.16,50.7,-63.9,6,47.7,34.2,7,16,1.8,0.6,1,-63.9,"LIT-PERP 27%, HYPE-PERP 18%, MON-PERP 13%",True,True,False,True,False,True,True,False,70,-72.5,-72.5,-1.04
0x8fa7…ae37,38,152,-0.32,25.0,-48.3,2,33.7,15.7,0,0,2.73,1.5,1,-48.3,"BTC-PERP 51%, ETH-PERP 49%",False,True,False,False,False,True,True,False,40,-11.7,-11.7,-0.29
0x8fb3…d327,120,158,0.24,29.1,38.0,1,0.1,9.0,23,23,0.83,9.7,3,12.7,"BTC-PERP 50%, ETH-PERP 18%, LIT-PERP 10%",True,True,True,True,True,True,True,True,151,130.5,43.5,0.86
0x8fe7…1934,108,23,0.23,65.2,5.2,0,0.8,7.2,8,8,0.37,10.6,2,2.6,"QQQ-PERP 13%, BTC-PERP 9%, ZRO-PERP 9%",True,False,True,True,True,True,True,False,86,86.7,43.4,1.01
0x8ffd…ab44,167,119,-0.43,25.2,-50.8,4,46.3,0.0,0,0,0.0,0.2,4,-12.7,"HYPE-PERP 24%, ETH-PERP 21%, LIT-PERP 16%",True,True,False,False,False,True,True,False,0,0.0,0.0,
0x9058…5708,50,85,-0.33,7.1,-28.0,2,2.3,5.6,15,25,1.73,0.3,1,-28.0,"BTC-PERP 47%, XAUT-PERP 33%, SPCX-PERP 8%",False,False,False,True,False,True,True,False,21,-5.8,-5.8,-0.28
0x90b8…3e58,85,362,-0.2,40.1,-71.4,3,83.9,20.7,28,45,3.9,15.0,8,-8.9,"HYPE-PERP 8%, XRP-PERP 7%, AVAX-PERP 6%",False,True,False,True,False,False,True,False,225,67.0,8.4,0.3
0x90f1…3446,200,708,-0.26,2.3,-183.8,3,93.7,0.0,0,0,0.0,0.1,3,-61.3,"BTC-PERP 69%, XAUT-PERP 12%, ETH-PERP 6%",True,True,False,False,False,False,True,False,263,-84.2,-28.1,-0.32
0x90f7…05a3,210,543,-0.09,30.9,-48.8,4,17.6,0.0,0,0,0.0,0.8,1,-48.8,"BTC-PERP 89%, ZEC-PERP 5%, HYPE-PERP 1%",True,True,False,False,False,True,True,False,92,-13.4,-13.4,-0.15
0x9103…7f0d,206,138,-1.15,20.3,-158.3,7,33.1,2.2,1,4,0.3,15.9,3,-52.8,"LIT-PERP 17%, FARTCOIN-PERP 13%, ZEC-PERP 8%",True,True,False,True,True,True,True,False,63,-10.3,-3.4,-0.16
0x9145…2131,37,293,-0.23,6.8,-68.0,2,0.0,14.3,19,54,5.9,0.3,3,-22.7,"HYPE-PERP 11%, ETH-PERP 10%, SOL-PERP 9%",False,True,False,True,False,True,True,False,338,-110.9,-37.0,-0.33
0x9147…4800,235,306,-0.34,12.7,-103.9,6,3.1,12.0,4,4,0.13,0.0,1,-103.9,"ETH-PERP 50%, BTC-PERP 37%, SOL-PERP 6%",True,True,False,True,False,True,True,False,0,0.0,0.0,
0x914b…1360,216,221,-0.05,51.6,-10.4,3,1.3,4.3,3,9,0.5,2.6,1,-10.4,"BTC-PERP 50%, HYPE-PERP 19%, LIT-PERP 11%",True,True,False,True,True,True,True,False,69,-47.7,-47.7,-0.69
0x9155…fa9c,205,358,-0.2,3.4,-71.1,2,94.9,77.9,4,54,1.83,0.0,3,-23.7,"BTC-PERP 68%, LIT-PERP 11%, XAUT-PERP 11%",True,True,False,True,False,False,True,False,11,12.1,4.0,1.1
0x9189…052e,200,559,-0.26,0.7,-143.3,5,0.9,10.0,0,0,0.2,0.0,1,-143.3,"BTC-PERP 92%, ETH-PERP 6%, XAG-PERP 1%",True,True,False,False,False,True,True,False,14,-3.5,-3.5,-0.25
0x918e…c1d3,165,234,-0.23,27.4,-54.8,4,0.9,5.3,8,13,1.13,1.9,2,-27.4,"BTC-PERP 29%, ETH-PERP 18%, QQQ-PERP 10%",True,True,False,True,False,True,True,False,1,0.6,0.3,0.65
0x91b0…e509,172,143,-0.14,23.8,-20.5,3,8.4,3.1,1,10,0.63,0.4,2,-10.2,"ETH-PERP 62%, BTC-PERP 31%, HYPE-PERP 2%",True,True,False,True,False,True,True,False,28,-6.8,-3.4,-0.24
0x91ba…083d,73,263,-0.68,27.0,-177.9,3,10.8,14.0,9,40,3.2,7.8,10,-17.8,"BTC-PERP 16%, ETH-PERP 12%, SOL-PERP 8%",False,True,False,True,False,True,True,False,124,-41.5,-4.2,-0.33
0x91c0…eff4,199,471,-0.23,1.3,-109.4,6,82.3,45.5,28,40,1.37,0.0,2,-54.7,"BTC-PERP 74%, ETH-PERP 14%, QQQ-PERP 8%",True,True,False,True,False,False,True,False,23,-6.9,-3.4,-0.3
0x91c3…c007,213,367,-0.02,46.3,-5.8,4,50.6,5.3,0,2,0.4,6.8,2,-2.9,"BTC-PERP 52%, ETH-PERP 47%, HYPE-PERP 1%",True,True,False,False,True,False,True,False,2,16.9,8.4,8.44
0x91dc…86f2,153,34,0.18,50.0,6.0,3,2.1,1.0,0,0,0.0,8.0,2,3.0,"HYPE-PERP 44%, ETH-PERP 32%, SOL-PERP 6%",True,False,True,False,True,True,True,False,86,-48.6,-24.3,-0.57
0x91f7…ba32,211,74,0.71,39.2,52.7,2,0.6,10.7,16,37,1.73,45.9,7,7.5,"MRVL-PERP 8%, SKY-PERP 8%, SPCX-PERP 7%",True,False,True,True,True,True,True,False,82,69.9,10.0,0.85
0x9209…4a27,187,213,-0.27,9.4,-56.8,6,0.0,2.0,0,0,0.03,0.0,1,-56.8,"HYPE-PERP 56%, LIT-PERP 36%, BTC-PERP 3%",True,True,False,False,False,True,True,False,1,-0.4,-0.4,-0.38
0x923c…29bd,201,552,-0.1,27.0,-57.3,3,0.4,5.6,2,14,1.2,0.2,5,-11.5,"BTC-PERP 30%, ETH-PERP 26%, SOL-PERP 20%",True,True,False,True,False,True,True,False,85,-35.9,-7.2,-0.42
0x923c…d5cc,118,622,-0.24,21.7,-149.1,4,0.0,17.5,26,71,5.67,1.3,2,-74.6,"BTC-PERP 35%, XAUT-PERP 30%, ETH-PERP 29%",True,True,False,True,False,True,True,False,25,-20.9,-10.4,-0.84
0x9251…b6b5,211,143,-0.15,31.5,-21.9,3,5.8,4.2,5,17,0.73,9.3,4,-5.5,"BTC-PERP 56%, HYPE-PERP 6%, SOL-PERP 5%",True,True,False,True,True,True,True,False,10,-15.6,-3.9,-1.56
0x92b9…3ad6,203,138,0.09,48.6,12.8,5,23.6,1.5,0,6,0.33,14.8,1,12.8,"BTC-PERP 28%, ETH-PERP 20%, JUP-PERP 9%",True,True,True,False,True,True,True,False,6,16.5,16.5,2.75
0x92da…4328,201,476,-0.32,4.4,-151.1,7,1.8,2.0,0,1,0.03,0.0,1,-151.1,"BTC-PERP 42%, ETH-PERP 23%, SOL-PERP 12%",True,True,False,False,False,True,True,False,26,-2.0,-2.0,-0.08
0x9311…31c0/default_1,20,19,-0.43,42.1,-8.2,1,0.0,7.9,0,6,0.63,33.1,7,-1.2,"XRP-PERP 21%, HYPE-PERP 16%, SOL-PERP 11%",False,False,False,False,True,True,True,False,238,101.0,14.4,0.42
0x9333…c9f7,204,100,1.71,60.0,170.9,2,45.2,9.6,1,3,0.73,48.0,7,24.4,"LIT-PERP 11%, BTC-PERP 8%, HYPE-PERP 7%",True,True,True,False,True,True,True,False,45,127.1,18.2,2.83
0x9333…6d86,117,337,-0.29,4.7,-96.5,4,42.9,4.0,10,16,0.97,0.0,1,-96.5,"BTC-PERP 28%, MSFT-PERP 20%, XAUT-PERP 18%",True,True,False,True,False,True,True,False,37,-2.4,-2.4,-0.06
0x933a…e53e,212,151,-0.23,30.5,-34.8,6,0.0,1.0,1,2,0.07,6.5,1,-34.8,"BTC-PERP 91%, HYPE-PERP 5%, ETH-PERP 4%",True,True,False,False,True,True,True,False,3,53.8,53.8,17.93
0x934e…e5d9,88,97,-0.24,27.8,-22.8,3,25.7,9.0,11,18,0.93,1.8,1,-22.8,"ETH-PERP 46%, SOL-PERP 40%, BTC-PERP 13%",False,False,False,True,False,True,True,False,19,-5.8,-5.8,-0.31
0x9356…b520,114,241,-0.29,22.8,-69.6,3,0.1,3.0,1,2,0.17,0.6,4,-17.4,"BTC-PERP 39%, ETH-PERP 15%, TAO-PERP 9%",True,True,False,False,False,True,True,False,68,-62.6,-15.6,-0.92
0x93a3…5b5b,35,208,-0.22,10.1,-45.4,2,0.0,11.0,19,44,5.23,0.3,3,-15.1,"ETH-PERP 12%, ZEC-PERP 11%, SOL-PERP 11%",False,True,False,True,False,True,True,False,93,-21.9,-7.3,-0.24
0x93db…6463,178,105,-0.33,36.2,-34.6,3,29.8,3.0,0,0,0.03,1.4,3,-11.5,"WTI-PERP 34%, XAG-PERP 29%, XAUT-PERP 12%",True,True,False,False,False,True,True,False,10,8.1,2.7,0.81
0x93df…09d2,236,260,-0.22,36.2,-56.9,4,5.4,1.8,5,8,0.57,3.6,1,-56.9,"ETH-PERP 42%, BTC-PERP 25%, BNB-PERP 20%",True,True,False,True,True,True,True,False,7,-4.7,-4.7,-0.67
0x93e1…0c31,216,247,-0.12,30.0,-29.2,7,0.2,7.2,6,9,0.4,1.0,2,-14.6,"ETH-PERP 51%, BTC-PERP 45%, SOL-PERP 3%",True,True,False,True,False,True,True,False,0,0.0,0.0,
0x93f6…da6a,181,58,0.43,51.7,24.8,0,2.8,5.6,6,17,0.9,12.8,2,12.4,"HYPE-PERP 43%, ETH-PERP 12%, SOL-PERP 12%",True,False,True,True,True,True,True,False,44,7.6,3.8,0.17
0x941e…2d5b,211,317,-0.14,73.2,-44.4,5,2.7,24.0,0,11,0.93,1.3,2,-22.2,"HYPE-PERP 29%, ZEC-PERP 22%, MON-PERP 21%",True,True,False,False,False,True,True,False,39,3.1,1.6,0.08
0x9429…e73e,71,174,-0.45,17.2,-77.5,2,0.0,0.0,0,0,0.0,0.5,2,-38.8,"SOL-PERP 40%, BTC-PERP 13%, XAUT-PERP 11%",False,True,False,False,False,True,True,False,24,2.5,1.2,0.1
0x943f…b5e7,126,94,0.43,24.5,40.2,4,0.3,8.3,3,3,0.13,5.3,4,10.0,"BTC-PERP 51%, ETH-PERP 11%, HYPE-PERP 11%",True,False,True,False,True,True,True,False,9,-4.8,-1.2,-0.54
0x9458…0d1d,52,197,-0.39,17.3,-77.7,2,0.0,65.1,2,4,4.53,1.3,5,-15.5,"XRP-PERP 20%, LINK-PERP 20%, QQQ-PERP 11%",False,True,False,True,False,True,True,False,0,0.0,0.0,
0x9471…652d,206,713,-0.06,45.7,-39.9,4,3.0,13.2,0,0,1.23,8.3,6,-6.6,"SOL-PERP 18%, BTC-PERP 18%, ETH-PERP 17%",True,True,False,False,True,True,True,False,37,-14.5,-2.4,-0.39
0x9475…c68e,199,547,-0.31,14.6,-171.7,7,10.2,31.8,29,53,3.63,0.2,2,-85.8,"BTC-PERP 74%, ETH-PERP 9%, LIT-PERP 6%",True,True,False,True,False,True,True,False,18,-8.1,-4.0,-0.45
0x947b…f863,149,224,-0.08,41.1,-17.6,2,10.6,9.7,19,39,3.17,5.4,4,-4.4,"BTC-PERP 31%, NEAR-PERP 12%, HYPE-PERP 9%",True,True,False,True,False,True,True,False,120,-61.7,-15.4,-0.51
0x9485…530f,216,884,-0.25,31.9,-219.7,7,63.7,12.6,4,17,1.93,2.0,4,-54.9,"HYPE-PERP 19%, LIT-PERP 18%, SOL-PERP 13%",True,True,False,True,True,False,True,False,45,10.3,2.6,0.23
0x94ab…6957,226,221,-0.22,24.0,-49.6,5,0.0,3.0,0,0,0.07,1.5,1,-49.6,"BTC-PERP 100%, HYPE-PERP 0%",True,True,False,False,False,True,True,False,1,-0.8,-0.8,-0.81
0x94da…eeb0,47,431,-0.18,8.1,-76.5,2,0.0,12.3,19,44,5.13,0.2,3,-25.5,"HYPE-PERP 10%, ZEC-PERP 9%, SOL-PERP 9%",False,True,False,True,False,True,True,False,92,-18.5,-6.2,-0.2
0x94e1…ecae,118,203,-0.49,31.5,-100.3,4,0.0,3.4,9,23,1.57,1.7,1,-100.3,HYPE-PERP 100%,True,True,False,True,False,True,True,False,103,-19.8,-19.8,-0.19
0x94ec…5cf4,173,3068,-0.27,1.2,-819.6,6,0.0,255.5,44,120,19.2,0.0,1,-819.6,"BTC-PERP 53%, QQQ-PERP 21%, SUI-PERP 8%",True,True,False,True,False,False,True,False,365,-101.2,-101.2,-0.28
0x94f4…761f,197,201,-0.29,6.0,-57.5,3,23.3,24.6,31,52,4.23,0.1,1,-57.5,"ETH-PERP 36%, SOL-PERP 33%, BTC-PERP 30%",True,True,False,True,False,True,True,False,114,-33.5,-33.5,-0.29
0x9510…cc47,176,524,-0.87,31.1,-454.5,4,3.1,2.8,9,10,0.47,12.5,13,-35.0,"ZEC-PERP 9%, WTI-PERP 8%, XPL-PERP 6%",True,True,False,True,True,True,False,False,42,-64.2,-4.9,-1.53
0x9516…3e79,198,1157,-0.3,9.2,-345.7,7,1.1,8.0,1,17,2.4,0.1,1,-345.7,"BTC-PERP 91%, XAUT-PERP 3%, ETH-PERP 2%",True,True,False,True,False,True,True,False,190,-61.9,-61.9,-0.33
0x951e…75e4,223,394,-0.32,41.1,-128.0,7,0.0,7.6,7,14,0.97,7.0,2,-64.0,"FARTCOIN-PERP 29%, ETH-PERP 11%, HYPE-PERP 9%",True,True,False,True,True,True,True,False,249,22.9,11.4,0.09
0x956c…9f32,38,130,-0.2,32.3,-26.5,2,28.2,12.4,0,0,2.13,1.4,1,-26.5,"ETH-PERP 52%, BTC-PERP 48%",False,True,False,False,False,True,True,False,99,-24.8,-24.8,-0.25
0x958d…b420,179,114,-0.32,11.4,-36.2,3,46.7,0.0,0,0,0.0,0.0,2,-18.1,"BTC-PERP 59%, ETH-PERP 23%, HYPE-PERP 15%",True,True,False,False,False,True,True,False,23,-10.1,-5.0,-0.44
0x95de…5713,252,475,-0.26,45.5,-124.5,8,0.2,12.2,16,27,1.97,7.3,4,-31.1,"BTC-PERP 28%, HYPE-PERP 9%, SOL-PERP 9%",True,True,False,True,True,True,True,False,96,-22.4,-5.6,-0.23
0x9630…a8d1,72,194,-0.21,8.8,-39.8,3,0.6,1.4,2,2,0.1,0.2,3,-13.3,"XMR-PERP 10%, MON-PERP 8%, XPL-PERP 8%",False,True,False,False,False,True,True,False,79,-25.0,-8.3,-0.32
0x964b…7a32,121,148,-0.31,3.4,-46.1,3,3.3,24.3,87,99,3.3,0.0,2,-23.0,"BTC-PERP 77%, HYPE-PERP 9%, ETH-PERP 9%",True,True,False,True,False,True,True,False,8,7.9,4.0,0.98
0x965e…a7e0,208,241,-0.3,17.0,-72.4,6,36.5,1.0,0,0,0.0,0.0,2,-36.2,"EURUSD-PERP 36%, BTC-PERP 27%, ETH-PERP 11%",True,True,False,False,False,True,True,False,1,1.8,0.9,1.77
0x9675…db20,204,311,-0.32,4.5,-98.9,7,0.5,2.2,2,4,0.17,0.0,2,-49.4,"BTC-PERP 70%, ETH-PERP 20%, LIT-PERP 2%",True,True,False,True,False,True,True,False,40,-10.2,-5.1,-0.26
0x9694…99bf/default_1,215,100,-0.55,36.0,-55.5,5,0.0,18.1,1,1,0.73,2.2,3,-18.5,"HYPE-PERP 22%, BTC-PERP 21%, SOL-PERP 15%",True,True,False,False,True,True,True,False,3,-0.2,-0.1,-0.06
0x96ad…6745,36,100,-0.25,3.0,-25.1,2,0.0,13.4,5,10,3.07,0.1,1,-25.1,BTC-PERP 100%,False,True,False,True,False,True,True,False,104,-25.6,-25.6,-0.25
0x9710…0a56,89,381,-0.29,26.8,-110.8,3,68.2,4.0,10,13,1.07,1.7,1,-110.8,"BTC-PERP 92%, SNDK-PERP 2%, WTI-PERP 1%",False,True,False,True,False,False,True,False,13,3.4,3.4,0.26
0x9715…05a9,198,282,-0.28,6.0,-78.7,3,29.0,30.8,16,33,4.73,0.1,1,-78.7,"SOL-PERP 34%, ETH-PERP 34%, BTC-PERP 32%",True,True,False,True,False,True,True,False,110,-31.7,-31.7,-0.29
0x973b…4614,104,986,-0.32,18.5,-312.9,4,0.2,16.7,0,0,1.2,0.4,4,-78.2,"BTC-PERP 30%, ETH-PERP 26%, SOL-PERP 24%",True,True,False,False,False,True,True,False,204,-62.7,-15.7,-0.31
0x9745…110c,139,128,-0.04,42.2,-5.4,4,0.1,13.9,0,2,0.6,19.2,1,-5.4,"XAUT-PERP 27%, SOL-PERP 17%, ETH-PERP 16%",True,True,False,False,True,True,True,False,0,0.0,0.0,
0x9748…e0d9,39,159,-0.3,20.8,-47.2,2,29.9,15.2,7,61,4.83,1.8,1,-47.2,"BTC-PERP 54%, ETH-PERP 46%",False,True,False,True,False,True,True,False,176,-35.1,-35.1,-0.2
0x975d…5704,88,340,-0.3,26.5,-103.7,3,30.8,18.9,17,50,4.13,1.5,1,-103.7,"ETH-PERP 49%, BTC-PERP 32%, SOL-PERP 19%",False,True,False,True,False,True,True,False,51,-9.8,-9.8,-0.19
0x977a…d6d6,111,423,-0.26,10.6,-108.4,4,0.1,7.0,0,0,0.5,0.2,1,-108.4,BTC-PERP 100%,True,True,False,False,False,True,True,False,0,0.0,0.0,
0x9788…f9cf,182,102,-0.0,33.3,-0.5,4,79.2,1.8,1,2,0.07,8.1,4,-0.1,"ETH-PERP 43%, SOL-PERP 13%, HYPE-PERP 11%",True,True,False,False,True,False,True,False,1,-1.4,-0.4,-1.42
0x9790…bb90,72,230,-0.27,10.0,-62.8,3,34.3,48.0,67,107,5.03,0.5,1,-62.8,"QQQ-PERP 71%, XAUT-PERP 19%, SPY-PERP 9%",False,True,False,True,False,True,True,False,140,-41.4,-41.4,-0.3
0x97a4…c608,118,194,-0.31,0.0,-61.1,2,1.0,0.0,0,0,0.0,0.0,1,-61.1,"BTC-PERP 99%, XRP-PERP 1%, BNB-PERP 1%",True,True,False,False,False,True,True,False,3,-6.0,-6.0,-2.02
0x97ae…3ab4/SUB-538838,11,123,-0.97,0.0,-119.5,1,0.0,35.1,42,123,4.1,0.0,1,-119.5,"NVDA-PERP 52%, SPY-PERP 47%, QQQ-PERP 1%",False,True,False,True,False,True,True,False,0,0.0,0.0,
0x97c2…2c97,249,170,0.08,37.6,13.8,2,46.1,0.0,0,0,0.0,1.1,2,6.9,"ETH-PERP 46%, BNB-PERP 22%, AAVE-PERP 6%",True,True,True,False,False,True,True,False,16,-20.0,-10.0,-1.25
0x97d4…d970,88,361,-0.26,28.0,-92.5,3,30.7,21.0,6,46,3.1,1.7,1,-92.5,"ETH-PERP 48%, BTC-PERP 34%, SOL-PERP 18%",False,True,False,True,False,True,True,False,60,-45.7,-45.7,-0.76
0x9800…756e,212,353,-0.24,13.0,-85.5,3,0.0,0.0,0,0,0.0,0.0,1,-85.5,"BTC-PERP 58%, SOL-PERP 14%, ETH-PERP 12%",True,True,False,False,False,True,True,False,128,-31.7,-31.7,-0.25
0x982f…f92d,203,204,-0.23,10.3,-46.3,6,49.4,0.0,0,0,0.0,0.3,4,-11.6,"BTC-PERP 42%, BNB-PERP 16%, XAUT-PERP 14%",True,True,False,False,False,True,True,False,5,-3.8,-1.0,-0.75
0x983b…4ec7,181,1540,-0.25,6.0,-378.4,6,52.5,1.5,2,3,0.3,0.0,1,-378.4,"BTC-PERP 29%, USDJPY-PERP 18%, EURUSD-PERP 18%",True,True,False,False,False,False,True,False,9,-3.2,-3.2,-0.36
0x9862…66eb,214,139,-0.36,32.4,-49.5,5,0.6,1.6,0,2,0.13,4.5,1,-49.5,"BTC-PERP 35%, HYPE-PERP 29%, PENGU-PERP 11%",True,True,False,False,True,True,True,False,0,0.0,0.0,
0x9878…2803/default_2,38,143,-0.61,36.4,-87.5,1,93.1,139.6,28,65,4.77,43.8,29,-3.0,"XMR-PERP 10%, INTC-PERP 8%, SPCX-PERP 7%",False,True,False,True,False,False,False,False,651,-154.1,-5.3,-0.24
0x987a…4227,214,62,-0.3,0.0,-18.6,3,33.1,0.0,0,0,0.0,0.0,1,-18.6,"BTC-PERP 85%, ETH-PERP 15%",True,False,False,False,False,True,True,False,173,-4.2,-4.2,-0.02
0x98c9…be8a,207,588,-0.18,21.6,-105.2,4,33.7,2.6,1,5,0.33,0.7,2,-52.6,"BTC-PERP 69%, ETH-PERP 15%, SOL-PERP 4%",True,True,False,True,False,True,True,False,28,-9.7,-4.8,-0.35
0x98d5…1ed4,144,1242,-0.17,16.5,-209.7,5,0.0,16.5,26,63,6.4,0.3,5,-41.9,"HYPE-PERP 10%, BTC-PERP 7%, ETH-PERP 7%",True,True,False,True,False,True,True,False,264,-85.9,-17.2,-0.33
0x98dd…59ff,177,220,-0.29,16.4,-64.8,5,0.7,6.7,22,32,1.37,0.2,2,-32.4,"BTC-PERP 38%, ZEC-PERP 23%, ONDO-PERP 6%",True,True,False,True,False,True,True,False,43,-19.5,-9.8,-0.45
0x98e8…4d2b,212,302,-0.29,15.6,-88.6,7,8.1,4.5,5,8,0.67,0.5,2,-44.3,"BTC-PERP 80%, SUI-PERP 8%, HYPE-PERP 3%",True,True,False,True,False,True,True,False,25,-10.4,-5.2,-0.42
0x98ef…a54d,165,199,-0.11,37.2,-21.7,3,1.0,2.1,4,9,0.43,15.8,5,-4.3,"BTC-PERP 21%, SOL-PERP 9%, TAO-PERP 9%",True,True,False,True,True,True,True,False,86,-32.4,-6.5,-0.38
0x98f6…da0f,107,441,-0.22,4.8,-98.5,4,45.8,12.7,8,14,1.53,0.1,2,-49.2,"SPY-PERP 44%, AAPL-PERP 24%, QQQ-PERP 18%",True,True,False,True,False,True,True,False,2,-2.1,-1.0,-1.04
0x9926…b563,225,244,-0.38,20.9,-93.6,6,0.0,1.5,2,3,0.1,1.1,1,-93.6,"BTC-PERP 90%, HYPE-PERP 5%, SPY-PERP 3%",True,True,False,False,False,True,True,False,1,-1.1,-1.1,-1.14
0x993c…c2f8,219,303,-0.29,0.7,-86.5,6,0.0,0.0,0,0,0.0,0.0,1,-86.5,"BTC-PERP 78%, ETH-PERP 13%, PUMP-PERP 2%",True,True,False,False,False,True,True,False,140,-37.1,-37.1,-0.26
0x9955…0efe,93,637,-0.28,12.4,-178.0,4,0.0,9.9,25,63,3.63,0.2,3,-59.3,"BTC-PERP 25%, ETH-PERP 15%, HYPE-PERP 10%",True,True,False,True,False,True,True,False,183,-51.0,-17.0,-0.28
0x9965…6dec,71,191,0.06,79.1,11.6,1,7.4,24.8,6,27,3.57,0.4,1,11.6,"PUMP-PERP 13%, LIT-PERP 9%, AAVE-PERP 7%",False,True,True,True,False,True,True,False,59,2.7,2.7,0.05
0x9a1b…d24b,200,222,0.39,41.9,85.7,4,74.4,11.3,10,13,0.87,2.9,4,21.4,"XAG-PERP 14%, ETH-PERP 14%, BTC-PERP 14%",True,True,True,True,True,False,True,False,3,-15.2,-3.8,-5.06
0x9a1c…1242,198,647,-0.28,5.7,-178.5,3,33.0,53.9,32,62,13.47,0.1,1,-178.5,"ETH-PERP 36%, SOL-PERP 33%, BTC-PERP 31%",True,True,False,True,False,True,True,False,123,-35.2,-35.2,-0.29
0x9a2a…1979,212,273,-0.13,44.0,-36.0,5,0.0,3.2,12,20,1.1,6.0,2,-18.0,"BTC-PERP 26%, SOL-PERP 21%, ETH-PERP 18%",True,True,False,True,True,True,True,False,44,-16.9,-8.4,-0.38
0x9a2b…fd3d,180,412,-0.34,17.7,-142.0,6,30.3,9.9,0,1,0.93,0.5,2,-71.0,"BTC-PERP 29%, SOL-PERP 23%, XAUT-PERP 11%",True,True,False,False,False,True,True,False,85,-23.6,-11.8,-0.28
0x9a3c…a3cc,156,723,-0.24,13.8,-172.1,5,34.6,5.5,7,9,0.97,0.2,1,-172.1,"BTC-PERP 85%, HYPE-PERP 10%, ETH-PERP 2%",True,True,False,True,False,True,True,False,16,1.3,1.3,0.08
0x9a57…a081,73,251,-0.29,8.8,-73.8,3,38.1,47.6,69,107,5.03,0.5,1,-73.8,"QQQ-PERP 70%, XAUT-PERP 18%, SPY-PERP 12%",False,True,False,True,False,True,True,False,128,-36.2,-36.2,-0.28
0x9a7d…acf0,165,326,-0.06,38.3,-18.4,4,75.3,8.2,12,28,1.9,0.3,1,-18.4,"XMR-PERP 36%, SOL-PERP 15%, QQQ-PERP 13%",True,True,False,True,False,False,True,False,64,-1.0,-1.0,-0.02
0x9a85…04e4,247,2533,-0.26,0.7,-670.7,4,1.3,6.0,0,0,0.17,0.0,1,-670.7,"BTC-PERP 100%, ETH-PERP 0%, SOL-PERP 0%",True,True,False,False,False,True,True,False,57,11.7,11.7,0.2
0x9a98…68c7,43,43,-0.36,23.3,-15.7,2,30.9,6.8,3,11,0.37,1.5,1,-15.7,"BTC-PERP 65%, ETH-PERP 35%",False,False,False,True,False,True,True,False,79,-22.9,-22.9,-0.29
0x9aa0…4042,140,1122,-0.45,27.0,-507.3,5,0.1,23.0,61,113,8.8,1.3,4,-126.8,"BTC-PERP 25%, ETH-PERP 19%, HYPE-PERP 15%",True,True,False,True,False,True,True,False,310,-162.8,-40.7,-0.53
0x9ab6…04b8,136,290,-0.28,30.3,-80.1,4,3.1,46.0,5,5,2.23,0.8,1,-80.1,"MON-PERP 84%, BTC-PERP 15%, kPEPE-PERP 0%",True,True,False,True,False,True,True,False,109,-27.4,-27.4,-0.25
0x9abb…e57a/insilico,158,490,-0.31,16.5,-154.0,6,2.0,23.3,26,34,1.43,0.3,1,-154.0,"BTC-PERP 99%, HYPE-PERP 0%, ZEC-PERP 0%",True,True,False,True,False,True,True,False,97,-40.8,-40.8,-0.42
0x9ae0…95ff,25,51,0.0,43.1,0.1,0,0.0,7.5,8,20,1.7,45.8,8,0.0,"HYPE-PERP 22%, XRP-PERP 10%, LTC-PERP 8%",False,False,False,True,True,True,True,False,98,-15.3,-1.9,-0.16
0x9ae9…f665,135,37,-0.22,40.5,-8.2,2,21.0,0.0,0,0,0.0,0.6,2,-4.1,"BTC-PERP 78%, ETH-PERP 22%",True,False,False,False,False,True,True,False,70,-20.5,-10.2,-0.29
0x9b0c…ef33,217,562,-0.25,28.5,-142.5,6,25.3,31.1,2,7,1.27,1.3,2,-71.2,"BTC-PERP 19%, SOL-PERP 17%, ETH-PERP 14%",True,True,False,True,False,True,True,False,60,-14.9,-7.4,-0.25
0x9b15…ad9e,88,377,-0.21,28.1,-77.7,3,36.5,19.0,0,0,2.0,1.5,1,-77.7,"ETH-PERP 38%, SOL-PERP 38%, BTC-PERP 24%",False,True,False,False,False,True,True,False,37,-37.7,-37.7,-1.02
0x9b18…7c0f/default_1,129,3543,0.11,96.0,388.0,3,94.7,60.1,138,258,23.17,0.9,39,9.9,"LIT-PERP 6%, ONDO-PERP 4%, MON-PERP 4%",True,True,True,True,False,False,False,False,566,286.7,7.4,0.51
0x9b18…7c0f/default_2,66,1913,0.24,96.9,467.7,1,92.4,39.4,71,113,14.03,1.3,38,12.3,"LIT-PERP 6%, PUMP-PERP 4%, MEGA-PERP 4%",False,True,True,True,False,False,False,False,423,391.6,10.3,0.93
0x9b18…7c0f/default_3,62,2012,0.28,96.0,559.4,1,89.6,33.5,24,58,10.8,1.5,39,14.3,"LIT-PERP 6%, PENGU-PERP 4%, PUMP-PERP 4%",False,True,True,True,False,False,False,False,134,152.5,3.9,1.14
0x9b1a…f8f4,102,713,-0.4,2.7,-287.8,3,1.3,35.8,0,0,2.4,0.1,3,-95.9,"HYPE-PERP 8%, PUMP-PERP 7%, BTC-PERP 7%",True,True,False,False,False,True,True,False,114,-38.3,-12.8,-0.34
0x9b26…2242,18,196,-0.15,1.0,-29.9,1,97.7,95.8,81,154,6.53,0.6,1,-29.9,BTC-PERP 100%,False,True,False,True,False,False,True,False,0,0.0,0.0,
0x9b2b…c109,43,331,-0.21,30.5,-70.4,2,34.7,27.2,4,62,8.43,1.7,1,-70.4,"BTC-PERP 55%, ETH-PERP 45%",False,True,False,True,False,True,True,False,225,-66.5,-66.5,-0.3
0x9b8b…e06a,115,293,-0.23,8.9,-66.2,3,10.0,16.5,18,19,0.63,0.2,1,-66.2,"ETH-PERP 99%, WTI-PERP 1%",True,True,False,True,False,True,True,False,0,0.0,0.0,
0x9b8c…973b,166,467,-0.21,28.5,-99.1,6,2.4,13.4,20,24,2.1,1.1,1,-99.1,"ETH-PERP 64%, BTC-PERP 22%, XAUT-PERP 7%",True,True,False,True,False,True,True,False,33,-17.7,-17.7,-0.54
0x9bad…c847,213,288,-0.38,22.2,-110.1,7,0.0,3.7,5,11,0.73,1.8,2,-55.0,"AAVE-PERP 31%, BTC-PERP 22%, HYPE-PERP 17%",True,True,False,True,False,True,True,False,51,-70.3,-35.2,-1.38
0x9bdb…6f8d,175,1042,-0.28,27.2,-288.1,6,0.0,14.4,0,29,4.33,1.4,1,-288.1,"BTC-PERP 41%, ETH-PERP 26%, SOL-PERP 14%",True,True,False,False,False,True,True,False,0,0.0,0.0,
0x9c2c…a9de,77,292,-0.29,7.5,-85.1,3,37.3,49.6,70,112,5.17,0.4,1,-85.1,"QQQ-PERP 62%, SPY-PERP 15%, XAUT-PERP 15%",False,True,False,True,False,True,True,False,140,-41.6,-41.6,-0.3
0x9c4d…63b5,210,132,0.22,60.6,28.4,2,37.8,182.0,0,0,0.17,2.6,2,14.2,"BTC-PERP 39%, XMR-PERP 9%, HYPE-PERP 9%",True,True,True,False,True,False,True,False,149,61.4,30.7,0.41
0x9c53…0037,71,1053,-0.23,12.1,-245.7,3,0.0,13.9,24,63,6.33,0.2,3,-81.9,"HYPE-PERP 9%, ETH-PERP 8%, SOL-PERP 7%",False,True,False,True,False,True,True,False,328,-107.2,-35.7,-0.33
0x9cbd…101d,74,276,-0.25,10.9,-70.1,3,34.7,50.0,69,108,5.0,0.4,1,-70.1,"QQQ-PERP 65%, SPY-PERP 16%, XAUT-PERP 16%",False,True,False,True,False,True,True,False,130,-33.9,-33.9,-0.26
0x9cc1…50f9,236,680,-0.53,26.2,-359.0,5,7.2,75.8,0,11,0.77,3.6,10,-35.9,"TAO-PERP 9%, HYPE-PERP 8%, MON-PERP 8%",True,True,False,False,True,True,True,False,31,-27.9,-2.8,-0.9
0x9cc9…958f,72,229,-0.26,7.9,-59.7,2,41.8,45.5,71,108,4.93,0.5,1,-59.7,"QQQ-PERP 72%, XAUT-PERP 22%, SPY-PERP 5%",False,True,False,True,False,True,True,False,139,-37.3,-37.3,-0.27
0x9cfd…0358,91,274,-0.86,2.2,-235.4,3,0.0,9.6,39,50,1.7,0.1,1,-235.4,"XAUT-PERP 77%, ETH-PERP 11%, HYPE-PERP 3%",True,True,False,True,False,True,True,False,122,-58.8,-58.8,-0.48
0x9d0f…b728,180,430,-0.13,27.7,-55.2,4,1.2,0.0,0,0,0.0,0.3,1,-55.2,BTC-PERP 100%,True,True,False,False,False,True,True,False,104,-14.0,-14.0,-0.13
0x9d29…ab23,162,200,0.39,39.5,77.7,0,8.7,2.1,0,0,0.0,0.4,2,38.8,"ETH-PERP 52%, SOL-PERP 32%, HYPE-PERP 4%",True,True,True,False,False,True,True,False,3,10.2,5.1,3.39
0x9d39…23c0,86,851,-0.22,7.6,-190.8,3,1.3,25.6,34,82,8.33,0.2,5,-38.2,"ETH-PERP 9%, HYPE-PERP 9%, SOL-PERP 8%",False,True,False,True,False,True,True,False,286,-91.8,-18.4,-0.32
0x9d45…1d1a,13,12,-0.27,0.0,-3.2,1,0.0,3.8,7,12,0.4,0.0,1,-3.2,"BTC-PERP 83%, NVDA-PERP 17%",False,False,False,True,False,True,True,False,93,-25.1,-25.1,-0.27
0x9d7a…fee0,59,244,-0.31,9.4,-74.5,2,90.1,64.8,0,2,1.83,0.7,1,-74.5,"XAUT-PERP 70%, WTI-PERP 14%, SPY-PERP 13%",False,True,False,False,False,False,True,False,0,0.0,0.0,
0x9d81…4d5c,106,17,-0.0,41.2,-0.0,2,6.1,11.0,2,2,0.07,46.9,3,-0.0,"BTC-PERP 35%, SPY-PERP 29%, XMR-PERP 18%",True,False,False,False,True,True,True,False,164,-15.9,-5.3,-0.1
0x9e29…7504,42,94,-0.27,26.6,-25.3,2,35.4,7.0,4,13,0.47,1.5,1,-25.3,"ETH-PERP 53%, BTC-PERP 47%",False,False,False,True,False,True,True,False,89,-24.7,-24.7,-0.28
0x9e3e…3f7a,201,248,-0.24,45.6,-60.6,6,85.1,11.3,2,2,0.2,25.6,2,-30.3,"BTC-PERP 50%, ETH-PERP 50%",True,True,False,False,True,False,True,False,8,-20.2,-10.1,-2.52
0x9e42…2ab9,168,904,-0.27,1.0,-248.6,6,0.0,34.1,52,98,6.13,0.0,1,-248.6,"BTC-PERP 41%, QQQ-PERP 38%, XAUT-PERP 6%",True,True,False,True,False,True,True,False,204,-64.5,-64.5,-0.32
0x9e72…fef2,36,57,-0.25,3.5,-14.1,2,0.0,8.1,5,10,1.7,0.1,1,-14.1,BTC-PERP 100%,False,False,False,True,False,True,True,False,97,-23.8,-23.8,-0.25
0x9eb5…905c,150,234,-0.2,32.1,-45.7,3,47.1,0.0,0,0,0.0,0.4,3,-15.2,"SOL-PERP 58%, BTC-PERP 17%, HYPE-PERP 11%",True,True,False,False,False,True,True,False,30,-6.3,-2.1,-0.21
0x9ef2…8454,141,397,-0.25,37.3,-99.4,3,0.0,7.1,3,6,0.57,9.0,4,-24.8,"SOL-PERP 21%, BTC-PERP 20%, XAUT-PERP 19%",True,True,False,True,True,True,True,False,27,-29.3,-7.3,-1.08
0x9efe…e190,60,117,-0.34,3.4,-40.0,2,0.7,6.9,3,11,1.27,0.0,1,-40.0,"BTC-PERP 70%, XAUT-PERP 13%, INTC-PERP 5%",False,True,False,True,False,True,True,False,5,-3.7,-3.7,-0.73
0x9eff…1213,160,411,-0.27,10.7,-110.2,6,1.4,8.9,20,43,2.67,0.2,1,-110.2,"ETH-PERP 77%, XAUT-PERP 17%, HYPE-PERP 2%",True,True,False,True,False,True,True,False,130,-40.7,-40.7,-0.31
0x9eff…87f6,102,242,-0.24,7.9,-57.0,4,0.0,6.1,2,8,1.13,0.0,3,-19.0,"BTC-PERP 83%, SOL-PERP 5%, ETH-PERP 5%",True,True,False,True,False,True,True,False,32,-8.6,-2.9,-0.27
0x9f68…919f,215,84,0.42,50.0,35.5,2,46.1,5.3,0,0,0.23,7.6,2,17.8,"BTC-PERP 79%, ETH-PERP 8%, LIT-PERP 5%",True,False,True,False,True,True,True,False,81,72.7,36.4,0.9
0x9f7f…0b17,64,823,-0.21,10.4,-176.2,3,0.0,13.9,25,62,6.33,0.1,3,-58.7,"HYPE-PERP 9%, SOL-PERP 8%, ETH-PERP 7%",False,True,False,True,False,True,True,False,204,-71.1,-23.7,-0.35
0x9fab…d89d,84,489,-0.51,7.8,-249.1,3,0.0,8.9,27,43,4.17,2.1,1,-249.1,"XAUT-PERP 53%, QQQ-PERP 22%, SPY-PERP 18%",False,True,False,True,False,True,True,False,22,-10.9,-10.9,-0.5
0xa002…1036,1,16,-0.35,18.8,-5.6,1,44.5,61.0,16,16,0.53,1.8,3,-1.9,"ETH-PERP 44%, BNB-PERP 12%, SOL-PERP 6%",False,False,False,True,False,True,True,False,103,-65.1,-21.7,-0.63
0xa01c…2861,211,542,-0.21,19.6,-111.4,4,0.0,8.0,0,0,0.17,0.4,4,-27.8,"HYPE-PERP 39%, BTC-PERP 39%, ETH-PERP 7%",True,True,False,False,False,True,True,False,3,-0.6,-0.2,-0.19
0xa01c…dad5,28,64,-0.25,7.8,-16.3,1,0.0,12.1,7,12,2.13,0.1,1,-16.3,"BTC-PERP 95%, SPCX-PERP 3%, SNDK-PERP 2%",False,False,False,True,False,True,True,False,50,-13.2,-13.2,-0.26
0xa029…83fe,218,345,-0.21,25.8,-72.1,7,70.4,5.6,2,5,0.7,3.5,3,-24.0,"BTC-PERP 43%, ETH-PERP 19%, HYPE-PERP 8%",True,True,False,True,True,False,True,False,1,-1.4,-0.5,-1.37
0xa050…085f,211,1070,-0.37,19.3,-394.9,7,0.0,33.3,31,89,4.37,1.0,3,-131.6,"BTC-PERP 34%, SOL-PERP 10%, ETH-PERP 9%",True,True,False,True,False,True,True,False,112,-18.4,-6.1,-0.16
0xa06b…d03c,168,337,-0.29,0.6,-96.4,6,5.2,27.3,1,1,2.07,0.0,1,-96.4,"BTC-PERP 97%, ETH-PERP 1%, XAUT-PERP 1%",True,True,False,False,False,True,True,False,0,0.0,0.0,
0xa0a7…80d1,36,54,-0.27,3.7,-14.8,2,0.0,7.3,5,11,1.57,0.1,1,-14.8,BTC-PERP 100%,False,False,False,True,False,True,True,False,108,-27.8,-27.8,-0.26
0xa0b9…9522,44,92,-0.36,26.1,-33.3,2,32.9,7.3,0,5,0.27,1.7,1,-33.3,"ETH-PERP 53%, BTC-PERP 47%",False,False,False,False,False,True,True,False,34,-13.9,-13.9,-0.41
0xa0c5…2230,42,267,-0.26,29.6,-68.5,2,31.2,20.3,8,79,6.47,1.6,1,-68.5,"SOL-PERP 51%, ETH-PERP 49%",False,True,False,True,False,True,True,False,176,-44.1,-44.1,-0.25
0xa0f7…e864,167,111,-0.38,17.1,-41.8,4,0.3,11.8,0,0,0.43,0.4,1,-41.8,"BTC-PERP 90%, HYPE-PERP 7%, FARTCOIN-PERP 3%",True,True,False,False,False,True,True,False,5,-10.9,-10.9,-2.18
0xa0fd…0fe8,66,413,-0.24,13.8,-100.1,3,0.0,13.2,26,61,3.7,0.3,3,-33.4,"BTC-PERP 10%, ETH-PERP 9%, HYPE-PERP 9%",False,True,False,True,False,True,True,False,263,-112.0,-37.3,-0.43
0xa0fd…2159,241,232,-0.36,15.5,-82.6,7,4.0,17.5,4,4,0.2,0.0,2,-41.3,"BTC-PERP 69%, HYPE-PERP 8%, ETH-PERP 5%",True,True,False,True,False,True,True,False,1,-0.2,-0.1,-0.23
0xa112…0df0,44,137,-0.23,31.4,-31.6,2,29.8,19.1,17,59,1.97,1.4,1,-31.6,"SOL-PERP 53%, ETH-PERP 47%",False,True,False,True,False,True,True,False,88,-25.9,-25.9,-0.29
0xa11a…0f23,186,490,-0.24,21.0,-119.8,6,1.8,101.0,0,0,1.7,0.3,1,-119.8,"ETH-PERP 43%, SOL-PERP 33%, BTC-PERP 22%",True,True,False,False,False,True,True,False,100,-8.0,-8.0,-0.08
0xa14c…7497,211,335,-0.21,37.9,-69.1,4,1.9,3.5,5,7,0.3,7.5,2,-34.6,"BTC-PERP 37%, ETH-PERP 29%, SOL-PERP 7%",True,True,False,True,True,True,True,False,3,-18.3,-9.2,-6.09
0xa164…9b8c,41,333,-0.21,6.6,-70.6,2,0.3,10.8,18,43,5.03,0.2,3,-23.5,"HYPE-PERP 12%, ETH-PERP 10%, ZEC-PERP 9%",False,True,False,True,False,True,True,False,138,-41.7,-13.9,-0.3
0xa16a…7637,215,251,0.3,21.9,75.8,4,19.2,18.2,66,69,3.17,0.0,7,10.8,"EURUSD-PERP 28%, BTC-PERP 26%, HYPE-PERP 12%",True,True,True,True,False,True,True,False,238,12.6,1.8,0.05
0xa18d…c8c5,77,150,-0.11,24.7,-16.5,2,3.8,8.4,21,25,1.2,0.7,2,-8.2,"SOL-PERP 37%, BTC-PERP 34%, HYPE-PERP 11%",False,True,False,True,False,True,True,False,169,-44.4,-22.2,-0.26
0xa19a…98bc,201,988,-0.32,6.6,-312.5,5,0.0,13.4,24,62,6.33,0.2,3,-104.2,"BTC-PERP 18%, HYPE-PERP 7%, SOL-PERP 7%",True,True,False,True,False,True,True,False,13,-2.9,-1.0,-0.22
0xa1b7…0118,204,148,-0.07,22.3,-10.9,4,14.6,5.0,2,2,0.07,0.2,2,-5.4,"BTC-PERP 53%, ZEC-PERP 9%, FARTCOIN-PERP 9%",True,True,False,False,False,True,True,False,58,150.7,75.4,2.6
0xa1d2…8519,36,48,-0.24,2.1,-11.7,2,3.1,9.7,5,9,1.43,0.1,1,-11.7,BTC-PERP 100%,False,False,False,True,False,True,True,False,66,-15.4,-15.4,-0.23
0xa1de…ff63,198,3100,-0.31,7.9,-954.8,7,68.9,36.8,4,17,1.33,0.1,3,-318.3,"BNB-PERP 39%, ZEC-PERP 19%, MON-PERP 13%",True,True,False,True,False,False,True,False,58,-60.1,-20.0,-1.04
0xa1fe…b258,218,83,-0.07,39.8,-5.8,3,0.8,3.3,2,3,0.2,0.7,1,-5.8,"SOL-PERP 33%, ETH-PERP 27%, DOGE-PERP 10%",True,False,False,False,False,True,True,False,324,-52.2,-52.2,-0.16
0xa204…8cad,154,161,-0.1,10.6,-16.7,5,0.2,3.1,6,11,0.37,0.6,2,-8.4,"BTC-PERP 51%, ETH-PERP 22%, SOL-PERP 9%",True,True,False,True,False,True,True,False,0,0.0,0.0,
0xa27c…63bf,160,922,-0.27,14.8,-246.7,6,30.5,17.3,18,41,4.63,0.3,2,-123.4,"BTC-PERP 40%, ETH-PERP 27%, BNB-PERP 11%",True,True,False,True,False,True,True,False,179,-78.1,-39.0,-0.44
0xa2a9…c95c,117,272,-0.2,10.3,-53.4,3,95.4,0.0,0,0,0.0,0.3,3,-17.8,"BTC-PERP 51%, HYPE-PERP 19%, ETH-PERP 17%",True,True,False,False,False,False,True,False,6,-0.1,-0.0,-0.02
0xa2b0…2f60,56,2696,-0.25,0.4,-686.3,2,2.7,155.6,650,1356,72.5,0.0,1,-686.3,"BNB-PERP 79%, BTC-PERP 17%, ETH-PERP 3%",False,True,False,True,False,False,True,False,3016,-760.5,-760.5,-0.25
0xa2bd…221d,200,215,-0.33,7.4,-71.8,4,4.0,2.5,0,0,0.07,0.0,3,-23.9,"BTC-PERP 48%, ETH-PERP 18%, BNB-PERP 9%",True,True,False,False,False,True,True,False,4,-2.6,-0.9,-0.64
0xa2d5…054f,201,360,-0.06,34.7,-20.9,3,31.9,25.9,8,11,0.7,2.6,3,-7.0,"BTC-PERP 47%, HYPE-PERP 19%, ETH-PERP 10%",True,True,False,True,True,True,True,False,162,-198.9,-66.3,-1.23
0xa2e2…5750,144,343,-0.32,20.1,-108.4,4,22.9,31.1,117,154,9.6,1.1,4,-27.1,"BTC-PERP 10%, ZEC-PERP 6%, ETH-PERP 5%",True,True,False,True,False,True,True,False,404,-94.0,-23.5,-0.23
0xa2ff…0744,123,2031,-0.21,16.9,-422.9,5,1.3,13.0,26,63,5.83,0.3,4,-105.7,"HYPE-PERP 9%, ETH-PERP 8%, BTC-PERP 7%",True,True,False,True,False,True,True,False,191,-97.4,-24.4,-0.51
0xa30f…7c97,41,383,-0.22,11.5,-85.8,2,0.0,15.8,26,63,5.97,0.2,3,-28.6,"HYPE-PERP 11%, ZEC-PERP 10%, SOL-PERP 9%",False,True,False,True,False,True,True,False,190,-57.8,-19.3,-0.3
0xa32a…3c18,99,260,-0.54,37.3,-139.2,3,67.6,4.5,0,0,0.07,6.6,6,-23.2,"XAUT-PERP 11%, SOL-PERP 10%, BTC-PERP 10%",True,True,False,False,True,False,True,False,5,-8.8,-1.5,-1.76
0xa35c…ae6e,169,168,-0.57,20.2,-96.0,5,0.0,6.5,2,7,0.67,1.6,2,-48.0,"BTC-PERP 21%, XRP-PERP 15%, HYPE-PERP 11%",True,True,False,True,False,True,True,False,13,-29.2,-14.6,-2.25
0xa380…663f,158,2488,-0.32,12.3,-797.6,6,80.0,5.6,0,3,0.63,0.2,3,-265.9,"SOL-PERP 86%, BTC-PERP 9%, HYPE-PERP 2%",True,True,False,False,False,False,True,False,0,0.0,0.0,
0xa39e…de58,186,2125,-0.27,3.9,-577.5,6,82.6,10.8,4,9,1.27,0.0,9,-64.2,"ETH-PERP 36%, BTC-PERP 26%, XAUT-PERP 6%",True,True,False,True,False,False,True,False,22,-6.2,-0.7,-0.28
0xa3c1…31c4,73,240,-0.32,7.5,-76.6,3,1.2,8.7,3,25,2.93,0.1,2,-38.3,"BTC-PERP 63%, QQQ-PERP 12%, SPY-PERP 10%",False,True,False,True,False,True,True,False,32,-5.4,-2.7,-0.17
0xa40f…076e,212,111,-0.4,8.1,-44.1,5,25.6,65.3,1,1,0.03,0.1,2,-22.0,"HYPE-PERP 45%, ZEC-PERP 17%, XPL-PERP 13%",True,True,False,False,False,True,True,False,0,0.0,0.0,
0xa410…1ef4,200,97,-0.77,17.5,-74.5,2,0.6,6.4,1,6,0.47,0.1,4,-18.6,"BTC-PERP 25%, ETH-PERP 13%, XMR-PERP 7%",True,False,False,True,False,True,True,False,8,-5.6,-1.4,-0.7
0xa41d…ea44/default_1,23,16,-0.75,50.0,-11.9,1,0.0,3.3,1,10,0.53,76.3,4,-3.0,"HYPE-PERP 31%, XRP-PERP 19%, ENA-PERP 12%",False,False,False,True,True,True,True,False,116,-57.0,-14.2,-0.49
0xa442…31ad,202,209,-0.09,46.9,-18.4,5,2.1,6.6,8,21,1.37,8.8,3,-6.1,"AAVE-PERP 11%, TAO-PERP 8%, MON-PERP 7%",True,True,False,True,True,True,True,False,42,-5.1,-1.7,-0.12
0xa449…4125,40,121,-0.35,24.8,-42.5,2,27.5,13.0,26,50,1.67,1.6,1,-42.5,"BTC-PERP 56%, ETH-PERP 43%, SOL-PERP 1%",False,True,False,True,False,True,True,False,25,-11.1,-11.1,-0.44
0xa46b…6523,116,377,-0.34,7.2,-127.2,4,0.1,7.7,0,0,0.3,0.0,1,-127.2,"BTC-PERP 81%, SOL-PERP 8%, HYPE-PERP 3%",True,True,False,False,False,True,True,False,0,0.0,0.0,
0xa47a…367b,231,201,-0.25,28.9,-49.3,7,27.8,7.2,2,4,0.27,1.0,4,-12.3,"BTC-PERP 66%, ETH-PERP 14%, XAUT-PERP 5%",True,True,False,True,False,True,True,False,51,-18.3,-4.6,-0.36
0xa487…b4b8,200,122,-0.41,40.2,-50.4,6,1.3,4.2,8,10,0.47,0.4,1,-50.4,"ZEC-PERP 28%, BTC-PERP 25%, HYPE-PERP 7%",True,True,False,True,False,True,True,False,29,-6.1,-6.1,-0.21
0xa4a4…3d53,166,405,-0.26,20.7,-106.2,6,0.0,20.6,16,29,1.83,0.7,2,-53.1,"BTC-PERP 31%, WTI-PERP 18%, ETH-PERP 16%",True,True,False,True,False,True,True,False,78,-16.4,-8.2,-0.21
0xa4c1…5855,36,81,-0.26,3.7,-20.8,2,0.0,10.2,5,11,2.5,0.1,1,-20.8,BTC-PERP 100%,False,False,False,True,False,True,True,False,108,-26.6,-26.6,-0.25
0xa4c1…202e,122,380,-0.29,31.3,-110.1,4,0.0,8.7,26,48,3.6,7.8,1,-110.1,BTC-PERP 100%,True,True,False,True,False,True,True,False,135,-4.4,-4.4,-0.03
0xa4d1…12a5,214,141,-0.22,29.1,-31.2,7,74.9,58.3,0,14,0.63,1.3,9,-3.5,"ETH-PERP 16%, XAG-PERP 15%, WTI-PERP 11%",True,True,False,False,False,False,True,False,12,-1.1,-0.1,-0.09
0xa522…5a54,16,11,-2.35,0.0,-25.9,1,0.3,7.3,0,7,0.37,0.0,1,-25.9,BTC-PERP 100%,False,False,False,False,False,True,True,False,101,-35.1,-35.1,-0.35
0xa54e…9627,106,316,0.06,44.0,19.0,1,23.3,22.7,34,44,4.83,0.3,2,9.5,"BTC-PERP 34%, ZEC-PERP 25%, MU-PERP 25%",True,True,True,True,False,True,True,False,47,-2.1,-1.0,-0.04
0xa55c…93aa,238,160,-0.37,13.1,-59.4,5,0.0,0.0,0,0,0.0,0.3,1,-59.4,"BTC-PERP 49%, XRP-PERP 13%, ETH-PERP 9%",True,True,False,False,False,True,True,False,10,-0.3,-0.3,-0.03
0xa5dc…1a93,108,104,-0.37,9.6,-38.8,2,6.0,30.3,0,48,3.27,0.1,1,-38.8,"BTC-PERP 52%, XAUT-PERP 14%, SPCX-PERP 6%",True,True,False,False,False,True,True,False,4,34.1,34.1,8.53
0xa634…a799,200,2885,-0.38,24.5,-1101.5,7,0.1,33.5,64,121,7.73,0.7,5,-220.3,"BTC-PERP 20%, ETH-PERP 18%, HYPE-PERP 16%",True,True,False,True,False,True,True,False,72,-27.0,-5.4,-0.37
0xa662…6ba4,68,447,-0.21,7.8,-95.8,3,0.0,8.4,20,42,3.07,0.3,3,-31.9,"BTC-PERP 12%, SOL-PERP 8%, HYPE-PERP 8%",False,True,False,True,False,True,True,False,116,-27.7,-9.2,-0.24
0xa66a…3888,200,248,-0.0,42.7,-0.2,3,39.3,14.0,1,7,2.07,1.2,3,-0.1,"ETH-PERP 50%, HYPE-PERP 15%, BTC-PERP 12%",True,True,False,True,False,True,True,False,31,-10.4,-3.5,-0.34
0xa675…2b3c,125,448,-0.29,5.4,-130.5,4,0.1,43.2,38,98,6.93,0.0,2,-65.2,"QQQ-PERP 78%, SPY-PERP 11%, SOL-PERP 4%",True,True,False,True,False,True,True,False,83,-19.8,-9.9,-0.24
0xa681…c9ec,231,124,-0.5,8.9,-61.9,6,11.5,0.0,0,0,0.0,0.2,1,-61.9,"BTC-PERP 77%, SOL-PERP 17%, ETH-PERP 4%",True,True,False,False,False,True,True,False,6,-11.5,-11.5,-1.91
0xa687…6be9,199,133,-0.15,36.8,-19.6,5,43.2,4.3,1,3,0.27,1.4,1,-19.6,"BTC-PERP 81%, ETH-PERP 18%, HYPE-PERP 1%",True,True,False,False,False,True,True,False,13,-5.0,-5.0,-0.38
0xa6cc…51a2,179,170,-0.29,43.5,-49.5,6,56.8,6.7,14,25,1.43,16.9,3,-16.5,"BTC-PERP 51%, ETH-PERP 28%, SPY-PERP 5%",True,True,False,True,True,False,True,False,306,-99.4,-33.1,-0.32
0xa6d7…3934,216,345,-0.14,44.6,-47.4,5,2.0,10.3,0,0,1.43,15.1,4,-11.8,"BTC-PERP 23%, ETH-PERP 21%, HYPE-PERP 11%",True,True,False,False,True,True,True,False,2,12.3,3.1,6.15
0xa6ef…68e6,106,205,-0.2,26.3,-41.9,3,0.4,1.6,1,1,0.13,1.0,1,-41.9,"BTC-PERP 58%, WTI-PERP 16%, XAUT-PERP 12%",True,True,False,False,False,True,True,False,55,16.0,16.0,0.29
0xa72d…91ca,174,152,-0.24,22.4,-36.0,5,34.8,6.5,0,0,0.17,0.4,1,-36.0,"ETH-PERP 64%, BTC-PERP 26%, HYPE-PERP 3%",True,True,False,False,False,True,True,False,74,-16.6,-16.6,-0.22
0xa730…3690,143,363,-0.04,38.8,-13.6,3,5.1,17.6,0,0,0.37,12.4,6,-2.3,"XAUT-PERP 12%, HYPE-PERP 10%, XRP-PERP 9%",True,True,False,False,True,True,True,False,0,0.0,0.0,
0xa736…9a6c,174,1002,-0.29,26.2,-293.6,6,0.0,14.6,0,26,4.47,1.4,1,-293.6,"BTC-PERP 45%, ETH-PERP 25%, SOL-PERP 13%",True,True,False,False,False,True,True,False,0,0.0,0.0,
0xa756…a71a,20,49,-0.08,46.9,-3.7,1,8.4,11.7,15,24,1.63,7.5,5,-0.7,"LIT-PERP 18%, BTC-PERP 16%, HYPE-PERP 14%",False,False,False,True,True,True,True,False,262,-72.3,-14.5,-0.28
0xa777…3fa2,215,1159,-0.41,7.4,-479.2,8,0.0,11.6,4,41,4.47,0.1,1,-479.2,"BTC-PERP 56%, ETH-PERP 16%, GBPUSD-PERP 11%",True,True,False,True,False,True,True,False,0,0.0,0.0,
0xa777…da4d,71,517,-0.23,23.4,-120.2,3,4.7,17.6,12,29,5.17,0.3,1,-120.2,"BTC-PERP 90%, WTI-PERP 6%, HYPE-PERP 3%",False,True,False,True,False,True,True,False,236,-47.3,-47.3,-0.2
0xa79c…8358,84,270,-0.31,30.4,-82.4,3,25.5,9.3,0,0,1.83,4.5,1,-82.4,"XAUT-PERP 54%, BTC-PERP 46%",False,True,False,False,True,True,True,False,150,-50.1,-50.1,-0.33
0xa7b5…295d,200,235,-0.19,3.8,-44.0,3,0.5,3.3,3,3,0.17,0.0,1,-44.0,"BTC-PERP 99%, XAUT-PERP 1%, WTI-PERP 0%",True,True,False,False,False,True,True,False,5,-2.1,-2.1,-0.42
0xa7bd…2493,198,283,-0.23,39.2,-66.3,3,7.9,9.5,28,35,2.97,2.5,4,-16.6,"ETH-PERP 25%, BTC-PERP 16%, HYPE-PERP 11%",True,True,False,True,True,True,True,False,259,-94.3,-23.6,-0.36
0xa7f5…1ca4,70,257,-0.24,23.3,-60.7,3,25.9,5.0,12,26,1.97,1.9,2,-30.4,"SPY-PERP 26%, QQQ-PERP 25%, XAUT-PERP 20%",False,True,False,True,False,True,True,False,76,-30.1,-15.0,-0.4
0xa821…a02c,39,176,-0.15,28.4,-26.1,2,30.7,20.7,0,0,3.37,1.5,1,-26.1,"BTC-PERP 50%, ETH-PERP 50%",False,True,False,False,False,True,True,False,130,-44.3,-44.3,-0.34
0xa82d…0995,82,2000,-0.25,0.3,-507.0,3,46.8,166.4,454,1088,57.5,0.0,1,-507.0,"BNB-PERP 85%, BTC-PERP 6%, XAUT-PERP 3%",False,True,False,True,False,False,True,False,2382,-586.8,-586.8,-0.25
0xa848…1381,213,580,-0.28,0.2,-162.1,7,0.8,9.6,0,10,1.37,0.0,1,-162.1,"BTC-PERP 35%, ETH-PERP 30%, SOL-PERP 23%",True,True,False,False,False,True,True,False,12,-3.5,-3.5,-0.29
0xa851…b347,198,1482,-0.29,17.7,-431.0,6,34.9,9.8,21,44,3.47,0.0,1,-431.0,"BTC-PERP 53%, SOL-PERP 33%, HYPE-PERP 6%",True,True,False,True,False,True,True,False,41,11.1,11.1,0.27
0xa879…dcd9,42,45,-0.22,24.4,-10.0,2,31.5,16.1,2,16,1.3,1.5,1,-10.0,"ETH-PERP 53%, BTC-PERP 47%",False,False,False,True,False,True,True,False,66,-27.2,-27.2,-0.41
0xa88a…c888,48,503,-0.19,6.6,-97.3,2,0.0,11.0,19,44,5.0,0.2,3,-32.4,"SOL-PERP 9%, HYPE-PERP 9%, ZEC-PERP 9%",False,True,False,True,False,True,True,False,429,-128.4,-42.8,-0.3
0xa89b…3bfa,192,104,0.21,26.9,22.2,4,63.8,12.4,15,19,0.93,4.9,1,22.2,"XAUT-PERP 39%, BTC-PERP 28%, NVDA-PERP 27%",True,True,True,True,True,False,True,False,120,-3.0,-3.0,-0.03
0xa8d4…d53a,174,825,-0.32,29.6,-266.8,5,36.4,51.4,75,187,17.37,3.0,3,-88.9,"ETH-PERP 22%, BTC-PERP 21%, WTI-PERP 16%",True,True,False,True,False,True,True,False,25,-6.6,-2.2,-0.26
0xa916…789b,198,668,-0.24,39.2,-159.8,5,0.0,4.2,4,8,0.7,3.5,5,-32.0,"AAVE-PERP 25%, BTC-PERP 19%, SUI-PERP 14%",True,True,False,True,True,True,True,False,0,0.0,0.0,
0xa91e…a009,207,2178,-0.19,21.7,-403.6,6,53.4,52.9,0,0,3.8,0.3,4,-100.9,"BTC-PERP 37%, SOL-PERP 25%, ETH-PERP 23%",True,True,False,False,False,False,True,False,179,6.5,1.6,0.04
0xa922…fe98,241,97,0.5,38.1,48.8,4,1.1,5.3,4,5,0.27,9.3,1,48.8,"TAO-PERP 12%, BTC-PERP 11%, HYPE-PERP 11%",True,False,True,True,True,True,True,False,34,80.4,80.4,2.36
0xa97b…e69c,205,434,-0.23,14.5,-98.9,5,0.0,9.7,0,0,0.9,0.1,1,-98.9,"BTC-PERP 58%, SOL-PERP 19%, ETH-PERP 16%",True,True,False,False,False,True,True,False,0,0.0,0.0,
0xa97c…4708,45,332,-0.23,29.2,-77.8,2,31.1,22.3,18,65,7.9,1.6,1,-77.8,"ETH-PERP 55%, BTC-PERP 45%",False,True,False,True,False,True,True,False,68,-24.1,-24.1,-0.35
0xa97f…8918,114,2154,-0.32,0.3,-690.1,4,32.4,20.9,1,1,0.07,0.0,1,-690.1,"GOOGL-PERP 34%, SPY-PERP 31%, NVDA-PERP 9%",True,True,False,False,False,True,True,False,9,-15.3,-15.3,-1.7
0xa99d…73c9,237,196,-0.16,21.4,-30.8,6,23.8,4.9,4,4,0.27,1.6,3,-10.3,"BTC-PERP 65%, ETH-PERP 15%, SOL-PERP 3%",True,True,False,True,False,True,True,False,23,-1.1,-0.4,-0.05
0xa9bb…fa38,169,146,-0.79,24.0,-115.0,6,26.5,8.4,2,2,0.33,8.1,2,-57.5,"BTC-PERP 56%, XAUT-PERP 10%, SOL-PERP 8%",True,True,False,False,True,True,True,False,10,-5.4,-2.7,-0.54
0xa9e6…9986,144,280,-0.2,10.4,-56.2,3,83.1,0.0,0,0,0.0,0.0,2,-28.1,"BTC-PERP 53%, ETH-PERP 39%, SOL-PERP 8%",True,True,False,False,False,False,True,False,38,-9.8,-4.9,-0.26
0xaa31…4610,229,441,-0.46,17.5,-202.9,8,0.3,8.6,7,27,1.47,0.2,1,-202.9,"BTC-PERP 65%, WTI-PERP 16%, HYPE-PERP 3%",True,True,False,True,False,True,True,False,121,-28.8,-28.8,-0.24
0xaa37…b74f,215,172,-0.23,24.4,-40.2,5,67.9,18.9,11,15,0.63,2.2,7,-5.7,"BNB-PERP 36%, LIT-PERP 13%, BTC-PERP 8%",True,True,False,True,True,False,True,False,10,12.5,1.8,1.25
0xaa52…6c33,204,319,-0.44,6.3,-141.7,5,26.9,10.4,1,21,0.73,0.0,1,-141.7,"LIT-PERP 68%, ETH-PERP 10%, BTC-PERP 9%",True,True,False,True,False,True,True,False,0,0.0,0.0,
0xaafc…8f6f,6,14,-0.17,14.3,-2.4,1,6.4,4.8,14,14,0.47,0.2,2,-1.2,"ZEC-PERP 29%, SOL-PERP 21%, ETH-PERP 14%",False,False,False,True,False,True,True,False,207,-71.2,-35.6,-0.34
0xab0d…de76,23,57,-0.33,3.5,-18.7,1,2.5,7.6,15,27,1.9,0.5,1,-18.7,"XAUT-PERP 67%, BTC-PERP 30%, ETH-PERP 4%",False,False,False,True,False,True,True,False,260,-73.1,-73.1,-0.28
0xab3f…eb33,38,371,-0.18,9.2,-68.5,2,0.0,16.1,20,45,7.6,0.2,3,-22.8,"ETH-PERP 10%, HYPE-PERP 10%, SOL-PERP 8%",False,True,False,True,False,True,True,False,129,-32.2,-10.7,-0.25
0xab40…24c8,88,77,-0.19,11.7,-14.4,2,36.8,3.9,7,9,0.63,0.1,2,-7.2,"BTC-PERP 43%, ETH-PERP 32%, XAUT-PERP 8%",False,False,False,True,False,True,True,False,84,23.7,11.8,0.28
0xab5c…8288,209,157,0.09,41.4,13.8,2,10.3,3.0,0,4,0.4,1.3,4,3.4,"FARTCOIN-PERP 18%, BTC-PERP 11%, LIT-PERP 11%",True,True,True,False,False,True,True,False,16,29.6,7.4,1.85
0xab7e…687a,213,170,-0.03,37.6,-4.8,4,17.5,2.7,3,10,0.47,1.4,1,-4.8,"ETH-PERP 38%, BTC-PERP 17%, HYPE-PERP 15%",True,True,False,True,False,True,True,False,2,0.5,0.5,0.26
0xab82…dc13,72,238,-0.24,10.9,-56.1,2,36.8,47.9,69,109,4.93,0.5,1,-56.1,"QQQ-PERP 72%, XAUT-PERP 23%, SPY-PERP 5%",False,True,False,True,False,True,True,False,131,-34.5,-34.5,-0.26
0xab8a…51ff/default_1,206,1198,-0.26,3.3,-309.4,6,95.2,9.4,0,7,0.53,0.0,4,-77.4,"BTC-PERP 24%, ETH-PERP 19%, SOL-PERP 18%",True,True,False,False,False,False,True,False,1,-0.2,-0.0,-0.22
0xab8a…51ff/strat2,7,815,-0.25,0.4,-203.2,1,41.1,470.3,807,815,27.17,0.0,2,-101.6,"ETH-PERP 53%, BTC-PERP 47%",False,True,False,True,False,False,True,False,2578,-597.7,-298.8,-0.23
0xaba7…5aea,200,659,0.12,39.3,76.9,2,44.1,2.4,3,6,0.47,0.4,5,15.4,"LIT-PERP 26%, HYPE-PERP 25%, BTC-PERP 13%",True,True,True,True,False,True,True,False,19,49.8,10.0,2.62
0xabb3…56f6,225,114,0.95,59.6,108.5,2,26.7,2.2,2,2,0.27,9.8,4,27.1,"BTC-PERP 29%, ETH-PERP 13%, LIT-PERP 13%",True,True,True,False,True,True,True,False,4,4.0,1.0,1.01
0xac2d…b9f7,167,1158,-0.18,10.4,-208.6,6,0.0,28.5,26,69,12.7,0.2,3,-69.5,"BNB-PERP 10%, XRP-PERP 9%, HYPE-PERP 8%",True,True,False,True,False,True,True,False,360,-109.7,-36.6,-0.3
0xac31…d631,189,979,-0.33,17.4,-326.3,7,0.0,4.3,0,0,0.2,0.3,1,-326.3,"BNB-PERP 55%, XRP-PERP 34%, SOL-PERP 5%",True,True,False,False,False,True,True,False,5,-1.4,-1.4,-0.28
0xac33…f9f3,211,545,-0.3,2.0,-162.9,4,61.8,0.0,0,0,0.0,0.0,2,-81.4,"BTC-PERP 91%, ETH-PERP 7%, WLFI-PERP 1%",True,True,False,False,False,False,True,False,8,0.6,0.3,0.07
0xac63…4288,145,533,-0.26,10.1,-136.7,5,84.1,31.2,35,44,4.4,0.1,1,-136.7,"BTC-PERP 55%, WTI-PERP 15%, BNB-PERP 6%",True,True,False,True,False,False,True,False,301,-72.1,-72.1,-0.24
0xac9e…f0c4/default_3,25,75,-0.22,37.3,-16.5,1,0.0,13.9,19,53,2.5,28.7,8,-2.1,"ZRO-PERP 16%, UNI-PERP 11%, SKY-PERP 7%",False,False,False,True,True,True,True,False,73,185.5,23.2,2.54
0xacc3…d8ed,93,118,-0.49,16.1,-58.4,4,0.0,8.0,4,7,1.17,2.1,1,-58.4,"BTC-PERP 64%, SOL-PERP 19%, PENGU-PERP 6%",True,True,False,True,True,True,True,False,0,0.0,0.0,
0xad46…c9ba,188,183,1.63,54.6,299.0,1,61.3,2.3,4,6,0.37,23.7,8,37.4,"HYPE-PERP 9%, ASTER-PERP 9%, WLFI-PERP 7%",True,True,True,True,True,False,True,False,31,82.1,10.3,2.65
0xad4e…73cb,43,363,-0.22,13.2,-80.0,2,0.1,11.1,4,4,3.67,0.2,3,-26.7,"HYPE-PERP 9%, ZEC-PERP 8%, ETH-PERP 7%",False,True,False,True,False,True,True,False,5,-2.5,-0.8,-0.5
0xad53…fbd5,70,67,-0.29,52.2,-19.3,3,1.7,3.3,8,14,1.07,7.3,1,-19.3,"SOL-PERP 87%, TSLA-PERP 4%, BNB-PERP 3%",False,False,False,True,True,True,True,False,77,-21.1,-21.1,-0.27
0xad54…a74b,132,215,-0.27,17.7,-57.6,5,0.8,6.3,14,14,0.47,0.8,1,-57.6,"BTC-PERP 34%, XAUT-PERP 23%, QQQ-PERP 14%",True,True,False,True,False,True,True,False,66,-25.3,-25.3,-0.38
0xad8b…249f,214,738,-0.26,10.0,-192.7,8,27.8,7.5,14,30,2.33,0.1,1,-192.7,"ETH-PERP 100%, XAUT-PERP 0%",True,True,False,True,False,True,True,False,148,-38.0,-38.0,-0.26
0xad8d…9d2e,211,21,-0.35,33.3,-7.4,1,0.0,0.0,0,0,0.0,1.3,1,-7.4,"ETH-PERP 86%, BTC-PERP 10%, BNB-PERP 5%",True,False,False,False,False,True,True,False,98,-31.3,-31.3,-0.32
0xadb5…5297,224,115,-0.14,26.1,-16.4,8,2.7,3.5,0,2,0.13,0.2,1,-16.4,"MON-PERP 81%, AAVE-PERP 7%, XAUT-PERP 7%",True,True,False,False,False,True,True,False,15,4.7,4.7,0.32
0xadc4…e8e7/default_1,204,721,-0.29,10.1,-209.7,3,95.2,32.5,0,1,0.27,0.0,2,-104.8,"HYPE-PERP 41%, FARTCOIN-PERP 16%, BTC-PERP 11%",True,True,False,False,False,False,True,False,16,-7.2,-3.6,-0.45
0xadd0…6aa3,213,991,-0.25,14.5,-250.6,6,72.1,1.3,1,1,0.1,0.1,2,-125.3,"SOL-PERP 57%, BTC-PERP 19%, XRP-PERP 7%",True,True,False,False,False,False,True,False,56,-15.7,-7.8,-0.28
0xade3…19a9,198,477,-0.24,29.1,-114.5,6,0.0,11.7,18,18,0.87,0.8,1,-114.5,"XRP-PERP 63%, ETH-PERP 15%, BNB-PERP 10%",True,True,False,True,False,True,True,False,172,-74.0,-74.0,-0.43
0xae46…4484,44,78,-0.4,24.4,-30.9,2,27.3,4.0,0,2,0.07,1.5,1,-30.9,"BTC-PERP 54%, ETH-PERP 46%",False,False,False,False,False,True,True,False,37,-11.6,-11.6,-0.31
0xae53…d7dd,196,359,-0.29,49.0,-103.4,5,17.3,2.8,5,7,0.67,8.3,3,-34.5,"SUI-PERP 16%, XRP-PERP 12%, ZEC-PERP 12%",True,True,False,True,True,True,True,False,24,-14.6,-4.9,-0.61
0xae63…a7f1,102,77,-0.24,36.4,-18.4,3,1.3,21.7,3,6,1.0,8.1,5,-3.7,"BTC-PERP 40%, SOL-PERP 13%, PENGU-PERP 9%",True,False,False,True,True,True,True,False,21,-62.7,-12.5,-2.98
0xae9c…0d1e,196,821,-0.21,36.5,-173.3,6,0.0,8.9,28,55,4.47,0.3,2,-86.6,"HYPE-PERP 26%, ETH-PERP 15%, BTC-PERP 14%",True,True,False,True,False,True,True,False,181,-37.8,-18.9,-0.21
0xaebc…4719,219,342,-0.29,36.0,-98.9,6,26.7,62.9,20,32,2.13,11.4,7,-14.1,"BTC-PERP 37%, HYPE-PERP 13%, ETH-PERP 6%",True,True,False,True,True,True,True,False,60,48.8,7.0,0.81
0xaec0…5764,205,1409,-0.23,11.5,-324.1,5,67.9,6.8,0,0,0.3,0.0,3,-108.0,"BTC-PERP 43%, ETH-PERP 34%, SOL-PERP 3%",True,True,False,False,False,False,True,False,8,-30.6,-10.2,-3.83
0xaec3…d91e,213,704,-0.16,25.6,-114.6,5,0.4,12.3,5,7,3.13,0.1,3,-38.2,"BTC-PERP 37%, SOL-PERP 27%, ETH-PERP 24%",True,True,False,True,False,True,True,False,87,-4.0,-1.3,-0.05
0xaf7f…3118,181,206,-0.27,9.7,-56.2,3,0.0,8.0,4,4,0.13,0.0,1,-56.2,"BTC-PERP 86%, SOL-PERP 6%, QQQ-PERP 2%",True,True,False,True,False,True,True,False,1,-1.2,-1.2,-1.18
0xafbb…bcf5,88,281,-0.28,24.9,-78.1,3,33.5,17.9,17,36,3.13,1.5,1,-78.1,"BTC-PERP 49%, ETH-PERP 38%, SOL-PERP 13%",False,True,False,True,False,True,True,False,3,-1.1,-1.1,-0.38
0xafd0…2f16/default_1,105,116,-0.28,31.0,-32.6,3,5.8,3.8,4,9,0.87,5.8,1,-32.6,"XAUT-PERP 30%, XAG-PERP 14%, ETH-PERP 10%",True,True,False,True,True,True,True,False,12,-15.9,-15.9,-1.33
0xafd3…c444,212,214,-0.26,12.1,-55.4,6,44.1,1.0,0,0,0.03,0.1,2,-27.7,"ETH-PERP 37%, BTC-PERP 18%, QQQ-PERP 7%",True,True,False,False,False,True,True,False,1,-0.3,-0.2,-0.27
0xafe0…23b4,127,175,-0.34,18.9,-59.3,5,1.9,4.8,10,13,0.87,1.5,3,-19.8,"BTC-PERP 35%, WTI-PERP 23%, XAUT-PERP 9%",True,True,False,True,False,True,True,False,83,-4.0,-1.3,-0.05
0xb045…af7d,135,54,0.07,27.8,3.9,2,12.9,0.0,0,0,0.0,0.6,2,2.0,"BTC-PERP 63%, ETH-PERP 17%, HYPE-PERP 4%",True,False,True,False,False,True,True,False,49,0.6,0.3,0.01
0xb056…af9f/default_1,230,1507,-0.16,1.7,-237.6,6,98.6,68.7,44,84,4.67,0.1,1,-237.6,"ETH-PERP 88%, QQQ-PERP 11%, MON-PERP 1%",True,True,False,True,False,False,True,False,72,-11.0,-11.0,-0.15
0xb08b…309a,191,293,0.67,54.6,196.3,1,73.7,2.3,2,4,0.27,1.6,3,65.4,"BTC-PERP 60%, HYPE-PERP 22%, ETH-PERP 18%",True,True,True,True,False,False,True,False,0,0.0,0.0,
0xb0b1…66df,191,215,-0.08,15.3,-18.1,4,1.1,6.9,4,8,0.7,0.0,5,-3.6,"BTC-PERP 20%, SPY-PERP 18%, ETH-PERP 11%",True,True,False,True,False,True,True,False,7,-22.4,-4.5,-3.2
0xb0b2…7fae,77,1628,-0.27,2.5,-434.4,3,47.1,71.0,42,232,32.3,0.1,1,-434.4,BTC-PERP 100%,False,True,False,True,False,True,True,False,557,-145.0,-145.0,-0.26
0xb0b2…b1bf,146,1447,-0.25,1.0,-367.6,4,0.0,6.5,0,0,0.2,0.0,1,-367.6,"BTC-PERP 97%, XAG-PERP 3%, ZEC-PERP 0%",True,True,False,False,False,True,True,False,2,-0.5,-0.5,-0.25
0xb0b3…ad84,204,136,-0.17,5.1,-23.7,4,95.0,22.3,1,4,0.23,0.2,1,-23.7,"BTC-PERP 94%, ETH-PERP 6%",True,True,False,True,False,False,True,False,0,0.0,0.0,
0xb0dc…d77b,115,155,-0.17,45.8,-26.8,3,0.0,4.2,0,0,0.47,8.7,2,-13.4,"HYPE-PERP 32%, ETH-PERP 26%, BTC-PERP 23%",True,True,False,False,True,True,True,False,0,0.0,0.0,
0xb0e9…3be2,181,510,-0.42,34.9,-215.2,6,0.0,4.9,0,2,1.23,0.6,12,-17.9,"DOGE-PERP 15%, HYPE-PERP 7%, MON-PERP 7%",True,True,False,False,False,True,False,False,17,-15.8,-1.3,-0.93
0xb11d…6fe0,226,128,-0.12,40.6,-15.3,6,23.0,156.0,10,10,0.33,10.4,1,-15.3,"BTC-PERP 50%, HYPE-PERP 35%, XAUT-PERP 6%",True,True,False,True,True,False,True,False,296,-91.9,-91.9,-0.31
0xb159…6b79,211,95,0.0,35.8,0.4,4,0.4,1.0,0,1,0.03,0.6,1,0.4,"LIT-PERP 35%, BTC-PERP 29%, XAUT-PERP 9%",True,False,False,False,False,True,True,False,10,-8.4,-8.4,-0.84
0xb15a…8ee1,61,213,-0.4,8.5,-84.6,2,3.5,12.8,18,38,2.73,0.1,3,-28.2,"BTC-PERP 45%, FARTCOIN-PERP 29%, EURUSD-PERP 13%",False,True,False,True,False,True,True,False,160,-32.3,-10.8,-0.2
0xb19a…5489,3,1,-0.27,0.0,-0.3,1,0.0,2.0,1,1,0.03,0.0,1,-0.3,BTC-PERP 100%,False,False,False,False,False,True,True,False,154,-30.4,-30.4,-0.2
0xb1db…ff9c,88,104,-0.52,4.8,-54.5,3,0.0,2.0,4,9,0.73,0.9,3,-18.2,"XAUT-PERP 83%, ETH-PERP 6%, XAG-PERP 4%",False,True,False,True,False,True,True,False,37,-15.4,-5.1,-0.42
0xb1ea…7888,42,67,-0.26,20.9,-17.1,2,25.3,15.8,51,59,1.97,1.6,1,-17.1,"BTC-PERP 51%, ETH-PERP 49%",False,False,False,True,False,True,True,False,139,-35.0,-35.0,-0.25
0xb207…27fa,209,1125,-0.09,23.6,-100.2,5,16.4,9.9,0,0,1.1,0.6,3,-33.4,"HYPE-PERP 46%, BTC-PERP 32%, ETH-PERP 5%",True,True,False,False,False,True,True,False,447,-35.4,-11.8,-0.08
0xb212…0cae,26,1334,-0.33,0.1,-440.4,1,90.6,323.0,581,883,44.47,0.0,1,-440.4,"SNDK-PERP 98%, QQQ-PERP 2%",False,True,False,True,False,False,True,False,1473,-429.7,-429.7,-0.29
0xb232…2b9b,196,137,0.12,53.3,16.6,2,0.0,1.0,0,0,0.0,6.1,3,5.5,"BTC-PERP 56%, ETH-PERP 22%, ENA-PERP 9%",True,True,True,False,True,True,True,False,0,0.0,0.0,
0xb23f…b69c,31,74,-0.27,24.3,-19.8,1,25.5,12.4,0,0,2.23,1.6,1,-19.8,"BTC-PERP 53%, ETH-PERP 47%",False,False,False,False,False,True,True,False,91,-25.2,-25.2,-0.28
0xb254…24fd,197,137,-0.31,4.4,-41.9,3,32.1,19.8,10,16,2.43,0.1,1,-41.9,"SOL-PERP 37%, BTC-PERP 31%, ETH-PERP 31%",True,True,False,True,False,True,True,False,97,-29.3,-29.3,-0.3
0xb265…fdc3,213,215,-0.07,42.8,-15.9,4,49.6,2.6,7,12,0.7,0.7,1,-15.9,"BTC-PERP 82%, ETH-PERP 12%, SOL-PERP 3%",True,True,False,True,False,True,True,False,40,-9.8,-9.8,-0.24
0xb275…9aa6,36,55,-0.29,3.6,-16.0,2,0.0,6.5,5,11,1.63,0.1,1,-16.0,BTC-PERP 100%,False,False,False,True,False,True,True,False,100,-25.9,-25.9,-0.26
0xb284…97ba,71,206,-0.12,35.4,-25.2,3,6.1,15.8,23,43,3.67,1.4,3,-8.4,"XAUT-PERP 38%, BTC-PERP 23%, ETH-PERP 8%",False,True,False,True,False,True,True,False,188,115.0,38.3,0.61
0xb2a6…ee8b,93,393,-0.47,12.7,-186.3,4,0.3,18.2,40,76,5.97,2.4,3,-62.1,"HYPE-PERP 13%, BTC-PERP 12%, ETH-PERP 10%",True,True,False,True,False,True,True,False,241,-83.7,-27.9,-0.35
0xb2fa…5646,132,868,-0.26,8.1,-225.9,5,0.0,9.0,18,35,2.6,0.1,1,-225.9,BTC-PERP 100%,True,True,False,True,False,True,True,False,0,0.0,0.0,
0xb2fe…8ba3,15,63,-0.27,11.1,-17.1,1,10.6,24.8,21,45,2.1,0.3,1,-17.1,"BTC-PERP 79%, ETH-PERP 11%, SNDK-PERP 6%",False,False,False,True,False,True,True,False,65,-19.4,-19.4,-0.3
0xb2ff…a711,185,1177,-0.28,9.5,-328.3,5,0.0,0.0,0,0,0.0,0.1,1,-328.3,"SOL-PERP 93%, XAG-PERP 3%, HYPE-PERP 1%",True,True,False,False,False,True,True,False,132,-28.2,-28.2,-0.21
0xb335…ad71,212,1192,-0.25,13.6,-294.0,8,42.1,15.6,43,91,7.1,0.3,1,-294.0,"BTC-PERP 90%, ETH-PERP 10%",True,True,False,True,False,True,True,False,231,-65.1,-65.1,-0.28
0xb362…8276,247,656,-0.18,12.7,-120.5,5,4.5,1.0,0,0,0.0,0.1,2,-60.2,"BTC-PERP 83%, SOL-PERP 10%, ETH-PERP 2%",True,True,False,False,False,True,True,False,85,38.7,19.4,0.46
0xb3df…77dd,242,359,-0.28,34.5,-100.0,7,63.4,3.4,1,2,0.2,1.6,2,-50.0,"ETH-PERP 39%, BTC-PERP 26%, SOL-PERP 24%",True,True,False,False,False,False,True,False,75,-19.7,-9.8,-0.26
0xb402…294f,213,495,-0.03,58.2,-16.9,4,1.2,0.0,0,0,0.0,1.1,1,-16.9,"ETH-PERP 30%, LIT-PERP 15%, SOL-PERP 12%",True,True,False,False,False,True,True,False,28,23.4,23.4,0.84
0xb449…4631,181,101,-0.14,11.9,-14.4,4,32.6,1.4,1,2,0.13,0.3,1,-14.4,"BTC-PERP 50%, SPY-PERP 23%, MU-PERP 10%",True,True,False,False,False,True,True,False,66,-25.3,-25.3,-0.38
0xb44b…2c76,212,176,0.16,30.1,28.9,3,0.0,3.6,0,2,0.3,1.0,2,14.4,"HYPE-PERP 45%, ETH-PERP 26%, BTC-PERP 14%",True,True,True,False,False,True,True,False,48,67.8,33.9,1.41
0xb4ce…ee8c,206,808,-0.14,14.5,-112.1,5,90.8,3.7,6,6,0.5,0.0,12,-9.3,"HYPE-PERP 27%, MON-PERP 15%, LIT-PERP 9%",True,True,False,True,False,False,False,False,13,-12.3,-1.0,-0.94
0xb507…95a4,94,1669,-0.27,0.7,-452.1,3,0.0,3.2,10,15,0.73,0.0,1,-452.1,"BTC-PERP 75%, ETH-PERP 25%",True,True,False,True,False,True,True,False,11,-2.5,-2.5,-0.22
0xb527…a7bd,127,669,-0.41,21.8,-276.0,4,0.0,24.1,17,59,5.3,1.0,2,-138.0,"BTC-PERP 39%, HYPE-PERP 39%, WTI-PERP 11%",True,True,False,True,False,True,True,False,6,-3.7,-1.8,-0.62
0xb531…0775,205,604,-0.29,35.9,-173.1,7,36.8,20.7,21,41,2.73,2.3,1,-173.1,"BTC-PERP 68%, WTI-PERP 9%, SOL-PERP 7%",True,True,False,True,True,True,True,False,114,-39.3,-39.3,-0.35
0xb56e…10bc,153,593,-0.27,15.9,-162.3,5,0.0,54.2,37,43,1.63,0.5,1,-162.3,"ETH-PERP 91%, BTC-PERP 9%, AAPL-PERP 0%",True,True,False,True,False,True,True,False,560,-156.5,-156.5,-0.28
0xb571…075d,216,70,0.1,27.1,7.1,4,56.2,0.0,0,0,0.0,4.9,1,7.1,"XAUT-PERP 24%, BTC-PERP 13%, BNB-PERP 13%",True,False,True,False,True,False,True,False,44,-10.6,-10.6,-0.24
0xb572…98a6,175,45,-0.31,8.9,-14.1,1,0.3,0.0,0,0,0.0,0.1,1,-14.1,ETH-PERP 100%,True,False,False,False,False,True,True,False,76,20.1,20.1,0.26
0xb57c…e3a2,231,5022,-0.31,8.4,-1542.6,7,3.9,2.7,0,0,0.13,0.2,1,-1542.6,"SOL-PERP 37%, BTC-PERP 24%, ETH-PERP 23%",True,True,False,False,False,True,True,False,263,-65.2,-65.2,-0.25
0xb59c…654e,165,242,-0.27,9.9,-64.2,4,79.9,9.0,1,1,0.17,0.0,1,-64.2,"BTC-PERP 93%, HYPE-PERP 3%, SOL-PERP 2%",True,True,False,False,False,False,True,False,57,-30.9,-30.9,-0.54
0xb5c1…bf71,110,93,-0.38,10.8,-34.9,4,0.0,8.4,0,11,1.37,0.0,1,-34.9,BTC-PERP 100%,True,False,False,False,False,True,True,False,8,-4.2,-4.2,-0.52
0xb5d2…6718,115,1751,-0.27,0.2,-481.2,4,0.0,76.7,287,537,33.2,0.0,1,-481.2,"BTC-PERP 31%, XAUT-PERP 31%, XAG-PERP 26%",True,True,False,True,False,True,True,False,3364,-931.5,-931.5,-0.28
0xb5f6…f57a,42,283,-0.27,26.9,-75.9,2,31.1,20.6,9,81,6.6,1.6,1,-75.9,"ETH-PERP 57%, SOL-PERP 43%",False,True,False,True,False,True,True,False,173,-50.0,-50.0,-0.29
0xb606…e64b,198,119,-0.43,10.9,-51.3,4,11.7,2.7,0,0,0.13,0.0,1,-51.3,"BTC-PERP 81%, ETH-PERP 9%, LIT-PERP 5%",True,True,False,False,False,True,True,False,4,8.7,8.7,2.17
0xb615…4100,73,241,-0.27,9.5,-66.2,3,29.2,46.5,68,104,4.83,0.5,1,-66.2,"QQQ-PERP 69%, XAUT-PERP 17%, SPY-PERP 13%",False,True,False,True,False,True,True,False,119,-30.3,-30.3,-0.25
0xb66b…e3f5,29,183,-0.29,20.8,-52.3,1,31.4,16.8,41,85,6.1,1.6,1,-52.3,"BTC-PERP 52%, ETH-PERP 48%",False,True,False,True,False,True,True,False,101,-26.3,-26.3,-0.26
0xb66c…d9b6,113,805,-0.02,30.9,-19.0,3,0.0,18.6,15,63,6.03,0.5,3,-6.3,"ETH-PERP 8%, HYPE-PERP 7%, SOL-PERP 6%",True,True,False,True,False,True,True,False,465,-5.5,-1.8,-0.01
0xb672…9cd3,134,63,-0.55,36.5,-34.7,3,0.0,0.0,0,0,0.0,1.9,2,-17.4,"SOL-PERP 27%, HYPE-PERP 16%, ETH-PERP 10%",True,False,False,False,False,True,True,False,124,-25.5,-12.8,-0.21
0xb67c…914c,221,200,-0.1,32.5,-20.7,6,3.4,5.6,1,5,1.0,0.7,1,-20.7,"BTC-PERP 90%, ETH-PERP 8%, SOL-PERP 2%",True,True,False,True,False,True,True,False,1,0.4,0.4,0.36
0xb6a9…073a,210,434,-0.2,4.4,-88.9,5,88.2,12.7,2,2,0.87,0.0,4,-22.2,"BTC-PERP 53%, XAUT-PERP 18%, SOL-PERP 8%",True,True,False,False,False,False,True,False,2,4.7,1.2,2.35
0xb6d9…5401,214,165,-0.27,0.0,-45.1,2,6.7,0.0,0,0,0.0,0.0,1,-45.1,"BTC-PERP 69%, ETH-PERP 29%, HYPE-PERP 2%",True,True,False,False,False,True,True,False,22,-1.3,-1.3,-0.06
0xb6e6…e4fe,227,433,-0.3,5.5,-129.3,6,0.1,10.7,1,5,0.37,0.0,1,-129.3,"BTC-PERP 88%, ETH-PERP 5%, HYPE-PERP 4%",True,True,False,True,False,True,True,False,40,-10.9,-10.9,-0.27
0xb6e6…1dae,136,255,-0.27,26.3,-67.8,3,12.7,0.0,0,0,0.0,0.9,1,-67.8,"SOL-PERP 27%, ETH-PERP 26%, BTC-PERP 24%",True,True,False,False,False,True,True,False,1,-0.3,-0.3,-0.26
0xb6e6…64bb,32,73,-0.34,24.7,-24.6,2,27.3,12.7,0,0,2.13,1.6,1,-24.6,"ETH-PERP 58%, BTC-PERP 42%",False,False,False,False,False,True,True,False,103,-25.6,-25.6,-0.25
0xb6ea…31e4,169,613,-0.15,16.2,-90.1,2,12.7,4.4,2,6,0.87,0.3,3,-30.0,"ETH-PERP 15%, BTC-PERP 14%, PUMP-PERP 6%",True,True,False,True,False,True,True,False,15,1.8,0.6,0.12
0xb70b…e0ed,235,726,-0.27,1.4,-196.7,6,97.1,91.2,28,28,0.93,0.0,1,-196.7,"SOL-PERP 46%, BTC-PERP 25%, BNB-PERP 10%",True,True,False,True,False,False,True,False,35,-10.4,-10.4,-0.3
0xb745…c450,203,1174,-0.29,8.8,-340.5,2,0.0,0.0,0,0,0.0,0.0,1,-340.5,"BTC-PERP 72%, SOL-PERP 15%, ETH-PERP 12%",True,True,False,False,False,True,True,False,2,4.0,4.0,2.02
0xb78a…1661,208,62,-0.75,41.9,-46.3,6,16.5,35.2,4,4,0.37,76.4,2,-23.2,"UNI-PERP 11%, SPY-PERP 11%, BNB-PERP 10%",True,False,False,True,True,True,True,False,50,-23.8,-11.9,-0.48
0xb795…4375,166,100,-0.07,31.0,-6.6,4,10.9,2.4,1,2,0.23,1.7,2,-3.3,"TAO-PERP 31%, BTC-PERP 27%, ETH-PERP 10%",True,True,False,False,False,True,True,False,12,-12.7,-6.4,-1.06
0xb7bd…f894,166,561,-0.2,45.5,-109.9,6,2.8,9.3,14,28,2.07,2.8,3,-36.6,"TAO-PERP 32%, BTC-PERP 28%, ETH-PERP 24%",True,True,False,True,True,True,True,False,179,-67.2,-22.4,-0.38
0xb7fb…9855,29,184,-0.25,25.0,-46.1,1,28.4,17.0,32,82,6.13,1.7,1,-46.1,"ETH-PERP 51%, BTC-PERP 49%",False,True,False,True,False,True,True,False,182,-53.0,-53.0,-0.29
0xb81b…a079,33,220,-0.22,25.0,-47.5,1,30.2,17.3,56,107,6.87,1.6,1,-47.5,"ETH-PERP 51%, BTC-PERP 49%",False,True,False,True,False,True,True,False,29,-10.9,-10.9,-0.38
0xb81b…1a29,248,525,-0.23,17.1,-121.5,8,19.0,1.0,2,4,0.13,0.3,2,-60.8,"BTC-PERP 70%, ETH-PERP 20%, XAUT-PERP 3%",True,True,False,True,False,True,True,False,22,-10.3,-5.2,-0.47
0xb85b…de8b,241,177,-0.29,7.3,-50.5,8,47.6,2.0,0,0,0.03,0.0,2,-25.2,"XAUT-PERP 45%, BTC-PERP 38%, TAO-PERP 4%",True,True,False,False,False,True,True,False,3,-0.9,-0.4,-0.29
0xb85f…c297,203,196,-0.25,20.9,-48.2,6,0.4,3.5,0,4,0.13,0.3,1,-48.2,"BTC-PERP 68%, HYPE-PERP 9%, ETH-PERP 7%",True,True,False,False,False,True,True,False,0,0.0,0.0,
0xb888…5b77,102,341,-0.41,12.9,-139.8,4,0.0,1.7,0,0,0.07,0.1,2,-69.9,"SOL-PERP 24%, ETH-PERP 22%, BTC-PERP 11%",True,True,False,False,False,True,True,False,39,29.3,14.6,0.75
0xb8ba…8cef,207,223,-0.34,25.6,-76.6,5,2.1,9.7,12,15,1.1,2.4,5,-15.3,"BTC-PERP 39%, ETH-PERP 13%, LIT-PERP 6%",True,True,False,True,True,True,True,False,8,5.6,1.1,0.7
0xb92e…245d,213,105,-0.37,3.8,-39.2,3,20.5,25.5,0,2,0.07,0.0,1,-39.2,"BTC-PERP 70%, kPEPE-PERP 13%, LIT-PERP 6%",True,True,False,False,False,True,True,False,0,0.0,0.0,
0xb933…b574/default_1,23,10,1.46,80.0,14.6,0,0.0,4.2,5,5,0.33,23.2,2,7.3,"ZRO-PERP 30%, XRP-PERP 30%, SUI-PERP 20%",False,False,True,True,True,True,True,False,108,-44.1,-22.0,-0.41
0xb936…8c59,202,137,-0.38,21.9,-52.7,5,0.5,1.0,0,0,0.0,0.1,2,-26.4,"ETH-PERP 74%, NEAR-PERP 10%, BTC-PERP 9%",True,True,False,False,False,True,True,False,10,0.7,0.4,0.07
0xb93c…da09,189,980,-0.24,31.7,-231.2,6,1.4,47.1,56,142,9.9,0.8,1,-231.2,"HYPE-PERP 73%, BTC-PERP 19%, XRP-PERP 6%",True,True,False,True,False,True,True,False,333,-72.9,-72.9,-0.22
0xb954…6f66,234,95,-0.62,8.4,-58.5,6,57.3,61.4,40,41,1.37,0.5,1,-58.5,"BTC-PERP 92%, ETH-PERP 6%, HYPE-PERP 1%",True,False,False,True,False,False,True,False,46,-6.8,-6.8,-0.15
0xb959…3ee9,211,130,-0.12,34.6,-15.1,3,12.5,6.0,0,0,0.07,0.6,1,-15.1,"BTC-PERP 95%, ETH-PERP 2%, PUMP-PERP 1%",True,True,False,False,False,True,True,False,1,0.4,0.4,0.38
0xb96f…e4fe,142,262,0.08,29.0,20.6,2,0.2,7.7,12,31,2.03,3.5,2,10.3,"HYPE-PERP 26%, SOL-PERP 19%, LIT-PERP 18%",True,True,True,True,True,True,True,True,95,-11.4,-5.7,-0.12
0xb9b1…738b,86,351,-0.18,17.1,-62.3,3,49.3,77.0,0,0,2.0,0.3,1,-62.3,"AVGO-PERP 55%, MU-PERP 18%, VVV-PERP 12%",False,True,False,False,False,True,True,False,0,0.0,0.0,
0xb9f8…8966,40,362,-0.26,5.8,-93.9,2,29.2,34.7,25,67,6.3,0.1,1,-93.9,"SOL-PERP 35%, BTC-PERP 33%, ETH-PERP 32%",False,True,False,True,False,True,True,False,103,-31.6,-31.6,-0.31
0xba50…e4eb,173,321,-0.21,19.0,-67.1,4,25.8,1.5,0,0,0.03,0.6,2,-33.6,"LIT-PERP 23%, XAG-PERP 13%, ETH-PERP 12%",True,True,False,False,False,True,True,False,2,-0.7,-0.4,-0.33
0xba76…8cb3,33,193,-0.25,23.8,-49.0,1,27.9,20.4,38,65,5.5,1.7,1,-49.0,"BTC-PERP 51%, ETH-PERP 49%",False,True,False,True,False,True,True,False,146,-36.7,-36.7,-0.25
0xba95…4c52,214,688,-0.28,6.4,-192.6,8,34.0,2.8,0,9,0.47,0.0,1,-192.6,"BTC-PERP 89%, XAUT-PERP 2%, QQQ-PERP 2%",True,True,False,False,False,True,True,False,0,0.0,0.0,
0xbaa9…5d7b/SUB-706802,106,1677,-0.3,0.5,-504.7,4,76.3,30.4,82,160,14.47,0.0,1,-504.7,BTC-PERP 100%,True,True,False,True,False,False,True,False,1173,-342.7,-342.7,-0.29
0xbaf5…0036,201,593,-0.28,0.8,-166.7,6,88.4,30.8,12,30,1.33,0.0,2,-83.4,"BTC-PERP 77%, ETH-PERP 12%, QQQ-PERP 3%",True,True,False,True,False,False,True,False,18,-6.1,-3.0,-0.34
0xbb31…cccb,84,239,-1.11,28.9,-265.6,3,3.6,3.0,3,7,0.5,0.9,4,-66.4,"MEGA-PERP 12%, ENA-PERP 10%, XPL-PERP 8%",False,True,False,True,False,True,True,False,61,-138.0,-34.5,-2.26
0xbb32…6e61,106,469,-0.24,12.6,-113.8,4,0.1,20.4,13,20,3.0,0.0,1,-113.8,"HYPE-PERP 71%, BTC-PERP 22%, ETH-PERP 2%",True,True,False,True,False,True,True,False,38,-11.9,-11.9,-0.31
0xbb40…335f,210,112,0.09,30.4,10.5,4,65.5,3.4,1,4,0.23,0.7,1,10.5,"BTC-PERP 82%, ETH-PERP 4%, SOL-PERP 4%",True,True,True,True,False,False,True,False,25,-1.1,-1.1,-0.04
0xbb45…cf1e,214,415,-0.29,8.7,-119.1,8,32.0,5.3,5,7,0.4,0.0,2,-59.6,"BTC-PERP 46%, ETH-PERP 32%, SOL-PERP 7%",True,True,False,True,False,True,True,False,4,-0.9,-0.4,-0.23
0xbb6a…ebf7,88,169,-0.72,23.1,-122.4,1,0.0,2.2,0,1,0.03,2.0,6,-20.4,"BTC-PERP 30%, ETH-PERP 15%, SOL-PERP 8%",False,True,False,False,True,True,True,False,55,393.8,65.6,7.16
0xbb6f…4cd8,194,432,-0.05,38.7,-21.5,3,33.1,0.0,0,0,0.0,0.8,3,-7.2,"BTC-PERP 66%, LIT-PERP 7%, HYPE-PERP 6%",True,True,False,False,False,True,True,False,134,-24.1,-8.0,-0.18
0xbb7b…b026,77,111,-0.26,7.2,-29.2,3,0.0,5.2,1,2,0.73,0.1,1,-29.2,XAUT-PERP 100%,False,True,False,False,False,True,True,False,0,0.0,0.0,
0xbb99…d8ac,170,284,-0.1,40.1,-28.3,5,20.6,6.6,1,5,0.97,0.7,2,-14.2,"BTC-PERP 36%, LIT-PERP 26%, HYPE-PERP 11%",True,True,False,True,False,True,True,False,6,-2.0,-1.0,-0.33
0xbbc8…5b1f,233,95,-0.35,27.4,-33.3,3,5.3,7.0,3,6,0.23,7.4,3,-11.1,"BTC-PERP 39%, WTI-PERP 19%, ETH-PERP 14%",True,False,False,True,True,True,True,False,4,-12.6,-4.2,-3.16
0xbbcc…c099,41,90,-0.16,5.6,-14.6,2,24.1,5.5,17,29,1.93,0.2,1,-14.6,BTC-PERP 100%,False,False,False,True,False,True,True,False,29,-4.3,-4.3,-0.15
0xbc09…a17d,174,357,-0.28,3.1,-101.5,4,0.0,48.5,0,19,1.57,0.0,1,-101.5,"BTC-PERP 54%, ETH-PERP 22%, HYPE-PERP 11%",True,True,False,False,False,True,True,False,0,0.0,0.0,
0xbc42…5ad5,246,3592,-0.27,1.3,-976.9,8,7.5,1.5,0,0,0.0,0.0,2,-488.4,"BTC-PERP 68%, ETH-PERP 25%, SOL-PERP 5%",True,True,False,False,False,True,True,False,0,0.0,0.0,
0xbc61…660b,191,1521,-0.27,4.4,-416.4,7,39.1,39.5,148,252,8.4,0.1,1,-416.4,"XAUT-PERP 69%, SPY-PERP 11%, ETH-PERP 9%",True,True,False,True,False,True,True,False,884,-240.2,-240.2,-0.27
0xbc64…1ab8,190,234,-0.6,35.0,-141.1,5,0.4,0.0,0,0,0.0,3.7,7,-20.2,"BTC-PERP 12%, ETH-PERP 12%, HYPE-PERP 9%",True,True,False,False,True,True,True,False,4,-2.2,-0.3,-0.55
0xbc6c…9114,36,61,-0.26,1.6,-15.6,2,2.9,12.5,5,13,1.87,0.1,1,-15.6,BTC-PERP 100%,False,False,False,True,False,True,True,False,70,-17.0,-17.0,-0.24
0xbc6f…d6e3,43,89,-0.28,30.3,-24.8,2,2.1,7.3,4,5,1.2,2.0,1,-24.8,"BTC-PERP 39%, ETH-PERP 37%, SPCX-PERP 6%",False,False,False,True,True,True,True,False,54,-19.3,-19.3,-0.36
0xbcd3…d481,237,299,-0.15,22.7,-45.4,7,0.1,10.0,0,20,0.73,0.7,2,-22.7,"BTC-PERP 61%, ETH-PERP 8%, ZEC-PERP 6%",True,True,False,False,False,True,True,False,51,13.1,6.6,0.26
0xbcf1…5050,107,917,-0.33,18.0,-306.1,4,0.0,22.8,32,59,6.37,0.3,2,-153.0,"BTC-PERP 65%, SOL-PERP 11%, HYPE-PERP 7%",True,True,False,True,False,True,True,False,18,-5.5,-2.8,-0.31
0xbcf1…379e,166,1070,-0.25,5.0,-270.5,5,0.1,3.7,11,17,0.7,0.0,1,-270.5,"BTC-PERP 82%, ETH-PERP 11%, HYPE-PERP 4%",True,True,False,True,False,True,True,False,120,-36.4,-36.4,-0.3
0xbd03…b05d,171,439,-0.3,2.5,-132.2,6,0.0,3.5,5,7,1.17,0.1,1,-132.2,"BNB-PERP 96%, ETH-PERP 4%",True,True,False,True,False,True,True,False,0,0.0,0.0,
0xbd19…d5f0,182,145,-0.32,30.3,-46.0,7,0.0,2.2,3,7,0.27,0.4,1,-46.0,"ETH-PERP 97%, SUI-PERP 2%, SOL-PERP 1%",True,True,False,True,False,True,True,False,49,-16.8,-16.8,-0.34
0xbd22…90dd,88,376,-0.29,28.5,-110.8,3,34.0,18.6,0,5,2.17,1.4,1,-110.8,"ETH-PERP 37%, SOL-PERP 35%, BTC-PERP 28%",False,True,False,False,False,True,True,False,149,-38.4,-38.4,-0.26
0xbd33…16dc,239,595,-0.28,10.4,-168.1,5,12.1,17.5,0,37,4.2,0.1,1,-168.1,"BTC-PERP 73%, XAG-PERP 7%, LIT-PERP 5%",True,True,False,False,False,True,True,False,63,-18.2,-18.2,-0.29
0xbd78…90e3,209,388,-0.61,51.3,-234.8,4,0.2,1.0,0,0,0.0,2.2,4,-58.7,"ZEC-PERP 12%, LIT-PERP 10%, HYPE-PERP 9%",True,True,False,False,True,True,True,False,7,-6.3,-1.6,-0.89
0xbd93…904f,73,228,-0.34,11.4,-77.4,3,39.5,45.1,70,105,4.77,0.5,1,-77.4,"QQQ-PERP 72%, XAUT-PERP 20%, SPY-PERP 7%",False,True,False,True,False,True,True,False,128,-33.8,-33.8,-0.26
0xbdc7…a37e,158,144,-0.26,17.4,-38.1,6,0.1,8.6,0,1,1.07,0.8,1,-38.1,"BTC-PERP 86%, XAUT-PERP 8%, EURUSD-PERP 2%",True,True,False,False,False,True,True,False,0,0.0,0.0,
0xbe1a…9baf,231,390,-0.35,20.5,-137.8,6,1.0,3.6,1,4,0.53,0.3,1,-137.8,"BTC-PERP 40%, ETH-PERP 15%, MON-PERP 11%",True,True,False,True,False,True,True,False,12,-7.7,-7.7,-0.65
0xbe35…83d0,197,28,-0.41,10.7,-11.6,3,14.5,0.0,0,0,0.0,2.9,2,-5.8,"BTC-PERP 32%, ETH-PERP 32%, HYPE-PERP 21%",True,False,False,False,True,True,True,False,128,-50.5,-25.2,-0.39
0xbe42…2ca0,178,683,-0.28,0.7,-193.7,6,2.3,9.4,6,24,2.5,0.0,1,-193.7,"SOL-PERP 39%, XAUT-PERP 29%, BTC-PERP 17%",True,True,False,True,False,True,True,False,42,-12.6,-12.6,-0.3
0xbe49…4458,164,1423,-0.17,24.5,-246.1,5,8.1,0.0,0,0,0.0,0.3,4,-61.5,"BTC-PERP 25%, HYPE-PERP 16%, ETH-PERP 13%",True,True,False,False,False,True,True,False,12,11.1,2.8,0.93
0xbe90…d025,108,864,-0.32,3.8,-272.6,4,0.9,70.0,191,358,19.33,0.0,1,-272.6,"BTC-PERP 53%, ETH-PERP 39%, SOL-PERP 3%",True,True,False,True,False,True,True,False,8,-3.8,-3.8,-0.48
0xbea5…b876,198,149,-0.19,47.7,-28.9,5,7.2,0.0,0,0,0.0,1.8,1,-28.9,"BTC-PERP 52%, ETH-PERP 42%, HYPE-PERP 5%",True,True,False,False,False,True,True,False,1,3.6,3.6,3.65
0xbeaa…cb6d,28,123,-0.32,3.3,-39.3,1,0.0,26.9,0,9,4.1,0.0,1,-39.3,"XAG-PERP 33%, CHIP-PERP 15%, NEAR-PERP 12%",False,True,False,False,False,True,True,False,0,0.0,0.0,
0xbeb1…4f55,181,206,-0.37,1.5,-76.1,4,50.1,1.5,0,0,0.0,0.0,2,-38.0,"BTC-PERP 98%, ETH-PERP 1%, TSLA-PERP 0%",True,True,False,False,False,False,True,False,0,0.0,0.0,
0xbeb7…2d22,204,389,-0.13,14.9,-52.4,4,42.8,7.0,0,0,0.03,0.2,2,-26.2,"BTC-PERP 93%, AAVE-PERP 2%, LIT-PERP 1%",True,True,False,False,False,True,True,False,53,-22.0,-11.0,-0.42
0xbf10…a669,200,253,-0.25,50.6,-62.6,7,11.8,3.8,2,7,0.73,0.8,1,-62.6,"BTC-PERP 58%, WTI-PERP 23%, ETH-PERP 11%",True,True,False,True,False,True,True,False,135,-33.6,-33.6,-0.25
0xbf10…6067,61,2248,-0.26,8.6,-589.6,2,0.0,313.2,301,301,12.17,0.1,4,-147.4,"ASTER-PERP 57%, AAVE-PERP 12%, JUP-PERP 10%",False,True,False,True,False,False,True,False,1420,-373.5,-93.4,-0.26
0xbf19…10f8,12,106,-0.35,3.8,-36.9,1,92.0,31.5,56,106,3.53,0.1,1,-36.9,"NVDA-PERP 41%, GOOGL-PERP 32%, QQQ-PERP 14%",False,True,False,True,False,False,True,False,96,-28.9,-28.9,-0.3
0xbf21…0653,31,103,-0.13,33.0,-13.8,1,0.0,70.0,11,40,3.33,0.1,1,-13.8,XMR-PERP 100%,False,True,False,True,False,True,True,False,0,0.0,0.0,
0xbf34…3d8a,176,420,-0.31,14.3,-130.0,6,10.6,5.6,11,18,1.37,0.1,1,-130.0,"BTC-PERP 77%, ETH-PERP 20%, SOL-PERP 1%",True,True,False,True,False,True,True,False,37,-9.4,-9.4,-0.25
0xbf69…6ffc,167,190,-0.26,12.6,-49.3,4,0.0,0.0,0,0,0.0,0.1,1,-49.3,"ETH-PERP 52%, BTC-PERP 23%, SUI-PERP 10%",True,True,False,False,False,True,True,False,118,-42.3,-42.3,-0.36
0xbf9a…df59,176,431,-0.15,27.8,-64.7,2,0.0,6.2,3,5,0.87,0.2,1,-64.7,ETH-PERP 100%,True,True,False,True,False,True,True,False,89,-33.5,-33.5,-0.38
0xbfa9…9fd5,41,116,-0.33,0.0,-38.0,2,91.7,41.7,28,64,3.8,0.2,1,-38.0,"NVDA-PERP 32%, QQQ-PERP 19%, GOOGL-PERP 13%",False,True,False,True,False,False,True,False,54,-16.7,-16.7,-0.31
0xbfb4…8684,199,935,-0.25,0.2,-235.8,1,59.2,0.0,0,0,0.0,0.0,1,-235.8,"BTC-PERP 100%, ETH-PERP 0%",True,True,False,False,False,False,True,False,0,0.0,0.0,
0xbfb5…5160,101,1545,-0.19,22.0,-286.5,4,0.2,14.2,20,57,5.87,0.6,6,-47.8,"HYPE-PERP 8%, SOL-PERP 7%, ZEC-PERP 6%",True,True,False,True,False,True,True,False,93,-69.6,-11.6,-0.75
0xbfc2…8020,212,257,-0.82,19.5,-209.7,5,91.3,0.0,0,0,0.0,4.5,11,-19.1,"BTC-PERP 30%, ETH-PERP 15%, BNB-PERP 5%",True,True,False,False,True,False,False,False,69,-12.4,-1.1,-0.18
0xbfd6…7202,117,393,-0.3,26.5,-116.9,4,0.0,2.3,2,4,0.47,0.8,3,-39.0,"ETH-PERP 41%, BTC-PERP 35%, BNB-PERP 9%",True,True,False,True,False,True,True,False,32,3.6,1.2,0.11
0xc008…936f,119,1695,-0.22,18.8,-373.5,4,0.5,18.8,27,27,4.57,0.4,8,-46.7,"BTC-PERP 26%, ETH-PERP 20%, HYPE-PERP 9%",True,True,False,True,False,True,True,False,93,-46.4,-5.8,-0.5
0xc023…ef14,72,223,-0.32,6.7,-71.6,3,33.2,43.5,64,100,4.63,0.5,1,-71.6,"QQQ-PERP 71%, XAUT-PERP 22%, SPY-PERP 7%",False,True,False,True,False,True,True,False,124,-32.3,-32.3,-0.26
0xc040…8c1a/default_2,13,208,-0.24,7.2,-49.6,1,0.0,57.9,196,208,6.93,0.0,4,-12.4,"ENA-PERP 41%, AAVE-PERP 23%, SOL-PERP 20%",False,True,False,True,False,True,True,False,0,0.0,0.0,
0xc0a7…9363,218,2158,-0.29,9.3,-623.6,6,12.2,3.0,0,0,0.07,0.3,1,-623.6,"BTC-PERP 27%, SOL-PERP 25%, XRP-PERP 24%",True,True,False,False,False,True,True,False,165,-60.9,-60.9,-0.37
0xc0c5…b9c6,142,119,-0.3,4.2,-35.3,4,17.6,268.7,0,0,2.0,0.1,1,-35.3,"BTC-PERP 56%, EURUSD-PERP 44%",True,True,False,False,False,False,True,False,5,-7.1,-7.1,-1.42
0xc0cd…948e,183,341,-0.28,19.9,-94.2,6,19.5,57.4,7,60,3.0,0.1,2,-47.1,"BTC-PERP 26%, HYPE-PERP 19%, ETH-PERP 11%",True,True,False,True,False,True,True,False,18,-3.6,-1.8,-0.2
0xc101…c06b,169,2716,-0.25,19.3,-691.4,4,21.7,9.8,5,7,0.43,0.8,6,-115.2,"BTC-PERP 36%, ETH-PERP 14%, ZEC-PERP 10%",True,True,False,True,False,True,True,False,3,-1.6,-0.3,-0.53
0xc106…60c0,180,224,-0.27,16.5,-59.5,6,0.2,7.4,8,16,1.07,0.5,1,-59.5,"XAUT-PERP 50%, XAG-PERP 24%, BTC-PERP 23%",True,True,False,True,False,True,True,False,34,-8.0,-8.0,-0.24
0xc10e…b468,165,146,-0.11,17.1,-15.4,4,10.3,4.8,5,5,0.63,0.6,1,-15.4,"ZEC-PERP 49%, HYPE-PERP 27%, SOL-PERP 21%",True,True,False,True,False,True,True,False,0,0.0,0.0,
0xc114…45c0,187,245,-0.15,31.8,-36.9,5,0.5,3.7,9,19,0.63,1.5,2,-18.4,"XAUT-PERP 20%, XAG-PERP 13%, ETH-PERP 8%",True,True,False,True,False,True,True,False,78,-11.2,-5.6,-0.14
0xc145…e237,237,452,-0.26,14.4,-115.7,6,62.5,55.2,9,10,2.2,0.7,2,-57.8,"HYPE-PERP 31%, SOL-PERP 24%, ZEC-PERP 22%",True,True,False,True,False,False,True,False,148,-25.7,-12.8,-0.17
0xc19c…1e9e,213,1600,-0.36,8.8,-578.2,8,82.0,35.6,10,21,2.9,0.1,3,-192.7,"HYPE-PERP 43%, BTC-PERP 19%, XAUT-PERP 14%",True,True,False,True,False,False,True,False,55,61.4,20.5,1.12
0xc1b6…fbae,42,244,-0.24,25.4,-59.7,2,28.9,18.9,7,75,5.6,1.6,1,-59.7,"SOL-PERP 52%, ETH-PERP 48%",False,True,False,True,False,True,True,False,174,-41.6,-41.6,-0.24
0xc1c8…fb70,238,397,0.0,49.4,0.1,3,34.2,29.1,3,3,0.83,1.0,2,0.0,"ETH-PERP 35%, BTC-PERP 34%, HYPE-PERP 30%",True,True,False,False,False,True,True,False,74,-2.4,-1.2,-0.03
0xc1d5…ca71,214,627,0.02,54.4,13.6,2,12.9,9.1,14,18,0.8,1.2,4,3.4,"BTC-PERP 19%, ETH-PERP 16%, HYPE-PERP 13%",True,True,True,True,False,True,True,False,149,71.4,17.8,0.48
0xc1ea…f421,207,111,1.0,73.0,110.7,0,1.1,3.5,0,5,0.8,14.8,5,22.1,"BTC-PERP 19%, SOL-PERP 15%, ZEC-PERP 8%",True,True,True,False,True,True,True,False,0,0.0,0.0,
0xc21d…3178,38,13,-0.4,30.8,-5.2,2,23.2,6.5,5,5,0.17,1.4,1,-5.2,"BTC-PERP 62%, ETH-PERP 38%",False,False,False,True,False,True,True,False,121,-29.5,-29.5,-0.24
0xc22b…f1df,232,504,-0.16,37.7,-83.0,7,0.1,14.9,18,40,2.8,6.9,1,-83.0,"BTC-PERP 28%, ETH-PERP 21%, SPY-PERP 11%",True,True,False,True,True,True,True,False,177,-59.5,-59.5,-0.34
0xc238…4d3f,156,308,-0.41,20.8,-125.3,6,25.0,6.8,20,41,2.33,0.6,2,-62.6,"BTC-PERP 74%, XAUT-PERP 10%, XAG-PERP 5%",True,True,False,True,False,True,True,False,48,-26.0,-13.0,-0.54
0xc268…0ca0,32,116,-0.25,26.7,-29.1,2,30.3,21.7,0,0,3.57,1.6,1,-29.1,"BTC-PERP 53%, ETH-PERP 47%",False,True,False,False,False,True,True,False,152,-29.4,-29.4,-0.19
0xc287…003b,216,517,-0.3,2.9,-152.7,6,76.9,0.0,0,0,0.0,0.0,1,-152.7,"HYPE-PERP 43%, SOL-PERP 27%, BTC-PERP 20%",True,True,False,False,False,False,True,False,17,-1.7,-1.7,-0.1
0xc28b…c869,42,232,-0.29,25.9,-67.5,2,29.3,20.7,49,56,5.6,1.7,1,-67.5,"BTC-PERP 52%, ETH-PERP 48%",False,True,False,True,False,True,True,False,244,-62.6,-62.6,-0.26
0xc2b3…b59b,227,1398,-0.3,1.3,-415.2,7,0.0,5.4,15,30,2.2,0.0,8,-51.9,"BTC-PERP 27%, SOL-PERP 25%, XAUT-PERP 19%",True,True,False,True,False,True,True,False,191,-80.3,-10.0,-0.42
0xc2b3…289f,127,330,-0.3,20.0,-100.6,4,0.0,29.8,7,22,1.87,0.6,4,-25.2,"BTC-PERP 31%, ETH-PERP 12%, PUMP-PERP 11%",True,True,False,True,False,True,True,False,100,-33.0,-8.2,-0.33
0xc2c3…905b,234,190,0.04,34.2,6.7,5,19.0,12.7,3,4,0.27,5.9,3,2.2,"BTC-PERP 36%, HYPE-PERP 21%, ZEC-PERP 5%",True,True,True,True,True,True,True,True,6,-30.6,-10.2,-5.09
0xc2cc…8170,44,29,-0.51,17.2,-14.8,2,25.0,7.8,0,13,0.43,1.2,1,-14.8,"ETH-PERP 52%, SOL-PERP 48%",False,False,False,False,False,True,True,False,91,-26.5,-26.5,-0.29
0xc2cd…fdde,135,346,-0.34,6.6,-116.2,4,70.0,13.5,0,6,0.2,0.1,3,-38.7,"BNB-PERP 37%, ETH-PERP 28%, SOL-PERP 10%",True,True,False,False,False,False,True,False,12,-35.1,-11.7,-2.93
0xc2fb…7408,206,281,-0.26,12.8,-72.3,6,0.8,1.3,3,5,0.23,0.2,1,-72.3,"BTC-PERP 88%, HYPE-PERP 5%, ZEC-PERP 5%",True,True,False,True,False,True,True,False,21,24.3,24.3,1.16
0xc341…9d9a,39,173,-0.32,21.4,-55.7,2,38.8,16.8,36,85,4.13,1.9,1,-55.7,"ETH-PERP 53%, BTC-PERP 47%",False,True,False,True,False,True,True,False,1,-1.8,-1.8,-1.83
0xc351…c981,43,324,-0.27,25.9,-87.4,2,32.2,26.7,0,57,8.23,1.7,1,-87.4,"BTC-PERP 51%, ETH-PERP 49%",False,True,False,False,False,True,True,False,77,-22.9,-22.9,-0.3
0xc372…bfa5,211,485,-0.3,13.0,-144.3,7,7.3,4.2,10,25,1.7,0.1,2,-72.2,"SOL-PERP 32%, BTC-PERP 15%, HYPE-PERP 15%",True,True,False,True,False,True,True,False,60,-54.5,-27.2,-0.91
0xc37c…8894,185,126,0.39,44.4,49.2,1,2.0,4.0,0,0,0.1,6.0,8,6.2,"XMR-PERP 20%, ASTER-PERP 16%, LIT-PERP 14%",True,True,True,False,True,True,True,False,3,-16.6,-2.1,-5.53
0xc3b3…4888,111,145,-0.24,17.2,-34.8,4,3.3,4.0,0,0,0.63,0.2,1,-34.8,"BTC-PERP 26%, HYPE-PERP 24%, XRP-PERP 10%",True,True,False,False,False,True,True,False,0,0.0,0.0,
0xc3c4…4f81,184,494,0.81,66.2,399.7,1,49.3,5.4,1,1,0.1,7.3,14,28.6,"ETH-PERP 20%, BTC-PERP 8%, XRP-PERP 7%",True,True,True,False,True,True,False,False,3,-20.2,-1.4,-6.73
0xc3e6…5716,150,477,-0.34,0.6,-162.3,3,89.8,1.2,1,1,0.07,0.0,2,-81.2,"BTC-PERP 63%, ETH-PERP 36%, BNB-PERP 0%",True,True,False,False,False,False,True,False,2,4.6,2.3,2.28
0xc3e8…77ed,213,116,-0.45,29.3,-52.5,5,2.0,5.5,2,3,0.33,1.1,2,-26.2,"HYPE-PERP 63%, LIT-PERP 22%, BTC-PERP 7%",True,True,False,False,False,True,True,False,31,-42.5,-21.2,-1.37
0xc3fa…8fc4,217,250,-0.16,28.0,-40.7,4,0.7,13.7,22,36,1.67,1.5,1,-40.7,"BNB-PERP 10%, ETH-PERP 10%, XRP-PERP 9%",True,True,False,True,False,True,True,False,66,-12.2,-12.2,-0.18
0xc427…19f0,170,525,-0.31,11.0,-162.1,6,0.0,4.8,0,0,0.63,0.2,1,-162.1,"ETH-PERP 42%, SPY-PERP 21%, BTC-PERP 12%",True,True,False,False,False,True,True,False,0,0.0,0.0,
0xc433…772f,40,135,-0.3,22.2,-40.0,2,28.2,13.9,0,39,3.9,1.6,1,-40.0,"ETH-PERP 51%, BTC-PERP 49%",False,True,False,False,False,True,True,False,132,-35.1,-35.1,-0.27
0xc452…a7ce,198,415,-0.29,5.1,-119.5,3,27.6,38.3,10,23,7.33,0.1,1,-119.5,"ETH-PERP 34%, BTC-PERP 33%, SOL-PERP 32%",True,True,False,True,False,True,True,False,118,-33.5,-33.5,-0.28
0xc457…4c57,208,154,-0.03,37.0,-5.0,3,59.3,9.2,6,14,1.03,2.8,2,-2.5,"BTC-PERP 56%, ETH-PERP 25%, XAUT-PERP 6%",True,True,False,True,True,False,True,False,3,-6.8,-3.4,-2.26
0xc474…4e49,38,401,-0.98,19.0,-394.0,2,23.4,171.5,29,90,9.3,0.0,1,-394.0,"XMR-PERP 92%, ETH-PERP 3%, USDJPY-PERP 3%",False,True,False,True,False,False,True,False,31,-30.3,-30.3,-0.98
0xc476…ff77,32,80,-0.3,30.0,-23.8,2,35.5,14.8,0,0,2.47,1.5,1,-23.8,"ETH-PERP 57%, BTC-PERP 42%",False,False,False,False,False,True,True,False,94,-26.2,-26.2,-0.28
0xc494…8dc2,106,151,-0.4,9.9,-60.5,3,9.4,6.4,19,44,2.3,0.2,1,-60.5,"ETH-PERP 41%, SOL-PERP 9%, ZEC-PERP 8%",True,True,False,True,False,True,True,False,50,-24.8,-24.8,-0.5
0xc4ca…632e,162,274,-0.4,31.0,-110.0,6,10.3,5.6,16,36,2.5,4.1,2,-55.0,"BTC-PERP 69%, ETH-PERP 13%, XAUT-PERP 9%",True,True,False,True,True,True,True,False,207,-57.2,-28.6,-0.28
0xc4cf…b56c,212,194,-0.14,13.9,-27.8,4,11.8,11.0,0,0,0.13,0.1,1,-27.8,"BTC-PERP 89%, SOL-PERP 6%, ETH-PERP 3%",True,True,False,False,False,True,True,False,60,-10.2,-10.2,-0.17
0xc4df…cc31,212,97,-0.78,25.8,-75.4,5,53.1,17.4,6,6,0.43,2.1,2,-37.7,"BTC-PERP 99%, MON-PERP 1%",True,False,False,True,True,False,True,False,36,-11.2,-5.6,-0.31
0xc544…68d3,212,257,-0.36,22.2,-92.6,5,0.0,25.0,0,0,1.13,1.9,2,-46.3,"SOL-PERP 27%, ETH-PERP 21%, BNB-PERP 14%",True,True,False,False,False,True,True,False,0,0.0,0.0,
0xc549…632d,58,315,-0.33,0.6,-105.2,2,1.8,38.8,0,1,3.53,0.0,1,-105.2,"BTC-PERP 99%, QQQ-PERP 1%",False,True,False,False,False,True,True,False,0,0.0,0.0,
0xc54d…e5ce,207,320,-0.08,40.0,-27.0,2,34.7,0.0,0,0,0.0,1.1,4,-6.8,"ETH-PERP 44%, BTC-PERP 21%, HYPE-PERP 7%",True,True,False,False,False,True,True,False,40,-10.5,-2.6,-0.26
0xc564…4e1d,205,418,-0.13,33.5,-52.9,5,6.5,21.9,21,27,1.73,1.6,2,-26.4,"XPL-PERP 21%, ZEC-PERP 14%, DOGE-PERP 11%",True,True,False,True,False,True,True,False,86,3.4,1.7,0.04
0xc57d…e87a/default_1,26,13,0.43,30.8,5.6,0,0.0,5.2,3,4,0.43,1.4,1,5.6,"JUP-PERP 54%, ZRO-PERP 15%, SOL-PERP 15%",False,False,True,True,False,True,True,False,92,1.4,1.4,0.02
0xc584…93f3,134,141,-0.14,13.5,-20.2,3,89.1,0.0,0,0,0.0,0.4,2,-10.1,"HYPE-PERP 69%, BTC-PERP 16%, ETH-PERP 15%",True,True,False,False,False,False,True,False,13,22.6,11.3,1.74
0xc5a7…9499,185,211,-0.44,26.1,-93.4,5,18.9,18.9,4,8,1.3,1.9,5,-18.7,"BTC-PERP 60%, NEAR-PERP 6%, HYPE-PERP 5%",True,True,False,True,False,True,True,False,57,46.7,9.3,0.82
0xc5e8…37c8,205,4508,-0.21,15.9,-958.8,7,42.0,4.0,2,2,0.07,0.1,6,-159.8,"BTC-PERP 28%, ETH-PERP 19%, HYPE-PERP 5%",True,True,False,False,False,True,True,False,30,-11.9,-2.0,-0.4
0xc5e8…3673,213,862,-0.35,26.1,-300.6,6,24.8,7.5,10,21,1.73,0.8,3,-100.2,"BTC-PERP 43%, ETH-PERP 20%, HYPE-PERP 8%",True,True,False,True,False,True,True,False,65,-62.7,-20.9,-0.96
0xc5ea…056b,208,88,-0.16,37.5,-14.3,3,28.9,5.3,6,16,1.2,1.8,1,-14.3,"BTC-PERP 49%, SOL-PERP 26%, HYPE-PERP 11%",True,False,False,True,False,True,True,False,38,-9.3,-9.3,-0.24
0xc63f…498d,165,314,0.19,29.6,58.5,2,63.4,6.5,1,2,0.1,0.4,3,19.5,"BTC-PERP 46%, FARTCOIN-PERP 22%, ETH-PERP 19%",True,True,True,False,False,False,True,False,18,28.3,9.4,1.57
0xc640…c0c3,146,414,-0.21,24.4,-86.1,5,25.5,17.1,10,10,0.67,5.2,2,-43.0,"ASTER-PERP 43%, BNB-PERP 27%, HYPE-PERP 7%",True,True,False,True,True,True,True,False,24,-13.9,-7.0,-0.58
0xc667…5105,204,161,-0.3,34.8,-48.6,4,74.2,2.5,1,1,0.07,1.5,2,-24.3,"BTC-PERP 63%, HYPE-PERP 12%, MON-PERP 9%",True,True,False,False,False,False,True,False,2,-3.9,-2.0,-1.96
0xc674…d824,59,277,-0.28,27.4,-76.9,2,77.4,9.6,8,15,2.27,4.3,8,-9.6,"TON-PERP 29%, ENA-PERP 5%, ZEC-PERP 5%",False,True,False,True,True,False,True,False,8,-16.6,-2.1,-2.08
0xc67b…53f3,177,567,-0.29,38.8,-163.2,5,0.0,35.0,86,164,11.0,9.8,4,-40.8,"WTI-PERP 20%, BNB-PERP 13%, QQQ-PERP 12%",True,True,False,True,False,True,True,False,738,-151.1,-37.8,-0.2
0xc691…cfbd,178,193,-0.73,13.0,-141.8,6,8.3,3.2,2,2,0.17,0.6,2,-70.9,"LIT-PERP 35%, ETH-PERP 32%, BTC-PERP 15%",True,True,False,False,False,True,True,False,0,0.0,0.0,
0xc6a7…3b9d,114,813,-0.23,13.2,-184.9,4,17.2,15.4,0,0,3.8,0.5,3,-61.6,"BNB-PERP 13%, XRP-PERP 13%, XAUT-PERP 9%",True,True,False,False,False,True,True,False,73,-21.1,-7.0,-0.29
0xc6e4…d803,35,2216,-0.25,0.1,-553.9,2,56.4,160.7,646,1349,71.87,0.0,1,-553.9,"BNB-PERP 96%, BTC-PERP 3%, ASTER-PERP 0%",False,True,False,True,False,False,True,False,3002,-752.8,-752.8,-0.25
0xc6fb…878d,87,218,-0.23,43.1,-49.3,3,2.2,4.6,4,9,0.77,1.9,1,-49.3,"SOL-PERP 70%, ETH-PERP 30%",False,True,False,True,False,True,True,False,33,14.5,14.5,0.44
0xc706…d30e/default_1,236,235,0.56,3.4,131.3,2,85.6,11.0,0,3,0.1,0.0,1,131.3,"BTC-PERP 94%, HYPE-PERP 1%, DOGE-PERP 0%",True,True,True,False,False,False,True,False,4,-20.9,-20.9,-5.23
0xc73c…0cd8,44,71,-0.26,35.2,-18.2,2,24.4,8.0,0,9,0.3,1.0,1,-18.2,"ETH-PERP 51%, SOL-PERP 49%",False,False,False,False,False,True,True,False,48,-16.3,-16.3,-0.34
0xc752…a2b6,36,176,-0.23,14.8,-41.1,2,0.0,12.8,5,33,3.7,0.5,1,-41.1,"BTC-PERP 70%, ETH-PERP 30%",False,True,False,True,False,True,True,False,95,-32.8,-32.8,-0.34
0xc777…1337,53,612,-0.24,11.3,-149.8,2,95.0,32.6,0,0,4.1,0.1,2,-74.9,"BTC-PERP 55%, SOL-PERP 23%, HYPE-PERP 18%",False,True,False,False,False,False,True,False,0,0.0,0.0,
0xc79f…d31d,88,161,-0.41,25.5,-66.1,3,36.2,14.5,17,24,2.43,1.6,1,-66.1,"ETH-PERP 48%, BTC-PERP 28%, SOL-PERP 24%",False,True,False,True,False,True,True,False,6,-1.8,-1.8,-0.31
0xc7b8…a082,172,113,-0.14,19.5,-16.0,3,0.1,0.0,0,0,0.0,0.1,1,-16.0,"ETH-PERP 90%, BTC-PERP 9%, SOL-PERP 1%",True,True,False,False,False,True,True,False,4,-3.9,-3.9,-0.98
0xc7c2…9444,137,277,-0.36,22.7,-99.6,4,27.3,14.4,0,2,0.33,0.5,2,-49.8,"BTC-PERP 80%, HYPE-PERP 5%, LIT-PERP 4%",True,True,False,False,False,True,True,False,66,-14.9,-7.4,-0.23
0xc7c2…9444/default_1,106,320,-0.24,25.3,-77.9,3,26.8,68.5,20,31,3.67,1.0,3,-26.0,"BTC-PERP 53%, HYPE-PERP 11%, DOGE-PERP 10%",True,True,False,True,False,True,True,False,177,-20.6,-6.9,-0.12
0xc7ce…c6f9,178,102,-0.31,18.6,-31.5,6,0.0,4.5,0,1,0.13,0.5,1,-31.5,BTC-PERP 100%,True,True,False,False,False,True,True,False,44,-10.4,-10.4,-0.24
0xc7d3…fde1,152,606,-0.25,16.2,-150.0,3,12.7,8.0,4,4,0.13,0.1,3,-50.0,"ETH-PERP 26%, BTC-PERP 15%, SOL-PERP 12%",True,True,False,True,False,True,True,False,4,-0.7,-0.2,-0.18
0xc7d3…a878,180,108,0.05,23.1,5.2,2,16.6,5.1,0,7,0.5,0.9,1,5.2,"BTC-PERP 84%, XAUT-PERP 8%, ETH-PERP 4%",True,True,True,False,False,True,True,False,0,0.0,0.0,
0xc7f0…0649,154,1033,-0.07,32.1,-75.9,4,0.5,13.4,10,28,2.7,0.2,4,-19.0,"BTC-PERP 29%, SOL-PERP 8%, LIT-PERP 8%",True,True,False,True,False,True,True,False,107,28.1,7.0,0.26
0xc804…dab5,32,105,-0.28,3.8,-29.4,2,0.1,94.6,17,25,3.23,0.0,2,-14.7,"JUP-PERP 43%, VVV-PERP 13%, MON-PERP 11%",False,True,False,True,False,True,True,False,85,-21.0,-10.5,-0.25
0xc817…187c,184,186,-0.04,30.1,-7.1,1,0.0,2.8,0,1,0.1,4.9,4,-1.8,"LIT-PERP 48%, BTC-PERP 16%, PENGU-PERP 13%",True,True,False,False,True,True,True,False,0,0.0,0.0,
0xc833…aac1,140,271,-0.32,28.8,-86.2,5,15.4,31.4,9,19,1.13,0.6,2,-43.1,"HYPE-PERP 30%, ETH-PERP 14%, QQQ-PERP 11%",True,True,False,True,False,True,True,False,47,-10.8,-5.4,-0.23
0xc837…f538,154,704,-0.15,31.7,-104.9,4,2.1,63.9,40,90,6.47,0.5,3,-35.0,"BTC-PERP 46%, HYPE-PERP 36%, ETH-PERP 4%",True,True,False,True,False,True,True,False,467,-45.8,-15.3,-0.1
0xc84c…1370,77,275,-0.23,10.2,-63.2,2,39.7,45.1,65,101,4.7,0.5,1,-63.2,"QQQ-PERP 61%, XAUT-PERP 18%, SPY-PERP 15%",False,True,False,True,False,True,True,False,133,-35.0,-35.0,-0.26
0xc8e3…65f6,244,693,-0.2,15.0,-142.0,6,63.5,29.7,0,0,2.8,0.1,2,-71.0,"BTC-PERP 42%, ETH-PERP 35%, SOL-PERP 9%",True,True,False,False,False,False,True,False,0,0.0,0.0,
0xc8f4…424a,58,192,-0.3,4.7,-57.2,2,0.0,40.3,17,27,5.77,0.0,1,-57.2,"ETH-PERP 91%, BTC-PERP 8%, SOL-PERP 1%",False,True,False,True,False,True,True,False,0,0.0,0.0,
0xc903…2685,178,1442,-0.28,8.2,-407.7,6,49.3,16.1,25,62,6.37,0.1,4,-101.9,"BTC-PERP 17%, SOL-PERP 14%, BNB-PERP 11%",True,True,False,True,False,True,True,False,131,-43.0,-10.8,-0.33
0xc91d…3a5a,211,913,-0.34,20.3,-312.1,5,2.4,0.0,0,0,0.0,0.2,2,-156.0,"ETH-PERP 32%, BTC-PERP 24%, SOL-PERP 13%",True,True,False,False,False,True,True,False,41,-2.8,-1.4,-0.07
0xc932…2cc3,39,175,-0.17,32.6,-30.0,2,30.8,21.8,0,0,3.47,1.5,1,-30.0,"ETH-PERP 53%, BTC-PERP 47%",False,True,False,False,False,True,True,False,171,-40.6,-40.6,-0.24
0xc966…3a86,159,173,-0.17,24.9,-29.6,4,19.3,1.6,0,2,0.23,0.3,1,-29.6,"SOL-PERP 51%, XAUT-PERP 16%, BTC-PERP 12%",True,True,False,False,False,True,True,False,442,-108.4,-108.4,-0.25
0xc985…0ee1,153,389,-0.35,18.3,-134.7,6,12.0,9.4,16,49,3.0,0.2,1,-134.7,"ETH-PERP 98%, WTI-PERP 1%, BTC-PERP 1%",True,True,False,True,False,True,True,False,132,-51.6,-51.6,-0.39
0xc9b2…9c5a,187,310,-0.2,11.9,-62.9,2,89.7,3.0,0,1,0.03,0.1,2,-31.4,"BTC-PERP 39%, ETH-PERP 35%, SOL-PERP 7%",True,True,False,False,False,False,True,False,0,0.0,0.0,
0xc9f0…d1f7,216,407,-0.18,15.5,-72.0,6,0.1,13.0,28,45,2.5,0.9,2,-36.0,"BTC-PERP 23%, TAO-PERP 15%, ETH-PERP 12%",True,True,False,True,False,True,True,False,86,-2.9,-1.4,-0.03
0xca44…167d,114,145,-0.16,43.4,-23.2,4,0.0,3.2,2,9,0.8,1.5,2,-11.6,"BTC-PERP 56%, HYPE-PERP 16%, XAUT-PERP 14%",True,True,False,True,False,True,True,False,73,-13.5,-6.8,-0.18
0xca60…ec56,165,452,-0.25,9.3,-111.1,4,2.0,15.9,20,45,7.57,0.3,3,-37.0,"HYPE-PERP 10%, ETH-PERP 8%, SOL-PERP 8%",True,True,False,True,False,True,True,False,294,-102.3,-34.1,-0.35
0xca68…14b7,213,1426,-0.2,16.3,-281.1,6,77.9,2.8,0,1,0.43,0.2,4,-70.3,"BTC-PERP 27%, SOL-PERP 23%, XAUT-PERP 15%",True,True,False,False,False,False,True,False,148,-25.9,-6.5,-0.18
0xca6e…eacc,162,1565,-0.13,19.9,-206.7,5,12.4,22.4,27,87,9.13,0.3,4,-51.7,"BTC-PERP 19%, ETH-PERP 12%, HYPE-PERP 10%",True,True,False,True,False,True,True,False,150,-33.2,-8.3,-0.22
0xca95…f52a,209,183,-0.29,39.3,-53.0,5,19.5,11.1,6,12,0.87,33.7,4,-13.2,"SOL-PERP 33%, BNB-PERP 24%, BTC-PERP 16%",True,True,False,True,True,True,True,False,78,-42.2,-10.6,-0.54
0xcab3…df96,23,307,-0.35,0.7,-107.2,1,96.6,168.8,0,227,10.23,0.1,4,-26.8,"ETH-PERP 38%, SOL-PERP 21%, JUP-PERP 20%",False,True,False,False,False,False,True,False,139,-44.4,-11.1,-0.32
0xcac7…6935,129,279,-0.3,20.4,-83.8,5,0.3,1.8,0,2,0.4,0.6,4,-21.0,"BTC-PERP 7%, AVAX-PERP 7%, WTI-PERP 6%",True,True,False,False,False,True,True,False,2,-1.4,-0.4,-0.7
0xcace…9444,228,404,-0.21,3.2,-83.4,5,85.5,2.2,0,0,0.2,0.1,1,-83.4,"BTC-PERP 97%, HYPE-PERP 1%, DOGE-PERP 1%",True,True,False,False,False,False,True,False,3,9.0,9.0,3.01
0xcad7…ddf3,209,172,-1.56,13.4,-267.9,7,0.0,1.7,3,6,0.3,2.0,2,-134.0,"ETH-PERP 37%, XRP-PERP 29%, BTC-PERP 21%",True,True,False,True,True,True,True,False,7,-10.1,-5.0,-1.45
0xcad8…bd4e,215,222,-0.37,3.2,-83.1,8,49.2,2.4,6,12,0.93,0.0,1,-83.1,"BTC-PERP 74%, HYPE-PERP 9%, SOL-PERP 8%",True,True,False,True,False,True,True,False,30,-8.1,-8.1,-0.27
0xcae7…44fa,97,206,-0.28,35.4,-57.9,4,10.2,4.9,5,5,0.97,5.1,3,-19.3,"BTC-PERP 38%, XPL-PERP 19%, ETH-PERP 13%",True,True,False,True,True,True,True,False,74,17.6,5.9,0.24
0xcb0e…4f0c,210,573,-0.22,9.4,-126.9,4,88.8,9.8,4,7,0.5,0.1,2,-63.4,"SOL-PERP 38%, ETH-PERP 27%, ZEC-PERP 17%",True,True,False,True,False,False,True,False,257,-44.0,-22.0,-0.17
0xcb1c…0012,185,379,-0.29,7.9,-108.4,5,0.0,19.5,8,10,1.67,0.0,1,-108.4,"ETH-PERP 96%, BTC-PERP 2%, NVDA-PERP 1%",True,True,False,True,False,True,True,False,5,-1.9,-1.9,-0.38
0xcb23…3684,161,1045,-0.25,3.3,-264.0,6,38.3,37.0,10,12,0.6,0.0,1,-264.0,"BTC-PERP 27%, USDJPY-PERP 27%, EURUSD-PERP 26%",True,True,False,True,False,True,True,False,7,-2.2,-2.2,-0.31
0xcb5a…76db,108,591,-0.2,8.3,-116.7,4,6.1,10.7,18,43,5.1,0.2,3,-38.9,"BTC-PERP 12%, HYPE-PERP 9%, ETH-PERP 8%",True,True,False,True,False,True,True,False,219,-70.4,-23.5,-0.32
0xcb62…34db,145,72,-0.07,44.4,-4.8,3,27.5,4.3,6,9,0.43,1.1,2,-2.4,"BTC-PERP 62%, ETH-PERP 14%, SOL-PERP 6%",True,False,False,True,False,True,True,False,77,-23.4,-11.7,-0.3
0xcb69…30d5,193,378,-0.11,45.5,-43.2,3,38.5,29.3,22,50,3.7,7.7,2,-21.6,"HYPE-PERP 85%, NVDA-PERP 6%, SPCX-PERP 3%",True,True,False,True,False,True,True,False,84,-60.0,-30.0,-0.71
0xcbb3…a531,223,87,-0.19,33.3,-16.7,3,66.1,0.0,0,0,0.0,0.5,3,-5.6,"BTC-PERP 30%, ETH-PERP 21%, LIT-PERP 14%",True,False,False,False,False,False,True,False,1066,-280.6,-93.5,-0.26
0xcbb3…a531/default_1,206,70,-0.73,30.0,-50.9,2,68.1,0.0,0,0,0.0,1.2,3,-17.0,"BTC-PERP 30%, ETH-PERP 14%, LIT-PERP 10%",True,False,False,False,False,False,True,False,1067,-296.4,-98.8,-0.28
0xcbb3…a531/default_2,173,433,-0.33,21.9,-141.8,4,71.1,0.0,0,0,0.0,0.8,1,-141.8,"ETH-PERP 20%, BTC-PERP 19%, BNB-PERP 16%",True,True,False,False,False,False,True,False,3574,-937.6,-937.6,-0.26
0xcbb3…a531/default_3,173,426,-0.19,27.9,-81.2,3,71.9,0.0,0,0,0.0,0.8,1,-81.2,"BTC-PERP 19%, ETH-PERP 19%, BNB-PERP 17%",True,True,False,False,False,False,True,False,3537,-962.5,-962.5,-0.27
0xcbc8…fbcc,46,450,-0.23,7.1,-102.7,2,0.4,33.9,20,42,5.2,0.2,3,-34.2,"ZEC-PERP 9%, SOL-PERP 8%, HYPE-PERP 8%",False,True,False,True,False,True,True,False,63,-21.7,-7.2,-0.34
0xcbe3…8146,43,152,-0.34,30.9,-50.9,2,31.3,15.2,0,0,2.63,1.7,1,-50.9,"ETH-PERP 55%, SOL-PERP 45%",False,True,False,False,False,True,True,False,57,-21.0,-21.0,-0.37
0xcbff…6980,124,440,-0.33,30.7,-144.2,5,10.8,5.1,8,21,1.97,1.5,1,-144.2,"BTC-PERP 81%, HYPE-PERP 12%, XAUT-PERP 2%",True,True,False,True,False,True,True,False,142,-20.2,-20.2,-0.14
0xcc07…5614,213,203,1.99,87.2,403.4,0,16.4,79.9,16,23,1.83,12.3,7,57.6,"FARTCOIN-PERP 13%, ZEC-PERP 10%, ENA-PERP 7%",True,True,True,True,True,True,True,True,109,253.9,36.3,2.33
0xcc0c…55d1,33,212,-0.24,28.3,-51.6,2,28.1,16.9,53,104,6.57,1.6,1,-51.6,"BTC-PERP 51%, ETH-PERP 49%",False,True,False,True,False,True,True,False,177,-38.0,-38.0,-0.21
0xcc46…00b3,64,253,-0.08,39.1,-19.3,3,0.1,9.0,24,38,2.93,1.0,1,-19.3,BTC-PERP 100%,False,True,False,True,False,True,True,False,62,-8.1,-8.1,-0.13
0xcc70…7c2f,116,96,0.23,30.2,22.3,2,22.3,13.4,11,17,1.1,11.6,4,5.6,"BTC-PERP 26%, LIT-PERP 15%, HYPE-PERP 7%",True,False,True,True,True,True,True,False,28,-7.8,-2.0,-0.28
0xccd7…9487,242,199,0.54,84.4,107.5,1,1.1,23.2,15,24,1.67,9.6,3,35.8,"SOL-PERP 11%, BTC-PERP 9%, HYPE-PERP 9%",True,True,True,True,True,True,True,True,81,64.7,21.6,0.8
0xccf5…53ca,36,75,-0.21,37.3,-15.5,2,24.9,8.4,6,10,1.67,1.8,2,-7.8,"BTC-PERP 55%, ETH-PERP 44%, HYPE-PERP 1%",False,False,False,True,False,True,True,False,85,29.4,14.7,0.35
0xccf8…1859,198,175,-0.11,42.9,-18.7,3,3.7,7.3,0,0,0.5,1.8,1,-18.7,"BTC-PERP 86%, ETH-PERP 6%, ONDO-PERP 2%",True,True,False,False,False,True,True,False,3,0.5,0.5,0.18
0xcd0b…47df,159,261,-0.07,34.9,-19.5,3,49.7,15.5,3,7,1.57,5.1,2,-9.8,"ETH-PERP 31%, HYPE-PERP 24%, BTC-PERP 18%",True,True,False,True,True,True,True,False,259,-78.2,-39.1,-0.3
0xcd38…6ceb,178,496,-0.12,33.1,-61.6,4,0.4,2.1,0,4,0.3,2.6,1,-61.6,"BTC-PERP 74%, XAUT-PERP 7%, WTI-PERP 6%",True,True,False,False,True,True,True,False,54,-4.4,-4.4,-0.08
0xcd3f…4c92,232,192,-0.18,28.6,-34.0,6,8.5,1.0,0,0,0.0,1.3,2,-17.0,"BTC-PERP 37%, ETH-PERP 34%, BNB-PERP 13%",True,True,False,False,False,True,True,False,0,0.0,0.0,
0xcd66…04d1,1,3,-0.33,0.0,-1.0,1,0.0,9.0,3,3,0.1,0.0,1,-1.0,BTC-PERP 100%,False,False,False,False,False,True,True,False,519,-133.5,-133.5,-0.26
0xcd67…6136,232,583,-0.2,23.7,-116.9,6,41.2,5.5,4,4,0.13,0.4,2,-58.4,"BTC-PERP 22%, HYPE-PERP 20%, ETH-PERP 14%",True,True,False,True,False,True,True,False,85,33.9,17.0,0.4
0xcd6f…2fe3,212,249,-0.26,11.6,-65.7,2,60.5,0.0,0,0,0.0,0.1,1,-65.7,BTC-PERP 100%,True,True,False,False,False,False,True,False,1,-2.3,-2.3,-2.3
0xcd73…72b9,245,139,0.03,12.2,4.2,1,95.7,0.0,0,0,0.0,0.0,3,1.4,"ETH-PERP 46%, SOL-PERP 25%, BTC-PERP 21%",True,True,True,False,False,False,True,False,2,-3.2,-1.1,-1.58
0xcda2…d335,197,207,-0.28,5.3,-57.6,3,25.9,32.7,43,65,4.53,0.1,1,-57.6,"BTC-PERP 34%, ETH-PERP 33%, SOL-PERP 33%",True,True,False,True,False,True,True,False,100,-29.7,-29.7,-0.3
0xcdb1…4557,61,110,-0.17,23.6,-19.0,1,7.7,0.0,0,0,0.0,0.1,1,-19.0,"BTC-PERP 32%, ETH-PERP 21%, SOL-PERP 20%",False,True,False,False,False,True,True,False,40,-10.2,-10.2,-0.26
0xce01…e989,184,500,-0.21,6.8,-103.5,3,0.0,11.3,19,44,5.13,0.2,3,-34.5,"HYPE-PERP 10%, ETH-PERP 9%, SOL-PERP 9%",True,True,False,True,False,True,True,False,95,-24.2,-8.1,-0.25
0xce10…f463,152,510,-0.32,0.6,-161.7,5,83.7,46.0,27,48,2.83,0.0,2,-80.8,"BTC-PERP 63%, ETH-PERP 22%, QQQ-PERP 6%",True,True,False,True,False,False,True,False,84,-26.8,-13.4,-0.32
0xce16…2938,215,169,-0.29,11.8,-48.4,5,2.4,0.0,0,0,0.0,0.2,1,-48.4,"BTC-PERP 58%, ETH-PERP 26%, SOL-PERP 16%",True,True,False,False,False,True,True,False,7,4.9,4.9,0.7
0xce52…553b,181,87,1.03,93.1,89.4,0,0.9,2.8,1,3,0.3,12.6,2,44.7,"BTC-PERP 82%, ETH-PERP 11%, XAUT-PERP 3%",True,False,True,False,True,True,True,False,19,-0.2,-0.1,-0.01
0xce6d…c87a,171,136,-0.23,39.7,-31.6,6,6.3,4.0,2,8,0.53,10.6,2,-15.8,"ETH-PERP 43%, BTC-PERP 39%, SOL-PERP 14%",True,True,False,True,True,True,True,False,12,-2.5,-1.2,-0.21
0xce72…d47b,191,128,-0.28,5.5,-35.8,4,88.2,0.0,0,0,0.0,0.0,1,-35.8,"XAUT-PERP 30%, BNB-PERP 28%, BTC-PERP 22%",True,True,False,False,False,False,True,False,12,13.0,13.0,1.08
0xce75…d315,165,1053,-0.34,8.3,-356.1,6,5.8,11.5,19,44,5.4,0.2,3,-118.7,"BTC-PERP 30%, WTI-PERP 12%, ETH-PERP 7%",True,True,False,True,False,True,True,False,182,-63.4,-21.1,-0.35
0xce97…140d/OTO-cfvbn0,125,96,-0.55,34.4,-52.9,5,0.0,2.8,3,5,0.33,4.7,3,-17.6,"ZEC-PERP 20%, HYPE-PERP 18%, ETH-PERP 14%",True,False,False,True,True,True,True,False,16,-22.7,-7.6,-1.42
0xce97…140d/OTO-cfvbn1,125,100,-1.09,17.0,-108.8,5,0.0,1.4,0,1,0.07,2.7,3,-36.3,"BTC-PERP 49%, SOL-PERP 14%, HYPE-PERP 10%",True,True,False,False,True,True,True,False,3,10.2,3.4,3.39
0xce97…140d/OTO-cfvbn2,125,141,-0.6,19.1,-84.3,5,0.0,6.5,6,9,1.17,2.4,2,-42.2,"BTC-PERP 48%, HYPE-PERP 11%, ETH-PERP 8%",True,True,False,True,True,True,True,False,13,-30.8,-15.4,-2.37
0xcec3…d36b,224,1005,-0.28,1.8,-276.5,7,1.2,12.5,24,82,3.83,0.1,1,-276.5,"BTC-PERP 99%, ETH-PERP 1%",True,True,False,True,False,True,True,False,79,-21.6,-21.6,-0.27
0xcece…c9d7,123,153,-0.38,33.3,-58.3,5,0.0,3.1,7,17,1.13,1.7,1,-58.3,"BTC-PERP 91%, XAUT-PERP 4%, SPCX-PERP 4%",True,True,False,True,False,True,True,False,56,-8.3,-8.3,-0.15
0xcf10…57f8,183,106,-0.1,48.1,-10.6,5,1.1,3.5,0,0,0.1,3.8,2,-5.3,"BTC-PERP 25%, SOL-PERP 17%, HYPE-PERP 15%",True,True,False,False,True,True,True,False,6,-1.4,-0.7,-0.24
0xcf20…95ff,32,143,-0.29,23.8,-41.9,2,34.8,15.3,0,36,4.27,1.5,1,-41.9,"ETH-PERP 52%, BTC-PERP 48%",False,True,False,False,False,True,True,False,32,-11.4,-11.4,-0.36
0xcf2c…971d,205,288,0.02,43.1,5.0,3,0.0,4.0,4,7,0.23,10.3,3,1.7,"BTC-PERP 28%, HYPE-PERP 19%, ETH-PERP 17%",True,True,True,True,True,True,True,True,22,73.7,24.6,3.35
0xcf96…f19d,198,782,-0.27,6.8,-207.9,3,28.9,67.5,48,103,18.9,0.1,1,-207.9,"BTC-PERP 36%, ETH-PERP 34%, SOL-PERP 30%",True,True,False,True,False,True,True,False,192,-58.4,-58.4,-0.3
0xcfbe…900f,44,248,-0.2,28.2,-49.4,2,34.7,19.2,41,65,5.3,1.7,1,-49.4,"ETH-PERP 52%, BTC-PERP 48%",False,True,False,True,False,True,True,False,105,-28.5,-28.5,-0.27
0xcfe2…afbe,77,60,-0.26,33.3,-15.6,2,55.7,14.6,0,0,0.57,8.3,1,-15.6,"BTC-PERP 32%, XAUT-PERP 30%, SPY-PERP 15%",False,False,False,False,True,False,True,False,40,-21.5,-21.5,-0.54
0xd017…9ec5,146,87,-0.31,25.3,-26.9,4,29.7,4.5,2,6,0.3,3.1,2,-13.4,"BTC-PERP 45%, ETH-PERP 22%, HYPE-PERP 10%",True,False,False,True,True,True,True,False,25,-30.4,-15.2,-1.22
0xd028…417d/insilico,168,159,-0.44,31.4,-70.0,5,93.8,13.0,5,10,0.63,10.3,2,-35.0,"LIT-PERP 47%, MON-PERP 34%, TAO-PERP 9%",True,True,False,True,True,False,True,False,49,-50.7,-25.4,-1.03
0xd02d…d331,192,1003,-0.41,27.4,-413.0,6,5.9,3.6,0,0,0.03,2.4,6,-68.8,"BTC-PERP 34%, ETH-PERP 16%, HYPE-PERP 11%",True,True,False,False,True,True,True,False,3,-2.1,-0.4,-0.7
0xd03e…a36e,211,635,-0.29,10.4,-182.2,7,41.1,6.6,11,14,1.37,0.3,2,-91.1,"BTC-PERP 84%, ETH-PERP 16%",True,True,False,True,False,True,True,False,68,-17.0,-8.5,-0.25
0xd055…9b49,114,273,-0.34,44.3,-93.4,4,0.0,4.8,11,23,1.8,8.2,2,-46.7,"ETH-PERP 50%, BTC-PERP 47%, SOL-PERP 3%",True,True,False,True,True,True,True,False,44,-16.0,-8.0,-0.36
0xd0b2…5fdd,221,2510,-0.28,7.1,-695.8,4,9.1,0.0,0,0,0.0,0.3,1,-695.8,"BTC-PERP 25%, XRP-PERP 22%, ETH-PERP 22%",True,True,False,False,False,True,True,False,200,-61.1,-61.1,-0.31
0xd0c6…8ae5,128,216,-0.25,22.7,-53.5,5,0.2,7.2,6,10,1.3,1.0,2,-26.8,"BTC-PERP 35%, ETH-PERP 35%, SOL-PERP 24%",True,True,False,True,False,True,True,False,37,3.0,1.5,0.08
0xd0e5…16b4,46,435,-0.25,5.7,-108.3,2,0.0,8.0,19,44,3.43,0.2,3,-36.1,"HYPE-PERP 10%, ZEC-PERP 8%, SOL-PERP 8%",False,True,False,True,False,True,True,False,136,-40.4,-13.5,-0.3
0xd0e5…74c3,221,208,-0.56,26.4,-116.9,8,0.3,2.4,2,2,0.2,1.2,1,-116.9,"TAO-PERP 51%, AAVE-PERP 18%, UNI-PERP 15%",True,True,False,False,False,True,True,False,20,12.5,12.5,0.62
0xd0f0…514a,85,75,0.63,57.3,46.9,0,0.5,4.8,11,17,1.13,17.7,1,46.9,"WTI-PERP 9%, HYPE-PERP 9%, ETH-PERP 9%",False,False,True,True,True,True,True,False,44,32.8,32.8,0.75
0xd10e…b8e1,128,257,-0.25,40.9,-63.7,3,0.0,8.9,5,10,0.8,8.2,5,-12.7,"HYPE-PERP 21%, BTC-PERP 20%, ETH-PERP 19%",True,True,False,True,True,True,True,False,35,-9.1,-1.8,-0.26
0xd1d7…4169,250,208,-0.32,43.8,-65.7,6,5.5,4.6,2,4,0.33,7.7,2,-32.8,"BTC-PERP 44%, ETH-PERP 25%, SOL-PERP 12%",True,True,False,True,True,True,True,False,26,-36.8,-18.4,-1.42
0xd1dc…2311,160,2675,-0.23,16.9,-603.7,3,94.0,115.0,299,707,60.43,0.2,3,-201.2,"BTC-PERP 51%, ETH-PERP 38%, SOL-PERP 11%",True,True,False,True,False,False,True,False,873,-231.7,-77.2,-0.27
0xd1e2…ca6d,33,173,-0.27,25.4,-46.1,2,31.2,19.4,10,39,4.73,1.6,1,-46.1,"ETH-PERP 56%, BTC-PERP 44%",False,True,False,True,False,True,True,False,41,-4.8,-4.8,-0.12
0xd218…ec44,126,1081,-0.34,8.6,-363.9,5,0.0,43.0,30,71,7.23,0.3,1,-363.9,"ETH-PERP 37%, BNB-PERP 20%, SOL-PERP 19%",True,True,False,True,False,True,True,False,2,-0.5,-0.5,-0.27
0xd22e…7568,82,1074,-0.19,11.4,-201.6,3,0.0,15.0,24,61,6.2,0.2,3,-67.2,"HYPE-PERP 8%, BTC-PERP 7%, SOL-PERP 7%",False,True,False,True,False,True,True,False,177,-39.7,-13.2,-0.22
0xd239…dd6a,242,139,-0.0,18.7,-0.6,2,65.2,0.0,0,0,0.0,0.1,1,-0.6,"BTC-PERP 58%, ETH-PERP 23%, SOL-PERP 8%",True,True,False,False,False,False,True,False,29,-4.5,-4.5,-0.15
0xd23f…d0a4,100,682,-0.2,9.4,-139.5,4,0.9,15.5,24,60,5.9,0.2,3,-46.5,"HYPE-PERP 10%, BTC-PERP 8%, ETH-PERP 8%",True,True,False,True,False,True,True,False,324,-115.5,-38.5,-0.36
0xd26d…c265,73,124,-0.5,3.2,-61.8,3,0.0,2.7,0,7,0.67,0.0,1,-61.8,"XAUT-PERP 43%, ZEC-PERP 36%, BTC-PERP 15%",False,True,False,False,False,True,True,False,0,0.0,0.0,
0xd279…437c,200,438,-0.41,29.2,-181.4,5,4.0,8.5,0,0,0.13,0.6,7,-25.9,"BTC-PERP 45%, ETH-PERP 23%, SOL-PERP 5%",True,True,False,False,False,True,True,False,17,0.1,0.0,0.01
0xd27f…d101,213,552,-0.23,17.2,-125.7,6,4.8,0.0,0,0,0.0,0.1,1,-125.7,BTC-PERP 100%,True,True,False,False,False,True,True,False,113,-21.1,-21.1,-0.19
0xd28f…0961,210,140,-0.26,25.0,-36.9,7,31.3,3.7,1,1,0.17,0.4,1,-36.9,"BTC-PERP 99%, TSLA-PERP 1%",True,True,False,False,False,True,True,False,19,-7.9,-7.9,-0.41
0xd297…5636,209,442,-0.34,27.8,-150.8,5,0.4,2.7,0,0,0.1,5.7,3,-50.3,"BTC-PERP 38%, BNB-PERP 23%, MON-PERP 11%",True,True,False,False,True,True,True,False,1,11.3,3.8,11.3
0xd2af…ce2f,237,284,-0.31,19.7,-88.8,7,9.2,4.4,7,10,0.73,1.2,1,-88.8,BTC-PERP 100%,True,True,False,True,False,True,True,False,57,-8.3,-8.3,-0.15
0xd2c9…efb9,52,562,-0.2,11.0,-114.9,2,0.0,17.0,26,64,6.33,0.2,3,-38.3,"HYPE-PERP 11%, ZEC-PERP 9%, BTC-PERP 8%",False,True,False,True,False,True,True,False,347,-116.5,-38.8,-0.34
0xd311…d4c9,200,238,-0.25,18.5,-60.2,5,8.9,4.4,0,0,0.43,1.3,3,-20.1,"BTC-PERP 58%, XAUT-PERP 15%, HYPE-PERP 4%",True,True,False,False,False,True,True,False,43,-8.7,-2.9,-0.2
0xd319…eae0,104,72,-0.28,0.0,-19.9,3,0.0,5.0,0,0,0.5,0.0,1,-19.9,"ETH-PERP 71%, BTC-PERP 29%",True,False,False,False,False,True,True,False,35,-7.8,-7.8,-0.22
0xd326…321a,19,81,-0.32,6.2,-25.7,1,0.1,10.9,20,55,2.7,0.4,2,-12.8,"HYPE-PERP 19%, SOL-PERP 16%, ETH-PERP 15%",False,False,False,True,False,True,True,False,550,-55.7,-27.8,-0.1
0xd328…e5d1,216,935,-0.28,8.4,-262.2,6,0.2,0.0,0,0,0.0,0.0,1,-262.2,"ETH-PERP 56%, LIT-PERP 6%, XAUT-PERP 6%",True,True,False,False,False,True,True,False,63,-13.6,-13.6,-0.22
0xd32e…a1eb,215,107,0.02,36.4,1.8,1,36.7,6.8,0,5,0.47,0.4,2,0.9,"ETH-PERP 31%, BTC-PERP 26%, SOL-PERP 17%",True,True,True,False,False,True,True,False,0,0.0,0.0,
0xd33e…98c9,15,63,-0.26,11.1,-16.5,1,9.4,24.3,22,46,2.1,0.3,1,-16.5,"BTC-PERP 76%, ETH-PERP 14%, SNDK-PERP 6%",False,False,False,True,False,True,True,False,59,-10.0,-10.0,-0.17
0xd34e…3593,216,1368,-0.26,5.4,-349.3,7,0.2,35.3,143,168,5.8,0.0,1,-349.3,"BTC-PERP 80%, ETH-PERP 9%, SPCX-PERP 7%",True,True,False,True,False,True,True,False,137,-39.0,-39.0,-0.28
0xd3e2…b7f8,165,116,-0.28,28.4,-33.0,4,25.2,9.5,5,18,1.53,6.3,6,-5.5,"BTC-PERP 24%, ETH-PERP 14%, ZEC-PERP 6%",True,True,False,True,True,True,True,False,39,11.0,1.8,0.28
0xd3e2…3588,202,49,-0.55,30.6,-26.7,1,3.5,0.0,0,0,0.0,5.6,2,-13.4,"FARTCOIN-PERP 37%, ETH-PERP 27%, HYPE-PERP 14%",True,False,False,False,True,True,True,False,97,-47.2,-23.6,-0.49
0xd3f6…b308,202,654,-0.13,25.7,-83.3,4,42.0,0.0,0,0,0.0,0.0,2,-41.6,"ETH-PERP 66%, BTC-PERP 25%, XAG-PERP 4%",True,True,False,False,False,True,True,False,39,14.0,7.0,0.36
0xd3f8…10a8,252,223,-0.05,39.0,-10.7,3,0.2,1.0,0,0,0.03,2.2,1,-10.7,"FARTCOIN-PERP 30%, ZEC-PERP 13%, HYPE-PERP 9%",True,True,False,False,True,True,True,False,18,89.0,89.0,4.94
0xd402…1e60,42,440,-0.26,4.3,-116.2,2,0.0,14.5,26,63,6.67,0.2,3,-38.7,"HYPE-PERP 10%, ZEC-PERP 9%, ETH-PERP 9%",False,True,False,True,False,True,True,False,190,-71.5,-23.8,-0.38
0xd418…5050,148,433,-0.22,13.9,-95.3,4,96.3,49.3,23,43,3.2,0.2,1,-95.3,BTC-PERP 100%,True,True,False,True,False,False,True,False,51,-11.3,-11.3,-0.22
0xd452…ad4b,210,743,-0.35,14.5,-256.8,6,0.0,13.1,34,44,1.47,0.1,2,-128.4,"BTC-PERP 43%, ETH-PERP 37%, TAO-PERP 9%",True,True,False,True,False,True,True,False,85,-11.1,-5.6,-0.13
0xd4a2…fcd1,58,699,-0.18,11.3,-128.2,2,0.0,16.0,25,62,6.23,0.2,3,-42.7,"HYPE-PERP 10%, BTC-PERP 8%, SOL-PERP 8%",False,True,False,True,False,True,True,False,485,-127.4,-42.5,-0.26
0xd4a7…2d63,205,764,-0.26,3.5,-195.5,2,98.2,115.1,66,82,4.87,0.1,2,-97.8,"BTC-PERP 54%, ETH-PERP 16%, HYPE-PERP 13%",True,True,False,True,False,False,True,False,1725,-498.3,-249.2,-0.29
0xd4af…8ba6,92,1190,-0.43,35.1,-509.6,4,0.0,24.2,84,167,12.1,4.5,5,-101.9,"SOL-PERP 9%, BCH-PERP 8%, HYPE-PERP 7%",True,True,False,True,False,True,True,False,573,-267.9,-53.6,-0.47
0xd518…66c6,156,98,-0.4,40.8,-39.0,6,47.4,46.3,0,4,0.17,5.5,1,-39.0,"BTC-PERP 70%, ETH-PERP 16%, QQQ-PERP 5%",True,False,False,False,True,True,True,False,72,-6.3,-6.3,-0.09
0xd51e…c970,232,151,-0.3,8.6,-46.0,8,15.0,4.0,0,3,0.23,0.1,1,-46.0,"BTC-PERP 98%, LIT-PERP 2%",True,True,False,False,False,True,True,False,18,-0.4,-0.4,-0.02
0xd551…9593,70,153,-0.24,5.2,-36.9,3,0.0,5.7,19,39,1.97,0.0,1,-36.9,"BTC-PERP 71%, ETH-PERP 18%, SOL-PERP 10%",False,True,False,True,False,True,True,False,134,-34.6,-34.6,-0.26
0xd55f…d83c,81,115,-0.29,27.0,-33.5,3,2.3,4.9,0,0,0.6,0.4,1,-33.5,"SOL-PERP 94%, TON-PERP 4%, HYPE-PERP 2%",False,True,False,False,False,True,True,False,36,-13.4,-13.4,-0.37
0xd57b…1598,72,799,-0.2,10.3,-159.3,3,0.1,24.1,41,90,9.43,0.1,3,-53.1,"XAUT-PERP 13%, HYPE-PERP 12%, ETH-PERP 7%",False,True,False,True,False,True,True,False,415,-82.7,-27.6,-0.2
0xd587…ac75,201,187,-0.56,16.0,-104.8,6,0.0,10.2,2,2,0.1,2.0,2,-52.4,"XPL-PERP 38%, XRP-PERP 19%, BTC-PERP 13%",True,True,False,False,True,True,True,False,60,6.0,3.0,0.1
0xd593…78dd,190,128,-0.22,24.2,-27.6,6,4.0,8.1,1,8,0.7,0.3,2,-13.8,"ETH-PERP 25%, HYPE-PERP 21%, BTC-PERP 19%",True,True,False,True,False,True,True,False,116,73.6,36.8,0.63
0xd5bc…514c,12,14,-1.15,14.3,-16.0,1,56.0,4.6,10,14,0.47,4.2,2,-8.0,"BTC-PERP 21%, SOL-PERP 7%, NVDA-PERP 7%",False,False,False,True,True,False,True,False,101,-27.2,-13.6,-0.27
0xd5c7…fd89,253,110,1.19,70.0,131.2,1,0.7,2.0,0,0,0.1,25.5,4,32.8,"BTC-PERP 34%, SOL-PERP 15%, XPL-PERP 11%",True,True,True,False,True,True,True,False,0,0.0,0.0,
0xd5c9…2322,212,219,-0.22,24.2,-47.4,2,0.0,0.0,0,0,0.0,0.1,3,-15.8,"BTC-PERP 66%, ETH-PERP 16%, LIT-PERP 5%",True,True,False,False,False,True,True,False,2,4.7,1.6,2.34
0xd5cc…8ec5,36,119,-0.23,5.0,-27.8,2,0.0,15.2,5,15,3.77,0.1,1,-27.8,BTC-PERP 100%,False,True,False,True,False,True,True,False,125,-31.6,-31.6,-0.25
0xd5cd…e9a9,207,951,-0.25,9.9,-239.9,6,42.9,13.3,27,42,3.67,0.0,1,-239.9,"BTC-PERP 76%, ETH-PERP 6%, WTI-PERP 5%",True,True,False,True,False,True,True,False,786,-251.1,-251.1,-0.32
0xd5f0…d3fa,75,266,-0.2,10.2,-52.9,2,38.3,49.6,73,110,4.97,0.4,1,-52.9,"QQQ-PERP 65%, SPY-PERP 18%, XAUT-PERP 14%",False,True,False,True,False,True,True,False,129,-35.9,-35.9,-0.28
0xd627…4b96,203,149,-0.0,69.1,-0.3,2,3.3,13.9,11,26,0.87,1.1,2,-0.2,"ETH-PERP 82%, HYPE-PERP 11%, SOL-PERP 4%",True,True,False,True,False,True,True,False,115,16.8,8.4,0.15
0xd632…9a6e,44,151,-0.29,29.8,-43.9,2,28.2,13.9,16,43,1.87,1.4,1,-43.9,"SOL-PERP 51%, ETH-PERP 49%",False,True,False,True,False,True,True,False,115,-27.1,-27.1,-0.24
0xd66f…2d02,247,281,-0.4,15.7,-111.2,8,3.6,3.0,4,4,0.23,0.3,1,-111.2,"BTC-PERP 82%, ETH-PERP 3%, ZEC-PERP 2%",True,True,False,True,False,True,True,False,10,-4.5,-4.5,-0.45
0xd699…b46d,75,77,-0.29,36.4,-22.7,3,0.0,4.2,4,9,0.57,5.8,1,-22.7,"BTC-PERP 97%, XMR-PERP 3%",False,False,False,True,True,True,True,False,50,-28.8,-28.8,-0.58
0xd6ad…9382,202,286,-0.35,5.9,-99.8,5,0.0,8.5,24,39,2.27,0.1,1,-99.8,"BTC-PERP 52%, ETH-PERP 28%, TAO-PERP 8%",True,True,False,True,False,True,True,False,63,-16.2,-16.2,-0.26
0xd6fe…bb75,166,96,0.12,41.7,11.3,4,0.0,3.3,10,19,1.13,25.4,3,3.8,"WTI-PERP 21%, SPY-PERP 16%, XAUT-PERP 15%",True,False,True,True,True,True,True,False,57,-52.0,-17.3,-0.91
0xd758…43bc,47,456,-0.35,2.4,-160.7,2,0.1,12.8,26,64,5.8,0.2,3,-53.6,"HYPE-PERP 13%, ZEC-PERP 11%, ETH-PERP 11%",False,True,False,True,False,True,True,False,358,-131.2,-43.7,-0.37
0xd76f…6c75,213,187,-0.41,27.8,-77.4,7,5.2,8.8,7,12,1.47,3.3,2,-38.7,"BTC-PERP 28%, SOL-PERP 17%, XAUT-PERP 17%",True,True,False,True,True,True,True,False,26,16.0,8.0,0.62
0xd774…f734,107,87,-0.78,17.2,-67.5,4,26.6,4.2,1,4,0.77,0.7,2,-33.8,"BTC-PERP 32%, SPY-PERP 9%, ETH-PERP 8%",True,False,False,True,False,True,True,False,23,-12.2,-6.1,-0.53
0xd782…eb1c,210,1155,-0.28,3.6,-319.0,7,68.4,15.5,10,12,1.03,0.0,2,-159.5,"BTC-PERP 59%, ETH-PERP 17%, SOL-PERP 10%",True,True,False,True,False,False,True,False,11,-5.5,-2.8,-0.5
0xd799…c0f7,36,80,-0.27,1.2,-21.6,2,0.0,10.4,5,13,2.47,0.1,1,-21.6,BTC-PERP 100%,False,False,False,True,False,True,True,False,107,-27.5,-27.5,-0.26
0xd79b…df1b,40,135,-0.32,17.8,-43.3,2,29.2,14.1,0,45,4.1,1.6,1,-43.3,"BTC-PERP 51%, ETH-PERP 49%",False,True,False,False,False,True,True,False,36,-12.8,-12.8,-0.36
0xd7a2…560f,88,174,-0.4,24.7,-69.1,3,28.7,7.0,0,5,0.4,1.7,1,-69.1,"SOL-PERP 46%, ETH-PERP 44%, BTC-PERP 10%",False,True,False,False,False,True,True,False,55,16.7,16.7,0.3
0xd7a8…9ae4,199,261,-0.61,15.7,-159.5,5,1.2,1.0,0,0,0.0,0.6,3,-53.2,"ETH-PERP 51%, BTC-PERP 15%, TAO-PERP 12%",True,True,False,False,False,True,True,False,5,-1.1,-0.4,-0.23
0xd7d3…b426,163,1917,-0.26,2.8,-500.8,5,53.4,20.9,3,4,0.57,0.0,2,-250.4,"ETH-PERP 49%, BTC-PERP 25%, USDJPY-PERP 9%",True,True,False,True,False,False,True,False,130,-58.2,-29.1,-0.45
0xd7fb…375e,84,272,-0.26,32.0,-69.7,3,31.1,8.6,0,0,1.83,4.5,1,-69.7,"BTC-PERP 54%, XAUT-PERP 46%",False,True,False,False,True,True,True,False,156,-45.7,-45.7,-0.29
0xd7ff…e48a,75,466,-0.27,0.4,-124.8,2,72.5,4.3,1,1,0.03,0.0,1,-124.8,"SOL-PERP 98%, HYPE-PERP 1%, TAO-PERP 0%",False,True,False,False,False,False,True,False,2,-1.8,-1.8,-0.88
0xd825…4678,186,957,-0.28,13.0,-269.2,3,97.1,1.3,1,1,0.07,0.1,4,-67.3,"BNB-PERP 22%, HYPE-PERP 18%, SOL-PERP 13%",True,True,False,False,False,False,True,False,2,12.5,3.1,6.23
0xd829…cac2,44,131,-0.24,31.3,-30.9,2,29.3,17.0,53,73,2.43,1.4,1,-30.9,"ETH-PERP 53%, SOL-PERP 47%",False,True,False,True,False,True,True,False,16,-8.0,-8.0,-0.5
0xd884…7f9b,215,103,-0.53,20.4,-54.2,5,0.0,1.0,0,0,0.03,0.0,1,-54.2,"ETH-PERP 27%, HYPE-PERP 20%, BTC-PERP 10%",True,True,False,False,False,True,True,False,60,-15.7,-15.7,-0.26
0xd8b2…e1b4,18,5,-0.3,60.0,-1.5,1,2.0,2.6,0,1,0.17,0.7,2,-0.8,"ZRO-PERP 40%, SOL-PERP 40%, XRP-PERP 20%",False,False,False,False,False,True,True,False,162,-317.7,-158.8,-1.96
0xd8f1…1079,124,429,-0.2,39.6,-87.0,4,0.0,10.4,9,15,2.27,9.9,2,-43.5,"SOL-PERP 13%, BNB-PERP 13%, BTC-PERP 12%",True,True,False,True,True,True,True,False,64,-16.4,-8.2,-0.26
0xd948…30eb,125,82,0.67,42.7,55.1,1,24.4,3.8,2,8,0.83,15.3,4,13.8,"ZEC-PERP 27%, XMR-PERP 18%, BTC-PERP 10%",True,False,True,True,True,True,True,False,36,-16.1,-4.0,-0.45
0xd952…46ce,120,147,-0.23,36.7,-34.0,3,14.1,4.0,0,1,0.07,2.6,2,-17.0,"BTC-PERP 77%, AAVE-PERP 8%, HYPE-PERP 4%",True,True,False,False,True,True,True,False,3,-6.8,-3.4,-2.27
0xd95c…7e70,213,95,0.02,33.7,1.6,4,50.6,3.8,2,2,0.23,0.2,2,0.8,"HYPE-PERP 23%, BTC-PERP 14%, ETH-PERP 13%",True,False,True,False,False,False,True,False,21,13.5,6.8,0.64
0xd96b…a186,198,483,-0.32,27.1,-153.4,7,0.0,10.7,22,25,0.83,0.8,1,-153.4,"XRP-PERP 63%, ETH-PERP 17%, BNB-PERP 10%",True,True,False,True,False,True,True,False,171,-21.5,-21.5,-0.13
0xd971…d566,32,185,-0.3,20.0,-55.4,2,31.5,16.2,30,89,5.87,1.6,1,-55.4,"ETH-PERP 52%, BTC-PERP 48%",False,True,False,True,False,True,True,False,33,-11.3,-11.3,-0.34
0xd986…09b4,232,63,0.76,22.2,47.7,1,16.9,13.1,9,9,0.33,0.4,2,23.8,"BTC-PERP 86%, MU-PERP 10%, UNI-PERP 2%",True,False,True,True,False,True,True,False,57,45.5,22.8,0.8
0xd987…5ab2,74,215,-0.37,3.7,-79.4,2,2.5,22.4,15,34,6.03,0.3,3,-26.5,"HYPE-PERP 24%, ZEC-PERP 9%, SOL-PERP 7%",False,True,False,True,False,True,True,False,67,-23.1,-7.7,-0.35
0xd994…b2f4,40,120,-0.25,20.8,-30.3,2,27.2,14.1,0,11,3.23,1.4,1,-30.3,"ETH-PERP 51%, BTC-PERP 49%",False,True,False,False,False,True,True,False,40,-11.6,-11.6,-0.29
0xd9a0…4798,189,164,-0.24,16.5,-38.7,7,0.0,10.2,4,12,0.73,0.2,1,-38.7,BTC-PERP 100%,True,True,False,True,False,True,True,False,25,-3.0,-3.0,-0.12
0xd9ee…b50b,106,90,0.37,24.4,33.5,2,49.5,53.0,0,1,0.07,1.1,2,16.8,"SOL-PERP 33%, ZEC-PERP 14%, ETH-PERP 14%",True,False,True,False,False,True,True,False,92,-32.4,-16.2,-0.35
0xda0e…047a,161,325,-0.31,17.5,-100.4,5,9.0,0.0,0,0,0.0,0.3,1,-100.4,"BTC-PERP 99%, ZEC-PERP 0%, ETH-PERP 0%",True,True,False,False,False,True,True,False,18,-0.1,-0.1,-0.01
0xda1e…4158,1,3,0.38,66.7,1.1,0,32.8,25.0,3,3,0.1,3.3,1,1.1,"BTC-PERP 67%, ETH-PERP 33%",False,False,True,False,True,True,True,False,118,-29.8,-29.8,-0.25
0xda2c…4a01,200,262,-0.24,45.4,-61.8,6,0.0,2.6,1,6,0.4,1.0,2,-30.9,"BTC-PERP 71%, ETH-PERP 14%, SOL-PERP 6%",True,True,False,True,False,True,True,False,16,6.3,3.2,0.39
0xda58…2d73,142,245,-0.32,8.2,-78.2,3,93.8,7.3,2,2,0.07,0.1,2,-39.1,"HYPE-PERP 29%, BTC-PERP 29%, SOL-PERP 24%",True,True,False,False,False,False,True,False,0,0.0,0.0,
0xda77…6b8e,206,767,-0.2,30.4,-155.7,6,9.3,0.0,0,0,0.0,1.1,1,-155.7,"BTC-PERP 93%, SOL-PERP 2%, HYPE-PERP 1%",True,True,False,False,False,True,True,False,43,2.3,2.3,0.05
0xda9e…0e08,198,447,0.49,52.1,218.6,0,33.2,10.5,12,25,2.07,9.8,4,54.6,"BTC-PERP 30%, ETH-PERP 17%, SUI-PERP 16%",True,True,True,True,True,True,True,True,91,-45.3,-11.3,-0.5
0xdaa1…3afb,201,410,-0.28,8.3,-116.1,6,16.3,2.5,0,2,0.1,0.0,1,-116.1,"BTC-PERP 82%, ZEC-PERP 8%, ETH-PERP 7%",True,True,False,False,False,True,True,False,18,9.3,9.3,0.51
0xdaae…5b3d,18,280,-0.23,8.6,-64.8,1,99.1,94.8,166,192,9.33,0.3,1,-64.8,BTC-PERP 100%,False,True,False,True,False,False,True,False,126,-28.6,-28.6,-0.23
0xdb07…67a5,205,1574,-0.34,15.8,-532.9,5,0.0,0.0,0,0,0.0,0.2,3,-177.6,"ETH-PERP 31%, BTC-PERP 16%, HYPE-PERP 13%",True,True,False,False,False,True,True,False,505,-180.8,-60.3,-0.36
0xdb1b…8ea6,210,94,-0.25,1.1,-23.7,2,29.1,0.0,0,0,0.0,0.0,1,-23.7,"BTC-PERP 99%, LIT-PERP 1%",True,False,False,False,False,True,True,False,6,-3.2,-3.2,-0.53
0xdb25…2d2d,249,629,-0.25,31.2,-158.8,5,7.9,3.3,2,3,0.27,3.6,5,-31.8,"ETH-PERP 20%, ZEC-PERP 19%, BTC-PERP 16%",True,True,False,False,True,True,True,False,98,6.3,1.3,0.06
0xdb3c…5186,15,30,-0.12,46.7,-3.7,1,0.0,7.6,12,30,1.0,24.0,2,-1.8,"BTC-PERP 47%, ETH-PERP 47%, SOL-PERP 7%",False,False,False,True,True,True,True,False,103,-0.8,-0.4,-0.01
0xdb57…d5cf,124,178,-0.27,15.7,-48.2,5,0.0,9.5,0,0,0.53,0.4,1,-48.2,"BTC-PERP 78%, ETH-PERP 15%, SOL-PERP 7%",True,True,False,False,False,True,True,False,0,0.0,0.0,
0xdb71…449d,200,246,-0.48,39.8,-118.8,5,2.4,2.7,0,1,0.13,10.7,4,-29.7,"ETH-PERP 20%, BTC-PERP 17%, HYPE-PERP 17%",True,True,False,False,True,True,True,False,0,0.0,0.0,
0xdb76…2360,108,576,-0.2,7.5,-112.9,4,46.2,16.3,18,32,2.3,0.1,2,-56.4,"SPY-PERP 51%, AAPL-PERP 19%, QQQ-PERP 13%",True,True,False,True,False,True,True,False,65,-11.5,-5.8,-0.18
0xdba5…a92b,21,57,-0.81,35.1,-46.4,1,0.0,8.6,25,49,1.9,37.9,9,-5.2,"HYPE-PERP 14%, ZRO-PERP 11%, SOL-PERP 11%",False,False,False,True,True,True,True,False,386,-365.9,-40.7,-0.95
0xdbc0…9642,139,1449,-0.31,7.9,-445.6,5,90.3,104.2,51,63,4.2,0.1,3,-148.5,"BTC-PERP 39%, HYPE-PERP 10%, ETH-PERP 8%",True,True,False,True,False,False,True,False,141,-45.3,-15.1,-0.32
0xdbcf…755d,193,146,-0.28,6.2,-40.6,3,5.2,24.7,0,13,3.63,0.0,1,-40.6,"XAUT-PERP 46%, HYPE-PERP 11%, ZEC-PERP 9%",True,True,False,False,False,True,True,False,0,0.0,0.0,
0xdbd6…10ae/insilico,155,92,-0.63,29.3,-57.9,5,6.7,40.7,2,3,0.73,5.6,2,-29.0,"BTC-PERP 35%, ZEC-PERP 15%, HYPE-PERP 11%",True,False,False,False,True,True,True,False,58,29.2,14.6,0.5
0xdbdc…c355,213,189,-0.37,21.7,-70.2,6,0.4,1.7,1,2,0.17,0.2,1,-70.2,"ETH-PERP 41%, BTC-PERP 27%, FARTCOIN-PERP 13%",True,True,False,False,False,True,True,False,2,-4.1,-4.1,-2.03
0xdbfc…050e,212,159,-0.38,14.5,-60.3,6,30.0,64.0,1,1,0.03,0.1,2,-30.2,"SOL-PERP 33%, TAO-PERP 27%, MON-PERP 14%",True,True,False,False,False,True,True,False,1,-0.6,-0.3,-0.63
0xdc01…c6f7,188,670,-0.27,15.8,-181.2,6,0.2,10.3,19,30,2.73,0.3,2,-90.6,"SOL-PERP 30%, HYPE-PERP 21%, ETH-PERP 14%",True,True,False,True,False,True,True,False,6,-1.9,-1.0,-0.32
0xdc18…0cdb,193,82,1.57,34.1,128.4,1,0.5,8.8,7,8,0.3,33.1,6,21.4,"BTC-PERP 21%, ETH-PERP 17%, ZEC-PERP 12%",True,False,True,True,True,True,True,False,92,106.9,17.8,1.16
0xdc35…6859,240,501,-0.25,9.4,-123.1,2,0.3,5.6,3,5,0.27,0.0,1,-123.1,"BTC-PERP 100%, LIT-PERP 0%",True,True,False,True,False,True,True,False,31,-6.6,-6.6,-0.21
0xdc49…d4bf,85,500,-0.28,4.4,-141.7,3,0.2,6.6,19,44,2.67,0.2,3,-47.2,"HYPE-PERP 9%, BTC-PERP 8%, SOL-PERP 8%",False,True,False,True,False,True,True,False,122,-31.1,-10.4,-0.26
0xdc79…bf3e/SUB-990345,10,132,-0.96,0.0,-127.2,1,0.0,37.9,42,132,4.4,0.0,1,-127.2,"MSFT-PERP 55%, QQQ-PERP 45%",False,True,False,True,False,True,True,False,0,0.0,0.0,
0xdc99…dc07,144,174,-0.3,37.9,-51.9,4,0.3,1.6,1,3,0.23,11.5,2,-26.0,"BTC-PERP 92%, BNB-PERP 6%, ETH-PERP 1%",True,True,False,False,True,True,True,False,6,21.2,10.6,3.54
0xdcd6…2402,203,376,-0.23,9.6,-88.0,7,30.6,5.2,8,12,1.0,0.1,1,-88.0,"BTC-PERP 69%, XAUT-PERP 16%, ETH-PERP 7%",True,True,False,True,False,True,True,False,140,-28.4,-28.4,-0.2
0xdcd6…2235,33,212,-0.21,29.7,-44.5,1,27.9,19.9,38,81,6.2,1.6,1,-44.5,"BTC-PERP 51%, ETH-PERP 49%",False,True,False,True,False,True,True,False,125,-3.8,-3.8,-0.03
0xdd3b…9a45,206,157,0.11,30.6,17.9,3,0.0,2.0,0,0,0.1,6.7,2,9.0,"BTC-PERP 62%, SOL-PERP 15%, ETH-PERP 8%",True,True,True,False,True,True,True,False,0,0.0,0.0,
0xdd82…8f8e,202,148,1.3,67.6,192.1,2,5.2,5.3,1,2,0.3,21.3,6,32.0,"BTC-PERP 40%, ETH-PERP 20%, ZEC-PERP 7%",True,True,True,False,True,True,True,False,27,69.5,11.6,2.57
0xddac…8c2e,212,1571,-0.29,23.6,-456.8,8,0.6,13.8,37,65,6.4,0.8,2,-228.4,"BTC-PERP 85%, BNB-PERP 5%, ETH-PERP 5%",True,True,False,True,False,True,True,False,120,-42.7,-21.4,-0.36
0xddb0…01cd,173,248,-0.2,21.4,-50.4,4,5.4,13.0,3,8,0.6,0.9,3,-16.8,"QQQ-PERP 17%, XAUT-PERP 10%, BTC-PERP 9%",True,True,False,True,False,True,True,False,55,-16.2,-5.4,-0.29
0xdde3…2006,200,177,0.03,27.1,5.0,3,48.7,22.8,1,5,0.4,0.5,2,2.5,"BTC-PERP 45%, XMR-PERP 18%, ETH-PERP 6%",True,True,True,True,False,True,True,False,9,-6.1,-3.0,-0.67
0xddeb…b1ce,99,120,-0.24,3.3,-28.5,4,0.0,4.0,1,3,0.67,0.1,1,-28.5,"BTC-PERP 90%, SUI-PERP 8%, WTI-PERP 2%",True,True,False,False,False,True,True,False,34,-4.9,-4.9,-0.14
0xddf6…a3c3,200,463,-0.26,18.1,-120.2,6,66.6,7.6,1,8,0.6,1.2,2,-60.1,"HYPE-PERP 27%, ZEC-PERP 16%, XAUT-PERP 15%",True,True,False,True,False,False,True,False,281,-86.9,-43.4,-0.31
0xde40…18d5,179,295,-0.44,24.1,-128.8,5,9.2,2.2,0,1,0.1,2.6,8,-16.1,"BTC-PERP 21%, QQQ-PERP 12%, XPL-PERP 5%",True,True,False,False,True,True,True,False,23,6.4,0.8,0.28
0xde55…b77e,65,194,-0.47,20.1,-90.8,3,5.0,7.5,0,5,2.03,2.8,2,-45.4,"BTC-PERP 40%, ETH-PERP 13%, SOL-PERP 10%",False,True,False,False,True,True,True,False,3,0.4,0.2,0.15
0xde56…fdda,7,13,-0.22,30.8,-2.8,1,16.5,4.8,12,13,0.43,0.0,1,-2.8,BTC-PERP 100%,False,False,False,True,False,True,True,False,99,-25.5,-25.5,-0.26
0xde58…4370,203,133,0.89,51.9,118.3,2,19.9,53.6,0,2,0.13,15.4,6,19.7,"BTC-PERP 12%, ETH-PERP 12%, LIT-PERP 10%",True,True,True,False,True,True,True,False,24,14.7,2.4,0.61
0xde8c…d16b,38,23,-2.0,26.1,-46.1,2,0.0,2.4,3,7,0.57,62.0,4,-11.5,"HYPE-PERP 22%, XRP-PERP 22%, SOL-PERP 13%",False,False,False,True,True,True,True,False,149,179.3,44.8,1.2
0xde8c…d16b/default_1,21,1890,-0.31,0.1,-579.7,1,0.0,469.9,826,1397,63.0,0.0,2,-289.8,"SOL-PERP 27%, ENA-PERP 23%, HYPE-PERP 17%",False,True,False,True,False,False,True,False,0,0.0,0.0,
0xdea9…38cf,209,296,-0.36,24.0,-105.7,7,3.6,20.1,13,34,1.27,0.5,1,-105.7,"BTC-PERP 61%, ETH-PERP 16%, SOL-PERP 7%",True,True,False,True,False,True,True,False,79,-41.6,-41.6,-0.53
0xded5…8512,126,697,-0.35,28.6,-241.1,5,1.2,21.2,49,98,6.7,2.1,1,-241.1,"SPCX-PERP 38%, BTC-PERP 23%, ETH-PERP 13%",True,True,False,True,False,True,True,False,436,-147.5,-147.5,-0.34
0xdedd…ccd3,42,83,-0.41,22.9,-34.0,2,32.6,4.2,1,4,0.17,1.6,1,-34.0,"BTC-PERP 52%, ETH-PERP 48%",False,False,False,True,False,True,True,False,69,-19.5,-19.5,-0.28
0xdf08…714f,70,260,-0.3,22.3,-78.2,3,21.5,5.2,14,28,2.0,1.8,2,-39.1,"SPY-PERP 25%, QQQ-PERP 25%, XAUT-PERP 21%",False,True,False,True,False,True,True,False,72,-42.4,-21.2,-0.59
0xdf08…525c,216,435,-0.33,5.1,-142.8,8,65.9,2.9,6,13,1.1,0.0,2,-71.4,"BTC-PERP 71%, ETH-PERP 7%, SOL-PERP 5%",True,True,False,True,False,False,True,False,42,-15.1,-7.6,-0.36
0xdf6a…69a4,216,132,-0.62,25.0,-82.5,7,0.0,2.7,2,2,0.13,1.4,1,-82.5,"TAO-PERP 57%, UNI-PERP 21%, AAVE-PERP 9%",True,True,False,False,False,True,True,False,12,-19.9,-19.9,-1.66
0xdf80…b6eb,43,275,-0.24,29.5,-65.1,2,33.0,20.8,8,83,6.73,1.6,1,-65.1,"ETH-PERP 53%, SOL-PERP 47%",False,True,False,True,False,True,True,False,189,-68.5,-68.5,-0.36
0xdfa6…0680,190,183,-0.26,25.1,-48.4,3,2.8,0.0,0,0,0.0,0.1,1,-48.4,"ETH-PERP 39%, BTC-PERP 20%, SOL-PERP 13%",True,True,False,False,False,True,True,False,19,25.2,25.2,1.33
0xdff9…53c7,32,81,-0.37,14.8,-30.3,2,31.4,14.5,0,0,2.4,1.5,1,-30.3,"ETH-PERP 56%, BTC-PERP 44%",False,False,False,False,False,True,True,False,83,-28.2,-28.2,-0.34
0xe025…508b/default_1,73,8,-0.32,12.5,-2.6,1,95.7,3.7,3,3,0.17,0.6,1,-2.6,"SNDK-PERP 62%, QQQ-PERP 12%, SPY-PERP 12%",False,False,False,False,False,False,True,False,590,-161.0,-161.0,-0.27
0xe05b…5d22,240,531,-0.28,20.5,-149.1,7,1.7,5.5,3,6,0.23,0.3,2,-74.6,"BTC-PERP 79%, TAO-PERP 8%, SOL-PERP 5%",True,True,False,True,False,True,True,False,32,-9.4,-4.7,-0.29
0xe08a…d84f,223,201,-0.33,20.4,-66.9,6,68.2,77.8,13,82,2.73,0.7,2,-33.4,"BTC-PERP 49%, ETH-PERP 24%, XAUT-PERP 15%",True,True,False,True,False,False,True,False,66,-32.1,-16.0,-0.49
0xe092…1f98,145,199,0.4,38.2,79.2,0,34.0,31.8,0,0,0.07,2.3,5,15.8,"BTC-PERP 31%, SPY-PERP 16%, HYPE-PERP 14%",True,True,True,False,True,True,True,False,0,0.0,0.0,
0xe0e9…2923,65,834,-0.23,7.1,-190.5,3,0.1,20.4,0,3,4.3,0.1,3,-63.5,"HYPE-PERP 9%, SOL-PERP 7%, PUMP-PERP 7%",False,True,False,False,False,True,True,False,88,-31.1,-10.4,-0.35
0xe100…7c91,32,75,-0.28,26.7,-21.3,2,32.6,13.6,0,0,2.27,1.7,1,-21.3,"ETH-PERP 52%, BTC-PERP 48%",False,False,False,False,False,True,True,False,108,-26.1,-26.1,-0.24
0xe119…a4d9,172,608,-0.27,16.4,-165.3,6,28.4,8.7,8,12,1.83,1.0,3,-55.1,"ETH-PERP 13%, HYPE-PERP 12%, SOL-PERP 11%",True,True,False,True,False,True,True,False,136,-49.7,-16.6,-0.37
0xe14d…c6f5,165,993,-0.3,19.2,-301.6,6,0.5,9.0,0,8,0.4,0.3,5,-60.3,"SOL-PERP 19%, ETH-PERP 18%, BTC-PERP 16%",True,True,False,False,False,True,True,False,60,-13.2,-2.6,-0.22
0xe15e…689c/default_1,26,28,-0.02,53.6,-0.6,1,0.0,3.7,2,8,0.93,16.8,3,-0.2,"ZRO-PERP 25%, WTI-PERP 21%, JUP-PERP 14%",False,False,False,True,True,True,True,False,95,-22.9,-7.6,-0.24
0xe18b…3157,135,118,-0.45,9.3,-53.4,4,14.5,5.8,1,1,0.1,0.0,3,-17.8,"XAG-PERP 53%, WTI-PERP 14%, SPY-PERP 14%",True,True,False,False,False,True,True,False,1,-7.1,-2.4,-7.1
0xe1a2…deac,200,199,-0.01,51.3,-2.7,3,15.0,3.3,6,11,0.63,10.1,3,-0.9,"BTC-PERP 29%, ETH-PERP 19%, SOL-PERP 10%",True,True,False,True,True,True,True,False,5,-4.7,-1.6,-0.94
0xe1ab…351a,245,90,2.63,75.6,236.7,1,0.0,10.5,2,6,0.47,24.9,5,47.3,"ETH-PERP 20%, SOL-PERP 19%, ZEC-PERP 18%",True,False,True,True,True,True,True,False,33,38.9,7.8,1.18
0xe1af…3a07,44,244,-0.24,27.9,-57.9,2,26.4,19.8,18,46,5.57,1.6,1,-57.9,"ETH-PERP 50%, BTC-PERP 50%",False,True,False,True,False,True,True,False,107,-35.1,-35.1,-0.33
0xe1bf…fb79,157,272,-0.26,4.0,-71.4,6,0.1,8.1,26,44,2.43,0.0,1,-71.4,"XAUT-PERP 35%, SPCX-PERP 19%, ETH-PERP 14%",True,True,False,True,False,True,True,False,276,-81.2,-81.2,-0.29
0xe1c6…3695,58,89,-0.52,37.1,-46.5,2,82.4,6.3,4,8,0.97,24.8,3,-15.5,"QQQ-PERP 18%, SPY-PERP 13%, BTC-PERP 12%",False,False,False,True,True,False,True,False,19,14.0,4.7,0.73
0xe1ee…e7e7,211,191,-0.16,40.8,-30.9,4,0.0,3.3,8,9,0.33,10.9,2,-15.4,"BTC-PERP 26%, SOL-PERP 21%, BNB-PERP 17%",True,True,False,True,True,True,True,False,18,-0.1,-0.0,-0.0
0xe203…6347,209,307,-0.28,7.5,-86.7,3,4.7,0.0,0,0,0.0,0.2,1,-86.7,"BTC-PERP 73%, ETH-PERP 12%, BNB-PERP 7%",True,True,False,False,False,True,True,False,27,-3.2,-3.2,-0.12
0xe21e…4395,129,145,-0.42,29.0,-61.3,5,58.5,5.2,7,18,1.5,2.4,4,-15.3,"BTC-PERP 43%, ETH-PERP 8%, XAUT-PERP 6%",True,True,False,True,True,False,True,False,70,-11.7,-2.9,-0.17
0xe241…f89f,197,533,-0.28,12.2,-149.5,7,16.6,2.0,0,1,0.03,0.4,1,-149.5,"XAUT-PERP 29%, ETH-PERP 16%, MSFT-PERP 14%",True,True,False,False,False,True,True,False,15,-14.9,-14.9,-0.99
0xe24c…f81e,204,831,-0.24,14.6,-198.1,7,1.5,11.0,0,0,0.93,0.3,2,-99.0,"ETH-PERP 37%, BTC-PERP 35%, SOL-PERP 24%",True,True,False,False,False,True,True,False,307,-81.1,-40.6,-0.26
0xe24f…6271,250,973,-0.41,21.6,-399.2,9,0.4,18.6,4,14,1.67,0.5,2,-199.6,"BTC-PERP 36%, ETH-PERP 32%, SOL-PERP 15%",True,True,False,True,False,True,True,False,77,-39.2,-19.6,-0.51
0xe291…5602,206,268,-0.36,30.6,-95.6,5,11.0,5.0,0,0,0.53,2.5,2,-47.8,"ETH-PERP 39%, BTC-PERP 37%, XAUT-PERP 6%",True,True,False,False,True,True,True,False,0,0.0,0.0,
0xe2d1…8a94,174,121,-0.3,30.6,-36.1,5,0.0,2.8,2,4,0.23,0.4,3,-12.0,"ETH-PERP 32%, SOL-PERP 17%, HYPE-PERP 12%",True,True,False,True,False,True,True,False,1,-0.5,-0.2,-0.48
0xe2dc…9a1a,178,912,-0.18,22.1,-162.5,5,55.3,23.4,0,0,0.47,0.1,4,-40.6,"ETH-PERP 18%, BTC-PERP 17%, HYPE-PERP 16%",True,True,False,False,False,False,True,False,0,0.0,0.0,
0xe2f1…4397,126,124,-0.07,42.7,-8.7,3,0.7,2.2,7,13,0.97,23.6,1,-8.7,"BTC-PERP 89%, XAUT-PERP 10%, ETH-PERP 1%",True,True,False,True,True,True,True,False,64,-21.2,-21.2,-0.33
0xe2fe…a942,74,61,-0.24,24.6,-14.5,3,44.8,10.5,8,9,0.67,0.8,3,-4.8,"BTC-PERP 64%, WTI-PERP 11%, XAUT-PERP 7%",False,False,False,True,False,True,True,False,55,-12.4,-4.1,-0.23
0xe313…17c7,132,89,-0.15,25.8,-13.2,3,1.8,0.0,0,0,0.0,1.0,1,-13.2,"BTC-PERP 99%, ETH-PERP 1%",True,False,False,False,False,True,True,False,34,-10.4,-10.4,-0.31
0xe313…aea9,208,195,-0.29,42.1,-56.3,5,0.0,5.2,4,11,1.27,2.0,2,-28.2,"NEAR-PERP 38%, BTC-PERP 30%, HYPE-PERP 30%",True,True,False,True,True,True,True,False,2,0.9,0.4,0.47
0xe353…ba0e,211,116,-0.06,16.4,-7.2,5,9.9,3.0,3,3,0.13,0.1,1,-7.2,"XAUT-PERP 41%, BTC-PERP 23%, ETH-PERP 13%",True,True,False,False,False,True,True,False,9,-7.6,-7.6,-0.85
0xe35c…e99c,148,304,-0.3,10.2,-91.1,5,52.2,18.3,3,6,0.23,0.1,2,-45.6,"HYPE-PERP 37%, BTC-PERP 17%, SOL-PERP 11%",True,True,False,True,False,False,True,False,21,2.6,1.3,0.12
0xe3b6…ee9a,88,489,-0.29,10.0,-144.0,3,0.0,3.0,0,0,0.33,0.4,1,-144.0,BTC-PERP 100%,False,True,False,False,False,True,True,False,212,-62.0,-62.0,-0.29
0xe3c6…424e,40,228,-0.26,28.5,-59.4,2,27.8,19.5,0,3,4.8,1.6,1,-59.4,"ETH-PERP 54%, BTC-PERP 44%, SOL-PERP 3%",False,True,False,False,False,True,True,False,18,-7.0,-7.0,-0.39
0xe3d3…d2ab,191,498,-0.23,20.5,-112.1,5,0.1,1.4,0,1,0.1,0.4,1,-112.1,"BTC-PERP 88%, BCH-PERP 4%, UNI-PERP 2%",True,True,False,False,False,True,True,False,0,0.0,0.0,
0xe411…7b7c,69,812,-0.3,8.9,-241.6,3,0.3,31.0,75,133,12.03,0.1,3,-80.5,"BTC-PERP 12%, HYPE-PERP 10%, ETH-PERP 9%",False,True,False,True,False,True,True,False,560,-114.0,-38.0,-0.2
0xe430…45b0,215,642,-0.34,30.4,-218.2,6,0.2,5.7,0,0,0.67,1.7,1,-218.2,"HYPE-PERP 29%, XRP-PERP 24%, XAG-PERP 20%",True,True,False,False,False,True,True,False,9,-4.4,-4.4,-0.48
0xe476…8d24,84,464,-0.24,5.4,-113.3,3,0.1,6.3,16,27,1.97,0.2,2,-56.6,"XAUT-PERP 41%, BTC-PERP 39%, BNB-PERP 3%",False,True,False,True,False,True,True,False,45,-12.9,-6.4,-0.29
0xe486…c6af,40,157,-0.23,12.1,-36.4,2,5.9,14.0,0,13,3.77,0.1,1,-36.4,"BTC-PERP 98%, ZEC-PERP 1%, ETH-PERP 1%",False,True,False,False,False,True,True,False,0,0.0,0.0,
0xe493…e0ab,190,229,-0.17,25.8,-38.3,4,0.0,0.0,0,0,0.0,1.0,1,-38.3,"BTC-PERP 59%, ETH-PERP 8%, WTI-PERP 7%",True,True,False,False,False,True,True,False,17,3.0,3.0,0.17
0xe4e1…1886,239,425,0.04,34.8,17.3,2,83.0,64.8,22,35,2.6,1.2,1,17.3,"LIT-PERP 68%, BTC-PERP 10%, HYPE-PERP 7%",True,True,True,True,False,False,True,False,130,20.3,20.3,0.16
0xe4e5…e985,201,201,-0.35,42.3,-70.7,5,42.8,7.1,13,19,0.8,11.6,3,-23.6,"BTC-PERP 27%, ETH-PERP 13%, SOL-PERP 10%",True,True,False,True,True,True,True,False,115,-40.8,-13.6,-0.36
0xe532…7ba2,208,549,-0.33,37.2,-179.8,7,0.2,9.0,1,1,0.23,4.3,2,-89.9,"BTC-PERP 54%, ETH-PERP 25%, HYPE-PERP 6%",True,True,False,False,True,True,True,False,136,-30.9,-15.4,-0.23
0xe541…56a4,230,368,-0.28,9.5,-104.0,7,0.0,0.0,0,0,0.0,0.6,1,-104.0,"BTC-PERP 85%, EURUSD-PERP 7%, XAUT-PERP 4%",True,True,False,False,False,True,True,False,134,-38.6,-38.6,-0.29
0xe557…3ce5,182,281,-0.24,6.4,-66.4,6,6.3,1.7,1,1,0.07,0.0,1,-66.4,"BTC-PERP 97%, XAUT-PERP 1%, PENGU-PERP 1%",True,True,False,False,False,True,True,False,1,-0.3,-0.3,-0.25
0xe573…0063,170,282,-0.15,21.3,-42.0,4,8.0,6.4,5,22,1.3,0.2,2,-21.0,"ETH-PERP 66%, BTC-PERP 30%, XAUT-PERP 1%",True,True,False,True,False,True,True,False,87,-3.9,-2.0,-0.04
0xe59a…564d,19,251,-0.28,0.0,-69.1,1,0.0,226.7,0,0,8.37,0.0,1,-69.1,BTC-PERP 100%,False,True,False,False,False,False,True,False,0,0.0,0.0,
0xe5d9…ff3a,200,146,-0.39,30.1,-56.5,5,0.8,4.1,3,6,0.4,1.3,2,-28.2,"ZEC-PERP 21%, HYPE-PERP 20%, LIT-PERP 8%",True,True,False,True,False,True,True,False,31,-39.7,-19.8,-1.28
0xe5dd…d669,172,160,0.39,63.1,63.0,0,0.1,0.0,0,0,0.0,0.7,2,31.5,"HYPE-PERP 12%, TAO-PERP 9%, SOL-PERP 9%",True,True,True,False,False,True,True,False,47,55.7,27.8,1.18
0xe5e2…4cce,133,143,-0.18,41.3,-25.6,4,0.0,7.7,11,21,2.03,2.5,2,-12.8,"BTC-PERP 43%, HYPE-PERP 19%, MON-PERP 6%",True,True,False,True,True,True,True,False,95,-75.1,-37.6,-0.79
0xe5e2…5db3,82,965,-0.3,6.4,-287.8,3,0.0,13.6,28,51,5.97,0.2,8,-36.0,"HYPE-PERP 8%, SOL-PERP 7%, ETH-PERP 7%",False,True,False,True,False,True,True,False,100,428.7,53.6,4.29
0xe5ed…5676,132,103,0.44,52.4,45.4,3,0.1,1.7,0,1,0.03,18.1,4,11.4,"BTC-PERP 26%, ASTER-PERP 19%, WTI-PERP 9%",True,True,True,False,True,True,True,False,6,5.3,1.3,0.88
0xe5f9…11e7,66,909,-0.19,8.9,-176.9,3,0.0,14.3,25,63,6.33,0.2,3,-59.0,"HYPE-PERP 9%, SOL-PERP 7%, ETH-PERP 7%",False,True,False,True,False,True,True,False,338,-104.6,-34.9,-0.31
0xe62b…b2e6,198,1004,-0.21,12.3,-215.5,5,5.7,9.9,12,12,1.27,0.2,5,-43.1,"BTC-PERP 26%, HYPE-PERP 7%, ETH-PERP 6%",True,True,False,True,False,True,True,False,56,-10.9,-2.2,-0.19
0xe659…d552/default_1,171,175,0.6,45.7,105.4,2,3.7,3.1,3,5,0.27,0.6,3,35.1,"BTC-PERP 42%, ETH-PERP 22%, PUMP-PERP 6%",True,True,True,True,False,True,True,False,6,28.1,9.4,4.68
0xe659…d552/default_2,165,310,0.25,51.6,77.6,2,11.2,7.0,1,1,0.3,1.0,6,12.9,"BTC-PERP 9%, FARTCOIN-PERP 8%, ZEC-PERP 8%",True,True,True,False,False,True,True,False,0,0.0,0.0,
0xe68f…193e,236,217,-0.04,43.8,-7.9,3,0.1,0.0,0,0,0.0,49.5,7,-1.1,"LINK-PERP 9%, BTC-PERP 7%, DOGE-PERP 6%",True,True,False,False,True,True,True,False,7,-24.1,-3.4,-3.45
0xe6d3…397a,82,187,-0.37,31.0,-68.6,3,0.0,6.9,3,19,2.27,1.9,1,-68.6,"BTC-PERP 49%, WTI-PERP 19%, ETH-PERP 12%",False,True,False,True,False,True,True,False,68,10.8,10.8,0.16
0xe6e8…1d1c,177,93,-0.26,33.3,-24.1,3,46.3,0.0,0,0,0.0,0.6,2,-12.0,"XAUT-PERP 22%, ZEC-PERP 15%, LIT-PERP 15%",True,False,False,False,False,True,True,False,14,-9.9,-5.0,-0.71
0xe70e…674f,118,131,-0.19,24.4,-25.0,1,80.7,0.0,0,0,0.0,0.6,1,-25.0,"BTC-PERP 56%, PENGU-PERP 5%, MON-PERP 4%",True,True,False,False,False,False,True,False,269,-91.0,-91.0,-0.34
0xe767…9492,119,126,-0.12,31.7,-14.7,2,0.0,0.0,0,0,0.0,3.3,1,-14.7,"BTC-PERP 98%, HYPE-PERP 2%",True,True,False,False,True,True,True,False,2,-0.8,-0.8,-0.39
0xe770…aa71,218,462,-0.3,12.1,-140.2,6,6.9,0.0,0,0,0.0,0.3,1,-140.2,"ETH-PERP 40%, BTC-PERP 28%, SOL-PERP 16%",True,True,False,False,False,True,True,False,6,0.9,0.9,0.15
0xe77a…866c,93,951,-0.37,34.4,-347.7,4,0.1,20.2,44,122,9.0,1.0,1,-347.7,"HYPE-PERP 89%, ETH-PERP 9%, BNB-PERP 2%",True,True,False,True,False,True,True,False,165,-32.5,-32.5,-0.2
0xe798…2912,174,550,-0.27,5.8,-148.0,3,0.0,10.6,19,44,4.57,0.2,3,-49.3,"ETH-PERP 14%, HYPE-PERP 11%, ZEC-PERP 9%",True,True,False,True,False,True,True,False,492,-149.0,-49.7,-0.3
0xe7ab…67a8,179,326,-0.27,13.8,-86.9,5,18.2,14.8,0,2,3.33,0.1,1,-86.9,"BTC-PERP 94%, ETH-PERP 6%, SOL-PERP 0%",True,True,False,False,False,True,True,False,2,0.2,0.2,0.1
0xe7ba…a6e6,204,226,-0.02,38.9,-5.1,4,0.1,10.4,0,11,1.03,46.0,6,-0.8,"BTC-PERP 12%, SOL-PERP 11%, HYPE-PERP 10%",True,True,False,False,True,True,True,False,0,0.0,0.0,
0xe7ce…f23c,215,117,0.54,80.3,63.2,1,6.3,2.8,1,6,0.4,5.7,3,21.1,"TAO-PERP 29%, BTC-PERP 21%, AAVE-PERP 19%",True,True,True,True,True,True,True,True,55,63.3,21.1,1.15
0xe7e9…9902,43,57,-0.26,24.6,-14.8,2,30.5,10.8,2,10,0.9,1.8,1,-14.8,"ETH-PERP 60%, BTC-PERP 40%",False,False,False,True,False,True,True,False,233,-51.5,-51.5,-0.22
0xe830…91d5,161,102,-0.57,30.4,-57.7,4,11.2,1.6,1,3,0.13,6.1,2,-28.8,"BTC-PERP 39%, ETH-PERP 36%, PUMP-PERP 8%",True,True,False,False,True,True,True,False,9,7.7,3.8,0.86
0xe84e…118a,170,99,0.16,16.2,15.7,2,21.4,0.0,0,0,0.0,9.8,5,3.1,"ETH-PERP 28%, LIT-PERP 17%, HYPE-PERP 13%",True,False,True,False,True,True,True,False,4,-3.1,-0.6,-0.77
0xe88c…5429,243,355,-0.26,19.4,-90.9,6,1.5,0.0,0,0,0.0,0.3,2,-45.4,"BTC-PERP 83%, ETH-PERP 10%, XMR-PERP 5%",True,True,False,False,False,True,True,False,11,23.6,11.8,2.15
0xe8a6…5c97,42,122,-0.36,29.5,-43.6,2,30.8,14.4,0,0,1.47,1.5,1,-43.6,"SOL-PERP 52%, ETH-PERP 48%",False,True,False,False,False,True,True,False,74,-23.3,-23.3,-0.32
0xe8b2…a017,223,906,-0.28,16.3,-252.5,8,1.9,3.0,0,0,0.03,0.4,1,-252.5,"ETH-PERP 79%, BTC-PERP 18%, WTI-PERP 1%",True,True,False,False,False,True,True,False,30,-28.0,-28.0,-0.93
0xe8be…4a7e,101,195,-0.34,1.0,-65.6,4,0.1,91.0,0,50,2.73,0.0,1,-65.6,"ETH-PERP 97%, SOL-PERP 2%, SPY-PERP 1%",True,True,False,False,False,True,True,False,0,0.0,0.0,
0xe8d1…add7,43,105,-0.37,21.9,-38.9,2,22.9,16.0,52,62,2.07,1.7,1,-38.9,"BTC-PERP 51%, ETH-PERP 49%",False,True,False,True,False,True,True,False,13,-5.6,-5.6,-0.43
0xe8d3…045a,9,66,-0.33,3.0,-21.8,1,90.4,25.4,46,66,2.2,0.1,1,-21.8,"QQQ-PERP 71%, AAPL-PERP 15%, NVDA-PERP 14%",False,False,False,True,False,False,True,False,99,-29.8,-29.8,-0.3
0xe8fc…66df,23,60,-0.22,21.7,-13.1,1,0.0,6.7,21,36,2.0,0.9,1,-13.1,"BTC-PERP 75%, QQQ-PERP 18%, SPCX-PERP 7%",False,False,False,True,False,True,True,False,59,-13.5,-13.5,-0.23
0xe917…0e87,213,204,0.06,27.0,12.6,4,58.9,6.3,1,4,0.27,0.3,1,12.6,"SOL-PERP 21%, BTC-PERP 18%, ETH-PERP 16%",True,True,True,True,False,False,True,False,44,-18.9,-18.9,-0.43
0xe921…483d,199,310,-0.24,21.6,-75.8,5,23.6,68.6,15,23,1.63,1.0,3,-25.3,"ETH-PERP 45%, BTC-PERP 12%, ENA-PERP 8%",True,True,False,True,False,True,True,False,27,3.9,1.3,0.15
0xe93e…490b,239,104,-0.75,38.5,-77.7,3,33.4,2.5,0,0,0.03,4.3,5,-15.5,"BTC-PERP 58%, ETH-PERP 12%, XRP-PERP 4%",True,True,False,False,True,True,True,False,3,-3.8,-0.8,-1.27
0xe97a…390b,189,118,-0.27,28.0,-31.5,5,0.0,6.0,2,7,0.63,2.0,1,-31.5,BTC-PERP 100%,True,True,False,True,True,True,True,False,0,0.0,0.0,
0xe989…0bb6,212,83,1.3,74.7,107.5,0,40.2,9.2,2,13,0.73,6.8,4,26.9,"HYPE-PERP 34%, ZEC-PERP 19%, LIT-PERP 10%",True,False,True,True,True,True,True,False,107,-75.0,-18.8,-0.7
0xe99a…4161,28,589,-0.29,2.9,-172.8,1,0.8,84.5,0,87,19.63,0.1,1,-172.8,BTC-PERP 100%,False,True,False,False,False,True,True,False,380,-115.7,-115.7,-0.3
0xe9a8…aadb,94,395,-0.42,29.1,-166.6,3,0.3,62.9,28,43,2.7,1.5,4,-41.6,"SOL-PERP 27%, LIT-PERP 22%, ETH-PERP 20%",True,True,False,True,False,True,True,False,31,-26.7,-6.7,-0.86
0xe9f8…972c,39,444,-0.28,30.4,-123.4,2,0.0,18.1,0,24,4.63,0.2,2,-61.7,"ETH-PERP 91%, BTC-PERP 9%",False,True,False,False,False,True,True,False,286,-88.6,-44.3,-0.31
0xea15…bf87,198,508,-0.28,6.3,-143.9,3,27.1,37.9,13,49,8.93,0.1,1,-143.9,"ETH-PERP 34%, SOL-PERP 33%, BTC-PERP 32%",True,True,False,True,False,True,True,False,140,-37.4,-37.4,-0.27
0xea18…c137,124,295,-0.23,18.0,-69.0,4,0.0,8.1,1,2,0.8,0.2,1,-69.0,"BTC-PERP 57%, ETH-PERP 31%, SOL-PERP 5%",True,True,False,False,False,True,True,False,0,0.0,0.0,
0xea46…6b77,74,257,-0.27,7.0,-68.6,2,33.7,45.9,70,106,4.93,0.5,1,-68.6,"QQQ-PERP 65%, XAUT-PERP 18%, SPY-PERP 15%",False,True,False,True,False,True,True,False,120,-35.1,-35.1,-0.29
0xea59…578b,97,149,0.16,34.9,23.3,1,19.3,7.6,8,18,1.43,2.4,5,4.7,"BTC-PERP 34%, ZEC-PERP 12%, HYPE-PERP 10%",True,True,True,True,True,True,True,True,40,-0.1,-0.0,-0.0
0xea75…4f76,17,77,-0.19,22.1,-14.9,1,28.7,18.5,10,61,2.57,1.7,1,-14.9,"ETH-PERP 51%, BTC-PERP 49%",False,False,False,True,False,True,True,False,136,-36.9,-36.9,-0.27
0xea9c…5926,226,4546,-0.21,1.5,-933.2,1,60.5,2.5,3,4,0.4,0.0,1,-933.2,"BTC-PERP 99%, ZEC-PERP 0%, ETH-PERP 0%",True,True,False,True,False,False,True,False,31,56.7,56.7,1.83
0xeab9…b9c4,143,223,-0.0,49.3,-1.1,2,26.3,4.7,8,23,1.27,3.6,2,-0.6,"BTC-PERP 33%, ETH-PERP 22%, SOL-PERP 17%",True,True,False,True,True,True,True,False,121,-32.3,-16.2,-0.27
0xeabf…f350,217,246,-0.28,31.3,-67.8,7,0.0,3.4,5,8,0.57,1.6,2,-33.9,"BTC-PERP 32%, ETH-PERP 17%, SOL-PERP 11%",True,True,False,True,False,True,True,False,20,-21.4,-10.7,-1.07
0xeac6…a767,79,551,-0.34,0.7,-186.5,3,3.3,10.0,29,47,3.43,0.0,1,-186.5,"BTC-PERP 49%, XAUT-PERP 40%, WTI-PERP 11%",False,True,False,True,False,True,True,False,13,-5.4,-5.4,-0.41
0xeae0…9e88,65,256,-0.27,23.0,-69.2,2,0.4,12.8,23,50,3.6,0.3,1,-69.2,"BTC-PERP 34%, ZEC-PERP 16%, HYPE-PERP 12%",False,True,False,True,False,True,True,False,25,-5.3,-5.3,-0.21
0xeb23…2c94,33,108,-0.33,25.0,-35.4,2,45.0,20.6,18,28,2.67,1.8,1,-35.4,"BTC-PERP 52%, ETH-PERP 48%",False,True,False,True,False,True,True,False,8,-3.5,-3.5,-0.43
0xeb29…9b1e,130,147,0.07,51.0,10.6,1,0.2,6.3,0,2,0.63,0.6,4,2.6,"ONDO-PERP 12%, HYPE-PERP 11%, JUP-PERP 10%",True,True,True,False,False,True,True,False,0,0.0,0.0,
0xeb3f…037a,191,185,-0.29,9.7,-54.6,5,0.0,0.0,0,0,0.0,0.0,1,-54.6,"ETH-PERP 92%, BTC-PERP 8%",True,True,False,False,False,True,True,False,50,-14.4,-14.4,-0.29
0xeb44…21dd,11,105,-0.31,0.0,-32.7,1,94.1,42.4,45,105,3.5,0.2,1,-32.7,"QQQ-PERP 44%, NVDA-PERP 37%, SPCX-PERP 19%",False,True,False,True,False,False,True,False,14,-5.3,-5.3,-0.38
0xeb68…7f0f,240,778,-0.21,10.3,-163.5,7,0.6,6.1,10,19,1.53,0.0,1,-163.5,"BTC-PERP 54%, BNB-PERP 20%, EURUSD-PERP 18%",True,True,False,True,False,True,True,False,95,-31.5,-31.5,-0.33
0xeb93…809c,249,125,-0.28,5.6,-35.1,1,0.0,0.0,0,0,0.0,0.0,1,-35.1,BTC-PERP 100%,True,True,False,False,False,True,True,False,22,-0.8,-0.8,-0.04
0xeb97…ad12,207,18,0.6,55.6,10.9,1,0.0,18.8,2,2,0.13,9.0,3,3.6,"BTC-PERP 28%, MU-PERP 17%, SNDK-PERP 17%",True,False,True,False,True,True,True,False,84,69.3,23.1,0.83
0xebd7…8a60,11,60,-0.22,16.7,-13.5,1,28.1,14.2,34,60,2.0,1.6,1,-13.5,"BTC-PERP 53%, ETH-PERP 47%",False,False,False,True,False,True,True,False,210,-48.0,-48.0,-0.23
0xebdd…08aa,141,1401,-0.34,16.7,-478.4,4,59.7,37.3,0,0,8.1,0.2,3,-159.5,"BTC-PERP 35%, SOL-PERP 32%, XAUT-PERP 17%",True,True,False,False,False,False,True,False,580,-151.3,-50.4,-0.26
0xebf8…d226,249,107,-0.14,29.9,-14.7,5,11.1,0.0,0,0,0.0,0.2,2,-7.4,"BTC-PERP 53%, HYPE-PERP 15%, ETH-PERP 11%",True,True,False,False,False,True,True,False,11,-1.5,-0.8,-0.14
0xebfd…470d,191,306,-0.3,7.8,-91.6,4,38.3,0.0,0,0,0.0,0.1,3,-30.5,"BTC-PERP 69%, ETH-PERP 12%, XAUT-PERP 12%",True,True,False,False,False,True,True,False,44,-11.9,-4.0,-0.27
0xec14…c76f,177,199,-0.31,36.2,-61.5,5,14.0,0.0,0,0,0.0,3.5,2,-30.8,"BTC-PERP 68%, HYPE-PERP 4%, ETH-PERP 4%",True,True,False,False,True,True,True,False,9,-0.0,-0.0,-0.0
0xec3e…1e16,100,99,-0.26,27.3,-25.3,4,0.0,3.7,7,13,1.23,3.1,1,-25.3,"BTC-PERP 98%, ETH-PERP 2%",True,False,False,True,True,True,True,False,92,-23.7,-23.7,-0.26
0xec48…4c39,162,134,-0.34,13.4,-44.9,6,0.0,2.8,8,16,1.27,0.1,1,-44.9,"BTC-PERP 81%, ETH-PERP 19%",True,True,False,True,False,True,True,False,38,-15.8,-15.8,-0.42
0xec85…b519,198,407,-0.29,4.7,-119.6,3,29.0,36.2,23,40,7.03,0.1,1,-119.6,"SOL-PERP 36%, ETH-PERP 33%, BTC-PERP 30%",True,True,False,True,False,True,True,False,103,-30.5,-30.5,-0.3
0xec98…26bc,83,179,-0.26,21.8,-46.6,3,8.4,15.9,17,35,2.83,0.7,1,-46.6,"BTC-PERP 29%, ETH-PERP 18%, XAUT-PERP 18%",False,True,False,True,False,True,True,False,47,-10.9,-10.9,-0.23
0xec9e…d01f,46,503,-0.27,3.8,-137.7,2,0.0,13.2,25,64,6.23,0.2,3,-45.9,"HYPE-PERP 11%, ZEC-PERP 10%, ETH-PERP 10%",False,True,False,True,False,True,True,False,132,-43.6,-14.5,-0.33
0xecb1…1126,203,149,-0.37,31.5,-54.9,4,1.4,11.4,8,20,1.1,1.9,1,-54.9,"BNB-PERP 16%, ETH-PERP 13%, BTC-PERP 8%",True,True,False,True,False,True,True,False,86,-15.2,-15.2,-0.18
0xecd2…f89f,207,98,4.79,60.2,469.0,2,47.0,1.0,1,3,0.13,63.6,14,33.5,"LIT-PERP 17%, ETH-PERP 8%, XAUT-PERP 8%",True,False,True,False,True,True,False,False,2,-3.1,-0.2,-1.53
0xed0e…6367,31,69,-0.47,27.5,-32.1,1,25.2,8.8,17,36,2.23,2.3,1,-32.1,"ETH-PERP 52%, BTC-PERP 35%, SOL-PERP 10%",False,False,False,True,True,True,True,False,64,28.9,28.9,0.45
0xed51…3534,31,100,-0.24,24.0,-24.3,1,27.7,21.8,7,48,3.17,1.7,1,-24.3,"BTC-PERP 50%, ETH-PERP 49%, SOL-PERP 1%",False,True,False,True,False,True,True,False,67,-51.3,-51.3,-0.77
0xed5a…dd1a,240,229,0.25,30.1,56.6,1,39.6,2.4,5,11,0.43,1.0,1,56.6,"BTC-PERP 42%, ETH-PERP 24%, AAVE-PERP 13%",True,True,True,True,False,True,True,False,33,33.1,33.1,1.0
0xed5d…c32b,174,144,0.03,43.8,4.3,4,3.5,2.7,6,7,0.5,5.0,2,2.2,"SOL-PERP 33%, XAUT-PERP 26%, XAG-PERP 10%",True,True,True,True,True,True,True,True,7,-3.5,-1.8,-0.5
0xed62…7609,120,108,-0.14,30.6,-15.4,2,49.8,2.0,0,1,0.13,1.5,1,-15.4,"BTC-PERP 66%, QQQ-PERP 27%, MU-PERP 4%",True,True,False,False,False,True,True,False,0,0.0,0.0,
0xed84…3b57,182,635,-0.26,4.4,-161.9,6,89.9,3.2,0,0,0.33,0.1,2,-81.0,"BTC-PERP 76%, ETH-PERP 19%, HYPE-PERP 3%",True,True,False,False,False,False,True,False,1,0.0,0.0,0.02
0xedbb…85e6,84,271,-0.26,32.1,-71.1,3,28.6,8.6,0,0,1.83,4.4,1,-71.1,"BTC-PERP 55%, XAUT-PERP 45%",False,True,False,False,True,True,True,False,154,-48.5,-48.5,-0.32
0xeddb…a6de,160,141,-0.29,2.8,-40.5,6,1.1,2.2,0,0,0.13,0.1,1,-40.5,"BTC-PERP 59%, SOL-PERP 18%, HYPE-PERP 11%",True,True,False,False,False,True,True,False,0,0.0,0.0,
0xedfa…5241,124,43,-0.27,4.7,-11.8,1,0.0,0.0,0,0,0.0,0.0,1,-11.8,BTC-PERP 100%,True,False,False,False,False,True,True,False,74,-40.3,-40.3,-0.55
0xee2e…147d,120,94,0.08,53.2,7.1,0,78.0,4.9,10,12,0.8,1.0,2,3.6,"BTC-PERP 28%, WTI-PERP 28%, MSFT-PERP 17%",True,False,True,True,False,False,True,False,49,87.7,43.8,1.79
0xee3e…03a1,206,185,1.39,66.5,256.6,1,83.6,14.3,10,15,1.03,25.5,6,42.8,"HYPE-PERP 18%, BTC-PERP 9%, TAO-PERP 8%",True,True,True,True,True,False,True,False,31,-45.5,-7.6,-1.47
0xee49…3a44,205,167,-0.35,18.0,-58.6,7,38.4,4.8,2,6,0.23,0.3,1,-58.6,"XRP-PERP 47%, BTC-PERP 32%, HYPE-PERP 7%",True,True,False,True,False,True,True,False,0,0.0,0.0,
0xee9e…7c54,1,61,-0.32,1.6,-19.4,1,91.4,592.5,61,61,2.03,0.2,4,-4.8,"BTC-PERP 66%, SOL-PERP 16%, HYPE-PERP 10%",False,False,False,True,False,False,True,False,63,-14.8,-3.7,-0.23
0xeec0…cd73,35,208,-0.25,7.2,-52.1,2,0.0,11.1,19,44,5.33,0.3,3,-17.4,"ZEC-PERP 12%, ETH-PERP 11%, HYPE-PERP 11%",False,True,False,True,False,True,True,False,231,-83.7,-27.9,-0.36
0xeed4…8f32,177,1070,-0.26,25.6,-282.6,5,0.0,15.1,0,32,4.6,1.4,1,-282.6,"BTC-PERP 45%, ETH-PERP 26%, SOL-PERP 12%",True,True,False,False,False,True,True,False,0,0.0,0.0,
0xeed7…4b0c,211,742,-0.22,13.1,-160.0,7,0.0,9.1,7,20,1.5,0.1,2,-80.0,"BTC-PERP 65%, SOL-PERP 17%, ETH-PERP 6%",True,True,False,True,False,True,True,False,38,-19.5,-9.8,-0.51
0xeed7…f3b0,159,150,1.07,71.3,159.9,1,21.6,16.1,8,14,1.4,4.1,2,80.0,"LIT-PERP 63%, SOL-PERP 15%, PUMP-PERP 9%",True,True,True,True,True,True,True,True,66,95.5,47.8,1.45
0xeeec…604e,187,405,-0.29,13.3,-115.9,6,68.0,2.1,4,9,0.73,0.1,1,-115.9,"ETH-PERP 20%, ASTER-PERP 11%, BTC-PERP 11%",True,True,False,True,False,False,True,False,72,-81.2,-81.2,-1.13
0xef3b…f457/sub1,4,123,-0.2,17.9,-24.3,1,79.2,390.2,123,123,4.1,1.0,3,-8.1,"BNB-PERP 43%, SOL-PERP 41%, XRP-PERP 16%",False,True,False,True,False,False,True,False,1775,-282.3,-94.1,-0.16
0xef3b…f457/sub2,3,7,0.04,57.1,0.3,0,65.6,53.7,7,7,0.23,4.2,1,0.3,"ETH-PERP 86%, SOL-PERP 14%",False,False,True,True,True,False,True,False,164,-51.2,-51.2,-0.31
0xef3b…f457/sub3,3,9,-6.42,11.1,-57.8,1,81.9,128.7,9,9,0.3,16.4,7,-8.3,"MSTR-PERP 22%, SPCX-PERP 11%, AMD-PERP 11%",False,False,False,True,True,False,True,False,487,-101.3,-14.5,-0.21
0xef3b…f457/sub6,3,18,-0.48,55.6,-8.7,1,17.6,401.7,18,18,0.6,10.2,6,-1.4,"MRVL-PERP 22%, SNDK-PERP 22%, WTI-PERP 11%",False,False,False,True,True,False,True,False,173,35.6,5.9,0.21
0xef3e…11f0,163,138,0.04,33.3,5.9,2,2.7,17.6,1,47,3.7,0.7,3,2.0,"kBONK-PERP 20%, CHIP-PERP 18%, JUP-PERP 10%",True,True,True,True,False,True,True,False,139,-50.0,-16.7,-0.36
0xef40…410d,218,166,-0.07,41.0,-11.4,4,3.2,2.6,0,0,0.2,2.9,1,-11.4,"BTC-PERP 83%, SOL-PERP 8%, HYPE-PERP 5%",True,True,False,False,True,True,True,False,32,11.4,11.4,0.36
0xef4c…2fcd,159,118,-0.2,31.4,-24.1,4,1.4,7.6,7,18,1.13,0.7,1,-24.1,"ETH-PERP 99%, WTI-PERP 1%",True,True,False,True,False,True,True,False,48,-13.4,-13.4,-0.28
0xef4f…e063,38,284,-0.27,6.0,-78.0,2,0.0,11.0,19,44,5.27,0.3,3,-26.0,"HYPE-PERP 11%, ZEC-PERP 10%, ETH-PERP 9%",False,True,False,True,False,True,True,False,137,-44.9,-15.0,-0.33
0xef57…555f,87,261,-0.26,11.9,-68.0,3,0.8,13.9,12,39,3.13,0.1,2,-34.0,"HYPE-PERP 37%, ZEC-PERP 14%, BTC-PERP 11%",False,True,False,True,False,True,True,False,80,-24.2,-12.1,-0.3
0xef8b…d285,87,199,-0.22,5.0,-43.3,2,0.4,0.0,0,0,0.0,0.0,1,-43.3,"XAUT-PERP 44%, BTC-PERP 20%, WTI-PERP 13%",False,True,False,False,False,True,True,False,113,-21.3,-21.3,-0.19
0xefa4…c88f,210,124,-0.39,15.3,-48.1,4,12.4,31.8,0,0,0.63,0.4,1,-48.1,"SOL-PERP 22%, ETH-PERP 19%, FARTCOIN-PERP 17%",True,True,False,False,False,True,True,False,89,-25.1,-25.1,-0.28
0xefb5…2677,127,403,-0.22,35.0,-88.1,3,0.1,10.5,0,0,0.8,1.0,1,-88.1,"BTC-PERP 100%, HYPE-PERP 0%, SPCX-PERP 0%",True,True,False,False,False,True,True,False,50,-20.2,-20.2,-0.4
0xefd2…d931,150,826,-0.28,1.8,-230.5,4,0.0,35.0,0,0,0.13,0.0,1,-230.5,"BTC-PERP 99%, HYPE-PERP 0%, ETH-PERP 0%",True,True,False,False,False,True,True,False,0,0.0,0.0,
0xefe6…0655,28,28,0.09,46.4,2.6,0,0.0,5.6,4,11,0.93,56.5,6,0.4,"SOL-PERP 18%, XRP-PERP 14%, HYPE-PERP 14%",False,False,True,True,True,True,True,False,135,-120.7,-20.1,-0.89
0xeffa…0de9/default_1,23,13,0.48,53.8,6.2,0,0.3,2.8,1,3,0.43,14.5,3,2.1,"ZRO-PERP 38%, MON-PERP 23%, XRP-PERP 15%",False,False,True,False,True,True,True,False,1832,-616.0,-205.3,-0.34
0xf000…15a6,216,110,-0.19,30.9,-21.1,5,3.6,5.7,0,1,0.03,1.4,2,-10.6,"BTC-PERP 60%, ETH-PERP 12%, SOL-PERP 9%",True,True,False,False,False,True,True,False,19,35.1,17.6,1.85
0xf002…581a,220,138,-0.29,42.8,-39.6,5,4.6,2.0,5,11,0.83,2.7,1,-39.6,"BTC-PERP 93%, ETH-PERP 4%, HYPE-PERP 1%",True,True,False,True,True,True,True,False,49,-9.9,-9.9,-0.2
0xf01f…0e77,21,95,-0.22,5.3,-20.7,1,0.0,10.8,27,64,3.17,0.3,2,-10.4,"ZEC-PERP 16%, HYPE-PERP 16%, BTC-PERP 15%",False,False,False,True,False,True,True,False,186,-70.3,-35.2,-0.38
0xf026…0a31,239,903,-0.34,15.6,-310.2,8,1.9,14.6,0,0,0.6,0.6,2,-155.1,"BTC-PERP 50%, SOL-PERP 24%, ETH-PERP 21%",True,True,False,False,False,True,True,False,7,-2.3,-1.2,-0.33
0xf06d…93fc,97,102,-0.29,36.3,-29.5,3,0.0,5.8,7,9,0.97,7.9,1,-29.5,BTC-PERP 100%,True,True,False,True,True,True,True,False,34,-20.1,-20.1,-0.59
0xf07c…1f02,110,375,-0.29,11.5,-107.1,4,17.2,14.8,1,1,0.97,0.0,2,-53.6,"BTC-PERP 86%, ETH-PERP 10%, XAUT-PERP 4%",True,True,False,False,False,True,True,False,0,0.0,0.0,
0xf09e…7c0c,87,221,0.06,48.4,13.7,1,24.8,51.8,3,3,1.8,2.1,3,4.6,"BTC-PERP 30%, ETH-PERP 11%, SOL-PERP 11%",False,True,True,False,True,True,True,False,18,-6.7,-2.2,-0.37
0xf0c0…e779,147,147,-0.38,9.5,-55.8,5,2.9,3.0,4,6,0.7,0.1,1,-55.8,"BTC-PERP 54%, ETH-PERP 13%, XAUT-PERP 13%",True,True,False,True,False,True,True,False,40,-12.6,-12.6,-0.32
0xf0f4…44b6,169,599,-0.24,19.7,-142.7,5,25.9,2.8,1,3,0.1,0.3,3,-47.6,"ETH-PERP 42%, BTC-PERP 17%, HYPE-PERP 9%",True,True,False,False,False,True,True,False,67,-22.1,-7.4,-0.33
0xf11a…6060,210,635,-0.33,16.5,-212.2,6,0.0,48.9,3,6,2.97,0.0,3,-70.7,"HYPE-PERP 40%, ZEC-PERP 34%, MU-PERP 7%",True,True,False,True,False,True,True,False,53,-34.8,-11.6,-0.66
0xf157…08f2,106,548,-0.21,8.0,-115.4,4,0.3,12.0,19,44,5.1,0.2,3,-38.5,"HYPE-PERP 9%, BTC-PERP 8%, SOL-PERP 8%",True,True,False,True,False,True,True,False,117,-34.1,-11.4,-0.29
0xf165…310e,226,270,-0.37,16.7,-98.8,6,0.6,9.7,6,8,0.6,0.1,2,-49.4,"BTC-PERP 41%, ETH-PERP 27%, HYPE-PERP 10%",True,True,False,True,False,True,True,False,140,-49.4,-24.7,-0.35
0xf1a5…c9b8,202,215,-0.29,9.3,-61.4,4,54.8,19.7,0,0,1.37,0.5,2,-30.7,"XAUT-PERP 57%, HYPE-PERP 17%, ETH-PERP 10%",True,True,False,False,False,False,True,False,2,-0.6,-0.3,-0.32
0xf1aa…a10d,89,579,-0.22,8.6,-129.7,3,1.6,22.1,4,22,4.97,0.1,3,-43.2,"HYPE-PERP 14%, ZEC-PERP 11%, ETH-PERP 8%",False,True,False,True,False,True,True,False,136,-47.4,-15.8,-0.35
0xf1c2…c409,250,637,-0.17,26.5,-109.8,7,4.9,9.4,8,10,0.77,0.7,4,-27.4,"PUMP-PERP 14%, BTC-PERP 13%, ETH-PERP 11%",True,True,False,True,False,True,True,False,11,-4.7,-1.2,-0.43
0xf1ec…2635,163,69,-0.47,40.6,-32.6,3,0.9,2.6,4,7,0.33,15.3,2,-16.3,"SOL-PERP 19%, HYPE-PERP 17%, ETH-PERP 14%",True,False,False,True,True,True,True,False,47,49.3,24.6,1.05
0xf203…c71e,135,286,-0.38,22.7,-107.7,1,0.1,0.0,0,0,0.0,0.1,7,-15.4,"TAO-PERP 61%, HYPE-PERP 14%, ZRO-PERP 7%",True,True,False,False,False,True,True,False,344,-139.0,-19.9,-0.4
0xf216…4609,123,777,-0.33,17.5,-257.3,5,0.1,4.6,0,10,0.93,0.3,1,-257.3,"BTC-PERP 86%, HYPE-PERP 5%, DOGE-PERP 2%",True,True,False,False,False,True,True,False,90,-64.7,-64.7,-0.72
0xf220…acde,197,477,-0.27,6.3,-128.6,3,32.9,47.0,17,17,8.93,0.1,1,-128.6,"ETH-PERP 35%, SOL-PERP 33%, BTC-PERP 31%",True,True,False,True,False,True,True,False,187,-48.6,-48.6,-0.26
0xf224…6cfb,200,395,-0.25,23.5,-99.4,6,0.0,12.1,3,9,0.47,0.1,1,-99.4,"MON-PERP 80%, SOL-PERP 18%, HYPE-PERP 1%",True,True,False,True,False,True,True,False,5,-0.5,-0.5,-0.1
0xf229…8528,191,755,-0.27,28.5,-205.2,6,0.7,5.9,14,30,2.77,2.7,1,-205.2,"BTC-PERP 52%, ETH-PERP 30%, XAUT-PERP 9%",True,True,False,True,True,True,True,False,111,-2.4,-2.4,-0.02
0xf23a…cad3,232,144,-0.29,13.9,-42.5,4,82.5,35.5,2,2,0.33,0.2,2,-21.2,"HYPE-PERP 28%, BTC-PERP 20%, QQQ-PERP 19%",True,True,False,False,False,False,True,False,6,18.3,9.2,3.04
0xf27f…8625,190,280,-0.1,31.8,-29.0,7,12.3,16.2,29,64,2.83,0.3,2,-14.5,"ETH-PERP 72%, SOL-PERP 17%, BTC-PERP 4%",True,True,False,True,False,True,True,False,37,-9.4,-4.7,-0.25
0xf28b…0c78,86,132,-0.55,4.5,-72.1,3,0.0,8.8,1,2,0.87,0.0,1,-72.1,"ETH-PERP 77%, BTC-PERP 23%",False,True,False,False,False,True,True,False,11,-3.4,-3.4,-0.31
0xf2ab…15ee,51,568,-0.22,7.4,-126.0,2,0.0,11.2,19,44,5.47,0.2,3,-42.0,"HYPE-PERP 9%, SOL-PERP 8%, ZEC-PERP 8%",False,True,False,True,False,True,True,False,311,-96.1,-32.0,-0.31
0xf2c7…c75f,189,311,-0.25,26.4,-77.5,4,0.0,0.0,0,0,0.0,0.5,1,-77.5,"BTC-PERP 69%, ETH-PERP 24%, HYPE-PERP 5%",True,True,False,False,False,True,True,False,24,26.9,26.9,1.12
0xf2fb…6917,169,154,-0.26,32.5,-40.6,5,4.2,2.8,1,1,0.17,0.8,1,-40.6,"BTC-PERP 77%, ETH-PERP 22%, XAG-PERP 1%",True,True,False,False,False,True,True,False,4,0.6,0.6,0.15
0xf33d…aaf1,249,105,3.5,92.4,367.2,0,89.8,1.5,4,5,0.4,37.2,4,91.8,"ETH-PERP 17%, BTC-PERP 15%, SOL-PERP 10%",True,True,True,True,True,False,True,False,4,42.5,10.6,10.62
0xf3af…77e1,44,141,-0.29,27.0,-41.0,2,40.3,17.7,0,11,1.6,1.5,1,-41.0,"BTC-PERP 55%, ETH-PERP 45%",False,True,False,False,False,True,True,False,19,-8.6,-8.6,-0.45
0xf3b2…1945,23,9,-0.32,44.4,-2.8,1,0.0,2.8,2,4,0.3,44.6,2,-1.4,"QQQ-PERP 44%, BTC-PERP 11%, SOL-PERP 11%",False,False,False,True,True,True,True,False,165,213.4,106.7,1.29
0xf3b6…7fe0/SUB-792771,60,195,-0.26,4.1,-50.9,2,80.0,14.6,9,20,2.53,0.1,1,-50.9,"BTC-PERP 58%, XAUT-PERP 30%, SPCX-PERP 5%",False,True,False,True,False,False,True,False,0,0.0,0.0,
0xf42b…1903,124,821,-0.21,12.2,-169.6,5,0.0,16.4,20,55,6.2,0.2,3,-56.5,"ETH-PERP 10%, HYPE-PERP 9%, SOL-PERP 7%",True,True,False,True,False,True,True,False,257,-86.6,-28.9,-0.34
0xf438…c54b,215,323,-0.47,28.5,-150.5,6,2.1,8.7,9,28,2.03,2.3,3,-50.2,"BTC-PERP 31%, ETH-PERP 12%, SOL-PERP 11%",True,True,False,True,True,True,True,False,60,-51.0,-17.0,-0.85
0xf43d…15b2,51,145,-0.34,17.9,-49.6,1,67.0,9.0,0,0,1.17,0.1,4,-12.4,"TON-PERP 47%, MU-PERP 9%, ZRO-PERP 6%",False,True,False,False,False,False,True,False,14,-15.0,-3.8,-1.07
0xf446…3093,191,9,-12.33,22.2,-111.0,2,28.5,6.0,0,3,0.1,37.5,3,-37.0,"PUMP-PERP 33%, XMR-PERP 22%, ETH-PERP 11%",True,False,False,False,True,True,True,False,253,-112.2,-37.4,-0.44
0xf46f…a321,212,1163,-0.43,31.8,-503.0,6,2.5,32.5,99,116,4.0,2.1,6,-83.8,"BTC-PERP 22%, HYPE-PERP 14%, ZEC-PERP 11%",True,True,False,True,False,True,True,False,345,-102.7,-17.1,-0.3
0xf478…c9e5/default_2,60,176,-0.11,39.2,-18.9,2,0.0,10.7,0,0,0.53,0.2,2,-9.4,"BTC-PERP 50%, HYPE-PERP 50%",False,True,False,False,False,True,True,False,0,0.0,0.0,
0xf48f…0cae,111,170,-0.46,11.8,-77.8,3,0.3,0.0,0,0,0.0,0.1,1,-77.8,"BTC-PERP 66%, SUI-PERP 16%, ETH-PERP 13%",True,True,False,False,False,True,True,False,12,-10.9,-10.9,-0.91
0xf4b7…8629,177,105,-0.3,45.7,-31.7,4,0.0,2.0,0,0,0.1,13.9,2,-15.8,"MON-PERP 13%, HYPE-PERP 10%, TAO-PERP 8%",True,True,False,False,True,True,True,False,1,-10.7,-5.4,-10.65
0xf4d2…548a,182,412,-0.39,28.2,-160.3,7,4.8,4.8,2,4,1.07,2.0,2,-80.2,"BTC-PERP 55%, ETH-PERP 44%, AAVE-PERP 0%",True,True,False,True,True,True,True,False,2,-5.0,-2.5,-2.49
0xf4ec…53a4,126,832,-0.31,0.4,-260.5,5,4.6,80.6,82,119,10.2,0.0,1,-260.5,"BTC-PERP 100%, ETH-PERP 0%",True,True,False,True,False,True,True,False,1,-0.3,-0.3,-0.3
0xf4f1…ce0e,48,120,-0.1,40.8,-12.0,1,0.0,37.6,2,5,2.23,7.7,8,-1.5,"HYPE-PERP 12%, NVDA-PERP 10%, AAPL-PERP 10%",False,True,False,True,True,True,True,False,134,70.6,8.8,0.53
0xf4f2…9d9d,66,90,0.19,63.3,17.1,1,13.3,9.2,20,25,2.33,8.5,4,4.3,"HYPE-PERP 29%, QQQ-PERP 16%, MON-PERP 13%",False,False,True,True,True,True,True,False,262,-73.1,-18.3,-0.28
0xf511…5d74,124,1703,-0.17,20.0,-287.4,5,0.0,24.0,26,63,5.1,0.3,4,-71.8,"HYPE-PERP 8%, BTC-PERP 7%, SOL-PERP 6%",True,True,False,True,False,True,True,False,568,-149.9,-37.5,-0.26
0xf522…9478,65,32,0.13,59.4,4.0,2,11.2,3.7,6,7,0.63,7.7,2,2.0,"XAUT-PERP 62%, WTI-PERP 16%, BTC-PERP 9%",False,False,True,True,True,True,True,False,85,172.5,86.2,2.03
0xf528…2a50,64,882,-0.17,16.0,-147.0,3,0.0,16.7,26,64,6.33,0.2,3,-49.0,"HYPE-PERP 9%, SOL-PERP 7%, BTC-PERP 7%",False,True,False,True,False,True,True,False,350,-118.2,-39.4,-0.34
0xf530…2dd0,102,34,0.13,20.6,4.5,2,0.5,5.7,2,4,0.47,1.3,1,4.5,"BTC-PERP 94%, WTI-PERP 3%, SPCX-PERP 3%",True,False,True,True,False,True,True,False,92,-23.6,-23.6,-0.26
0xf55a…fb71,80,396,-0.27,24.7,-108.5,3,33.0,15.5,0,1,3.2,0.8,2,-54.2,"XAUT-PERP 13%, WTI-PERP 13%, ETH-PERP 12%",False,True,False,False,False,True,True,False,118,-43.6,-21.8,-0.37
0xf567…c279,182,101,-0.18,11.9,-18.5,4,0.0,0.0,0,0,0.0,0.1,1,-18.5,"BTC-PERP 90%, QQQ-PERP 4%, AAVE-PERP 2%",True,True,False,False,False,True,True,False,2,-1.9,-1.9,-0.97
0xf57b…565d,113,119,-0.08,25.2,-9.2,3,4.3,6.2,0,15,1.3,0.1,2,-4.6,"SOL-PERP 79%, AAPL-PERP 4%, MSFT-PERP 2%",True,True,False,False,False,True,True,False,76,16.3,8.2,0.21
0xf57e…ea09,170,123,-0.36,26.8,-44.0,6,3.1,3.2,0,2,0.17,1.3,1,-44.0,"WTI-PERP 18%, LIT-PERP 7%, PUMP-PERP 7%",True,True,False,False,False,True,True,False,11,-5.5,-5.5,-0.5
0xf5a4…28d6,211,115,0.42,73.0,47.9,4,9.3,7.0,8,8,0.47,18.6,3,16.0,"BTC-PERP 15%, LIT-PERP 13%, SOL-PERP 12%",True,True,True,True,True,True,True,True,27,-36.8,-12.3,-1.36
0xf5be…27f5,188,141,-0.23,28.4,-32.6,2,0.0,11.5,31,50,1.67,0.5,1,-32.6,"PUMP-PERP 23%, HYPE-PERP 14%, AAVE-PERP 14%",True,True,False,True,False,True,True,False,25,-14.2,-14.2,-0.57
0xf5ea…1ed1,71,249,-0.29,25.7,-73.3,3,32.2,17.4,16,16,2.23,1.5,1,-73.3,"BTC-PERP 44%, ETH-PERP 39%, SOL-PERP 16%",False,True,False,True,False,True,True,False,52,-15.0,-15.0,-0.29
0xf607…194b,88,182,-0.26,25.3,-47.8,3,33.4,24.2,43,43,1.43,1.4,1,-47.8,"BTC-PERP 42%, ETH-PERP 42%, SOL-PERP 16%",False,True,False,True,False,True,True,False,121,-25.1,-25.1,-0.21
0xf634…5348,40,121,-0.27,23.1,-32.7,2,28.5,13.8,0,14,3.47,1.4,1,-32.7,"ETH-PERP 56%, BTC-PERP 44%",False,True,False,False,False,True,True,False,57,-19.3,-19.3,-0.34
0xf64b…959c,118,125,-0.34,32.0,-42.1,1,80.3,0.0,0,0,0.0,1.2,1,-42.1,"ETH-PERP 58%, PENGU-PERP 5%, MON-PERP 4%",True,True,False,False,False,False,True,False,253,-79.6,-79.6,-0.31
0xf653…7b19,252,1277,-0.26,6.0,-330.1,9,0.1,20.0,0,0,1.87,0.0,2,-165.0,"SOL-PERP 47%, ETH-PERP 17%, BTC-PERP 9%",True,True,False,False,False,True,True,False,112,-43.7,-21.8,-0.39
0xf69d…6175,200,478,-0.18,37.2,-86.0,7,0.2,2.6,7,11,0.6,16.1,4,-21.5,"ETH-PERP 39%, BTC-PERP 39%, XAUT-PERP 8%",True,True,False,True,True,True,True,False,41,-12.1,-3.0,-0.3
0xf6a0…4270,213,300,-0.23,24.0,-68.2,6,20.9,1.0,0,0,0.0,1.0,1,-68.2,"BTC-PERP 72%, XAG-PERP 9%, ETH-PERP 9%",True,True,False,False,False,True,True,False,23,-5.6,-5.6,-0.24
0xf6a3…61ee,74,232,-0.33,8.2,-76.6,3,29.7,42.6,61,95,4.43,0.5,1,-76.6,"QQQ-PERP 65%, XAUT-PERP 18%, SPY-PERP 16%",False,True,False,True,False,True,True,False,124,-32.0,-32.0,-0.26
0xf6bc…3438,163,454,-0.22,12.3,-99.4,3,0.0,0.0,0,0,0.0,0.1,2,-49.7,"ETH-PERP 60%, BTC-PERP 40%, WTI-PERP 0%",True,True,False,False,False,True,True,False,1,32.4,16.2,32.39
0xf766…e57c,155,127,-0.26,20.5,-32.7,6,39.2,4.7,2,2,0.1,0.4,1,-32.7,"BTC-PERP 84%, WTI-PERP 8%, XAUT-PERP 3%",True,True,False,False,False,True,True,False,6,-4.2,-4.2,-0.7
0xf77e…fab4,216,487,-0.28,8.0,-135.3,7,0.0,4.1,8,12,0.97,0.1,1,-135.3,"BTC-PERP 100%, ETH-PERP 0%",True,True,False,True,False,True,True,False,126,-34.7,-34.7,-0.28
0xf79a…3b8b/default_6,80,99,-0.24,15.2,-24.1,3,90.5,56.9,12,28,1.4,1.0,1,-24.1,"GOOGL-PERP 73%, NVDA-PERP 22%, HYPE-PERP 3%",False,False,False,True,False,False,True,False,0,0.0,0.0,
0xf79f…9e7f,49,129,-0.46,26.4,-59.2,2,0.0,7.8,8,25,2.3,2.4,1,-59.2,"BTC-PERP 34%, ETH-PERP 24%, WTI-PERP 17%",False,True,False,True,True,True,True,False,23,-7.3,-7.3,-0.32
0xf7e4…fcec,56,164,-0.34,22.6,-55.2,2,0.0,7.0,23,45,3.33,1.2,1,-55.2,"BTC-PERP 40%, ETH-PERP 29%, SOL-PERP 15%",False,True,False,True,False,True,True,False,32,-8.7,-8.7,-0.27
0xf800…ea96,144,256,-0.33,38.7,-83.7,3,7.6,2.0,0,0,0.03,1.5,3,-27.9,"BTC-PERP 39%, TAO-PERP 13%, HYPE-PERP 8%",True,True,False,False,False,True,True,False,0,0.0,0.0,
0xf815…30a1,224,1318,-0.24,13.1,-319.2,5,85.2,3.4,2,9,0.53,0.2,4,-79.8,"ETH-PERP 36%, BTC-PERP 23%, XAUT-PERP 11%",True,True,False,True,False,False,True,False,186,-72.5,-18.1,-0.39
0xf82a…e77b,233,207,-0.31,25.6,-64.8,5,4.3,0.0,0,0,0.0,1.9,1,-64.8,"BTC-PERP 76%, SOL-PERP 15%, ETH-PERP 6%",True,True,False,False,False,True,True,False,10,-21.9,-21.9,-2.19
0xf860…cb50,161,358,-0.35,3.6,-124.6,6,28.1,3.8,8,9,0.37,0.0,1,-124.6,"BTC-PERP 94%, HYPE-PERP 3%, ETH-PERP 2%",True,True,False,True,False,True,True,False,12,-4.5,-4.5,-0.38
0xf880…2855,99,181,-0.33,30.9,-59.0,3,17.1,0.0,0,0,0.0,3.7,4,-14.8,"BTC-PERP 23%, XAUT-PERP 15%, ETH-PERP 12%",True,True,False,False,True,True,True,False,38,-6.9,-1.7,-0.18
0xf895…63ad,210,84,-0.3,33.3,-25.3,6,19.7,0.0,0,0,0.0,0.5,1,-25.3,"BTC-PERP 99%, ETH-PERP 1%",True,False,False,False,False,True,True,False,18,-4.7,-4.7,-0.26
0xf8b3…aad0,208,379,-0.3,5.0,-113.6,5,0.7,2.8,0,0,0.2,0.0,2,-56.8,"BTC-PERP 88%, ETH-PERP 10%, XAUT-PERP 1%",True,True,False,False,False,True,True,False,0,0.0,0.0,
0xf8fa…1c28,206,148,0.26,50.0,37.8,2,4.3,6.5,2,4,0.33,7.1,4,9.4,"HYPE-PERP 11%, ASTER-PERP 9%, SUI-PERP 9%",True,True,True,True,True,True,True,True,4,-2.9,-0.7,-0.71
0xf949…c6c9,199,286,-0.26,0.7,-74.6,7,0.0,6.5,14,23,1.97,0.0,1,-74.6,"BTC-PERP 93%, ETH-PERP 5%, HYPE-PERP 1%",True,True,False,True,False,True,True,False,85,-24.0,-24.0,-0.28
0xf94e…dedc,253,2773,-0.24,3.0,-660.8,8,92.7,9.4,10,27,3.53,0.0,1,-660.8,"BTC-PERP 87%, WTI-PERP 8%, ETH-PERP 3%",True,True,False,True,False,False,True,False,80,-26.3,-26.3,-0.33
0xf960…0ccc,111,102,-0.28,7.8,-28.4,4,0.0,2.0,0,0,0.03,0.1,1,-28.4,"BTC-PERP 98%, XAG-PERP 1%, XAUT-PERP 1%",True,True,False,False,False,True,True,False,0,0.0,0.0,
0xf99d…ffbe,149,231,-0.18,28.1,-41.8,5,0.5,5.2,0,0,0.3,0.2,1,-41.8,"TAO-PERP 73%, LTC-PERP 13%, kBONK-PERP 7%",True,True,False,False,False,True,True,False,38,-8.0,-8.0,-0.21
0xfa23…7b3a,178,469,-0.22,20.5,-104.8,5,3.8,6.5,19,44,2.93,0.9,3,-34.9,"BTC-PERP 23%, HYPE-PERP 13%, ETH-PERP 12%",True,True,False,True,False,True,True,False,160,-61.1,-20.4,-0.38
0xfa2f…487b,193,768,-0.12,27.9,-91.3,7,0.9,10.9,23,42,3.57,0.4,1,-91.3,"BTC-PERP 92%, HYPE-PERP 8%, XAUT-PERP 0%",True,True,False,True,False,True,True,False,176,-46.1,-46.1,-0.26
0xfa5c…c5b2,198,292,-0.28,7.9,-80.7,3,29.0,31.0,39,52,4.63,0.1,1,-80.7,"BTC-PERP 34%, ETH-PERP 34%, SOL-PERP 32%",True,True,False,True,False,True,True,False,109,-29.3,-29.3,-0.27
0xfa67…68de,211,291,-0.04,29.6,-11.7,3,0.3,3.0,3,10,1.03,0.9,2,-5.8,"BTC-PERP 46%, WTI-PERP 7%, QQQ-PERP 3%",True,True,False,True,False,True,True,False,73,-27.9,-14.0,-0.38
0xfa93…66fa,203,258,-0.29,23.3,-75.2,4,0.6,11.7,36,52,1.73,0.6,1,-75.2,"BTC-PERP 30%, ETH-PERP 8%, AAVE-PERP 7%",True,True,False,True,False,True,True,False,0,0.0,0.0,
0xfaa9…a88f,206,76,0.17,34.2,12.7,3,0.4,2.0,0,0,0.1,1.0,1,12.7,"BTC-PERP 54%, HYPE-PERP 14%, LIT-PERP 13%",True,False,True,False,False,True,True,False,41,-29.7,-29.7,-0.73
0xfac7…c66f,88,387,-0.28,25.1,-108.2,3,26.5,20.6,0,30,2.47,1.6,1,-108.2,"ETH-PERP 44%, BTC-PERP 31%, SOL-PERP 25%",False,True,False,False,False,True,True,False,73,-25.6,-25.6,-0.35
0xfac8…c716,226,640,-0.34,14.7,-217.7,8,0.0,9.4,4,7,1.43,0.2,2,-108.8,"ETH-PERP 56%, BTC-PERP 29%, WTI-PERP 6%",True,True,False,True,False,True,True,False,2,-0.6,-0.3,-0.29
0xfad5…cf3f,27,81,-0.3,0.0,-24.1,1,5.2,17.8,12,30,2.7,0.0,1,-24.1,"BTC-PERP 51%, ETH-PERP 23%, SOL-PERP 14%",False,False,False,True,False,True,True,False,36,-10.9,-10.9,-0.3
0xfaec…fa58,108,1224,-0.17,22.2,-203.3,4,0.1,11.5,26,75,2.77,0.4,6,-33.9,"ETH-PERP 8%, BTC-PERP 7%, HYPE-PERP 7%",True,True,False,True,False,True,True,False,131,-46.7,-7.8,-0.36
0xfaef…a7c6,42,151,-0.25,24.5,-37.7,2,31.5,17.2,49,61,3.13,1.7,1,-37.7,"BTC-PERP 54%, ETH-PERP 46%",False,True,False,True,False,True,True,False,85,-26.4,-26.4,-0.31
0xfb0f…0e81,210,270,-0.14,42.2,-39.1,4,0.5,2.1,4,10,0.87,21.4,1,-39.1,"BTC-PERP 46%, HYPE-PERP 23%, XMR-PERP 10%",True,True,False,True,True,True,True,False,63,-40.5,-40.5,-0.64
0xfb1c…98be,198,269,-0.23,10.4,-61.9,3,10.8,7.6,4,24,0.8,0.1,2,-31.0,"BTC-PERP 35%, XRP-PERP 16%, ETH-PERP 14%",True,True,False,True,False,True,True,False,0,0.0,0.0,
0xfb32…864f,61,759,-0.35,2.4,-263.1,3,0.0,13.4,25,63,6.37,0.2,3,-87.7,"HYPE-PERP 8%, SOL-PERP 8%, BTC-PERP 8%",False,True,False,True,False,True,True,False,128,-50.0,-16.7,-0.39
0xfb44…efe7,40,158,-0.28,17.7,-44.1,2,34.7,15.4,7,62,4.83,1.7,1,-44.1,"BTC-PERP 54%, ETH-PERP 46%",False,True,False,True,False,True,True,False,79,-33.1,-33.1,-0.42
0xfb77…23e0,213,240,-0.15,33.8,-36.5,3,16.8,0.0,0,0,0.0,4.1,4,-9.1,"ETH-PERP 18%, BTC-PERP 12%, AVAX-PERP 11%",True,True,False,False,True,True,True,False,185,-59.9,-15.0,-0.32
0xfb9f…c6b0,213,430,-0.21,11.4,-92.2,6,68.1,4.0,0,2,0.1,0.1,2,-46.1,"BTC-PERP 58%, SOL-PERP 11%, SUI-PERP 6%",True,True,False,False,False,False,True,False,72,-16.9,-8.4,-0.23
0xfbaf…f0c0,129,171,-0.29,14.0,-50.1,4,0.0,10.3,1,9,1.83,0.1,1,-50.1,"BTC-PERP 57%, SOL-PERP 43%",True,True,False,True,False,True,True,False,6,-1.5,-1.5,-0.24
0xfbcb…c323/SUB-343685,14,205,-1.1,0.0,-225.4,1,0.0,68.3,25,140,6.83,0.0,1,-225.4,"GOOGL-PERP 40%, SPY-PERP 32%, QQQ-PERP 29%",False,True,False,True,False,True,True,False,0,0.0,0.0,
0xfbdd…f9c8,93,109,-0.43,9.2,-47.2,4,2.6,6.9,2,4,1.93,0.1,2,-23.6,"BTC-PERP 70%, ETH-PERP 20%, XAUT-PERP 3%",True,True,False,True,False,True,True,False,178,-57.3,-28.6,-0.32
0xfbdd…89f2,86,336,-0.23,14.6,-77.5,3,29.4,14.3,11,45,3.97,0.1,1,-77.5,"LIT-PERP 39%, BTC-PERP 21%, HYPE-PERP 12%",False,True,False,True,False,True,True,False,0,0.0,0.0,
0xfbf9…e633,219,115,0.32,58.3,37.3,2,51.0,2.7,3,7,0.33,24.3,4,9.3,"XAUT-PERP 23%, ETH-PERP 17%, SOL-PERP 15%",True,True,True,True,True,False,True,False,22,30.5,7.6,1.39
0xfc37…0d07,111,345,-0.06,29.0,-21.9,3,53.8,16.3,18,45,2.23,0.4,2,-11.0,"BTC-PERP 32%, ETH-PERP 29%, SOL-PERP 13%",True,True,False,True,False,False,True,False,11,8.4,4.2,0.76
0xfc39…4c83,119,151,-0.21,32.5,-31.5,4,0.2,17.3,3,46,1.67,0.5,2,-15.8,"SOL-PERP 46%, ETH-PERP 32%, BTC-PERP 9%",True,True,False,True,False,True,True,False,45,-5.0,-2.5,-0.11
0xfc67…15c7/default_1,196,158,0.13,21.5,21.3,4,51.2,3.0,5,9,0.43,0.1,1,21.3,"SOL-PERP 44%, BTC-PERP 14%, LIT-PERP 10%",True,True,True,True,False,False,True,False,24,-30.3,-30.3,-1.26
0xfc6b…e6d5,17,79,-0.48,3.8,-37.6,1,0.3,11.4,19,50,2.63,0.2,2,-18.8,"BTC-PERP 32%, ETH-PERP 15%, HYPE-PERP 11%",False,False,False,True,False,True,True,False,65,-24.8,-12.4,-0.38
0xfc7f…c22b,217,243,-0.25,26.3,-59.9,7,19.1,2.3,0,6,0.73,0.8,2,-30.0,"BTC-PERP 79%, ETH-PERP 15%, BNB-PERP 2%",True,True,False,False,False,True,True,False,9,-3.0,-1.5,-0.33
0xfc88…86b5,200,869,-0.33,29.6,-284.8,7,4.0,16.1,7,85,4.23,1.5,1,-284.8,"SOL-PERP 59%, BTC-PERP 10%, ETH-PERP 9%",True,True,False,True,False,True,True,False,214,-46.1,-46.1,-0.22
0xfc96…4efb,202,335,-0.35,43.6,-118.4,5,0.0,5.2,1,2,0.1,23.2,4,-29.6,"ETH-PERP 22%, BTC-PERP 20%, SOL-PERP 9%",True,True,False,False,True,True,True,False,3,145.8,36.4,48.59
0xfcaa…f0fc,47,497,-0.48,1.2,-238.0,2,0.0,12.2,25,62,5.7,0.2,3,-79.3,"HYPE-PERP 12%, ZEC-PERP 11%, ETH-PERP 10%",False,True,False,True,False,True,True,False,130,-42.5,-14.2,-0.33
0xfcb8…40db,213,106,-0.12,20.8,-13.1,4,1.9,3.2,0,2,0.07,2.6,2,-6.6,"BTC-PERP 42%, ETH-PERP 42%, PENGU-PERP 4%",True,True,False,False,True,True,True,False,65,153.2,76.6,2.36
0xfcc4…96a4,182,851,-0.24,10.6,-200.8,4,30.3,1.0,0,0,0.0,0.1,2,-100.4,"BTC-PERP 54%, ETH-PERP 40%, TAO-PERP 2%",True,True,False,False,False,True,True,False,1,-0.0,-0.0,-0.01
0xfccd…2940,192,346,-0.3,22.8,-103.8,5,9.4,11.3,0,0,0.17,0.6,2,-51.9,"ETH-PERP 37%, BTC-PERP 18%, SOL-PERP 14%",True,True,False,False,False,True,True,False,0,0.0,0.0,
0xfcdd…cc8e,66,909,-0.24,6.5,-213.8,3,0.0,13.6,24,62,6.33,0.2,3,-71.3,"HYPE-PERP 9%, SOL-PERP 7%, ETH-PERP 7%",False,True,False,True,False,True,True,False,131,-33.6,-11.2,-0.26
0xfced…b5d0,61,333,-0.27,34.8,-90.8,3,1.1,4.9,2,4,1.27,0.4,1,-90.8,"BTC-PERP 100%, ETH-PERP 0%",False,True,False,True,False,True,True,False,4,-1.1,-1.1,-0.28
0xfcfb…7385,20,180,-0.26,19.4,-46.3,1,0.0,34.8,2,69,6.0,0.0,2,-23.2,"LIT-PERP 21%, PUMP-PERP 14%, HYPE-PERP 13%",False,True,False,True,False,True,True,False,0,0.0,0.0,
0xfd09…79be,205,2273,-0.27,1.6,-618.0,7,91.4,26.1,9,35,2.53,0.1,2,-309.0,"BTC-PERP 37%, ETH-PERP 30%, PUMP-PERP 15%",True,True,False,True,False,False,True,False,184,-54.2,-27.1,-0.29
0xfd28…5351/default_1,22,65,0.11,44.6,7.5,0,0.0,10.8,19,43,2.17,37.9,6,1.2,"XAG-PERP 14%, WTI-PERP 11%, XRP-PERP 11%",False,False,True,True,True,True,True,False,139,-93.2,-15.5,-0.67
0xfd30…9e8c,202,117,0.33,61.5,38.1,1,20.7,2.8,3,3,0.17,12.2,2,19.0,"BTC-PERP 66%, LIT-PERP 16%, WTI-PERP 7%",True,True,True,False,True,True,True,False,29,77.5,38.8,2.67
0xfd30…34c2,164,279,-0.3,30.8,-84.3,6,8.8,9.6,14,17,1.23,0.4,1,-84.3,"BTC-PERP 46%, HYPE-PERP 19%, SOL-PERP 19%",True,True,False,True,False,True,True,False,52,0.8,0.8,0.02
0xfd39…a566,45,289,-0.23,27.7,-67.2,2,32.0,22.1,44,77,6.73,1.6,1,-67.2,"ETH-PERP 50%, BTC-PERP 50%",False,True,False,True,False,True,True,False,61,-17.1,-17.1,-0.28
0xfd40…ef70,106,415,-0.37,1.7,-155.4,4,2.1,4.0,0,0,0.17,0.0,2,-77.7,"BTC-PERP 67%, SPY-PERP 14%, XAG-PERP 7%",True,True,False,False,False,True,True,False,74,3.7,1.8,0.05
0xfd6c…747e,198,192,-0.24,27.6,-46.0,4,0.5,4.8,2,3,0.47,1.0,1,-46.0,"BTC-PERP 61%, ETH-PERP 14%, SOL-PERP 9%",True,True,False,False,False,True,True,False,49,-21.7,-21.7,-0.44
0xfd74…3a60,128,136,-0.14,31.6,-19.3,3,0.0,5.4,10,16,0.97,3.3,3,-6.4,"BTC-PERP 36%, ETH-PERP 35%, SOL-PERP 20%",True,True,False,True,True,True,True,False,32,2.9,1.0,0.09
0xfdcb…8fa3,100,207,-0.33,29.0,-67.9,2,0.0,8.2,9,9,0.3,3.7,3,-22.6,"SOL-PERP 36%, BTC-PERP 26%, HYPE-PERP 20%",True,True,False,True,True,True,True,False,105,-42.8,-14.3,-0.41
0xfdcb…37b9,42,199,-0.32,20.1,-64.6,2,31.8,18.6,51,62,3.6,1.5,1,-64.6,"BTC-PERP 54%, ETH-PERP 46%",False,True,False,True,False,True,True,False,10,-4.5,-4.5,-0.45
0xfdd4…e787,115,102,-0.22,44.1,-22.1,3,28.5,10.7,2,6,1.23,2.0,1,-22.1,"BTC-PERP 20%, HYPE-PERP 15%, ETH-PERP 14%",True,True,False,True,True,True,True,False,60,-13.9,-13.9,-0.23
0xfe08…5ca5,169,192,0.02,47.9,3.6,4,77.9,16.3,5,14,0.83,41.5,6,0.6,"HYPE-PERP 13%, LIT-PERP 12%, ETH-PERP 12%",True,True,True,True,True,False,True,False,24,32.6,5.4,1.36
0xfe0f…07ef,44,108,-0.35,27.8,-38.2,2,31.3,9.0,0,9,0.5,1.3,1,-38.2,"ETH-PERP 51%, SOL-PERP 49%",False,True,False,False,False,True,True,False,18,-7.4,-7.4,-0.41
0xfe1d…f70d,31,110,-0.17,23.6,-19.2,1,20.6,160.3,4,28,3.43,0.0,1,-19.2,XMR-PERP 100%,False,True,False,True,False,False,True,False,0,0.0,0.0,
0xff35…f54e,18,114,-0.27,8.8,-30.6,1,97.2,81.0,0,1,3.8,0.0,1,-30.6,SPCX-PERP 100%,False,True,False,False,False,False,True,False,0,0.0,0.0,
0xff4b…c4ef/default_1,8,53,0.15,66.0,7.9,0,19.1,22.3,47,53,1.77,5.1,6,1.3,"UNI-PERP 25%, ZEC-PERP 23%, HYPE-PERP 9%",False,False,True,True,True,True,True,False,402,260.9,43.5,0.65
0xff4f…a286,184,622,-0.17,39.7,-106.6,4,40.0,9.7,6,12,1.4,3.6,4,-26.6,"BTC-PERP 30%, HYPE-PERP 22%, ETH-PERP 8%",True,True,False,True,True,True,True,False,53,69.1,17.3,1.3
0xff7d…2d9c,126,374,-0.35,1.6,-129.3,5,0.0,23.4,23,24,4.1,0.0,1,-129.3,"BTC-PERP 94%, HYPE-PERP 5%, TAO-PERP 1%",True,True,False,True,False,True,True,False,4,-1.8,-1.8,-0.45
0xfff6…c68e,60,638,-0.36,1.7,-231.7,2,0.0,14.4,24,58,5.17,0.2,3,-77.2,"HYPE-PERP 9%, ETH-PERP 8%, ZEC-PERP 8%",False,True,False,True,False,True,True,False,92,-39.6,-13.2,-0.43
