address,bron
0xc33fefd77012cbcf61f63e9c4745cadaadbe12f3,"markttrades,posities,top"
0xfce57f020c7f74412a3805896188552437674b5b,"posities,top"
0x531c581a4e16ab3472fd9879df94c0f5a8a25b86,"posities,top"
46zwiamikjjqfdjy5qhnzi8z4bs6r7mdthmuvska5ma6,"posities,top"
0x647be88edc764751ecf709c7746cbc9b7d29b0f4,"markttrades,posities,top"
0xb774f1d84e728c2043c2dd2f6b6dbd4b2996b056,"markttrades,posities,top"
0x58a9ec96e23d200ced6998664dfb7c1297e8db1a,"posities,top"
0x802af775033b0b2226c23075d25595b128357d34,"markttrades,posities,top"
0x686ab305b7cdb0d11906e154d383e6a33589cde7,"posities,top"
0x1b7591be0aa47a72264f1ac85e5e56b2cc30dc06,"markttrades,posities,top"
0x4453c11add1bb2a7892b10411d67705ea036df53,"markttrades,posities,top"
0x3a17bde82706aaf297a0d721d5c31e4eb3c48b65,"markttrades,posities,top"
0x56b60a52bfbd3f8099787de5380a42f7459c01c3,"markttrades,posities,top"
0xdfd22a1bb03e289c45ef5881d862f91f81dbb430,"markttrades,posities,top"
0xba537acd612acc78f7c0ecb6f5d11f6166519eee,"posities,top"
0x1337c163a5d5b60618ffceaf3a7f2130e607f39b,"posities,top"
0xfc0b6342df28fa058fc207a1ea504bc564c36314,"posities,top"
0x43f8555eeb522f58c75e99c8b611fc5c6a36a142,"markttrades,posities,top"
0xf109ef13a567cf7662dab15f34d77e4488573ff9,"markttrades,posities,top"
0x72ed4d38968c344f434e12f1ca36529cf8e79e14,"posities,top"
0xa54af76e07c1f3e2368cc2d0ce7b5b23dbaba6bc,"posities,top"
0xcc0ac478e60837e276c1e944e364e90d5295b70c,"posities,top"
0x82f0e94f968ee2faefc5d55cee0d5085a58807c7,"posities,top"
0x083c799466d3d7c43b468e21b5ad9ee01ea587e6,"posities,top"
0x3c8e84ed486a9a014b0caf94f7005a858282015c,"markttrades,posities,top"
0x4142dd8a5e84b08c0326b99ad12406b1e005baa3,"posities,top"
ayo6erydyh8gby9t15wvzzczw4kttutta1zc2dpdcvgt,"posities,top"
0x5cc105bbd9f6382a4560ee01f0778092a2e5cf8f,"markttrades,posities,top"
0xb3e01da7e9c9df2749cad4f567957f25320e951f,"markttrades,posities,top"
0x84cf0cc83ea60e6b47f361c3fbca0418902a226c,"markttrades,posities,top"
4zgrw2ucber9zoz5hmgvadlqrqzky6vc9s2opwnh3okn,"posities,top"
0x0b35b8cbe8002f55b23616bc3124d946a0a71c20,"markttrades,posities,top"
agn6ipmndzrgk7k4xx6c9h8hjvujpjtvcjqxl7efihrf,"posities,top"
0x52dd6a990d3e2132d6fa377cf0138bcdbe9042c5,"posities,top"
ebaoy81mhbrxip52nk35xteydlwaikoolmwgfnmbjnpf,"posities,top"
0x32185f1ed94a28fa799d19fe03939f0845bce9f1,"posities,top"
0xd6b856503234065ef188add91b52d29938e2c99d,"markttrades,posities,top"
0x74400bfeabf2c8f88469609115946695f651afce,"posities,top"
0x0e16562a75855eb9cf105725d757e6c05d07fe73,"posities,top"
0x9115edd9826a41645318fb9edafd40fc3f71851e,"posities,top"
0x7737bf072b36972f39402edf2b3d73de58bf6bd2,"posities,top"
0xb11964f5aaeecf9058fc35a0942f91aed0a703d3,"markttrades,posities,top"
0x559cdabaacad458a4be0c2db8df296e3738c2038,"markttrades,posities,top"
6v8dzkj1enlzjcakvzchriwkwmfnjyutspphre8bhesc,"markttrades,posities,top"
0x8cf7b86f23198bd9c719d7f0ad72688d1cfd5693,"posities,top"
85e8jd9khkywdbejedjjyrx2bubek7hb8bb9dpyc7hvf,"posities,top"
0x2dcbaf66513ebfed0a7666f62703363398b23c62,"markttrades,posities,top"
0xa7eceb94f13acfec13517bd619dcf2f9b5525697,"posities,top"
bpkqajrwfp1zdyrvf6hfezwvk4jseafswitp4mg22b6u,"markttrades,posities,top"
fs3mveg7udqjkmypskvzdpmhunlrp4eldmegp31qb3xu,"posities,top"
0x2598be9262551b5601656b0fba3889d6f3faf744,"markttrades,posities,top"
0x4f708e58b731f00d32b4d0877b27429da9e4f5d3,"markttrades,posities,top"
0x43dfab48d2b6351b1933879f0b9e06748b3e96a7,"posities,top"
0x29c3528da7cb47b545a09720abc37f121cf2dc21,"posities,top"
2rzqtfmv6iii1fjrmn14dhuffgrpyjuxjhqgasfqnp5f,"posities,top"
0x3bdde7d9f8b3cc3583a41b5e12244924b371e17f,"markttrades,posities,top"
0x714cededc2b54820b4870496b967c37eb9aaf0ad,"posities,top"
0x236c90475e634e8f4ffd96e831a7dbf887077273,"posities,top"
0x982e2986823a688b5abab0f2b62ea2253d776d5c,"posities,top"
guhyhse3vkp8xuquqwbzsdf3m4a7gubfymou5zm3yr5a,"posities,top"
ct6agpb1hfult3aq7cgm4sn8am4nzwumzunhe9qnvgsy,"markttrades,posities,top"
0xfad0065e913e7df973c24b77301550013be090e8,"posities,top"
0x50569f7554f7b6672c9d357c5943840283cf3fa0,"posities,top"
0x85349b4fbd2deb9d48b8bd9f9de8cfa0db692391,"posities,top"
0xa6b743f393805df05f4c6cc5419d476afadcbe37,"posities,top"
c6yenewyj8vygof1tohq4t8drzqrjmvrp8uuwetlbkc1,"markttrades,posities,top"
0x07ef5ebc92d99878acccb6b4b15962f7217cd2af,"posities,top"
0x08750db546b5186861835d15cb38ba5e96525688,"posities,top"
hty6affeinsbdvf7vhnt3fq7d6x7jxf11g1kkcc8prsp,"markttrades,posities,top"
5j4hsdcgjjbudfz2idqck7ywcvdyhdwarxjhalpx1sa8,"markttrades,posities,top"
3dbrpmq7wr8uqjjotbn8nk9wn2u2bsmsamtqctpqbomm,"markttrades,posities,top"
0x57576be24032f4439df8f903667c81dad150df12,"posities,top"
a32nmubtnheigxwvxpyssdciskxztl2prlv5krlom7zs,"posities,top"
0x15367ae8b1e97ac4988750a79ea8ae6b7d3fbf50,"posities,top"
0xebdb620e400c5b188471899cac9ac65948ddc34d,"posities,top"
skwankcxwytffpwkzufyrqe3jpy9lkpreonhptztrjn,"posities,top"
0xde936b5f337cf616663c641c3c80efb0a6ff1bbd,"markttrades,posities,top"
j1hgqwb3xy3kjpp7ehfdvbpyb1uc3p1zn5dvfzz1spue,"markttrades,posities,top"
4qejqgaqqzib6hcrhkkuey1tpfg29pfzqfkjyb1fgyc2,"posities,top"
fmc3j4k48xuybrmyex7wb6g7iryqrujifa1b1feqxhwm,"posities,top"
0x608baa11592f10bee89a420e8ec081a8e033df0b,"posities,top"
0x0893605928f35146894d08e1b465b2e0c03e2e6a,"posities,top"
hqynbji9z4cv29wfeee7m9asjxmfxmrbqesjcokvyxqj,"posities,top"
j8vr3r1qvsfylzm2niw5adefjba4xgr58xnj52dyodf2,"posities,top"
0x5017d2cca4ed2acdc5e81a46e0a1b4d973bef6af,"posities,top"
0x822efc2cba95323a9167947a3374d303e1f98bbb,"posities,top"
0x40345e663e5ff89fc8f7c6b993895402bd682286,"posities,top"
0xd53ca15dbad9a786792f4fb254dd8e6a459b31c4,"markttrades,posities,top"
0xf144ccd85b39df0172bd0b89b7c9d0e27582c612,"markttrades,posities,top"
hyiwf9utfmrgnfqu5tlbizjbgdm9nn3gywvhtusilyfs,"markttrades,posities,top"
432hhtiecivv8kgqgnzstxzxxa6js4mzlkxl8l7ddtjg,"posities,top"
dbfheeknfvzxhvnodu4ayg9gnykwcgqexa2indmph1kr,"posities,top"
0xc7dba8ed00b1a07d82fa702e5743e6b7113a7b51,"posities,top"
0x8f1319134a08bd2d08e757da3071a990de2db187,"markttrades,posities,top"
0x43fa26c444767ea3b82ad2f998bc995305823a32,"posities,top"
0x10d25005930f7999701756d1b49760b3f766aeb0,"posities,top"
0x94c71dba4c1f45bae3983c0728c0761884dc98ec,"markttrades,posities,top"
0x6f881872414311b37ff554be777c4194f3c7973b,"posities,top"
h6u2iv3zhs452urrbnc6hnzvjgvynsngz9d9kkbs9cox,"posities,top"
66e5c2u94dwt7uafxy6wqr4znsbcsyx2tkfmkao3ujmd,"posities,top"
0xd2c35bafa5b8af08b88c67f46dae14bf3561de41,"markttrades,posities,top"
bnjuunehbqcud8oeg7cxbvmw5cxuraoduxnwlfp7jhtb,"markttrades,posities,top"
cf6ht9edxr8hwe6hvkfku32wpqzepwfc54jt6zziysnh,"markttrades,posities,top"
0x745008532cf4af2545daab0388b7016cd4cb6458,"posities,top"
eqanmwyem7xqgswweazpapfdfiqa9hwvv9piccb3geqn,"posities,top"
0x8a43fceae41fd16aa0bc7d71cee364e1652b202e,"posities,top"
2wghpu5jkljznngzb6vbfqxz8tgv8cjzptgkcbtrtat8,"posities,top"
0x6a64aa7210da3537e216d7b48a9f01fb5e094bc2,"markttrades,posities,top"
0xc1e52ff1ecfa2c77cb04112728f3376aadb6486e,"posities,top"
haq1btwzn7469ohyarwuskbr6mmazsgzrhbjsz4j2nkn,"posities,top"
4u2kaygq8eysoxwy3cpqakpcqxxdpupjgqqzbkftrp3k,"posities,top"
cwfsuvzft1heeyoyh6jyyfsbypr6b9d6s6gqmnjcvjqz,"posities,top"
8qo6b3yumzn9lhtdw5v3azwrrcymvtwvvebvfrveeaz9,"posities,top"
0xcb3be53ae6ccf87e9c712bb906b5410a6e83f9f1,"posities,top"
0x65cfddd565d9b51561eb6d7337460bf89d4a22bb,"posities,top"
0x791bc2e9b8af6463febc52fd500399a3a7395ce5,"posities,top"
6bhezirkkdmpaskmv45qovdfpzs9vb7g7mjlsysxfhde,"posities,top"
0xa8fa5abd4ae04e19b1f74b0c6b634a512488020d,"markttrades,posities,top"
0x4d6815cac411ac48a9238f2fc317ba304992cb9a,"posities,top"
0xfd3052e6f192b4a059411d243088518c4f57a84d,"posities,top"
c9uncma33mvowsib1zbsdveqm3tuohxzay5dpbgepfve,"posities,top"
0x180ffe2550d4a1f6e700f7fd1ac8994da6f94970,"markttrades,posities,top"
5gcupqaan6b1xwhcq2duzq6xumxsxvkhrf72de5sjpxr,"markttrades,posities,top"
0x38c294f87539f1ac99624fe999295dbe2c118fc7,"posities,top"
0x76689056d5c445b33b046b785b8f357a3a2ec12f,"posities,top"
4gmtqbg21skjytycx2wxn5wgjfy2cmunpujuhikgqgyz,"posities,top"
0x30f7b39bd398d02e4579df2cba9dedd88420e26b,"markttrades,posities,top"
0x32518b761fefeed95bedc5837c8675f7dbeb08ca,"posities,top"
bv8eycqrmhvqczokvt21f1gkxhwrczdyr6tqhuai7feg,"posities,top"
91cyyonlgr6oeu5thchbgn3ztcwgqxvpghygsunryhtd,"posities,top"
0xf8c41ad2bb7a486adadd336837ec76f468f83c3b,"posities,top"
0xb919e09bb077013d5f93c898dafcc1d0c75559fe,"posities,top"
hdwsudgppyn6ypucxa4e6ufawansnn3zmpjpa2u2vyjd,"markttrades,posities,top"
cvfcvstjdjhq8qrkyl6qtvedckk5243cfkpru5adgjrz,"posities,top"
0x70c043befe32c0d08c8103bffab35a28e00c9b22,"posities,top"
0xb0365bdbcab1648c8633da62dfd656ddecea8aa7,"posities,top"
0x7e66ff99eaecc6b4cbcdecda062c053bc8b6e6b0,"posities,top"
bfqs9hwzcg5kzbqm4hdmwobab8gvkckae9xl5py6p8v5,"posities,top"
0x07bdf522039a5addeeba857c4939a4d8eec03da4,"posities,top"
0x4c06e74375a6b361322f874f7626fc96f5615232,"posities,top"
0x5829e32e1fd0b09f5b4e5815a22066b7b8f67398,"posities,top"
0x7203ff11e83189b48074fb4fb2552ebb811d6470,"posities,top"
0x7194f4a5832c520fb446abce5b73100d035a0f33,"posities,top"
0xbd8cd675c0f551d4bb55bd7a90469bf2748615b0,"posities,top"
0x370d264f45ecfb684417d87bf196f5e7dc21ba12,"posities,top"
0x19c75c8d86f905b6931e52c348c33cc24ed0a520,"posities,top"
0xf22e97de417bcdac3c6208221adf40f25ec37c85,"posities,top"
0x231be5cf971b476aedd4b999cb1884d19fc96bf4,"posities,top"
0x161b428b5320137b595c0b32316f4c1c7b8210c2,"posities,top"
0x6e8da53933347fbe24e2e1456c00043e8ba197b8,"posities,top"
0x079ceef9203c8d2d14fc83f0f3dc0664a2b5cfab,"posities,top"
0x5b3d5668447823a0a76c5d89eed3c57c65af9e15,"posities,top"
0x43372c28d4149577f7d15cf93a140fe62f490079,"posities,top"
0xe38d5feecfa3545f902c99981654fb06c5475dc2,"posities,top"
0x37c6e87080badea212d656a58cef42f9dc381cdc,"posities,top"
0xfa2d904758ddf363b47049d1d8f933008414ee45,"posities,top"
0xfae60c40488328a04f005aff0de530108a4f0a33,"posities,top"
0xd36f6c76572e7a2e9b457ca7de541c2f4115c649,"markttrades,posities,top"
4qzvxrpawdh8w3597r7xfrener5sskdv5t8b7kukmve9,"posities,top"
b9jejpokhhdhht7jfg5ia32sblzmuxp5vthzhrvqq37d,"posities,top"
0x46232cbdb0512ca7b00b8271e285bf8447f1330b,"posities,top"
0x0d9f2fbb058c9b057ebb222869b84acb995992af,"posities,top"
9gb1skaseqb3hrfwniftcbthx4c1kgquuna9vmdva9vr,"markttrades,posities,top"
d5l54sgqhleghu87ugpirygbh6tksuvkur6iyeikktpe,"posities,top"
4fxbwaparcqu3md5egynu5zx6fxf63kmrx1e6ierxyx2,"posities,top"
hhbu1totcf1qhdx1jygcgb7wdrgqxuddsu6aker6ugkp,"markttrades,posities,top"
appvsckrtrcqrzn4djcucfqfv9aw3b2yvcjvcohaz5cg,"posities,top"
0x0e559ddaf6777445101174ee163f55f2f5b036d0,"posities,top"
0x91c58cca9c31a33a9cdcf30daae4b73738c46bd8,"posities,top"
0xea210883e39b9fbe728757aa9a0267b95ffc66ee,"posities,top"
0xb66c834650a59cd42ad6c280ac79579ec4923c9d,"posities,top"
0x6392ddd5c20c5d8c325d0f4c31694d728f585646,"posities,top"
0x2b3cfa82bfc986b221c5e77c0f2dd2c749479112,"posities,top"
0x34a0745736c3c57660d49c7504a58523849c6ed0,"markttrades,top"
0x7c9d649956ee465cfb09a6ccb317a1470469f3e3,"posities,top"
0x7f7c47b9a4160cb500f40aed289b67857701a9ac,"posities,top"
btrysa6mdg1fzrajgp3nxwvp5r23ocvyakxqp8hmcnam,"markttrades,posities,top"
hax2kcgmx9njoe5nkxgwh85bissbkyuvamhjblgqlmmh,"posities,top"
0xe94f6a9529a1a511a2c03d8a10d1e34d6ebc00d8,"posities,top"
8tu1vnyz5sbbs41wjfymmkwg5vmeuczhadfnqbqagivr,"posities,top"
0x010170f6c9860312d48fa4c76182396a8605b32a,"posities,top"
0xcf3eb44bbe5b6a2e776e6f384883800ff4b51c59,"posities,top"
2mlrzgd2ldr31xyteurawb37khj5jmenfvw3xqinifj2,"markttrades,posities,top"
dybm5yogmgy9yax61kh9kjwpv3qn6d2dvw6bg9vb4bk6,"posities,top"
0xe0979f3bf93824e22e1b9458c452970955bf401a,"markttrades,posities,top"
dfhdn6xdaxc8j2wsy3wguvwbjkfj1u6v91y7vq9cmzhd,"markttrades,posities,top"
0x7245abb1ef2d1ac33c9e1a694bf467b0685f6d9c,"markttrades,posities,top"
a3twoqmlyccki3buqzm4bpug19dh5v1vnkgrhqh6j7nn,"posities,top"
hnygxipz3gvx1bznyzchuq8zaaitgttcbvkfazm25sfj,"markttrades,posities,top"
hdhf8mcmpkeotyqxhbkcdtj2s39y8m2ens9pbzz8dgce,"markttrades,posities,top"
0x8e5cf9f96f2d5959c53d3d5ebf469ebdbda9f56a,"markttrades,posities,top"
0x260772c72f91a1b96c7f536065530abe66bfad07,"posities,top"
h356w7bbjfghktkz9jiyfvkxdxsztm7yceslcgtnnzvk,"posities,top"
0xa37690210ac9e7a15de9fc16081c6463c30f7f88,"posities,top"
0xe408408f8040ca69282cd7212e1d4daee52ee0b1,"posities,top"
0x24499bbe88f71a8081e60a82a37f9651c5d9c98a,"posities,top"
0xb972a7b20cd1eff268281972867df55e9b7ac2a1,"posities,top"
0x7ffef80169b9120d304d242fcc6395a0e129abd1,"posities,top"
0x09e3613008891c0fe21ffea5911471c5d9e45c2d,"posities,top"
0x050803c8c5cd93bfe516dbf36a5382b37f6cb141,"markttrades,posities,top"
7wr7z3jlpsirvfwndid3v22k4uvwgpb58qf8vavmnkpy,"posities,top"
0x94bee90739569e5e5c8e844555a30316dc92144d,"posities,top"
0x6b237bf38c479edc2d2af238b1a42e588cec32e4,"markttrades,posities,top"
0x99bcc6c4c209a44e04db904f66290afaa13bda8e,"posities,top"
0x676e762c5ae6f3dd89786c8523132d9287e5a313,"posities,top"
0xf33dc0ffbc5107962439f545d64679d877a8aaf1,"posities,top"
0x10495e22cac0dd830db0d214f7e6b4597d0999bd,"posities,top"
0x7b4d642c1d7f60b6063ac086bc5c00afcdc5f704,"posities,top"
0x5193406c17c9f8820d6ac57ceec1ead38cd19ef3,"markttrades,posities,top"
0x9a29a4f67b2c57c85fe48a28f6fcdd2d507c4800,"markttrades,posities,top"
0xed327668aa1fc269a6a437cffc7e2d6db90fcacd,"posities,top"
0x04e50edcd627cc7c28aded53309b09fe08744495,"markttrades,posities,top"
0x39e32a4de9527f85c0861a5789b76a9ffc86c691,"posities,top"
6mxjvylmcyjdeljevia2mrpknqmqzymsf53npwxgtgm2,"markttrades,posities,top"
9ndovhrbnyzw6231f4x3jgu7kqibd1cc8efcb3rzrb5x,"posities,top"
2tdsfseheuopa9heaxzoaf9esc2rmve86uzpsgho5thv,"posities,top"
cqtqpaauq5ur5qkgxzh1is3piysrjn1v6pr5ep8v7lef,"markttrades,posities,top"
0xbf3b93bc638e69513f63f8f9482bbca4ce470f6f,"markttrades,posities,top"
by9w3nuaj3ct7nmyvpnw6bce2rexzlja4bbnrsgvmfvr,"markttrades,posities,top"
0x82ad5402d84043daa95bf31b1846412d3fd3ddf1,"posities,top"
0xc80336db24c62ae0c71862df04d02ec67cffe78f,"posities,top"
6bi5v2hrftbllbbaf72bx7hdshynogiz7xxxzyu9td8p,"posities,top"
0x8e736ca0519184a4c22b37309293a515f98a2eb7,"posities,top"
7xzgmoglgptvidz9qa7rawbzh8dglhapt68poqvj3csk,"posities,top"
0x8ef7ba2568d46d7cde4dcd3de07c3a8f18d06777,"posities,top"
4byy37a1gcajxcxluqwmnzpwvcohx8psncdiyut6xxyw,"posities,top"
bfrvcesg84pvrnfch2yrymuhaqhgf3nl7afhfwcbzy53,"posities,top"
0xe7ec73036649f999966b0c7b78959fffb593bdd9,"markttrades,posities,top"
0x556007b857820b7990476bc067abe36e4be83dd4,"posities,top"
38gskzrr7oirehaptzdcsacjynt2cq7dhmclypf8gb4e,"posities,top"
0x22f39ee617d8817ff872627f0a1624a88fb8e895,"posities,top"
0x3bc8b7f1a5e002ca8e5fbea5df05a296b6d4e5c3,"markttrades,posities,top"
0xc391a97477fedcd765aac03c965b8760ce3ea108,"posities,top"
0xaef78faa41ab9840d6243071770bdd263ce1c8a5,"posities,top"
0xad9d897a8e152a39fc6543f0ef9ee762a88d98fa,"posities,top"
0xec392d2a3ba5754bc17c367ea15c6f039fb28974,"posities,top"
0x52b605835962bb40ae99c4c9213e860cdef6541e,"posities,top"
0x987847e1218a8ba78e265db79acdb322b4f37ed8,"posities,top"
5xtzpfykr8azcfgx4yisemwehrjdjwg7z6uaive3b7y3,"markttrades,posities,top"
0xd6cb7a7b544e24e5160a948a16c45b1096276f9d,"posities,top"
0xd442b974bde00e7b4c507a60d4f47dcdfbac7048,"posities,top"
eijidr9zwarb4rjhgk2mcoqxibnfh7kcrlwj9wnkpj2j,"posities,top"
0x667baf698139d9085f3b169f8645550c17e06e6f,"posities,top"
jcqn4q71vumxkrtg5cwd25eh5ndvfjolybejxharso1l,"posities,top"
0x5453c3d9fb8e401e74a910996f40cf7e66f15e73,"markttrades,posities,top"
0x82da5b4f6e78d9214fdea0daccb08b564affffec,"posities,top"
fzkt5dzh7djhyeynzpmbfrxk2daj7uresngwqm4eivnt,"markttrades,posities,top"
bvgzocumgtos1krswwloabt2a35erqphzav3xyejzrru,"markttrades,posities,top"
b9t1abuysd29g6dniyj6e5gjgiccxsisfbvvw9spbkn,"posities,top"
0x77ee608c25b56875356f4f8340beedc8dd41d282,"posities,top"
0xe6ab821cfd98a7792c966c373bf0c847be9034c5,"posities,top"
0xc2f033d72c2b960feb5b231e0c13834bad63d7e4,"posities,top"
4drt6uqddxokzcobfnaapwqksbh64vf4xcckxjf9ytb5,"markttrades,posities,top"
ec3ttzgayt25d6jt3yy8re1sbxmm3gob9e5xrr2xi6pb,"posities,top"
689ieemf3b8nl1d2btfcpiqqdc9imwrbhjb3h5jcc2u6,"posities,top"
9f9jarrggjojgmtkgfjc3vjhefowxa5rafwpyvpkkqw5,"markttrades,posities,top"
tqfwuedrbr6bm2etq2wfiqewn7nqmacyuzbf4jdnckz,"markttrades,posities,top"
0x151dcef15100c6399cc570b7e58b86c3a8f1b75d,"posities,top"
5jsnwn9hvlxyhvst6h67wvnfjl5yyaxrpbyxmkg3wxrq,"markttrades,posities,top"
0x75da5c6a813c7b19b18ec1de15713fdf04d45714,"markttrades,posities,top"
2woc2fr6dhswugaxy15kq1mxx76prgjz5uefbtvldg5w,"posities,top"
ekcsmbftx2tokfipefupqt1wnppqxy8mbnymbnzegtk6,"posities,top"
0x27c2605ef8c9c5bf7f392c170232e4a32a499ad9,"markttrades,posities,top"
5p6wkmckgvflpddi6nbpdjvums1u3cjjpbpattcq18f8,"markttrades,posities,top"
0xb90412301471f94f7fb0c0fd5b774a1e2a3afc56,"posities,top"
8ry1bvy7vmtsxcjvdr1xxim5mwl5xszuvmvnyh6ntext,"markttrades,posities,top"
0x5185148b99953ccea000c2a552ea7111324d8b47,"posities,top"
0xaa973bf4a6f718a251ea299bd1778bdc22ebb233,"posities,top"
0xb5e010a6c03852a0929f0820fca042f56f4d4745,"markttrades,posities,top"
0xec7f334c05ec00e536fc36ec2a49a82251089005,"posities,top"
hwj8uewejdsndsuudaatbmyj7kw7fwh3r5zcz3szrqmj,"posities,top"
0x8d722e43dbc796a45e73d9c072f6ced67874922c,"posities,top"
0xf46fdd61f8d1b1b3bd34efad87e2782fd1c1c892,"posities,top"
0xb51e48689850baaa3a225973cf14d48bac01eb21,"markttrades,posities,top"
33sd9xp5xfhuu9cxxju5ssfaglcqf3hgsgdjfmjztywt,"posities,top"
0xde7c1055f17f1c86e704d66fa85b53a6cbb585ef,"markttrades,posities,top"
6wecedwsx8bdjft6jqsfahbvtzdp2n57a68suzaco91g,"posities,top"
gda1pzsfsqt2oankvwtttetvsbawcpw5tajitxgnvph2,"posities,top"
bymevflgfncp4xwa7pep9rfnrbbbaqbixvemuuivwm6,"posities,top"
0x9e068b01205608fcf99251f316c684bdd020c9d7,"posities,top"
azm482fbnopf5alwfq92yn5qstekw2zsk9yxpbscgdtd,"markttrades,posities,top"
0xacdbe4aa1cb959670edc0b5a51ff79df812b6c05,"markttrades,posities,top"
0x5a5862149c5ec324b5cb1c5a258e17d2483d1955,"posities,top"
0x69f4fc7d954aafb189a6a6caa22d8f15880382d9,"posities,top"
0x8c9d1062c21caba088ce1d406c28324c44e14894,"posities,top"
0x7fd7b1da21e50bbf5df9f4433e9cdc57f9414b00,"posities,top"
0x1aa8ded75b883303c470458c04893000308b2c5c,"posities,top"
0x6bc37219f142c56edf41897c4f9ac660aa30aa72,"posities,top"
0xf9600bfecff2887866a49861aa2b167d3d93014b,"posities,top"
0xb6a5ae3bb285e5a4f0ded9e5677e352375a1ca01,"posities,top"
0x1e3921f56f81457b8d8a72c5fa66d5b89485dd13,"posities,top"
0x855982849b6df7b46dffa2b7297ca623e3ebb7d4,"posities,top"
0x21545c16fde9b773abae2bbc6b9b2e96daaf8eed,"posities,top"
0xd398c9f7cd390d7035c285168a09ceef9eeaad0f,"posities,top"
4zvfcgdvlhvhtxlmi9vysrjh5qicush3d3nb3jfbkvkm,"markttrades,posities,top"
0x4004e193e36dca73c115ba4ebd3c4a6d80b0df39,"markttrades,posities,top"
0x9cd25036e52f831115c77dcf0e6db69fca56bb04,"posities,top"
0x228cf71670581c3a0e1ee2f334e40f0673e4d47a,"markttrades,posities,top"
0x35a0012fbff749ec357c2ae84f88ab1611dae164,"posities,top"
ccjyjj19yrrwk8cggcbr9pru3o2t9ujtl51nbvjxgre3,"markttrades,posities,top"
0x24bc9a5593439fa03beebd79366d677d54e4006c,"posities,top"
0xc2cb4ea0bdcd0f7c43cbd066ff009593b5a4d981,"markttrades,posities,top"
0x1b099caaddb499255ac03b1184d495d0cc5808bc,"markttrades,posities,top"
zvm3i1wtr31wod1akjcpks3bfqjgd7xudyacgpkayuz,"markttrades,posities,top"
3sfwwfepjyv47s3plbvstnwzbbkcpyt8keakpzfhryyu,"posities,top"
0x32b6062e538bbc3bef483b13581da47c9db963c8,"markttrades,posities,top"
0x9ac18ba8383d006c58b94a509ddf6a93f9d173cd,"posities,top"
0xea13328b9bba3f7bdaff848c4171e4715342c9e1,"posities,top"
8hzlhj7kuhqcsk3dzsdhqtdmbrzxdpqhss9iq1twrsaj,"posities,top"
0x31efc1335fc8635ed85242e4cb45da702a0391ea,"posities,top"
hmozcd4biwna53964x5vsncpguuzfbas9edugeot37eq,"markttrades,posities,top"
eanyrzjghcdtclac5rbvgzytjibnfb6fv7oo2w5njsun,"posities,top"
bhrawdjs94amtxu5jrxpppyjmlkrkbgfwvjbvhgsqezh,"markttrades,posities,top"
0xce3936ebe01bce6df5e7f0b745b5b2fdbf772c74,"posities,top"
0xff94a76e8e80325ed57b646ca1d2acfd461c11f0,"posities,top"
0x9f30a967dca3f6322d5c74101239168ba2bafe87,"posities,top"
0x7a34c7aaef4382fbf0f674580566fd1740d83c85,"posities,top"
0x51a78f32f953bfec86e27b9c85786d085dbfbe3c,"posities,top"
0x118138ae6b70020492720b9cf84f5c3aa981df45,"posities,top"
0x2bf841445d9b4cd7627ede660dcf2fe2019352d8,"posities,top"
0x6493dbd1f0d1b658ab10f6b1d7f550b312a210b0,"posities,top"
0x95b0bbdad0eabda3adcb7f81ba03a12cf8582017,"posities,top"
da3gzdmwbjnvq7wffo5hz4qn1cxuvxuikebivmjeho8b,"posities,top"
0x090cc4a6d70ddabc3b1ea0a81674fe33cd229692,"posities,top"
0x5aa370639dfcdda514cd6f59e7dcfeb0f6223b90,"posities,top"
77768xaexkh1fkow8tx23976c3yolm42z3ikfeahc1hx,"posities,top"
cqhdclzky48aw6jpycjy1k57ks2fjuhvm2x9cfdcgvxh,"markttrades,posities,top"
0x18c902e2281f9b40adb457c9a5b68716e1769f3d,"posities,top"
7vnvt5vmmdqxuaqg9imztsde6vkkm3c6muv9oxkainpc,"posities,top"
0x1112b8f85268f06e44dd60587445796ec26d6b92,"posities,top"
0xe5b680a48824de6a43fefce6a0e06d1a9d141ceb,"markttrades,posities,top"
0xe929cd81aef62b87b4d5814a243ecf9895ad868f,"posities,top"
0xaa1221899bcf369da1d797b51999b211b5f0663c,"posities,top"
0x5f3094153a05f7bcb3c04d721102dac57a347cfc,"posities,top"
0xd20203504b7c0aef5adc7efb31f1e0a9fb066ec6,"posities,top"
0xadde96ff0fb9860260cb22f1cde3b1bf44c8f48a,"posities,top"
0x382f6a2ff8648b9afd6c406b292434f43563f452,"markttrades,posities,top"
bbtwmhl2nn5dvehfsif1npj3vdswto1gefc3v2z2gygr,"posities,top"
0xba62acf915c1697d000de2f70494ab65cfbcf710,"posities,top"
0x1b4ba42561bb6f7143b542a7522057687e5dce6f,"posities,top"
gb2j2eophujbugb9jddziqbg265mzobxikj82ev1jxzp,"markttrades,posities,top"
0xa2178c989c865bc418a001a13300d9a3f1aed940,"markttrades,posities,top"
0x61e136a9520a16f24d61dd64c92123caef14b63f,"posities,top"
0x53d2207bd9bf321b8acb6b3bc20709871aad64bb,"posities,top"
0xae5caaa9cc26bb11ff616fe0e234f4048cd8a061,"posities,top"
0xf0ba181e282648f88045cf99ed485a87ce90f17c,"posities,top"
0x107f4e6bd3a03fd97c59acb109b19d9da480a972,"posities,top"
25pffnoqawkpkvx4cgh2ke6t4lfhvse7b9ma726amxkh,"markttrades,top"
0x51de8b24957ef477a953325419f4158c419fb54d,"posities,top"
0xc31bd8a6cfcaacec6f26f7120ddd81f680047195,"posities,top"
angxvhsybe373pjm86pi3bmcngx38jyxywrsubv8iks8,"posities,top"
0xb77ff492043dfa3332ba90d3f87a00fbd41fee7e,"posities,top"
0x85da8d39752c87ffd0f8f6baa186009d6c0379de,"markttrades,posities,top"
9upa5caashy5hhpbzxsdxpxpjsrsy8xnd8bdjsw7jrbg,"posities,top"
0x066a1f62b4063595a98959933b7b0fd3b808a00e,"markttrades,posities,top"
0x0cedb563298f7d270b5f26d6494451e1fe01959c,"markttrades,posities,top"
0xdab0995bd7875bde61ca7c6b61d15b07b6d1747e,"markttrades,posities,top"
0x1a9bd1a659cfca8d2e48f02db00678c7fdb9b400,"posities,top"
0xf7c8a4a99ba34b4744d08999dd017b5faa4d3378,"posities,top"
gas2od1j94iptfcxemcmqjhmflceufuhtymovpvcanak,"markttrades,posities,top"
h6oxlup7wq4mnvyyuv8rgtfgxazpssbejneyj5vcndcz,"posities,top"
0xc52a10f0179076a194634869a2df7dfc1e5e7590,"posities,top"
7khncf1kpz1oajqrbtbmu5ylgys4eujry5vf1plvdwjq,"markttrades,posities,top"
0x76edfcd8fc5aa7766ca85f6de49190f1325a3bc3,"markttrades,posities,top"
g9hkqgjjmjcdug6setwjm4fgegd1mrpwyucukn95cspx,"markttrades,posities,top"
0x9249d1b4a1cee10a5bfa9fad62553a3d3a8a9d4d,"posities,top"
76zrsoe9cpugzqt3vmy7g3ry9zf1sa1rt93hg1yniuao,"posities,top"
0xbf8349b37056f8810b8688db3466b125d306cc95,"posities,top"
0xca0ce4c5e6bf0d0e636a4b234741ea394a2a6a93,"markttrades,posities,top"
0xa3881c0893e1107a4ba066ebc109d09f35217d46,"posities,top"
0xbca66abf6ad9bb5263b3cc92f3b5ef4fa7a0fb14,"markttrades,posities,top"
0xb50e9db60e883f5fd91d68d7f804a57f4bc5fbf6,"posities,top"
0x1b8666b5463bb640196bb473114fca40b43dbca7,"markttrades,posities,top"
0x2f77691478ed6bf9028511311542ad145af1c2b8,"markttrades,posities,top"
0x0cb8c001625a5d9450f6ca219fed20d4f7e91dec,"markttrades,top"
0x9cce2842a5f2f5ec10b277d6509587bdcb770039,"markttrades,posities,top"
0x7a1662e97d69da54945e95623721c676c9aff191,"posities,top"
0x7df7e38f6f1e1620312df1265040cac31f557d4e,"markttrades,posities,top"
0x8c883b6213cff591b4952faaba989dab0e901a09,"markttrades,posities,top"
0xa814d372dc5b3f2ffb400036d67c581bc3040584,"posities,top"
0x5462e76e74cd54345467d8dd3a242fc0e836706c,"posities,top"
3nw8zmyrc1wh3eutbupbfuw7vfrca8crkhplj2gt3hgz,"markttrades,posities,top"
0x0db5814f540e17ea139984c0f165e1670199a793,"posities,top"
0x763805b2751000353276e578d9e00b3f28e17008,"posities,top"
3qbncljkaucyggw2gmx9zehikmxqwwms3hf3fyb3n6sa,"markttrades,top"
0x88e49f0c4132ef18721b2c6684f4dd46afb08364,"markttrades,posities,top"
0x96e4ba2af82b7ef5cb199e9a6d981754683b7aa4,"posities,top"
0xf218033a69299c8ee3cdd4fad03cdf6091d7d74d,"posities,top"
0x176770915736f980a869b950aa20f56b8f81434f,"posities,top"
0x55eac7938a3fce797a9cf47d3fa05459918691b6,"posities,top"
0x85014e09033118ba3c4383dfabe4b3f6b8ad9781,"markttrades,posities,top"
0x02347a4a51d6c75f4fe19dee3f6fe9b56d4dad18,"posities,top"
0xe40311b8b53019d581996bcf2ac0fd2bf8c0719a,"posities,top"
0xee823708b7d689cd4d140d41439369125a812ce7,"posities,top"
ff2fdugpgjgmvuy5ggssokbjlvhjpfwfqpyphujnknee,"markttrades,posities,top"
4xffx1nkmjhubo5mrgaprut8j24wmkhpaxabtxmv6zhf,"markttrades,posities,top"
0x8dcab004fb5c8dd1fdf683aa64f8bd28c4899745,"posities,top"
8pnvrm65aqkp5si7yb5td8sk3jsimxlnon1zhduawzsn,"posities,top"
0xe953deed2bf83ab4028008a6ad7700fb30a26821,"posities,top"
0xc4ccbac20a9500ce6c9e40f6d83f2909e4cff44d,"posities,top"
0xebda16cfac2103df622067443410089df0bf7813,"markttrades,posities,top"
4lhl9bmadaavui2je9nfpwudauu2omkisqdpwp9pjbjb,"markttrades,posities,top"
0x745db3ccb3a01f908125d407d4c7a7378bcc79a8,"markttrades,posities,top"
0x3799bfda876bc4f16c665581359810813ce1b792,"posities,top"
0x3e3c1f392e34605ab2ea1c4e4ee1fac19a0ff802,"posities,top"
0x948da2ba7c760d24f69355b9a13d4919d4067b6d,"posities,top"
0xdb409639988338b2592f2321003e61a6d6536333,"markttrades,posities,top"
0xf34fb585a16f30cde6781ea8c267ca60041b85b9,"posities,top"
0x7f197f6d668ff8e4f6b7c30ca1f09330f1c97e05,"markttrades,posities,top"
0x66dfebeb64bfb7125813894ed4a1c1cdb8c8c59b,"posities,top"
0x5757172a32dc852a516419ec0a927741d178b315,"posities,top"
0x87a38a49d2fc0676749132eac73a6b60863d8f17,"markttrades,posities,top"
0x2c9d5237b7678ec97913005f1d18a1bcb2498019,"markttrades,posities,top"
fqeuafqwz9twtumdngkqxb3gyda8rgtgbnqohzdkt2jp,"markttrades,posities,top"
gsvxekwqaumt198jpavssnjfgb8u1trgcnonfrtqyg82,"markttrades,posities,top"
0xb70503db7f67c6b6640260a1e3236d610e2eaf2c,"posities,top"
0xe5335c3cd7c83079fad920f32d209f676022217f,"posities,top"
bvg6ic4zvbjk5qitukthggmmjd6jgfqzfbquedu8pmk4,"markttrades,top"
0x9ccf9a07eed1ab4a6270c5519d7dc6858ad5e770,"posities,top"
0x5b6ed320561a3a7158bdbd72f312c67ad5bff43e,"markttrades,posities,top"
239nkm5c3rtajh5nqgme3xlzran6jccr4z8dflmtbegr,"markttrades,posities,top"
0x8a7a6cbbac161b274a16cd025cf9d8e5ae34a22b,"posities,top"
0x7e2f2e0bce157136826cf54d8d6f6524d9d48bd6,"markttrades,posities,top"
0x41a048f402ecd1ff80e5a2a1ee8cb88d694cbce0,"posities,top"
0xfe724f2f3b2ba521473fb358e3fecfd1cf49e3aa,"markttrades,posities,top"
0x7dad015654cc09f430a5b1311280e6e4e3a9f537,"posities,top"
chtwjesjeo5dorrvvdvgwauwhawi3nv5krdqshchvmx,"markttrades,posities,top"
0xc083f9b724c91f92e33f178d2745c6953606627e,"markttrades,posities,top"
0xdffa11a88f51b1740ed66ec92340485fc27af68d,"posities,top"
0x3ef4fbe175a2a9f7fd8567fb3a4f186876e27673,"posities,top"
j55phbijpx8mxdnwbd7cma6u4bsksu6cggcsygxj7y6i,"markttrades,posities,top"
0x08e63e3f2ba9add5dd3425ec42961bff3e9fd49d,"posities,top"
0x5508506a98afc6337efef257f11ee805ef112ec7,"markttrades,posities,top"
0x667ccf9d348880a641b16cc9e0adbbed6653e4ff,"posities,top"
0x36cc9ac264fbe755d786c4f31f1631e263bc0656,"posities,top"
0x7b97a51494d4ebf1c5fa29b1c9b6371a4c5c8003,"posities,top"
0x0c876d44978c0921bbb6d973b8975fe2a2731f53,"markttrades,posities,top"
0xb096156610ef7b26c719948b7586899bd58c4413,"markttrades,posities,top"
0x6c5a05c01c670097a69a051ba36e6405b66304f6,"posities,top"
pump91p3g13cgvz94g9hph1vwvtxexnhebq3ng8sqdi,"markttrades,posities,top"
0xb583a51874e2ae0fbeba4f5fa624077f5e20b6a9,"markttrades,posities,top"
0xc370f55c56f8db07cc11afb58e6bfca1c1c0f803,"markttrades,posities,top"
eh4cq799ivvuqbkqxu88irr69phnwodfdyhcikq1smtd,"markttrades,top"
0x672d8428bd5e79d22008c4ec05482b7ba6780a58,"posities,top"
0x92ba8b22d9d818aba5c078fa37aec29063f8b865,"posities,top"
0x9659684a005f3d445cf8c2c6d4233a60e4719961,"markttrades,posities,top"
0xbcf881266511079b288251024a0062b56bc41966,"markttrades,posities,top"
0x98fd78c1afcb9b837dc0704ce46b40d04c172f72,"posities,top"
0x0e5fb95c84f02d044477261951a253dc36501e8f,"markttrades,posities,top"
0xee4cbda3a48f8bddf3788932b97e6ef7f786ab92,"posities,top"
0x0bbebfad345be85e65358ccedefbab9f081eeb23,"posities,top"
0x67b59e9965b394f41c05a812ebfa954f35541921,"posities,top"
0x1d45e46c1e46f8d38fad138d66d634d8523a5c6b,"posities,top"
0x7d34f333305ca396d39d532d8b78cd3ce04105e5,"posities,top"
0x06f3b27ad17f3cf8d0132f3e66a73d78f1c50890,"markttrades,posities,top"
0x57a5f5f23ce94af12ed46583f98bfa9355178ea0,"posities,top"
4axta2g1tvfdy1skdt5hwsrxvaoro7tnjpse9zdty3bl,"markttrades,posities,top"
0xb1bd851a65abafd1fe8540412d2f2dde0898761c,"posities,top"
0x3ade076b835a16458a4a52cf4eb4d9fb9c27e679,"posities,top"
7eah7uxzhy4j6xttjvp9zftmf5emiu6uvj1dj5d8ynun,"markttrades,posities,top"
4p5rczjifwrdfqnbffbnqjg1kunp9n51dj9ztftjch9x,"markttrades,posities,top"
0x758d6ec9ba6696a8eea9da5c06a407e835af3a41,"posities,top"
0xaf5163636b5b937ea2bfb9a1bc62c32334e27b17,"posities,top"
ex13mucfkygzgyrtigklfo41by54enp3qefnxzbhvx83,"markttrades,posities,top"
0x552016b649602c353cbb05488240e08000536010,"markttrades,posities,top"
0xa7dac12112ed8ad2f9c024c7b0219fa62f00730b,"posities,top"
0xda38b08cd123e27d794bf49892ed7b298650eb9e,"posities,top"
0x580ff2095f236f3ad049613c8edf7d6ed9ad595d,"posities,top"
0x66c3595abe755e4935de8811390f24ed5b71ba7b,"posities,top"
0x668aa8f6f458e8d0d8817552750d5d1548c6411e,"posities,top"
0x8c54ff602bbcb676d4809c5de52128e00b38db9f,"markttrades,posities,top"
4yrli2a8wywls1sg2fhck9lhzp779g7fjvex4ewyy127,"markttrades,posities,top"
8eu35iokccvmsn8jmhxfwawy5pzx22ispxxlebbgerat,"posities,top"
fsyoieuskzqymy6adxjevetevmgeewtc9i2wyg3wbmpr,"markttrades,top"
81jli1pw7ueevpakimsbjx5r2tv1e8zc4prk9ab8ocvi,"markttrades,posities,top"
0x320a3327dd88a90e08074c83bf68774818b0e0a1,"posities,top"
htjcppclig68g1f1z6hhsj5zsgmpxymitqbdpry3mncw,"markttrades,posities,top"
0xd2b44896c485b30e545b50ccdebb4aa96f8ceb9f,"posities,top"
0x701c1093149c17b01b9a92f0dc09d7c398a3a1ef,"markttrades,posities,top"
0xd588a95e06990dedede89d82cea4c148050ec58a,"posities,top"
0x226d9a034296b819009c265edcf56caf42e9145d,"posities,top"
0x1f4f8b7f962c6ed5899ed13952e10d1fd000f4e9,"posities,top"
0x48fcc971d4fb7b34f7b7bf313dfc0c0f2b086d7b,"posities,top"
0x7ee249cbacf885a412de465af4bba518067e1b5c,"markttrades,posities,top"
0x14079b05180f7da86027f2bf9a28a48dce6b30ef,"posities,top"
0xd28656e50a59d85604e2460594d618370e6f5d28,"posities,top"
0x73496bdafadc83acd51c3a7d21b0efc0cad7f279,"markttrades,posities,top"
0x3f72a2ae7fdd213d79a0a1d1e50148ccb9247292,"posities,top"
0x5bd963e29d5a90e09e896f72c4ff303e5eba387f,"posities,top"
0xa378293c6a118142f908b02da1b309e6eaf811b9,"posities,top"
0xe992023e42e497cca6910746997e9cb6e341b08e,"markttrades,posities,top"
0x766bd8bf719990e79629dd3a7f6dfc16cc4e82c1,"posities,top"
2gj1bvjsqdvowphezgfhjfuh4m9xsv7jbttsabuavzbw,"posities,top"
0x06b768a7f790b03fded8a0534eeed8a802b091d1,"markttrades,top"
0xb77f3795ddaf26a3902023464167336dfe6c7328,"posities,top"
0x9cf919cdbbfc9c8b7ff1e9b56ca2fbc970a35b41,"markttrades,top"
0x04cbc346ce1776e9c6d5410da7fbd063944e2232,"posities,top"
agytse1wp57kshk7zakfcxvvgveubtsvsafft3urcdhg,"markttrades,posities,top"
co9psnqho86e1bv7qwa98sntsma9eayxpe6cbyknp9sq,"posities,top"
camvedqqmcuwh4jxkjlrgwmlugyny3njw378uazrnbpc,"markttrades,posities,top"
zbom1ydxhhfkh3bpcj89h9smauwhfwvnqkoitejgmga,"markttrades,posities,top"
0xea3d3622c89eb1a86c68f14e99b231358ec75cc3,"markttrades,posities,top"
0x3d6533d38a9336c7a76ab6fffe6be7f3c5aab444,"markttrades,posities,top"
envfehrbgfjnqpubczwr8auj31axank7wzrypaf5wgdf,"markttrades,posities,top"
0xa2d13d6120a255cb6f17372f9211ea1e5ecc861a,"posities,top"
cpc7cbsgpfbvkss9h7gx5rqlfqfkxibbkfbu1rfqegfw,"markttrades,posities,top"
0xd6781f9785914ca2787661aef227c754f2e30bca,"posities,top"
0x969726733b8ee6722da6bdd2f840e48457b27181,"posities,top"
0xa7c336a109735a64263926981997e9df61f50810,"posities,top"
0x6366dfe8f3078cd36acea8bbf836937c1c3e2d14,"posities,top"
0x1cdd86163a33ef00c93f6684d98e0d7373a474a1,"markttrades,top"
0x0337ea71602b848967adcf58ff0e499e961b9ce0,"posities,top"
0x75010044fc6082a92dd8d2310634de70f28077ff,"markttrades,top"
0x959939738e13326637f61fe9ff05d026972fed05,"posities,top"
3tvnmuwbkszdtng4n3y5835yw87jjbfbqd8dctewqbnz,"markttrades,posities,top"
0x3a3f41f6007335f9010cda8d62bf576e5bd2359f,"markttrades,posities,top"
5dmadfvbhugs4f6mo9yifk9npkkwws6fzrn7vqh5pt2o,"markttrades,posities,top"
72zjogw1ghf6ep4yo8s5yjhpbtcz5deucf1b4jqapbpv,"markttrades,posities,top"
0x3fcae727b58bb22ca51cc57c9a1ab31e4fc59ba3,"posities,top"
0x1403f858486d3515d05addc29dae68717558b9b9,"markttrades,posities,top"
hctamutv3lrfxgedq2ms6g8w28fzkmsp8nnprztcnsj8,"markttrades,posities,top"
b5ek9onnmwqv3fugvysknuhffgftwffdksyqisfvxxxx,"posities,top"
0x9d7acf34de5e67158e34f5e1ac626cce1270a8f8,"markttrades,posities,top"
0x645d9da76bf45d8819e8330bf98080d38fd9e76e,"posities,top"
0x7e301e34ee1a0524225a91bd445344d11a1b4869,"markttrades,posities,top"
0x788617a611240b5eb1d43a6be92a722403648d48,"markttrades,posities,top"
gqr1sipjkmgxuxcgtky7pjbpwrcxbernvdnrauymm1um,"posities,top"
0x071be15a69b1d6bd92e8c39228d8dc1caccf08af,"posities,top"
0x8eb9eff9aba0acad9a53a4ba9af6b044a3ea3a25,"posities,top"
0x745e0d1c57de21ebd5025b1203b2ace7cccdf680,"posities,top"
eywtffs5kpxqry6nhjsx54cnseqsqqigpec5w1jmamfx,"markttrades,posities,top"
4kznc2qwertjg7zvzjc9k11y3y9q3fx5hqkso8owvlyh,"markttrades,posities,top"
3w9tpmq82wlwcdvgdcpcnsev3nn5yvyapknvrxed6gis,"markttrades,top"
1ynnf8rdmif3d7y4mjz51yvoc1dgzfexu5pjtmpxumj,"markttrades,posities,top"
2ewah6f2xa9mcq3okemzdvnpcasqd5xt6uqrhz1e7y2o,"markttrades,posities,top"
7mq3rzy1jkdmdzvyngj3mmnpkbq7kt2pef8w4wnwadp5,"markttrades,posities,top"
3urlf99bubkjurqcv1oeivgggvhkxpz6xqvlcwi9v26x,"markttrades,posities,top"
exfcwt2snfvaha7hfhfbhe8shyecmcvacy6nr4jqrbef,"markttrades,posities,top"
8o8eemxxljcy8sbxta7knf4anefaypc6rcyloam868o8,"posities,top"
cbmtfvgznkmbsranhtdmq14wcylsakbdunxkmjsqzhmb,"posities,top"
0x1e916be584d6e95bb7e25c211b75b39275f0a3c6,"markttrades,posities,top"
0xded5c2a75a02a023c9eaeb2896644153d5e88512,"markttrades,posities,top"
5gqd1i9j1etnt2s3pnpdzfsmtx41h6fmlajxw3djhvz2,"markttrades,posities,top"
2u49cqweecg8dj1j9qhpy5wumcunsswkkcxgt1d7w1ko,"markttrades,posities,top"
hbscrzpvubmzvewv1egtuhcskggrqgetwvp6qn4ekhmh,"markttrades,posities,top"
0x54a37efd5cef8b12884d9b500b6cd3cb342c170a,"markttrades,posities,top"
0xa45a6621772e8833866ae69e21efc9fb550f2d8b,"posities,top"
ginszzecgwxnqv13blqhqrl1kulscdgvw29ef9msfqzh,"markttrades,posities,top"
0xadad979d10cb10dc8556699a4873601ae95a1b56,"posities,top"
0xa248cfb6b64a91ae36611c19125f01cf43279908,"posities,top"
0xef9ab6b42b9341a16576a38401935055a8e2cb73,"posities,top"
dxt1vgtzxctevp272fsuyy5b8ohshj2asksmsewgrfy8,"markttrades,posities,top"
0xd4f53828ebc52da41eacdcf4fccc214c865b233a,"posities,top"
0x1c624a3dba247f3fa34ceb8f2b0d7f582613b8d8,"markttrades,top"
0x75acbf4abf868f1bf191eb65b5b676f00a0d52da,"markttrades,posities,top"
4ic666sbmto3d48hehngsd2kdwfsradmcruadycou9zc,"markttrades,top"
9edjvvdiw4e4uh5j41qu4t1m3ngdfzlladcfxkezljc6,"markttrades,posities,top"
0x087b29e64876656f88a347fb92942f05c4ccfc34,"posities,top"
0x8b8cfa4f92470b6090ec784cae4c79e2f10c3961,"posities,top"
bsfpvmyeemtrcospih4fufgjsrrjgb2hsptgwma62dej,"markttrades,posities,top"
0x15202f35a5ffbf1edff34ae708b07f5211914f42,"markttrades,posities,top"
0xffe9148851b34897376b44fa606d1041a38c1aa6,"markttrades,posities,top"
hoomurdctkzf3n6hhnmyrm2kjjhnbz5vwrrqbkpaq83,"posities,top"
tadbcydbx4deb4ttcm6szulybsp1n5rq3ym4irfb33x,"markttrades,top"
zetas5nerusuefiksmdsujxsacszdcosgadmj4cesb7,"markttrades,posities,top"
5eaiu8sfrffvdrjc9qry64ngozgj4rfj7h9pwnuuvj4r,"posities,top"
0x5e3a7babaf47ed58912100ed35a7434b52188434,"markttrades,posities,top"
0xeac482e154ed0c607fa736eae6ec3cf1fa87f11e,"posities,top"
cfrwx85hvqpazdkweskkfeuxrd4zgt5dkxdea5tg3uin,"markttrades,posities,top"
0x615ff929f833d0ded0287fb4ef19dc83ef5bfad5,"markttrades,posities,top"
hbpe6iukykgo2tgfaggkbz9os7utwewzvc81jzj8g4id,"markttrades,posities,top"
7lemhq5gaeafzj4cqaday6vfh9fxdxbsmpmdgq1d79l2,"posities,top"
0x6d3ca8eebc91c5ecdad9634f8f5ad091df52d8fa,"posities,top"
0x206dfb4b1e27b1c8e9416cdc59f3d1436d4af4e9,"posities,top"
0x35fc5d71b662e35f95565e603b34fdccf0c79b1a,"posities,top"
0x9b9f5d80aeaeac15b962d82d70bd359dc597acba,"posities,top"
0xf224ada45e2db91fabdb7b9a1e78eaf7d5132889,"markttrades,posities,top"
0xee9199d424cce53fae9366195567c0c0f42b6b1b,"markttrades,posities,top"
0xd0ac50d9f7516be16e2449539394a3967bea03c7,"markttrades,posities,top"
0xb89ab31fbffa707623453b8a2a1a6ec4900bf0ad,"markttrades,posities,top"
0xf2e07f4666207404cda4e811ec7961cffe138e07,"posities,top"
5jeyhxjo4shp7kswcqd7nqvbjyzcg8hcrlfsaw6tg9ga,"posities,top"
7su24fpsj2tiho5s9i9br39rwv2rejrafw8mjy4jruny,"markttrades,posities,top"
ay5hbqaz1tmj85ypy3iczc8taasuw3vbtvw42mnshxoz,"markttrades,posities,top"
23k8tfgnvwgy7zwjnmtc1g2vlkzu2gr452pwm9zc51ex,"markttrades,posities,top"
cslepvhfr23yapkmmf7byw1sg6aj4j8gjejqdkbuha7v,"markttrades,posities,top"
ccq1tjchkqqifhsj6ysujeudh4gfv2avw1hrhk2xk3of,"markttrades,posities,top"
0x020bc9f41305596060b78e054de9180581a83e9c,"markttrades,posities,top"
0xc15263578ce7fd6290f56ab78a23d3b6c653b28c,"markttrades,posities,top"
0x5445a042e3b9456880f4bc5a7b9186c5e73486e6,"markttrades,posities,top"
0xb52da4af5f66fc58d49b2be2e75b338cd405e696,"posities,top"
0x05a575d014995ef1a47d51eac9e3675e75382e3e,"posities,top"
1cv1zqhrrrcdjmnsxhbrb2tc919vjalwipnqfy5pohj,"markttrades,posities,top"
0x83dcb11573f6fc0f72041cca6af79bb64a75abf0,"posities,top"
97pnsee6tdncpysxm4gsyxhhhyarqm8jbu8e9amcjb7u,"markttrades,posities,top"
ltmozjgnctjgzhreh3ffwj1uzd5jeajdjtojip7u1wp,"markttrades,posities,top"
eym4eyx8nbcunvuxqvbkgrkncoy5axwwftbwf2tdvvzs,"posities,top"
0x1cbcc6fb894d1d50f3ba98e74e6a8fbe578fdc83,"posities,top"
0x55b2f6a4f0643ef0031a04ddfc4f6074944ee523,"posities,top"
bvzvzkp7snwgq5zb1z59nqsbkvhfjexxwmxj98xc754n,"markttrades,top"
0x05d07e1d2112bdc7f569613e3a9f24fde2768551,"markttrades,posities,top"
3he12xgfpdaeqq1slgnpexfrrmzhksbxmj476xyp7kjw,"markttrades,posities,top"
eijuwcxjyvla7tjpzxkfynkebjvi3gt2m4juqaa1rlm4,"markttrades,posities,top"
4cdnhxpcyqsgedqvmy86k7ylyur93axzluj8l9udpqhg,"posities,top"
0xeb68ca5c712c8e812343f0d3b765a0e27e957f0f,"markttrades,posities,top"
ctkuqbz5zpxy4ys17jth2urzqzc8mg85kctbufgonsxq,"markttrades,posities,top"
fwiuz1uusnnb594xdtqvpc7hesdgidbb64kqccr5rem6,"posities,top"
fxgpwyeblfmtk7jeyptdbhmacjpsf7tnsujcriwlpbvg,"markttrades,posities,top"
0xcba5d414472487ca358b0299a1e206569cdd4aac,"markttrades,posities,top"
7tcduu7gdb8y7bfmay4ew5qrysk79anepwtauzcyb8bq,"markttrades,posities,top"
4ty75j7de4ggvlnneht1dg2zhtlmssb6bwmyj3do39n3,"markttrades,posities,top"
cniosuu2dlrerapemyk8v9ssaxsuif8es1ahxljmsn2v,"posities,top"
dfepcsmk15efifzmh9wqi8avcmcz49vrkqij5umyc1a1,"markttrades,posities,top"
0xffada2e175ca09bcd9a16a009b86e3f4a3c7f5f6,"markttrades,posities,top"
0x41413cc4e5d18425cf534ac48a28c63e3f1cc3ad,"posities,top"
0x6b5d97bb91779c1fff3aac49c35767b62ab9b032,"markttrades,posities,top"
9eyzpghq9l9n7pfizzez6whdaut27haxijrgw67hxspx,"markttrades,posities,top"
5qcyv6xumzq9vrszpfz6d35jtbaqs6qsar6gbk6ldpmm,"markttrades,top"
0xe873c55b65ab03e654950af2e7c66c6b3f5bd8dd,"posities,top"
0x46d530a14bc504973313ed566980fa18efb54941,"markttrades,posities,top"
0xb59d193f69218c1b5bade23b4d62ba47cfbbd522,"markttrades,posities,top"
0x061fb9957a441d66519ac58ca906c386fb78ff97,"posities,top"
0xe6960a64c770cdfb5d50b12df676bfc59797066b,"markttrades,posities,top"
0x3e98b3e07df943232bc65b83f7bfd2f8a8744c1e,"posities,top"
0xd8f3f8a0d1a44fe1a04353f3a9e328306ad56b80,"posities,top"
0x5b5a3401990b5dc5c0be8d726ce7124e6c650837,"markttrades,posities,top"
8nbuzhbdcfozlqke54adyshksguv29thed6lrfhxnguh,"posities,top"
3k49s4q8gzdjisoy2dad9qg8t7ssynceb3dsj3nrqkzy,"markttrades,posities,top"
0xca388d7f29126f7d9d58eb92a5827d20dac17f13,"markttrades,posities,top"
0xdc3f1f0639f542e241acd7077d2619446e427416,"posities,top"
3kec9rzxkohc8svzdkcqqzatvsgffnrbqfqryidu3amk,"markttrades,posities,top"
6wckbmw1bsgjcvsqvuyv5bdo3readx4dkdywc77wazis,"posities,top"
0x4ea863346b2b050c0e830690c757027d4f7bf30e,"posities,top"
d4ahtar8cjubxsyrew8to6chbwz3rigag7yrupuohavs,"markttrades,posities,top"
hde4pf4mgzbwm4gcgj2gn8ajpjk363cuybstq1hz5psp,"markttrades,posities,top"
0xb03d44cceb8c044b25f164cfbfb8cd3352b543e4,"posities,top"
0x3a4dccb17d9c4533086e421090696ca842501a7c,"posities,top"
0x4fae64892dfff888bea1f1920fa914267002e2e2,"posities,top"
0xbf542b6d25100d55fa80fd042a7a99550eefa2f9,"posities,top"
0x71be5ab6eafb1c636c98a28c03c56472c29f6896,"posities,top"
5ovspgufmerb5bnnuk4ni349pp6n7gwasazmhw9wn5vb,"posities,top"
0xe7e87ec176b4344cae39ec0ec271a06a7d555500,"posities,top"
0x0310ef70b416e375b2eb62c79b36f7628cd3af41,"posities,top"
0x80e151f1074c0d1cdca8546bee30934a4e6d1af8,"posities,top"
ghvjotk4rw3gp3x3pyewettqbodz2v4ipduk2wnrx6nc,"posities,top"
0xf1dbf36799a1949d3ef0f65716195cf71e0f4b59,"posities,top"
0x69c21d11d9e0f5004411b17eb8f7eeb45038aaf7,"posities,top"
0x2bc792f27ca2c80dc91b61416c8afcd843be5c3b,"posities,top"
0x7479cf52ed775fbca8deec5caeaad3919a573d66,"posities,top"
0x3f48d1db70d48dbfe3cb32f8aa431471bc661b66,"posities,top"
0x4c5ef16878f046177294f25d38ee070c3e50c5e7,"posities,top"
0xb9afb68de4e1f89aca813ca75d87bd86a1a17aa3,"posities,top"
0x394268d5f0993ca01b8892f2f8228b9a02fdabdf,"posities,top"
0x38e7d198c694195205fa3b225005eb73cfc5da75,"posities,top"
0xa7ec4ad61182ecbc8d49dae0d155724818d8e6c7,"posities,top"
0x06c696c06ed8c258796a2e590bb0033270903f0e,"posities,top"
0x1651a52c3a9481451e867f19bec98ad0bc74f4aa,"posities,top"
0xbfc80468df050d2a73fe455d6b3e484caf00e12f,"posities,top"
0x6fb5cb64b6628a3ba9df12cc57ccb65144426ea3,"posities,top"
0x74563497bc895b73e749d5d6ac1377fc73076e6c,"posities,top"
0x86f8c053a5c2fc6cdf544dfe369fdf6730051eef,"posities,top"
0x3a847c62feea7bda608b8b0f83f1b69527c15384,"posities,top"
axhksw5zxrxjvfsl8kvnwduu8asmvjcrnepwzv4zu6qb,"posities,top"
0x01e2ba6696dac0dddc0d181aef4169df5b9fee59,"posities,top"
0xc6fe3475087a42d3fc20ac4b1cedf62d34608270,"posities,top"
0xd2476709d19033087d8474b8ada8056a75ca11ae,"posities,top"
0xd13b598261c114e4d76c9ec897ac7b8d7fbd4d3a,"posities,top"
0x2da2a023b76efcb200d022b86f7e2abd01e8590f,"markttrades,posities,top"
0x6c12f884501bd892782f921d2aa0400bae3c92ab,"posities,top"
c5krocqakkoypb3kcbxjzxqb3h4gqbmrsq79zcqxq1vd,"posities,top"
0x3c5c7d8b66fd64db9f8bd3093322f2973501fe05,"posities,top"
acqwdxzgu63evrpdg7dbjlniu6xhdfcbjarvtumvcpjd,"posities,top"
0x3d1ad923b847486a36f24b2ffffcaa000e9d1ed7,"posities,top"
0x1fb630a9680be9dc2ccb1442c5bc51af6d5be632,"posities,top"
0x389c11544de5659742da20169e18db29c5c4c832,"posities,top"
0x4f050b6d992026ce7d172c94ab7a80e8d321c8b6,"posities,top"
0x2f4bb6b9f5e67dae641c40081e8904a1f60a1744,"posities,top"
0xd0d6ffdf9fccaa255454780a315fb2bc42362901,"posities,top"
0x5c0c1c4b60fa677229b1f765bcaaae28cb87b3b8,"posities,top"
0x18aeaba4a846f65c2fdc8c43deba1f51a514215a,"posities,top"
atmbvyfsey7ypvj6vj9hw6y3f5fp6pqltxwhzmfqpjjt,"posities,top"
8pbupgkeabxnvfcs7knlk3msuhdk5frw6h5u8meawobj,"posities,top"
eweexnncfo1xwflwkkbnpbhrgzk9zqtvtneccrtda4av,"posities,top"
0x40ca9f7970af83c6d5b14b862cf458ad1671079e,"posities,top"
0xe714748b4dd9c756085575f90d099d818be57df5,"posities,top"
0xdbd17b112604026d69da306d66343dac05bb0de2,"posities,top"
0x4d4840a6d8e418462019da18b1cc67976914f4fc,"posities,top"
0x9bd482d0e545639eb33600e02be3f972a9952524,"posities,top"
0xc17ee5992691f6ef3ce23f7bd84115d02ec874e3,"posities,top"
0x22d46e32c8351b98432a2bba909861db4c1c657c,"posities,top"
0x277dc768d7b8c3878321c9938976f76b8eb5f218,"posities,top"
0xd9fe0a0e438a6085949c4898717468a7a3af1003,"posities,top"
0x5e5127f432c99dc1bb1a7b264595d3002a354b44,"posities,top"
hnbvf59avdizqrmjrza3k8oxn2ynv3pyghmhchkyacpu,"posities,top"
0x929249d5abf7be4fcca11301d9d7fd53900f00ab,"posities,top"
0x89a7adae88b7f7197a5b5181f1e960e8ecb01c16,"posities,top"
0x7adecbca3b536f00beb4c0e128b67a046cfb4287,"posities,top"
h5vodmg2fxcjt1alwohdjw2rxusb39vqxchx3kbp9utc,"posities,top"
elz5fowsvuwvk4ia1s1frtcpgsynejpoippm4bfqcajo,"posities,top"
0xffe8e3a365484641582774d96e242a0c5a2f1efe,"posities,top"
eta7npmuc4fpnahtmwlfu7f38nba9wnhcdfbnayvvimb,"markttrades,posities,top"
0xc222c47a155596a6a3da5e550b2ab750ed2889fc,"posities,top"
0x075b5de3eb1dadd675b9086faf1a744d31fa0fd6,"posities,top"
dn8bk661tlksvuuqwzctg6ahyzsgv2anqud8odfmlqe1,"posities,top"
0x8b760ee10690d1a5051575420422b1562ac46f97,"posities,top"
0xab33fb66f040a5bde2c2ce1bca8095b35b17c66e,"posities,top"
0x6991fa9e8fad3d9f88464e3484db699309f80e1b,"posities,top"
2vatawymn4lxkniqdx4pn6hkq9gb7fadfjkujz6ckeug,"posities,top"
0x53df5f61d5dcd30c3a7dd669e519a322db3db21f,"posities,top"
0x935927851a26b6797c5fa315a8e581eea215ce40,"posities,top"
0x4bd063052f6ddee1e1d0cc013c53064094095253,"posities,top"
0x9f4e3076a50eba90ab893585d5913012ebe5e02d,"posities,top"
0x8e709be50bbde1a1de66512dde3ae2879d4c4a31,"posities,top"
0x7b0cb0a7afc9f57f4c96ce1fe4cd3d95b03fde6e,"posities,top"
ez8qsuan7rrytumn3fm5gqbdu4fdeurg2zqdtngsge5v,"posities,top"
0x32bc898c9db9a1e35e369e3d6a4795a686ed8edc,"posities,top"
0xd5665d34a7a1b8d9fe462b35878c60e1d0e7d7c1,"markttrades,posities,top"
0xd84fc93bfebd5146a1e3adfa65522b6be5410cfe,"posities,top"
0xa73d16a5f47ae00b1edec0eca74e77075db2baa8,"posities,top"
ga41qzre46evch4xhwvvfdde8ps9dcsmbcdsceanp9du,"posities,top"
0x5c2e4271068a006417e6aac57e7a6a51923c189f,"posities,top"
0xf170b1d3e82735918b8b49208c624b5682f1880d,"posities,top"
0x24cf5416e87d8c64b4d7a414bda12b0308ee7251,"posities,top"
0x1a58d0ac85c2ea16c5a18b7e249b0d7e8c0b1559,"posities,top"
brpprqxtld61tzff5dkoloipweux4z5h1dzfxrbucnxb,"posities,top"
dua8swhzzkdfvqtr38t9khzvicemvmpa9efw13xozgly,"markttrades,posities,top"
0xc941568cea08c49cdaf8a2c1107a9309e02e26e4,"posities,top"
0x7dd9eb9a16fc3506b1b41ec13b1de5cfdbe44277,"posities,top"
hl2ecvrbuaztqhg9ekebtf3czhmpqkphisnubjbw6esa,"posities,top"
0x335dc8a568c1a3a78f6102dc436cc85f1a388a03,"posities,top"
0xbd92f28064fe0ee032f155fbce912508c60f3d50,"posities,top"
0xc016a71491ce016a9eab9ad974506c7e2f71f577,"posities,top"
0x3df90078c6474164995a557f8140b0767ad805e5,"posities,top"
giwxmirdsawstpzc9uypwmxy2mg6ggw5vx2vc5vdcnif,"posities,top"
0x803ca951e29557171daa34ee4ece7edf49c5b13e,"posities,top"
0x6e362fe2e2672f3f41a5e31faaf060769cbe3c32,"posities,top"
f66h5adcc59xf92jqa6qsgqu5bocbtjawq8y25n7pnf,"posities,top"
0x3f5879cd424dc2094db163466533e70fcdebb09d,"posities,top"
0x868ad8f593b44a67fa2b4861cc9992acb3bb6f53,"posities,top"
0xb9bdd663a0b5b3c1db1f3d43bad8a7ac18bc059b,"posities,top"
0xe33b792a2af7ebd1c2ea682b7aedc1bb242154a6,"posities,top"
ejuwxyuzzuwcymgzhchjkh8tsraywlggs7lahatwytu7,"posities,top"
0x09c81f941a7d2b611e84998e9643e18041143312,"posities,top"
0x5f5431ce52871109b45d0d6c19e78b01dd6a9521,"posities,top"
0x82544e7e42fc2aebdc8da58bda805909be752300,"posities,top"
0x3103ebed09a5f12b2121a9dc876712103d872e49,"posities,top"
0x05939d9b3b20695b77332c1055f5160a0d2e27b7,"posities,top"
3wjkapm94kjtl4n1vbfmqudjfqmyipjcengikgleq2qn,"posities,top"
0x433e8daad2178f5e9db70e0a75252f8f8f72c52d,"posities,top"
ednjd81c1avcpf8gktb2pwpy1b5zrdysnm8rvmexuoun,"posities,top"
0x43ff31851cc2529317993a2593b8a75458ee9ce4,"posities,top"
0xdc7f990ec4d2f2470bdeafcabb9ae2c17cc11312,"posities,top"
ahtju4efas6uqra4ma9ifkxqxz3m3fzsvbr1trf8y6nu,"posities,top"
0xd5a9c5ad3d540662c2f8d1a59dff00fac786f9a8,"posities,top"
vmeayg8ezuph6kc39mccuwuvos5glsp1n4opssdkttn,"posities,top"
0xddf610bae9c05a238c50cbed9d189a930379f7f6,"posities,top"
24xaayocxitsfqagvzzsawn9n37ylb9n4sxleon4n6rv,"posities,top"
0x05b01a6747254fa0c61c90feb79689c674c94f68,"posities,top"
c4yo6xczsykp7m49ycnv3ar7yb4iynycjfc1mbpwlmxm,"posities,top"
0x4c4c1b66728d9e2fcf9c83b259a4772acd61db01,"posities,top"
0xf8cc27c58ad292a2a4f1bee9a864fae25b9d2fdd,"posities,top"
d8ottiuvuy6easx3pwhbffeyrbpkqfpvmq61kazba9vt,"posities,top"
0xb4df9107e954b34c437810441a2de582991f8ce3,"posities,top"
0x14f4f4a395fa7b67af76775b556760a4dcf4ec92,"posities,top"
0x37a70ff76247d7c31f683952cd002a0fe0de3a3a,"posities,top"
0x1d54ee6c2e15b168f35a578ca2bcf49f6a46c473,"posities,top"
0x085e488cd431677fb627c0e0a703f5fe1745cbc0,"posities,top"
0x4e7a069dc87dda0fba6b641329908c1c92adfaaf,"posities,top"
4rihbtxlqrcrubmrdabq3ssjt6ogpjikef5e5wzcfndf,"markttrades,posities,top"
0x8f5915a19eb2ba78bc90ad0317d9ed0d161cbfec,"posities,top"
agmbsmxaavkxutzjrqam9sfjj5dkh2kuun6jaeo3flpv,"markttrades,posities,top"
0x3c20ab24c85a3277e52fe8faecfb2ea4d657a85e,"posities,top"
5lurcmpqxeqpssfdeczzy3w9wcd5qexz6qz1cwnzateo,"posities,top"
6yxnkdboai9rv1uyycdfwuojumxmnckv9eu7tqmdpctx,"posities,top"
0x0a352179a107122943f6e0d6d09638acccdb7fa5,"posities,top"
0xe2359392b4a1abd4098418987b7479e3fce3dae8,"posities,top"
fgu8wytqdriefaqnfavkeskjryv6yv33aqyrejpqhej4,"posities,top"
0x4a45a9db62accf856ef319de34acfee305ae2e66,"posities,top"
djufsoiaf43rsprukl9qxqdhw1ey63sm8gk7whu67z6u,"posities,top"
0x673e43ae664d2c81769095fa986c7ce93328f850,"posities,top"
0x83cc43713e28a9758e112d39b76edd7a7fac4ad1,"posities,top"
0x27e6214d75cdf5c47a7685cb7de173094bc5fb9e,"posities,top"
127kepymksl28t5keud1ujqxu4ih1axq2u3vea93jf8s,"markttrades,posities,top"
0x2f10476772a1ace0a5b4205d6b6eef1c1462a4d0,"markttrades,posities,top"
bpppvc84n364ztfsvazqnmv3f6lg12xxkm9wmupjr4cv,"markttrades,posities,top"
g7dsdbvlmmnexswwvnmbt78s7grr3eq9qcirvxnkl5gz,"markttrades,posities,top"
hudnlxcfze2afgbyh9zeknubhxfsbhxdzlik4kvmknbw,"markttrades,posities,top"
afh4euh81481vbkttjhczn3rf12f8igxeqeuhc7ippqr,"markttrades,posities,top"
0xe7563054396bd1d8e97458d1a5f27c3473603dc7,"markttrades,posities,top"
e6hqyycyp7lhqteyvzf9tatarcljukbvvwnc5wj1axpq,"posities,top"
0xd1956f5832b0352a8966cfcae4a637734fed1826,"markttrades,posities,top"
2bh9h6gvsehz4f43m1tozxf98u8dnahgdmmdgeyrkpde,"markttrades,posities,top"
0xce10c23561dce134ae20b32f8166a131c741f463,"posities,top"
0x43b031f923572ebb180570666cb3d7fd0bc95bc2,"posities,top"
lgfd4ocgvfehngsrgbwqqmmpyxahmjyhqr7qpfdegen,"markttrades,posities,top"
0x908f1c28715ebfd65288d89ffee703ece8e34c9f,"posities,top"
0x6ca89be19c7605bbecbfa7bc3eea61f4d67152b7,"posities,top"
6hypbgadwdtytzpgbsm5ewenfdhnqqzkgxfbrvjbjxxv,"markttrades,posities,top"
bxmkkd8tuf7jzqfas89ymmngpwem9udns4wwikhf6u6g,"markttrades,posities,top"
0xe1e221046c7f97ab8396896bbe575e7e1ae20e08,"posities,top"
4p8hds5kkssf9apgzhhejbcxqfamg7z7wtomlbqvnmem,"posities,top"
95vmmwq8nna1dfdfxryk8eesulyg1tbv2jeqq9wwbvka,"posities,top"
0x3c675f1b52ed69f6f4e799f66c6cc2e368ed41d9,"markttrades,posities,top"
0xf479f6a33ce5fcc56d5f96b578ef33b94498df38,"posities,top"
hnese25mrkrrzdycu9nmdxuvgd4jroyajtfkxwk78k1s,"markttrades,posities,top"
0x5d072f165c08bcd8f81eb3dd64d8396724de07ae,"posities,top"
2qbb7cbm9qzqdmfzhvtfyxsi2b8nauvq4zeivkwb1ger,"posities,top"
0x75928910297238271124617b5ecfa6478abcc52e,"posities,top"
0x8b8ed97917e28a8c07e5ab93462dd8048350d36f,"posities,top"
0x04714ed0a1472eeea772607bdb45b3f1522b9980,"posities,top"
4cb7tcwunmaks3sdq8ggutcfdkbabgmhtuzhxmvbjpud,"posities,top"
0x741aaaa568c40c4cece97d161d631fd87400dc0e,"posities,top"
blrrmsaufphkcwzan6thkauzqnt8gwb6k1mwuzcek56f,"posities,top"
0xea6b13a45cc88ce61d9b81f3cf5b6fe41039066c,"posities,top"
0xe67c80abb0032de76bb526add4f489115f67fbfb,"posities,top"
7l4vupmqo3pjmx2zfkgtshzxxjdzwzkmnnueszfhdduy,"posities,top"
2g88vt4vnpe6fxpsnhgk8fv3pccxju5mdmrqec5nbiuy,"posities,top"
0xdca17ba9c04e1eae0356824acd6ecfd053cde028,"posities,top"
0x6f2a58b009e508b6e9a122efcdf01bdcf3e38362,"posities,top"
0x71a9ada61386d38b5ecbdf4b2091b93ae17c5bec,"posities,top"
0x372978ab732354931b1a8c8c3dc09bfe0fc96403,"posities,top"
0x6adf6f19d5b91e60b9be138a1014ef931b84025c,"posities,top"
0x5f72a70d0c8ca5e86a55802d50aae09b97408ef2,"posities,top"
hsqxptbcrzebaoetqtb3bhdltrvfltdvaprummeoe8zx,"posities,top"
0x8b9a3787dfa6d221990967c7aee4c6f7237649a4,"posities,top"
0x1fa00d548d609a1421fa50bb5842f7893234e93d,"markttrades,posities,top"
0xbbe5af79165a8bb7b7933c36bfa6d2f559ddff78,"posities,top"
0xdbe8445d0d98a85cec9886af5bd3f83918557978,"posities,top"
0xa09f417e49ccc37f16f94d4401bb1f6e570571e1,"posities,top"
0x775cc5a77b63a0acc3257ffef2c124f6e675691c,"posities,top"
0x8ada2456b720a2bbe2bc78b3f4ecb0e4497eab20,"posities,top"
boyq4rzb6ip9z5ylh9tvupglotxyb1zbwng8uv2dnpw5,"posities,top"
0x8905ce75f237c13e60dbcbbbb01003c5c3520993,"markttrades,posities,top"
0x210036622d0958c8053c50ea022af6cbf3da9a39,"posities,top"
9trd1jmhxaxax3wvaxpiz457q9tfymcovunuzwakhpzh,"markttrades,posities,top"
0x072e333e4c5b434a59e74f8876035cf81e5f248e,"posities,top"
57zvq1kyvnmehrk1jvzrvtzwzqgdejeqphhuc7b11ehc,"posities,top"
0x329557aa54aab595e6b651b41b796e541d58911f,"posities,top"
0xcd5cf40a12fa24c971ccd662c193548b93a680f1,"posities,top"
0xbfa9dcd2ffb681e1aee3bd191154e67cb4739fd5,"posities,top"
0xc18d88cce08898c666246ed8acd7b7e1c374c840,"posities,top"
0x9e684eb706e8146182deb8a207e96c1fb884af03,"posities,top"
0x2d1b0f2a41db388b8ff0f6118b27d089f47e5119,"posities,top"
0xc2673e7902e430f91af53b7dbc822ba515cd9b28,"posities,top"
0x4918c28c871e68f48d0656ef34995890a2f86dd2,"posities,top"
0x25098763ad124324f0ec6d5a4ce036edb3c18949,"posities,top"
0x69d90bab9d9242ca2013f3af0168b5636ea25516,"posities,top"
0x896058467d2e5785273e815f7086f07845c57ef2,"posities,top"
0x8fc1b51f546cbc578f0085ffae0d9bb87b6f0860,"posities,top"
0x84f918ba377cbd0385b4ef28f6b2b6d7e9b54a4b,"posities,top"
0xfcd85e6146e727fcbd279179a782f0d319ea747a,"posities,top"
0xd1ba4024dde64b489ccea6514f9e6f79e5754a96,"posities,top"
0x92109cb9b7238a9dd32989975395b6416f0b32ca,"posities,top"
0x6fed78579d1edf23f16725265d205ff8ef9eb749,"posities,top"
0xaa9c517cb75f83f33bc135a37e2ce620dfbed5b1,"posities,top"
0xcb1a7e0c8159423a40ace98b67ab5f567607816f,"posities,top"
0xb6910c166b7c52a2b92e2d74fddbcb430abed1e7,"posities,top"
0x340cc83bcd4583e029e7c7d31b2f1238ab3604cb,"posities,top"
0xae998d854a559c34a41e6256052e5e69c77e3d28,"posities,top"
0x9d19e69a98f299b2990809fd30293ec74805e50d,"posities,top"
0x2719b1c7985657bb90d57e62aa5b1809293fcd83,"posities,top"
0xede665eb26dcce08716043f1e90e906d9387ccef,"posities,top"
0x82e2b98d46c92dc62009ce90596ab3ce7a52ea27,"posities,top"
0x2148a619cf53ad607de8ebd63ed0e86f68a9ad2e,"posities,top"
0x7d82de6d4483e30b9263dff6124575b48be7d1bd,"posities,top"
0xb17b1cc5efa0dc520d416fa15c0ed51d9a242108,"posities,top"
0x4ffd0a59a26cb2aa76d403215e4cc2845c053994,"posities,top"
0xdd7ba13331ca3a9d9fc612f989ea8accb2a00c97,"posities,top"
0x7004a23c51d282b06b3b491d475e7d45d9f2a369,"posities,top"
0x78eb925ff641c626e099aa83a847a1b7d94663e9,"posities,top"
0x9dca1c5b7212de0eba2d0d448bd28275bf3d41d1,"posities,top"
0x3e9880cf76e556c5de349139bd2b42df8aa948df,"posities,top"
0x7e054f9d2ed69d5ef45d4c912f64c40076181152,"posities,top"
0x1bf71b2ec4800d165f164411737c85cd88014982,"posities,top"
0xc515f44bdd70c6e640d1bd78f71dddfb819f2179,"posities,top"
0x93f4cdc615c1d4750bcf871668cff44d07fe597b,"posities,top"
0xe61c5b4e7fa34766ff858bc6dfd74535f35861ca,"posities,top"
0xebf833217d854d1eae3e67f828333eac3dc04790,"posities,top"
0xa18e6e5572ef049f0ce50300b5c81242e13bd6f1,"posities,top"
0xcbe3fa8c359df9a0bb17db4e58cfc73c5ea44551,"posities,top"
0x27dec9d3063490e37ae16bae8d9a6a6de51b5f63,"posities,top"
0xe2af5ee03b684eee7c2f457e8af197de4bc89249,"posities,top"
0x2fcd3e0b633275a551f0e125e03d854a93863008,"posities,top"
0x4272882303b9af20012993bd29192d5fb231032a,"posities,top"
0x77e8127cdd83a37e1189adc668b35adbfdd149b2,"posities,top"
0x86551bcc5696dabeb37c6b95b80a2d6abeab662e,"posities,top"
0x546e4becd45788ed92f4621380c91902fddc69b0,"posities,top"
0xd3f925042d39c23e7126e140ad1423142721c97c,"posities,top"
0xa9152f276794ff33c5b1562c2ad1cc20eb73a621,"posities,top"
0xe53f8cc868dc2e0fb1da5bd1b5e6404600a6de22,"posities,top"
0xe6efaec81d8000eb18989abafcdd92cd5f481971,"posities,top"
0xa1c301c36fed873f3b051f932512617258a3d2d7,"posities,top"
0xeae94b600ef7df381db9c874b295da463245e7b1,"posities,top"
0x5184e4edf811547c8a1d46ab84506fa000a9be0f,"posities,top"
0x723559e26cc9571039faf198d5991fe87b91c0ee,"posities,top"
0xa1485d83c74ecb9575ea1b1e6da931644e44bec9,"posities,top"
0xb66569295f0be465aeca1ae6a54df39fe2c60698,"posities,top"
0x17e9e0d951e9a52a697180119b90ce682e24c66f,"posities,top"
0x68ed8e5790a57c3051e0957dc3cc2e334e29932d,"posities,top"
0xeccffbf1a46128910bd2d0c89038f92a246b2719,"posities,top"
0xac1a824b6547216d9a9893911c74643b6a040d1a,"posities,top"
0x055a6147c5c51f6e8de02a0bf16a335151c5d2e2,"posities,top"
0xc0635ebb4d136475158f46849b9686bcae4dc054,"posities,top"
0x3b5e255140b1772f05c548d184cb46919d25c469,"posities,top"
0x6f434c2198757ccebf39ccc7cc242f7fcb91e339,"posities,top"
0xdd71730d6209fddf7fbdb7df8ef239bddea113f9,"posities,top"
0x73afd3b15fa6b1bcb27d81cf28b829eb934be102,"posities,top"
0x3f5b3c65bd77418d98063f7dc797ae79b0905e18,"posities,top"
0xcacac2700f4603d92a07c3986d788db8a7fbb118,"posities,top"
0x33a12ac1491c187dd65ceb3718a9f6d4598bf337,"posities,top"
0x41477a57a8916237a8ff512ba3d9bf487d9cbb79,"posities,top"
0x264095d4f921c92e17721a13e2d78b794ffe9fa2,"posities,top"
0x9f037e780779074948765f2138be1df792d1b4aa,"posities,top"
0xc050aeab010e7160b02bcd72ec7ce556ee0e92d7,"markttrades,posities,top"
dy7fnutjmrolrjnqbu4chsjhkleyvwpex7z7agy1xjpt,"posities,top"
0x9d1d76804292910e993ff878cbb813137e467fa9,"posities,top"
0x0e56c57069ae21255e27f7f67263d97b65012089,"posities,top"
0x113a5aebbe7636631cc7254fc9e4cee77f764813,"posities,top"
0xed8220a377b77e94a6ef98b5ab00d7f4f4b7d691,"posities,top"
0x38f4d4465732ef1099136fe78335e941920e80d3,"posities,top"
fqtqvepmmdgn7wqngyzzjeuvh2n3htateflrkgme9a1q,"posities,top"
0x092b5f47d229a2267b5f4eeeb969fb0bf57730d1,"posities,top"
0xe10341c61d3180afb005542541573c13eba0412a,"posities,top"
0xfb00a758b0e3962430120613c5becf6ff5f68580,"posities,top"
0xa2a96ef447c5efa70d77a8076b76bb105169378f,"posities,top"
0x578b4852e09b3a89325712b762cf88c09c3b702c,"posities,top"
0x466519fe8f7d561fd67ac0762f047ba70d831f0b,"posities,top"
dkfjrdcwoh1fj1j4fayf6m9r8zr6wtl57vfvhpfg8nzj,"posities,top"
bn4speskm2khzc7kjnu7apkzeujccsy2mryekduvyjgy,"posities,top"
0xb651c82f2bbc5cdcc4be22b6df87c71901ebefb9,"posities,top"
0xfa9b33fad26fe1c5e9c3f1aaa1e72ab0aa97c035,"posities,top"
7sfbr9rcwivebq7viurgncdhqfxejaohknjpqud21hvz,"posities,top"
wugvrxvm3fpiwcbvsd6jd51nndrvhysz8tix7m7svxr,"posities,top"
bmv5kh2mu9bnd1lojwr38lhdp3vw7kuqmophnf2b6mxr,"markttrades,posities,top"
0xf0b0daafd518b621fbfb4a6e839599ae6f8c588e,"posities,top"
0x74973eeb832e711c8a62f81bfcf5df922fc205ce,"posities,top"
0x805ba12ee2e62c430d67152e50fb7d197d1d70fa,"posities,top"
0x007d039fe32e23085c26fd93eb1995c98d31e631,"posities,top"
0x2ba34415ea521afe58b1f95d43fb150b7e62a620,"posities,top"
0xf4364353cf469385fa35e32b74b26c0dd1556eb6,"posities,top"
0x825bf5524b24a4f1a164730b6796eaf55788d68a,"markttrades,posities,top"
0x7a4885448afcd181f04c963d2b8872e99513f0b6,"posities,top"
0x36639529aa90708cec569c60d7fa64270219a6a4,"posities,top"
0xebd6559956c7db261397cab2f8b466f0e5401d53,"posities,top"
0x28863b0ec26d1d19ed18b310b252360746a40b27,"posities,top"
0x665d82b10fb67bf6e741736895717535727fb913,"posities,top"
0xc7a715a1bf04edcb3cf34ab57a122fbe72fa900b,"posities,top"
41aqnmktfmo7qzjijtmudrbfe7avmdev8dwg1tr8rcsq,"markttrades,posities,top"
0x93eecb23242adf6cc0f1fb889d3996e5212faf61,"posities,top"
0x916308fc74a7b2237b13413907ed60989f9f9254,"posities,top"
e1sar2tsfqvimd3wnurdl8e3ml4fwbvhsh2f2q77cngs,"posities,top"
0x16ee00c6ddfed4743b34de786d2c0b1a3f0e8c7e,"posities,top"
0x1bec4f239f1ec11fd8dc7b31a8fea7a5ba5a9aa4,"posities,top"
0xaf7e30b29254796c9b08893a4a07b7419b6f8792,"posities,top"
6beu5ippzea232tmyzwruzjb2qdxjg5k8jb8nln7sqh5,"posities,top"
bq3yevntmuktv6jvjrvxyyxcy3pxtfzpgordozy6gpgr,"markttrades,posities,top"
0x29e7767b9ea6b214702d27dd2c6e25d56cd891ff,"posities,top"
0xb3281fbec2e50500b89a25067184e3abfe49bb1c,"posities,top"
0x111e318936660aaf49d485c74a77ffccb997d030,"markttrades,posities,top"
0xdd594463a4a809eb8bdb0f15b060aa38573f6a14,"posities,top"
c34adbuaw3yo2av9uzskh2k3fseqpm6cjqfsvgc7vpmv,"posities,top"
0x35fc77ab8f5e9be49a181e2d7cdd5c08cf52c8a8,"posities,top"
0xc1196c15353885933ff27124788ba7a9a36105c8,"posities,top"
dwvktkuaqslawnp7y8uwjhsjac2xqtgkrlwrxsnunvxk,"posities,top"
dtem4ozywz5qtgp9ufncjhbh9etvftssvavxagmthxdq,"posities,top"
0x344a22cb6bef7a6103678640c3e9016d4667317f,"posities,top"
0x6ef7e93bf8da73d899c8b79afcc98061e92122ba,"posities,top"
0x65af5cfebb4c1bfb1513463a835eb684c6a9cebb,"posities,top"
0xc8eeb97aa89658b2b615152ff610957c4cea47fe,"posities,top"
0x0f7cbf5618ed04656de301dcf64fce5a87de200c,"posities,top"
0xe073eb6d4dd217d7af7fc512ff820a1b515aeb03,"posities,top"
0xf993d587ccf9a314b7d4b8da37c0e9dc2fbadb2a,"posities,top"
0xa39a3fcc5662e070dc0454420332f60bc4b135d9,"posities,top"
0xea6a6f3bebbc73280b20aa44a162b7490c49b5a9,"posities,top"
0x08b1f8de8fcff156b3bfeeee42216c2735856826,"posities,top"
0xbec6b48ee71f10a364d8998ca5e6eece1d9f8ae9,"posities,top"
0x2dbe1715a90bda7ec95b79561b400577c931a3cc,"posities,top"
0x73fc041a25189811314a5e92a5a9e24400bc3ddb,"posities,top"
fvlxvygzxvabbk4aftdkv46vwf9giskd1adtzi3f5hlk,"markttrades,posities,top"
0x6d36f851dc6e20e8c515b262fd2b45975d3b6960,"posities,top"
0x594042229729c8be3f90fb1acb1542053b65ed9b,"posities,top"
0x003c78b3e1e001232f73cf7d940687d3321d3754,"posities,top"
0x719039ade86db167cba9462abd167824d1dd1133,"posities,top"
0x4b2243a7a1f6053a363db1bda509f51c45fd0318,"posities,top"
0x9b52f51d03be8e430a0fec08107bfbeab71f42da,"posities,top"
0xa5ba1edc2b86f9a761b9b458457569061076aee2,"posities,top"
4ks8ckecaiuqycg8bnf4osd3soiqxicl1sm9qhi8hknu,"markttrades,posities,top"
0x7da19d36a4ffb9fb8d4a7195dce530291e51d5fd,"posities,top"
0xdb4dcfae55412d21ff5c43ba2153ca2128323c2a,"posities,top"
0xf7be35cf3be7fdc9a861a415bfce84042b856e68,"posities,top"
0x951f9d8024ce7a090c5bd88f5504d451839fe6ea,"posities,top"
0x8cbf877d6ca1b1403cfa71e20983a17800ccb933,"posities,top"
0x29e52eadd34345bc4c7d5ab5263f52df8406ee9e,"posities,top"
0xe84033eca597ae54b5d83862198fa0fc028874e6,"posities,top"
0x05c4070ff5d0d98f526e7e34f8d3f5cc80c37d9d,"posities,top"
0x4ad5269c0e4698b83296395b51ab9d12f8744548,"markttrades,posities,top"
0x5b42c59bdb5aa104e4df60b653401569b2bde214,"posities,top"
0xc171c1f3c0e1d861c68cd7d3419e702702922e22,"posities,top"
0x710a5c578ab76ce54a16833458b7eeb08c6d66ab,"posities,top"
0x635eb3f0265f0cd059ed51fc98e8a6aa11fe6598,"posities,top"
0x542f5a719e6a4d26828dff6823f57c7a58f8ab9b,"posities,top"
gplinytsdqrvpridty5hmsqpjlbei7p2rfnhpyuqv5df,"posities,top"
0xde02fef910b161c7ef98fdeb91889471b6d51f7a,"posities,top"
0x59df46285d34ec0e022d1ad1a6f6f7818b281312,"posities,top"
0x9cf4a9a93f441c43075d149add26d723050c54bb,"posities,top"
0x195472f7f97148368b8ba031ea07e3cc42b5630b,"posities,top"
0x3ffb9f6579c220e60a296de3e6771f61c376c60a,"posities,top"
0x2a6ce079f46c2f4d30f9803a831510e9ed45bf20,"posities,top"
0xbe62ec7ba0fbd36f8725e3e511d7f31ec841bf1e,"posities,top"
0xdd573d7b69efa3ef463facf7b01a6caf88b2dc1c,"posities,top"
0xeb92a2d418b05e3ed73cf18ebbc971e0fc82e186,"posities,top"
0xd16aee0bc356100725989eb4a849bb297908d820,"posities,top"
0x1f2cb45ba7039aca6551308436b5f18d8e5db0df,"posities,top"
0xd53e17f08ec17025d777f37c54751b4d00ac7409,"posities,top"
0x109f774a1aa7d3281045d420207a2ca6c2a56e6e,"posities,top"
0x344a1e9704414733233742e92a5f414da07df969,"posities,top"
0xe73fdb6c354d008204cbaa3894c105b5b3393077,"posities,top"
0x9945d80910f7a588c607d02df53c0767cb5a0964,"posities,top"
0x007b5997e67c12a8717fd4e710fb7f7ac0af13b7,"posities,top"
0x161009878dcceafdf4abe60d98691cae8f7b5502,"posities,top"
0x3e2db9392ef92dab404e39f4bd795f7e9b9fece7,"posities,top"
0x257cc0e62008d00674cce0fd59fc5835ecb7ef61,"posities,top"
0x8fe1795cbfdc5f64778d13f3ddbef27a6ee14a1a,"posities,top"
0x75caedd093cfa3511426f177e51ea119bcb808a2,"posities,top"
0x712171e585e1e9ab5dfdf2d4b4ff4edb57fb4c38,"posities,top"
0x49941b8aca63d7bb27ac1c645097ca60e6a32db6,"posities,top"
0x70fa473b82ab59ac5995f7ed055c7c92fe6f12e6,"posities,top"
0xb650beb6f408ed9edede97a4b5d1ff240d4c65a3,"posities,top"
0x651838de5018f802ef6d0dbffef928369d1425a5,"posities,top"
0x1783904e1ea1e87ce078aa81c1ad363c8ab54702,"posities,top"
0x0fd0b7acb7c63d490ea36dfe03b26e86d4bb9747,"posities,top"
0x539cdca3dce8e3d491345052dca3a7b6a0c661b8,"posities,top"
0x4d0a3faa55eb5b1a5d6a5175b6dedfac1ad82e53,"posities,top"
0x7b9e1a869126ed5b2a30b286f4cdeb33b5607fa0,"posities,top"
0x4daff7289b58dd1267f19712d291e0351559f89d,"posities,top"
0xee870dce98d2e2bc4da8180594dbdf5e60e0182c,"posities,top"
0xe2c074ed43b8b2b2423767fd88cb438821e9ef20,"posities,top"
0x438ab0d40ae3af9f69ef6dee52a98e9a2f45f73c,"posities,top"
0xe230f5c1be3d23cf30540e6c76b2735bebb4fd2b,"posities,top"
0x5dd7093217cbee56bbc7f7d4188cf8147f20cde1,"posities,top"
0xbd49e0eb90d8b4ef1260a0cae51299146b3d49cf,"posities,top"
0xda31906afd2560203e086b7c08a4c2bd58a34039,"posities,top"
0x314923f06c408b1eb0f22ccf0ccec628a6f40333,"posities,top"
0x6d125fb0f6d07619f5a8dd7c59a3b0a04499a8e4,"posities,top"
0xe4bda893a27f9714680e7dc8623865e2e769cc53,"posities,top"
0x51adb13a3e131097fd4f36333e2073a9128947ab,"posities,top"
0x0dac164182e73de7c067179607a6e1d8165d6bb7,"posities,top"
0xa5d908608f410a6e6b6b7155c6d9440a3d169a87,"posities,top"
631koma2bkutfk3n6xbqmqq6tgmquqafs9lxxzxa5bc9,"posities,top"
3mgn9styeds61vamppv5gwattmdaykbgdsw7jnd3epgc,"posities,top"
0x9fe5b9819878679ada7f7ab19066f12393807498,"posities,top"
0x8e9f6aa18e075ada3be86239e730ba178b9eb9e7,"posities,top"
dbsxfwxcdx9pcardjwbcme3phcari59pm9qjqxcy71cr,"posities,top"
0x917b0cb42a0d7589b48d7a2b3ab6d681a203d516,"posities,top"
0x728f9e53d565b9dc7a08de273f609a8512d927f9,"posities,top"
0x005a3e49af2cf567d655c6ccb3e5982e1d55e72b,"posities,top"
0xf2ba64a1069a413ec3f938e5093e1c744ea9acb0,"posities,top"
0xcaced0cb59523335b3fbb9701eab89645e8d9444,"posities,top"
0x761e0605a0616c50f870d08e025d468fb05f2aae,"posities,top"
0x466c48539183493f3d64febe6c74ec8053ab13e4,"posities,top"
0x34db3c1f8e5784f5c8639ecb05c171540fcc7bd3,"posities,top"
7dnfsqaume1bg5ugphm2nmq1zngzwhpp9giq5kezysne,"posities,top"
0x7b5dc359cb1f00c9272cdfe6fec27a01adbccf43,"posities,top"
0x5ea7ee1b7a1961c67d73a31b9def02847b99221b,"posities,top"
0xb734092bdf9e44ac2958ecfacf5ec7d9917bb080,"posities,top"
0xc898a9ec438823a5bbbb2adc7b918dddf4e2fa02,"posities,top"
9gomkrjhtngjykp6xcir7vcvcouaawvwearc6dgjsawx,"posities,top"
0xfa690a785ee3d5b9fddf19d9526d890d80317f7e,"posities,top"
0x2d0c616c23709f29addaed3de0e22bbb29f34db7,"posities,top"
0x503f3ee72309ecf85fe66fc6d991ff8402736261,"posities,top"
0xc11bd5f5892a4fd326cce9d00566dc76677e32cf,"posities,top"
0xa3afceef70d9a035a32753987be4a1c412a930a9,"posities,top"
0x7190f20e541bb06378af52927b628389bcb43e51,"posities,top"
0x3aaf56ac3fbcfe1c0a07cf9ac10f7db3de5c5b26,"posities,top"
0xe78cc80af22dc27719cd8fd8e50e9efcf93c8fd5,"posities,top"
0xd07370d6a7ac03fafcc0714907a6ea8a0ef153c1,"posities,top"
0x3973f5ab8996f78c2d4ca439a7c5146bab2ab2f5,"markttrades,posities,top"
0x846144787ec4fed4ea2c633db388d7788db56f57,"posities,top"
ajgglcma91fv8ffpn7ukur1ewhqkefqyctlunszueh5z,"posities,top"
0x280de9f7e54b6d64ced2c51b499874fd3aa298eb,"posities,top"
9b4dmxq1muzxcacqrnjyoc7uw3uui4xmeqabtfye5juw,"posities,top"
0x2142248bda0d9613baf9df848bbefd8eac723d3e,"posities,top"
0x192a4087956423b6bad7e099a718b6d46e224d94,"posities,top"
3he78ftdhul3xpdltqtsctwwdye6myyc4cp8cryaadm8,"posities,top"
0xf434e62bb100f681dffafdaabd1e8eb25053f887,"posities,top"
0xd2dbe809422f3abafe971651e44ed711cc577d00,"posities,top"
0x2559e386089f9e931100ab4b47d11d395d4d235b,"posities,top"
0xd98c2337289e905f6881ebacbd61f3424304a598,"posities,top"
b3dnd5zasfydegmb3kfnntnuevyvgtqicwcqo652eyxm,"posities,top"
0x330270f8ed7ce1cffba8a49b5fcd4ff3feaad2c0,"posities,top"
3tcm4dgb7qru91geyjc4flndkahfuy3jqjkhh9udg2mp,"markttrades,posities,top"
0x766d2314b00eaf0fd18fcd71c5aa523aa09bc860,"posities,top"
0xb1108cc5b4402f1a9a12594a93369d16abcf2d92,"posities,top"
0xf1e67f5bf7e112a05525f564e78837b0760f5f24,"posities,top"
0xe26713b37f3495717b9731bac3bd2d5c9a5d8ceb,"posities,top"
0xba51f3fd8303e144e527cb39cc98adcc1c937801,"posities,top"
0x10016238c42709ece5ae1b6bea362ee9cac53c75,"posities,top"
0xc6d8f1d783451c84affe4032d9f5a035c47ff0ad,"posities,top"
0xea8ad4ff247f944148b676e8eb68e14d76104974,"posities,top"
0x2dd71aa8be7d159dd079a97d031c6594f68f5743,"posities,top"
0x2a3d5fc1544f80433c457b02b51eabe25d806297,"posities,top"
0x5eacb56424d464f5037dd389051b112629d6f724,"posities,top"
0x7f635413851bc57d7c5660fcfe68d67a68ec0a07,"posities,top"
0x20a6312f0d5676596cfadf9548422c79071f8250,"posities,top"
0x80568a6864a0c6dbe5891d4b502da2a6d69c0af5,"markttrades,posities,top"
0xb1e1c0c5345e3cd0c80b1930cbb001ccc7127d7a,"posities,top"
0xec771c2ea2816e8a5771080118034af74f93a298,"posities,top"
0x13f82e5e34b9c78aab82705dbb194871e123168f,"posities,top"
0x21e23e40621ec4c0df4bfc017d0b0e7019cc91fc,"posities,top"
0xd2f479a79a85ade26ba9d034a2d651d0fd4ff8ab,"posities,top"
0x5b88d9b9f5ec542b7019e14bfcb3987a0d1df305,"markttrades,posities,top"
0x8a643fcf0d196a8a62615da3c0395f56d930a059,"posities,top"
6fx8ep5jzj4dsktpedkrv8ef7wmjxqftszbsu2quj1ze,"posities,top"
0x716a3e563895f0247994721c846a0eb264b028e6,"posities,top"
0x585324487f227dd458e013e06e6e16f942b0a288,"posities,top"
0xcc2bff5719c477d8144fe34d3b70d71d6cde0cb1,"posities,top"
0x128f9d69cc2b6a59f3b9f950308629f5d34b43d7,"posities,top"
0x4e60b98b0df40885dcb6802c49325b943f105755,"posities,top"
4emwot9xcgz3a2d71tvra3sg9nvl1nwj9kiwdqsmjwej,"posities,top"
0xce303fa2b0334b616136f39225251f36f689085c,"posities,top"
0x6c1d7ee221ec615fb69290406d1643867af33ee5,"posities,top"
0xdfb2d349108bdc897c3e1c7f89c0c1638f42d7f2,"posities,top"
0x4ffa5d63b2cbba6e44f4668d60ba07f79dad9d44,"posities,top"
0x4b5d010a2469af661f2e5ab4fadca72eb1230988,"posities,top"
0x8fd140e4226ade91eaf15df465a5739897399e7c,"posities,top"
0x3fda4e2573499b11139b06024646627a49648ea3,"posities,top"
0x8966d8acbb4b0d5830fca4b0dd3b134e41049b19,"posities,top"
4hgd3vgcjzu7dc5j1ab6cbdev2bvydzza9aj9fdd5imv,"posities,top"
0xc280797d5a53d96fd600406a3f823dfb7930d243,"posities,top"
0x8b51ff9fedb6894caee109445c47a7adb04bcd15,"posities,top"
0x23b411eacf6ad8800819f9ea9da5407b9047c06e,"posities,top"
0x9e06d33f847b3bbaeccc9910b0f1c2cf9f808e40,"posities,top"
0x0c439c264d4c66a964ae915b20969411ef22667b,"posities,top"
0xf7f1ae6e7634237c02a2d32b7de3f653177578a2,"posities,top"
0xe89520a5ffa9a4600f5f7f39754a14433fcd7e06,"posities,top"
0xdf644e3bb9c821f71e6250f38bec2b42ae300a64,"posities,top"
0x1e34b42f23871aaf6a8bff113d7241ad6b936ee7,"posities,top"
7k3xsbrcx1xxkcfznka3za9tvs1mthmacsf85jrydj9e,"posities,top"
0xc067b468e21459d2f5bd33ce3b8d08017849eb28,"posities,top"
0x7267c24cfb47c3d9aad1c275896ea58f9ba09709,"posities,top"
0x6a1d5e01bdc7b2472e72499504b740f152660b42,"posities,top"
0x111044e003a57a33a638ecb781834893d691e383,"posities,top"
0x82da1287b3388cc1fa377ae55717e8a3573599f2,"posities,top"
0x977bd3b1e3ed04d2b6f91011a0560a5e3335889b,"posities,top"
3s18ufxoakex1b2mctpksm56u3c8r97vycq53rsdib7w,"posities,top"
0xb84e5b495631fc228dce063a15dda195f5861104,"posities,top"
0xa542d33f75c558b2eeac7fb7cdddd584458de1d0,"posities,top"
0x4bebaea229a213ff97dcf1dd436c6b98b38ace85,"posities,top"
0xd9068ccb8f1c64f9f369bece40e4e67f71fd5e2c,"posities,top"
0x9a17ac677d81b9159b5221fccf6b220526f437b5,"posities,top"
0xe1ae5a40222d27844a6805dc021ea708416cbf58,"posities,top"
0x14ffeed92e738d42f696ba187572b17bfdb82ecd,"posities,top"
0x1a2a861362957d46dae95321b6b1b24289af97cf,"posities,top"
0x3d8f6f26edff3f32c164d7e391578b6a7de0934d,"posities,top"
0xb4ee313841a3ce2a45c6d6858bf661b7bbf0e010,"posities,top"
8vnrnmh3dax9kqlkwr7lygqrm4lrukrtbaydjwgwrjwj,"posities,top"
2cgbtzmphjdvqesjgqpfv4wz6twxydrqccqxhcsfylz3,"posities,top"
4cxpmabeqqulvwgseqihuwkbh7swfpsflgls7mgxuxku,"posities,top"
0xa752c18a6af475c6b149a5e084673bd29ad6858a,"posities,top"
fkofxuxhu9fnbd8bn9buyqnuo8mqe2dqghgq8hw9ajxa,"posities,top"
0x942b89a5943c5e79dabf2a9d0694e87ee2334ee8,"posities,top"
0xeacf96b6866324ca4991aa7314e8d87b01f06b08,"posities,top"
0x4b0ab2e7f7783b8bb3a635f6ace28064da40166c,"posities,top"
0xc693f018797d54ac0541bf9276eafdd39ad076b0,"posities,top"
bp8qp4g2uzubcwvgqee5ktpldhhhfxjajxuuijemivye,"posities,top"
0x490b55d66bb2316b90f0f87dc0b075d9db3bd1a9,"posities,top"
0x91cd2600575123ce36eeb696fe195d16023e3d20,"posities,top"
3d2rtrnws4mkihrh3mbveszdeaafnbxxb87tpjajznbm,"posities,top"
0x8087d63c67947bb53c484b73b0be2562df10f4cc,"posities,top"
0x495ae45730ececdcd60b070d5fb69bca76022937,"posities,top"
0xc40cfb65038a4979e431077428db93ec363da3e0,"posities,top"
0x63d473197b2b3fb41d744947959813218602b112,"posities,top"
0x048f9b84f4c1d6ffb1987b2a3ec109192e9f7fa7,"posities,top"
elcqnefx5eckas46xj9pzluminchszgxqrvilzsj5wu,"posities,top"
0x7359212a66c7171d20d35d1cfad3f5a2a5267aab,"posities,top"
7j2hgzpzeh6jhn3tadtycb8fdkybbkajps1uabsz6poj,"posities,top"
dg7yfdacrjyt3nfpdahk1vjbwqr3uzwtnjbbkxdncxaw,"posities,top"
7xa5cxgw64n53fmeqpakbbli2whhjrlzic1xece3pcqq,"posities,top"
0xad11c5aa6f289c8e2fed77abdada26e565f3872a,"posities,top"
0xc07c1b411cb1f4bae8b3a96502e67d471bd74846,"posities,top"
0x64f0362a260facc6a1d015505cf39a461921e116,"posities,top"
0xeb0d75210648f025068616646c8bd47bf8f205c2,"posities,top"
0x661add1f34784c14e71575765f86f9087bdd936b,"posities,top"
0x9c5e0e76ccd653857a9acd175738b8fd20daaf3e,"posities,top"
0xabc1c3217dc3da73270034d2c8cf9d1cce5a01db,"posities,top"
0xc3051f78f4453eccf5aaf8b8c1db7d2b57ab29d5,"posities,top"
0x403f75897972d5858f3a536dd2e5efacc4fd61a4,"posities,top"
0x13d2b4c38651c0b7239268734feaa106297aa607,"posities,top"
0x251211705cf9f423be67f6008b5635eb58bd7725,"posities,top"
0x126835fec161dcc579ab3d433b3bf3e5edf93119,"posities,top"
0xc0d1ecaefb81f649bf14b8d5bace11f39755c868,"posities,top"
0xc3d5b4b1188f14aa72ea9aeac31355e9de219e15,"posities,top"
0x1e2633e883e1aad2d2757a1372ab8736bfba4bf1,"posities,top"
0x79917490fd58edd9b2452f6ff4a32b43f02b4100,"posities,top"
0x593aad0d6313a6912544a81e789fea81bb6ce817,"posities,top"
0x715c5da8b9529eb1f61eddab65ef86c1eb89dc87,"posities,top"
0x22c0259870aac800347d8e20870b9ecf40665959,"posities,top"
0x2c98e74e0b065a17758ddee14286d956bc948c0f,"posities,top"
0x4be0b11b47caf2f60a57726da7f59a312b78f7ef,"posities,top"
0x859107f8b58fe781530b471729c1cdda904eec18,"posities,top"
0x94a85ff5ed1fe4fc6e6f1b25e8405143d53a4a45,"posities,top"
0xe301fd8841fecba15ebef471bc873fe0cd723f8e,"posities,top"
0xd0ea5844385f5907532f7fbacb6460fd358c570c,"posities,top"
0x2c7f521b0c790c850993a58b67fdde567edb0df7,"posities,top"
gyapcnjx89sb73e47lhgs83n7lc9s3gwcyf2f2l5wl4v,"posities,top"
0x9948aa07d5b202f38b83a68a11261f969a0378de,"posities,top"
0x613cb5eaf514a1a56c6f7361f2bcda10cd0964cb,"posities,top"
0xa9b44fcd364511c9c8955d32be73633a60c1a6ab,"posities,top"
0xf45b76e5ad930883281f2029c2d4ae4541d6fd89,"posities,top"
0x8239d8d1e3997f0cad2334c1e0fee2feca67bc5e,"posities,top"
0x7cfe310b31c71c45a8141326cb73f7e248a42bd1,"posities,top"
0x91f55d64a573d82794bc4f473dd5a1c06a027382,"posities,top"
0xf636e2f514e54b67af9d82b038443e43255543ac,"posities,top"
0xeae14ffa7f5c4019b5862d2dd4d3ce3783300133,"posities,top"
0x0c295f253ed34902dbe67c5ef1e7d1a13896b248,"posities,top"
0xfdb4e6ceb5950c9949e64e5e0afc663290b9c8c4,"posities,top"
0x2994d39adce9dacaceae81c6276f3821aed626c5,"posities,top"
0x0cd81b23eecce3f47cc995a7e866c4e801f350c4,"posities,top"
0x3de009c7adecf4d435fe0aa054c4c558032c5b4b,"posities,top"
0xc22e0fdca24e5f8e9bfffd1d581b006ca35ead4d,"posities,top"
0xc9dcee478bd4e468efe4740a8e80757bfa48bd05,"posities,top"
0x928fb4d59dda96ca3c72b8c5a32e2feb05b4f8b1,"posities,top"
0x68db42696ac551dc858c956fe9e9e769b504b571,"posities,top"
0x9b8fc6be71d370a010814c99381efebf138c2729,"posities,top"
0x12ee901b1d4185c3c242044f90628018ceae1b1c,"posities,top"
0xa5cce50b52eba6c30be3f18def74a98472ff3f3d,"posities,top"
0x087b3be488b3d611883c4361dc563d2077ae9867,"posities,top"
0x6971e87d8d4ff48b8c292380abf57f54f83ef764,"posities,top"
0x5ff68a0ab297b5b2c5f96a3345e74840abed1dab,"posities,top"
0x88687f61f5c1ed4c002a5111e88c5e8e3000ccae,"posities,top"
0x688a25df1038e2c2d4d05213be90340f3ead6dd3,"posities,top"
9jz7fxmx3qvmhct7ch674zwigpgburyqyzxc9hon2jrj,"posities,top"
0xf9b625694646a54b19cffcd726ede37a06d2855c,"posities,top"
3s2dxacvgywvch4sku44tdps4gdd7aajn1q2k9rbfynj,"markttrades,posities,top"
0x6a3f15e6ad42d70a7e3d109bb839123a2fc813ec,"posities,top"
0x96779e768affe4e6e8eb63dda20cb2d70d7c3e5d,"posities,top"
0x918faab5c4fb561d27581fb6aa1c8751af5b25b4,"posities,top"
0x8ca43e09003a52cee722e8dc0b837eda07fa8376,"posities,top"
0x1433846ae16343b0eef42d4b77aec452a449dc76,"posities,top"
0x398c7e14d9f3793463d27f376ff4e0ebac2c7333,"posities,top"
0xe1505f2302faccd2c0520b5d90a10ae1f63525fa,"posities,top"
0x7c4530f47d6f87f7d4213a232bd60e724c3bb2eb,"posities,top"
0x2fa3972d334279f4fe3fe648889086bea0c769c6,"posities,top"
0x297a5701419a6c99c68872270a27bba90d754867,"posities,top"
0xd8b4869fd73005bd021234ea46480e1dd8566ed9,"posities,top"
0x65faa39892364c26b67fa8a2c4ed905027503ae3,"posities,top"
ejhqxgadshxhabtzs2dhcnjfmsu8id4mgj4vbaqtou95,"posities,top"
0x920a15aedd6724358e5ec1cac9b3893fdc22026b,"posities,top"
0xecee211d2726304fc38a7cf9e51a96e24ad5dc23,"posities,top"
0xcd6701225c827bd5b29fa724a4a2dbe38d606136,"posities,top"
6fsmj8bjwrns3pr6p6ld8vmwjwmwesozl8jecw9g698,"posities,top"
0x74b3f1c6c9d5ec6ada803a38a7b5e8bc4f3ab18e,"posities,top"
0x6514576ab5cf8246ae034a968a6a87c4e3cc25c4,"posities,top"
0x66b33aad279359c2feba1ee2d5c32f50e4b50007,"posities,top"
0xdf9a709c649634ae724d5a26634c1425a28930c3,"posities,top"
cjja4gwkvgz1n2brnc6t1chyreabrkc6z9ffljolf8kd,"posities,top"
0x38c56aadb45a61b9e7539ad05afa7f0f31098cdc,"posities,top"
dpnwclqvnivuj6njykoyyzkk7c74smdcztrpbpgq1rv,"posities,top"
0x58c55ea0bc43f40de0abd426a212af55f3f07545,"posities,top"
0x3d5e4af8ef2fb321f4cf35475e75172155bdbfdf,"posities,top"
0xa45bd11166393a27e6e757fbceaaf7f206c5e1af,"posities,top"
0x2eedf5dd18f1f41c968cee3155716a31ecff06bd,"posities,top"
0x0299cf9944a93cfd262d781ae0ab7c52fe0b2e0b,"posities,top"
0x8b77ca0965ef786b4f86e738f32af5df7aa4489d,"posities,top"
hbhsg5pp857dxkn1nafp2rgghdbvke7agclnt6fugkjm,"posities,top"
0xbde9ca5940bfc9f3521d762310710bcb951d76da,"posities,top"
0xb7376b6e074b1f2688f7f0dc9f84d11aea592755,"posities,top"
0x17424ccccae665fa85c3d424540e9fa87a5af3a5,"posities,top"
0x6b3ebd3430a7672ba34d4266334eb35f6071c963,"posities,top"
0x41a69b6e53fa6d5b9739a910733e36f3760aeea2,"posities,top"
0xa054423571dc922130608f98b9e6d6c4c744ee4c,"posities,top"
0xb314a96b9cc43d68e9d64afb152567b2be21e89a,"posities,top"
f9d7nkqwwtcvn8tr3kcunrtggq6qma3d2xbhd9ibmyqv,"posities,top"
e1dymz5cu9jcfoarejuvblkyeqwdl5ynqzht52zbvczn,"posities,top"
0xb25769a98ba57b8e2ec7348e70aba6b93fa913f0,"posities,top"
0xb7916fbb443f3e36b4b4acfce0d21c6557e05cd7,"posities,top"
0x9ac4858202ad470508771da962e96b814f1d4732,"markttrades,posities,top"
0x04462bfccdc3be43a6dcf425f28ee841244c446f,"posities,top"
0x4ba13102569af816bc3cfbad0c95d478fa3df58c,"posities,top"
0x07bb77a6b7dc3ad0ac8571fbf8bf88081cc25748,"posities,top"
9yrpvnrph8rnsrs7ypn3y9s6psskwwggpwt5lduxipmp,"posities,top"
0x28f40132eb3ac6948b283ad51080fba7a6c78ec2,"posities,top"
0xa0484084ffb8302a1d4983dfcabc0873b657aea2,"posities,top"
0x2d9d63433f43a8c55442619e810e1b34cfef8504,"posities,top"
0x15651a691e5c55ea69fbff31b87d08da613844e6,"posities,top"
0x823f50af7b3cd924a7f78fa6adc7ec7ae8c1b4c4,"posities,top"
0x4a4a6f572a340ce89060ceaddffce3514241cedf,"posities,top"
0x1967a26d91c8ab3c0e1311b55f40531b49b705c7,"posities,top"
0xa64e3847bc623e81b1f9f3d9a74ea55aa2c7e792,"posities,top"
7n2c4mobr8ciuygyyhnwpvuz5xwnvqdeazywabbe8aij,"posities,top"
0x8ad5f671307428f10ad76286fb8c6e6d7953c198,"posities,top"
0x5a1e747482f8773fe52cca9951e956f456efd0bf,"posities,top"
0xa441e7ccce5e0055f3aed5d712f42210175a0675,"posities,top"
0x5f4a4d62d9aa62b8e02b3be4c49697b67fcc0235,"posities,top"
0xeb4a4c45c113335d8580cb0344dfd7d81494a5e3,"posities,top"
0x1a14251dfbc39c8a8edd946f5c18d9275df710c1,"posities,top"
0x32b5b077d141f892c5f0134017908ccd698e92a9,"posities,top"
0x8219a7cabdda3492a3d52cb9498697ad4e385a8e,"posities,top"
0x8417c7180b52ace935531067827bc80239d3aab0,"posities,top"
0xfaae73e4197ce420aa92614f9d73bd55a9c84f5d,"posities,top"
0xe5a9020c1de2a084b8f457a45f60a5971876935a,"posities,top"
0x47008c5146b2b0cdea912a51cb516aa06171df81,"posities,top"
0xe31cf01e59d7ebe87d5c7e1f27a0c54e8270aa0e,"posities,top"
0x61b4027e5fef0dfe5b14e88734106593549d1b70,"posities,top"
0xa989639df6949a2875f61de77283e3352dc9d77b,"posities,top"
0xb34b59388db9583a8911b9828d2b4c27e6bc89d4,"posities,top"
0x139f2916cf105a494efa59645bdc0598a5d4c256,"posities,top"
0x1adaf270ad55dadff5c7341bbb6d812eb69a8c85,"posities,top"
0x1d4143b2434b20ff360a05912626f56563838ba5,"posities,top"
0xf01b8d9a4756b86a935a65cc3a82179dd5daaabc,"posities,top"
0x9f988fc8861353f6713a8c87525dd2ecb87964e5,"posities,top"
0x7d7e5480631472867a621d1837fe4b9b79f22a2d,"posities,top"
0x69cdee059a750b584473e3370be6a4555ac837ec,"posities,top"
0x901b4c85624215f25a24e012b6467358ca3f2484,"posities,top"
0x84058f4d56aa55d4bc6bc6a4e71e7e0d2d8f0c15,"posities,top"
0x90c058f9396326937c0d7f0290867c96dc53bf19,"posities,top"
0x2666795551b497706ca1dc36828da1fcb70557e2,"posities,top"
0xf3ffbc0dfb4dd9bd019d23baeccfcfdebbffaca3,"posities,top"
0xa640eb93ac59814942916c2a756253e66a5fa2b5,"posities,top"
0xbd330c3bafcca158bc5df5f7c0c243af1b4e50cd,"posities,top"
0x2a5ed5bf40ed5e90e8808fe7118f78f19cd24275,"posities,top"
0x317693456ffe9f2bc895ae7d4eafd0f47fdf693f,"posities,top"
0xa0128a76dd64fb378532b7815dc8c427fad93798,"posities,top"
0xbcdb3b93730707b1a584b3c0958b813d9880ac7f,"posities,top"
0x21612e8065cfd349f6ec83094893e3bb975f042c,"posities,top"
0x4bd649ef57e2703031302aacb3bfd61148df6b18,"posities,top"
0x49dd098946a32ee3cea2530a818e62990840b9c6,"posities,top"
0xfaab828d9e2c5eb4ae272a08a42052ed193426bf,"posities,top"
0x1a3f89daed3158a316a0e93f1bc2d296ed3074da,"posities,top"
0x4e216ce06ebb35f95b0d0623a81c14435b594042,"posities,top"
0x74480d785d7da6354988313d31a39d28fb2e716a,"posities,top"
0x9c92c1ef6606396b8de0d0620a4dd37f7c0a7527,"posities,top"
0x5c42b3e6ea276d3b3e448fd0469d486b3c4d0b6e,"posities,top"
0xdfe3479b65a6a67e232407a535d2a893f73519bb,"markttrades,posities,top"
0xf2e5338fda56f82744f4256c1ba1cb068807b4c7,"posities,top"
0x1f0a81036c859c5e798771ef80b1cff9278b1cef,"posities,top"
0x0b23295e8518f09e9a2bd7a872013473784c1faf,"posities,top"
bvftqzeas8kmpkcugksattulnqj8esxtlryk4ngdyvju,"posities,top"
0x75e158febc273e97b34ff3a7bb7168946171ef7b,"posities,top"
0x0887184a115a1fdbe293a24ef395aa57b22d95aa,"posities,top"
0x3e412ea131dbe30baad72062722619b53f9adf39,"posities,top"
25keo4puswfgyayaku7vzr86xnclmc5v65alm33udwys,"posities,top"
mcuz5bdzjqtt7nsebfscmwgbonzcxwqva6vzuhvrhqj,"markttrades,posities,top"
fdytydwwjzbuetm4upogzcuqaetzwqywnhuloyjwu1ug,"markttrades,posities,top"
0xb31be2bbdabbcabb8ebb777ddbbfae35b2f45b01,"posities,top"
0xfbb2c0789de7c42d0b686d5fc6374d471bf77aca,"posities,top"
0x86798d4fc2c0ddf5628a60a256d706611df7ffe8,"posities,top"
2yjwyaahgecrftxlgpj6pr3v59qt3kesa8wzpvtzxsi1,"markttrades,posities,top"
cy6sapmkesr2xjebffgssj11wqqemj4g9erbjxht2pqq,"posities,top"
evdpzuexswncxrfshefmzojnwv9veyzfeg94r1rzcvz9,"markttrades,posities,top"
0xc5b3a4e448488d0511d076e5f4e2b99f2786105d,"markttrades,posities,top"
0x9a6373c6d7541c02ab13af6d8e9904215b123959,"posities,top"
0xfeb5b32f5c959376d091e58b108900ec50fc00b5,"posities,top"
dbst73wodhrispuqkrlwnz55lhrkwjux2bw9vl3pwaym,"posities,top"
giredvc2qffvqpqycadcvygyj4vyax4hrluir4tmsj26,"posities,top"
0x780c3ed2903f3212d2a47e7c37b5a643163cdd9c,"posities,top"
gylgnyxkfgf5tent6zxmt6rrvzb9mowekpxrfrmev6wv,"posities,top"
0x2dae43c9bdff7207d6c9e8e32f2ae8100eec082d,"posities,top"
0xb73cd2a9d576e901b552779a57769231be6296a1,"posities,top"
0x982648bfe49a8c84c6ff0274944c8d303634c92a,"posities,top"
ggckmkxh7dj7dcxnvzdcbhk2tkc9rid11qa3pbncgvy4,"posities,top"
0x5e05bd32098593d1272d70d266f3f9b790010c45,"posities,top"
0xbdc338f3ca019e6db3818d04d21660f685bb80e8,"posities,top"
0xb23575ca992f23501cdc2fefb38790c11fc8a009,"posities,top"
0x4d0b975ffab0cab43b2a722bd93bae5558079a12,"posities,top"
0x6cdc91569267b51bbcc91a31e6d8fe1de88e6225,"posities,top"
0xc5b8f2279efc1f1caf09a23ee257cbb699229f39,"posities,top"
0xbd3f82299e3ea12c83283e30fda4f400e1da592d,"posities,top"
0xd493720d6efb78a745c3cd0a179b198968f24afc,"posities,top"
0xbf9c0baf3c9156792f1e404410a7dfd6adfd0852,"posities,top"
0x59734b9ae4211bbd8035f97ed3e2a5aac0a697a5,"posities,top"
0x463801af6028e91232f611f619f73d42ff15e5ab,"posities,top"
0xce3b0d5cf1b71ea168b445bca674c273c24dbfc8,"posities,top"
0x0e4b04d0fb9e6191e6401f1f3cf10917c12e2f53,"posities,top"
0x1834789af037336172e60a5a580380f0702915d7,"posities,top"
g9lbvfsqtbdfhupfjhmzzfgv5pbnf1mwwcs94phz5ujx,"posities,top"
0xa0e3eb6dc7d21744ba48f984957e779615bdee6b,"posities,top"
0x751b27f8adf168959ac599119ad627b430db0d1d,"posities,top"
0x2a7e32f0a1859fd47945b2c1f7c9922ed95c0b0f,"posities,top"
0xa54fcafff39da4514fb5c4245d83f6418d5dfbb2,"posities,top"
0x30a106fed41fec406a989914bbfc66fd9c305276,"posities,top"
0x9acb9862610253244b0e9e5b21c28be242e714c6,"posities,top"
0x512b24b74cd00a450c7ae15df380142c49c4e49a,"posities,top"
0xa2311e75bebdca24a3dfab4c50aae4988de1ace8,"posities,top"
0xc42a684fb70a86ac9bd99d4cb9ae75f6cdf3a7e9,"posities,top"
0xf5d2031e5fed5e2eb1361b00c22d708c6153f26f,"posities,top"
0xc59a29865c860ccc2244e1dec1809204b78cfed3,"posities,top"
0x3e8d7721e52b50ab12b95c4bdd443f72200385cb,"posities,top"
0x1ca6f9941f6a6becfa2e0a4cf08b5ad2776777b4,"posities,top"
0xeeaf0e96ed96f6c3d4cb9e3641915a8b5d1025fa,"posities,top"
bwbgnf8d1vltw4sxr6vyxtxutr25k11r7luxkmufoxmj,"posities,top"
0x5160dbd709c3adccc3b2ace74abf6a4dafb18dce,"posities,top"
0x3c9efd6bddcf198b5314f300b93e8bfa0d3fb070,"posities,top"
cbbo219xrgmxwcrmkvkpxz7rhnzybtsbvtejcbpg3k91,"posities,top"
0xc4edbf2a1d428fb228733915fdbd8f30acddc551,"posities,top"
dkty6fba3vonuew4ccotdtfabgbdimxg6bhmbdwhn8xe,"posities,top"
4ymmprywnyjz2ftpsmbputewsevmcvru3kmmgxkasxly,"posities,top"
0x6985bc0e05adac142150feda4e629fea0a3375d8,"posities,top"
0xe1efbee2981024a23a1c00e65e04921dc037ff3f,"posities,top"
0xeec37c35645a2c9591291a0f32611ad70649db4f,"posities,top"
0x3bbb0f7459f191cbdd6a14086444669b144cc249,"posities,top"
0x82a08970ca063040f8175535b13e11c75bcd79cc,"posities,top"
0x3dd78bf06fdfa3aaaa87b25635a8404b15551345,"posities,top"
0x985929a8d036f647751dbd71eb1efd08b0698942,"posities,top"
0x7d1241086034c9a4be53271cf85d499d4dcf7ffd,"posities,top"
0x29ce3828387e0bd720184fb7b7d988f3cdd4542e,"posities,top"
0x8633757c95ca594c82905405b0de02e4a52c09a3,"posities,top"
0x3b516cdf24a18d2ab076a7df40f050ff27403866,"posities,top"
0xe753f508994d7ea8a513b94067b19da987613ebd,"posities,top"
0xf8d248ff11431896707390ba2beaa0d18b66d7db,"posities,top"
0x0d71aa3e3c492857a376e9468726599b82f79c6f,"posities,top"
0x0dd63ceec55250729bf1b6f394741a672b99e334,"posities,top"
0x286db3f21bd6785d37138ef2422e807304e05050,"posities,top"
0xcdffc14beb97f404b36e46b3777d1253c45c5621,"posities,top"
0xeead6f584afdf857b1b4a392e60c1e6401dad018,"posities,top"
0x8d7e50e77b9b6811e1c03762988c53aae2527e79,"posities,top"
0x372d4295febe03a46ee2ea66a716cf4670966f46,"posities,top"
0x37c9f4a1b36ef34bbd66b3f942ed4495379881c0,"posities,top"
0x959248cd7469f7c269403b49717ac8c18145d5f8,"posities,top"
0x6d7fd07d82bb569f5bbb94e9d0497db6784a2f13,"posities,top"
0xda89e3f49275897f0869575785bd1a1c218f9c05,"posities,top"
0x170a9c5188bdcb421ea99bae9274a9479fee4db1,"posities,top"
0xeb973ba0ec4f11a065aa7a0bc503871f304985c0,"posities,top"
0xb502d82dcfff96e366a7d23ba27082d27b9a8f0f,"posities,top"
0x58d670c8306f77df7c7fb4b73e81bc2019d8c00b,"posities,top"
0xc905289b9a7c8f4be833e9f3782f5c63f2e8689b,"posities,top"
0x10f0bc22af0a07139eeb319126b22b76b076d423,"posities,top"
0x72b74aa41f6c0ee84fd6fa526cec722580263c9f,"posities,top"
0x6ea86f91f83d86443c53317b35e7b60ef3e99916,"posities,top"
0x209a988cfd170802620777f8e0ae7fc71f965ccd,"posities,top"
0x6b9dea4ff789e691b83942f6442d7479060776d9,"posities,top"
0xdd6502563948af3e7f8d85235f198e00d81b180f,"posities,top"
0xe0e336c789813563b76e0204f88bf5ba72b8840a,"posities,top"
0x7cb6cc255f1c7bb1600caddca36bb46ff342b2c7,"posities,top"
0x77704291bda762f9433316e7bbb37d31b297775e,"posities,top"
0x325ee9855c82e617f52659d2fbc8addee3934233,"posities,top"
0x0d1fbc786644852488372072367c631cb10b2dae,"posities,top"
0xdfba219ab781155b4ed2dad62c00175830195fa2,"posities,top"
0x0cc311bbbb5378e4da323fd24f8192fc257546de,"posities,top"
0x47eaa3429a8defec8fc0f70a09c99f7a69f7773b,"posities,top"
0xd1aad36ed3b439c4c90a9f697cdef6c572f5cc49,"posities,top"
0x5c9e30def85334e587cf36eb07bdd6a72bf1452d,"posities,top"
0x156daf376cfbdd938c470a227508b0ba022c998f,"posities,top"
0xd92293daca6bbed57f8cb6d498b48ea93e035e99,"posities,top"
0x6132727c4fc42e8c6fd0814bd62ca0565844a596,"posities,top"
0x6909521fc0bf92faa33f333d1e50d2dc51946601,"posities,top"
0xb42644484b313eaf21a52b457cdcc4346014e526,"posities,top"
0xc958c5d9a32bd8afc2b7052985fae7988238bb9d,"posities,top"
0xd5de54c5a1a8a84fa9d11413b8127634abb39e40,"posities,top"
0x564d5aeeb2cde5ecd16da4c0398c3937441359b4,"posities,top"
0x3394a869d0c216d4d6a93489b30f28d8a51e9346,"posities,top"
0xd3e8e26b1b2a520eba7c9f3db9410a20443e8dc7,"posities,top"
0x3c9dda47ac2798f2ad37474b2b4f0e5503868da9,"posities,top"
0x36c3d69aae0438820d2e042b774b1d40b13d5b63,"posities,top"
0xd4b2e02652f4fd69ca82c0258cf641e61d426688,"posities,top"
0xe8a91d9a13ab4e0a43e2eac15c2843f198dbbf6d,"posities,top"
0xffcbd7ee50217c95dac63566cf36714e35795958,"posities,top"
0x5ed593960bec2a12c598ccadb3676102340500db,"posities,top"
0xeb226acc3d4bd70a05645321cffcb877187fa910,"posities,top"
0xb3aaf29995ca2be7a4bc1c85835341926e4261f0,"posities,top"
0xbea8a48179a3072040389c4fbb8c186a56059c2a,"posities,top"
0x8e36d07f4718aa6e0744c26f7d0b591ec410ea83,"posities,top"
0xa1d2693b5d4ab2f931cbd90ba20f78120096b45d,"posities,top"
0x6d92a5317555074938711380bf5427746358eaf8,"posities,top"
0xe668004e7ff8c6be65eb5b1842c00d3f66ef1d96,"posities,top"
0x147d8ab7e76a0c70043a0ae4f2246f8052ad6e06,"posities,top"
0x2e1a4d2753b03bddccb04f12ede8bebf1f4a5ea3,"posities,top"
0xb53eb82b11f1d4d78f948414bb0f225b9eba5267,"posities,top"
0xd7916a617d4a48eeb10b2d0eed06d874e7b3ed72,"posities,top"
0x553926b278fcf1f4160cba239c877f4cf4e5fdc4,"posities,top"
0x05ae5d37cfafdc5ee0180ded94bf0132dbe7691a,"posities,top"
0xbb0c1f0698f5989ab6cb6a8d261dd35a7fcbe362,"posities,top"
0x618ba654ace1ea680164fd0c8b60c7aeb2276c5d,"posities,top"
5vfs4ihvbtvdwnyscwhnxxahz1uqqz844uyfpukpsxds,"posities,top"
0x6b867070db774610a27633f7d14dadba8d371176,"posities,top"
dcfebe7p3u9jp9scq5rkppbvoxjqz8vboqvfls2ewr7u,"posities,top"
0x47296e0f21e4febba8851b18653c0882bf47f5b8,"posities,top"
0x0c45d836c3ca74bae325e871756e60e656f59c26,"posities,top"
0xfd8c1f5163d0c023319c7d2fd729ccf138ea4296,"posities,top"
0xd7362689e5f012fa818a43c83d8537933dc5b1f7,"posities,top"
dmornfjxgghhwzmtvppvavklcncdncyawzoqpfesyk8s,"posities,top"
0xa68f00d79438e94cb3025f579e1436865e6c2203,"posities,top"
0x980d571dd2161000eec8e2ed4ad592fc34c54372,"posities,top"
0x7ab9a2dddf89b55bac18a3582aa2bab84d1ddda3,"posities,top"
0xe75c9e8eb7cc4735704ffa2fc37030bb8257762a,"markttrades,posities,top"
0x0bf20fc42ce753efc2dcc5782fe1c71e77adca52,"posities,top"
0x32f88635a7c68d8dc0bafd44aedbe56a8c0e0398,"posities,top"
3q5znpqa7iu2dxpqnj9fuhhv54dpn8wbzaceh1bjjp7t,"posities,top"
4phavtqdwnmanzsd4sjsx98sr5fpayhkd8sazcc7iqvf,"markttrades,posities,top"
0xd9e50e653ba337fe4b3ccf06cdee7b6d095e1681,"markttrades,posities,top"
0x0e2aa3bd190371847e3312a6aca14560ab8ffea2,"posities,top"
0x7e27d5d1dd621cb75f02872a3f2a19e5650eace2,"posities,top"
0x0d8a6fa11574f7e1b2acb73723ab05cb2d9826b6,"posities,top"
0xe9bef887ef8fc6b86a91928c871add3a6301e92f,"posities,top"
0xdc08bffb8db5de7372d46c5fdab822a02521581c,"posities,top"
ayznqmvqf6vhaawvnhcrplpc691vll3vt4w1v2nvmy69,"posities,top"
0x0cdb2a721ea40d78cf3cbd648c068bb30033a0ca,"posities,top"
0x67f7d1057be3a629b3ee543ee76bc175d9188cb1,"posities,top"
0x94652b5c694421cc5310382dfe3bbd8128c5a59d,"posities,top"
0x796a884aa5456e38706a2e596effde2d750325c4,"posities,top"
0x9f16a6db5db80a28c06950d51c47dbb7ff06db64,"posities,top"
0x76d4f7de4b22346f50c6b33c6ed8aa5d1c88a4bc,"posities,top"
0xec1d834037561d7c6001f0530ffa7a797f596d01,"posities,top"
0x7d84a32592f1cb504608b6bde450342428e708ed,"posities,top"
0xbff39e511f9c7d8e5b0b0d11c47b8fb68398564d,"posities,top"
4o7wuqlueczzpijcjrx8ae8ccobmvsctzw3stkepayb4,"posities,top"
5eaexrbwhaqcsegqeen4nq5dgjc67kenxqredczontlb,"posities,top"
0xbf0892a7ef5410cd57fd74c8f007a9f282bde6c5,"posities,top"
0x2e79e5519e203db2b1a52a3ab87e12b044c8b062,"posities,top"
0x992643efc6d851785ed7e7760752033dfc97b563,"markttrades,posities,top"
0x933af8c4ece995fa807df5cc6c7faa004f2be53e,"posities,top"
0x46a4307edba2f774de60e38c5d14f8646fe5ce63,"posities,top"
0x71f158b543e5d6e9f1b301841c8a132168b29601,"posities,top"
0x81f012257d3029ee3b099287edb33c219cf21a46,"posities,top"
0xc0d742938e46dff789fe7305eb5a63e30dc33459,"posities,top"
0x053be22770dc0261fe27b392765a313b9a07a8f1,"posities,top"
0x96e3d4d0e4e271cb08e5dfc0c1b1dd77ca0fd089,"posities,top"
0xdcbe44d72d64a86a1da0c0dc1c877581b60b4bfa,"posities,top"
0xe77add5bbeeb236feae51738a480795400c5abca,"posities,top"
0x6cf94b75c6252efa0f4e1ba49e709314047ede81,"posities,top"
0x873fa7aa172a13ef48756e6a59cb4dce0101a418,"posities,top"
0x919e6a9077965a4a24b9a58977ec380ad94dcb90,"posities,top"
0x9c097ed6525f35a168962cbf23591574d5fe50a8,"posities,top"
0x51493327630c7dfdf89f7c79e92d9a4e49ce4955,"markttrades,posities,top"
0x45bc5b99b38b7ad49f8e52f707589acb84d75cc4,"posities,top"
0x0071e3e5389538614ebaa1f789a80b83882e81cd,"posities,top"
0xfa71c8000ce627c30fdc50ae861f28fd692915a3,"posities,top"
0x12cec7cfd64ffcb3300541ac4fb76718651c7862,"posities,top"
0x97e7f9f6987d3b06e702642459f7c4097914ea87,"posities,top"
0x7cd60ce1bd4856edf5317562e4a7874e1c1655f0,"posities,top"
0x87354016f063c8480c6f4c1ac202dbd214d7bb6a,"posities,top"
0x451ea2b7f95e71bdaeb31cf987cf2840f9d78506,"posities,top"
0x2eed6ba391b85103aa49161ed9b81e1122c0c1dc,"posities,top"
0x5555da9c93510532f05300c74dcd959275c262a2,"posities,top"
8anyq5abhpzevoavmvczwy4snpgpqy3z7ltve6fiesia,"posities,top"
0x478a2b609537a5b56783d8f64946cc25ec81120f,"posities,top"
dhzwhbf6anmftvjlalomtpcmmwiglmkl59kwvchnabn5,"posities,top"
0xfb31c45b088da320bf0db52db93a8e09379982a3,"posities,top"
0xc9d74444af638c03838a4f73888b99d36ebc7a1f,"posities,top"
0xcf851367e1517e1bd4aab93c07fdf0075a2aa6b1,"posities,top"
0x706513b01eb0b83df3e00a531f60817cb9b33859,"posities,top"
0xcc584f7eb9d79624b1d2baec445defb89abd60a0,"posities,top"
0x54f4c0f2bb5f650dcf9fe7fa37b50e503c4a07d9,"posities,top"
0xa68db2947f2e155f3df2065235ab7007b1542eea,"posities,top"
0xa90c2fca94e4def643603f6a1fe35085c8ae5f3c,"posities,top"
0x2cbc1e5b0e33e715854f12eb9682c01cc87d5f8d,"posities,top"
0xb0b95bb8b77d1ac368f5fedc92733cc54d0fd399,"posities,top"
0xc79ee2534d2ef64063dfe681cc6a2c958354f5b5,"posities,top"
0x9b6df1980540a62cb39788e6a02a32dade17c548,"posities,top"
0x0d482e02ff979c9eb56241a663c406f7793d127e,"posities,top"
0x6c58ef57a485464c707134a72ede3a739b8b8492,"posities,top"
0x6eee5490ba5a023f0219996d0263e89cc47dde5d,"posities,top"
0xbe7c54feffa8ec16248876eacf932d4f3a0b69b4,"posities,top"
0x595f66dd9b35d8638bdc8bcfcc9e70d2ec36c4f4,"posities,top"
0x2d7bc81c0adaf23f15670aae89ee09b5c808eee3,"posities,top"
0x156527bc2e57610c23ac795a1252cac56453e320,"posities,top"
0xc54d79a87f12364ab622252a7a9885472277df37,"posities,top"
0xc3bd3e3ce36149c1eec961e7d09f8d563e16bff2,"markttrades,posities,top"
0x7cac9db7c1e4e7fc3baf57f1a9f89befbc9da2cc,"posities,top"
0xd44d83d64d67348775f98dd0b1aac9265579d7df,"posities,top"
0x5d54a8aacb6343f7c18623f8992debddf9b38fa7,"markttrades,posities,top"
0xbc08e57f8214577892144311deccd7b5221c59ee,"posities,top"
0xcdb890bcec8a7f3ecf2a4dd155bc8bfa64e73e7c,"posities,top"
0x1578335be57c9ad4f826ff7ed6b35d5c994ea3ef,"posities,top"
0xdec08e4cc899f88bc0cb56a54517d2d618fa1265,"posities,top"
0x070df4c641e3ca3c3f544bf0ad79b18851f888c2,"posities,top"
0xee6c53bdb99888a5672b6f712f5d7afc567457db,"posities,top"
0x27c46ef8a4a2eb9f8d652d858ee0283af511bad6,"posities,top"
0xde94b3c88f856fff227bd83a1d42f394c9e92541,"posities,top"
ahadyfccn1zgxcag6qqwnvv3u6s5atsb7pakunxwjtct,"posities,top"
0xe08fd01065bd3b7d306ae86a5e3fac1567c29288,"posities,top"
0xdbed610a43fc93712b41b1e0b59df782807a6abc,"posities,top"
0xcbb18845316f49c9adba17b709e588bb800be28f,"posities,top"
0xdb57b5a6837add99995513f0072f3800cc26314c,"posities,top"
0x8d27deb2405717d649346502f52b959aab4eb3af,"posities,top"
0x3cc59976026afb6fb8fc79c09088115799ce9957,"posities,top"
0x55b09fb58915d64913998e9208d5e48878f98241,"posities,top"
0x4b85f20895091c46c41f72dd59a1dccb4a70be8e,"posities,top"
0xa416dbbf70bc845154acefc04a4aa7dadeef3d90,"posities,top"
0xa11c89cb25befb7da4c1e201377099212f102c58,"posities,top"
0xf9024d5c5578acd4a93da4437b7117720d66db10,"posities,top"
0xb6533b50b239c877e52738de906d6ba8ef1faf7b,"posities,top"
0x3df5ba668fa69378cee5440a0786e87ba582fbdf,"posities,top"
0xfc47da77d3dae0c9395516805e81cc7c689b21bd,"posities,top"
0x8a2ef2e1ae7dbaa224bcbd6d84b95f4c071f1cf7,"posities,top"
0x92ce7b68f1557ce2b3349e96037edb3544a4534c,"posities,top"
0x6de5031af6a0ae5681da36c2e9dd94b27aea15e5,"posities,top"
0xe0e979512d40df7e87e71527306dc49a31d2ccac,"posities,top"
0x6482a07ec9b8ed76cf7989d19d39d508cfb5e875,"posities,top"
0x87174737f5ec852c45077ea9fe6a0c219ec53799,"posities,top"
d2dk1g6b5wd2syvui946yyhl1zkmqljpende9rfgrshi,"posities,top"
0xdc859b19a8650637a762363b292f467fbdb3f75a,"posities,top"
0x48d373d91ab790692b8130fece1108973165b7d6,"posities,top"
0xa91bce5176279225d9768dd95d6c037219255fd5,"posities,top"
0x06e9925d3e8c642371232e7492c3916d6b855aaa,"posities,top"
0x559acd48aa695cb4cbcfbc2ad1aa58eed22105c5,"posities,top"
0x5637b6e250f96ed4655d0bac4260669915d96421,"posities,top"
0x261e5109cdf22f46a7d0acb1b0df04bd47e897a8,"posities,top"
0x732b123ec07f4e330672c81e6d98bdcfd5a04b69,"posities,top"
0x46b830bf2c258f5a7db64eb9a96706a91132715e,"posities,top"
0x399d5ea47096cbc41777d3605243213c14a4792f,"posities,top"
0xd65c3ce15ff57953685ee9bb381a35bd8e0b485b,"posities,top"
0x1d8a02843ee285501954fd1fcdb486d70c368eba,"posities,top"
0x232960352cc73662e72d1e62b95a722c3995a583,"posities,top"
0xedd785bc02340afa335ba47833e2f13dac85ed32,"posities,top"
0xacaceac2d04aed83d93a22dd7d18e8ee32ae0d47,"posities,top"
0x214145bda76850b49094700d4601dc1fc194b76c,"posities,top"
0xc48b1d6ef9ac4e6d46445aebdbeb556cfef1ee99,"posities,top"
0x912fe7eb70eaee398d2442f6d9794ed144def5ad,"posities,top"
b9w8jr8vrwrcbh7wy2humubaf1hya423i1msbbqhhbb2,"markttrades,posities,top"
0x2ef276c63c3cbc3b8756cbe4b3de73b241d69cd3,"posities,top"
0xb10fabed0989b101159251d9eb8fe52484265a6b,"posities,top"
0x60909269a639546040481320220eec6b6b3d4c49,"posities,top"
0x38430336153468dcf36af5cea7d6bc472425633a,"posities,top"
0xa73e8560277c98dd23fedbb1165e5f1f7bad778f,"posities,top"
0x0f1ccb89b9c5f6cfd28c85f37ea3a5af6237929a,"posities,top"
0xe7d3377e9f689ce8fcd0837228c0fbd63c1785eb,"posities,top"
0x6c1888f9ab84b6f5cbb287fee1c3d3f16657f151,"posities,top"
0xb55eeed969ecefade9d08a5a046948299d3b8966,"posities,top"
0x2a4a2b91f49d687775bff39c88381bb4ae835c92,"posities,top"
0xf79ed1f69b63fe1595a86b7aaea168d88da25833,"posities,top"
0x44dc359714e0c75f11fc9ab3ae212962262364c2,"posities,top"
0xbdc4012276f18bc5056bf59c0a4c3a3963338972,"posities,top"
0x495f7fd573ef7776f1e68044eed2e2a11d83a939,"posities,top"
0x1d43cb859b30226675cf9b2b54546e9381afe40c,"posities,top"
0x8c6455b0bb55d87bb4a005d746b5d6a2adc9f07d,"posities,top"
0x781a640d9e61f5156441ed5c4493ae05050cb55e,"posities,top"
0x98d90b206f226e8700301bab83a4962d68cb8e65,"posities,top"
0x20e36baa24783c82750f6d9f84b37be66e70f6a9,"markttrades,posities,top"
0x865c301c46d64de5c9b124ec1a97ef1efc1bcbd1,"posities,top"
0x0e34562e5e6afe8c902ee5bf45570156dffce699,"posities,top"
0x43d42f66f098bbdbeac97f7aadb192efabefe72c,"posities,top"
0x9f99c690851fdd2c78d6e0143524c64f2558fefa,"posities,top"
0x6d0a7babde5d871bbfe2b8a6ccbcca6997261cae,"posities,top"
0x5a0e69ed36f0a19ef468182a022d66ca3b8cb6b1,"posities,top"
0xbd91314c0d39d9b7be6064a7775d4911c48c2f3c,"posities,top"
0x6f64fccd52242c1af97ec253ba04d5637cdded64,"posities,top"
dlknf4pt7orwgyhwnfvwvqymy5pahrdkqzfmercphwrt,"posities,top"
0x6571b8078c591dbd51eeca6c2af2a614f5665f9f,"posities,top"
0x7b6f0f04a476c5733df0d487472ba5f4144cf559,"posities,top"
0xae048c7733ba388411353b0dc0dc771527504b3b,"posities,top"
0x2df55e0fd3a0b1f00c6de17b12d96e7351bc0744,"posities,top"
0xf2f7f81b5b50d20c0fdf6f4f3da20d76b00ae9f1,"posities,top"
0x964e0a2d8fe82778b8e5289cf1809caf5839af9a,"posities,top"
0x035688d24b039b86603dc12aa4342281a8940dc9,"posities,top"
0x5eada4ab7c2646edd39d03c2d544327f69b0b29f,"markttrades,posities,top"
2rdvrby438sfvtoysnwvygctyty8jzl456omurkzmhlq,"posities,top"
bxmexezexmrnxgznzheykus6iukca76rbynku5tqzymt,"posities,top"
8pfj6ntqvbeemnt1yh3nz9x6gegiehciazmdnltyzv8j,"posities,top"
0x85e52dedfdde311f2f3f64754ba1f30d5ac432a8,"posities,top"
cmdyaum2lj4sazqxmcjbbk4bvgxcdxde7xwzaiq9bsb3,"posities,top"
8tyhvwfvtzqgxca7ccandqpeef5w1pk57lgp77d6drp9,"posities,top"
13kdubfeveyzvpflenppasvb8xakaedh3cdnxeeyk7ie,"posities,top"
aoftbajauhk9r6x9hhfvp1qrmec9n5c3zoqa58wxpqxc,"posities,top"
hxuf9qr3iwha6o5p31pmdnr8z1pfwvgt1cizrhub9ba,"posities,top"
aj3est2w2o73zqwcg4md6wtfa2srf5e9dnjm9am6rsfz,"posities,top"
gizyv2zsnxaqckkmkaeq3odq8chndckv9l1kmizpemdw,"posities,top"
b2m6uh5mcx1gdrtnoxw6r2qthp5n3pb88q25zrd57gpe,"posities,top"
758q4nkawjxze5g5acmxnf1deyivv6473diqnqd5pz9f,"posities,top"
7efzqnsfvwymg9zpxhs7bxxmjs7j2z62fbzb9jbepujg,"posities,top"
fgm47amuf8ckfhdtdohntvn5aavvuvy147ubqhnqjqr,"posities,top"
emsefyr8mp1c9vwcsbpu8x8yva48txnvk7rh5ab24l1t,"posities,top"
24rdm5bxuihvdxpehnemztn6ixpmrxjxctxoriptdyx7,"posities,top"
0x86f05c6e8c7b466ad3663086cb417e0477182bf3,"posities,top"
0xf42715d74b2da80594175e37cbcd99292020fa3d,"posities,top"
0xf13f35460f572344f68d721707ba4cc0f326045c,"posities,top"
0x3b00f9dc6f544633509d2b79c06675ef16d72de0,"markttrades,posities,top"
0x3ad9f1e3d04c8a1234a0a3f844eb36cf84c744a8,"posities,top"
hhwdwgcz8wybesfdheqqgkbydevpemsqyeptzgngvvgd,"posities,top"
4qgzzung6z9bqrfal1v3txwgtrnxxpex5ufldjnfbz26,"posities,top"
gprx4zawhsc25ux6z2xmj4ejj8hcnopbwmnd6lc9dead,"posities,top"
0x0478e38c7c033c6a9e728906cd7e4dd588787034,"markttrades,posities,top"
0xbb403d34fd8d6d856af9c422274007948383f020,"posities,top"
0xfcf475e5a958e9de6ba6502c5cff66c5a1bc0995,"posities,top"
crngk3tyedsetbpdeknwudpxkhae8kyexkzgbwaxfdgv,"posities,top"
0xc6c37e147466f656c4b0eaee81e78b89df2b0040,"posities,top"
0x9d69defdc465c8f73929b2d60b7dad17d69ef75e,"posities,top"
0xe151f9340244c05a180158f60d2af12e242a47fc,"posities,top"
0x19a21cf863c166b67de67257315c61d7a0adc8cf,"posities,top"
0x70b067e1d5de7fc562bd1b2b748fed58618f32fd,"posities,top"
0x75f8783382a04364c917e6dc78b0dbc4cc8890a4,"posities,top"
eefptujsmcn38fblzjkqncpjnhy69djybh6ajshuoeqq,"posities,top"
0xecba980d571cf690275f6a0203f9579a242ee63f,"posities,top"
0x6872739286c6918f2777770d1aa97fd1210118f9,"posities,top"
0x3211759583dc439fe1280200172984499d4ae7fb,"posities,top"
gbekevqw8je5dnwmfxkimnoryewnbc2jpdgjnokmmt5d,"posities,top"
em3b4lnyka6dhad2vxizovggkcgoxttiz6fsp2usczf,"posities,top"
4qnfqkrhhffbn594rtkvt9dbretylt7mxxhwjpe9azn4,"posities,top"
0x48da29b024fdfb3572453982d0880e48b02e17c9,"posities,top"
0x7b970a1ff18126ed10b4fad049e055ec0b27c544,"posities,top"
2b7gbumgqhysru8zmpy4ann3uptgcyujnugmlw1dqypk,"posities,top"
0xf4441d7173dd70dd82a83a6065f3ee6d92890491,"posities,top"
0x1e9eb62e2b4fd7e8b8c1b21b59e19ef0b7fddfd1,"posities,top"
3ivzircbiksp5u9dniyz9naibfgeec3fvzebnvn45c2c,"posities,top"
0x1088440bc2ed16a514a5e65634043b59fbc1fb22,"posities,top"
0x6dd2e3fcf3777aefd59d765f718d58391354f717,"posities,top"
4simydxknvnnkxsajd8ey6cjprctyxyenei4qeafhbpr,"posities,top"
0xb80be4655582b8eb884c94099dfdf5108b0cec43,"posities,top"
2466vmaruptmy19hsakhshfzviky59pod3vqjmbhjnzd,"posities,top"
0xce87d48553a1bfa2c58270a8b05bb32227a25b46,"posities,top"
0x1897f81fed64a192db9355954179a0958e9df7dc,"posities,top"
0x298606df212a0262387d955cf46d64626f285636,"posities,top"
hu3dkidzqyxdwxhgm5hucqv8ktvb4vkadsca7befvh9,"posities,top"
cyrceee7hntrrxwz4sbwxwteqgjqd1yedo4yxrumncnf,"posities,top"
0xb8850cbc2d112e4d204a90a3eff7364f200918a4,"posities,top"
0xfc3422bc7be0610cc100ef91355691c155abb0ca,"posities,top"
0x15bc379a4cb5c88f3395d35c7091548805426596,"posities,top"
0xe30288b6b7fbaa15cd6432c3264b7e835cce8282,"posities,top"
fvhcdumdjsvnvhvygjyqqj9jk8v16xlmljsdvpawraju,"posities,top"
0xb8f9239cee8cceaa648b400addc6c7956228c0b0,"posities,top"
0x4ce24bf2f7997686d3039e2228cbbc170e2b96ac,"posities,top"
0x98c123ea5cf93b446ea167c0865d936c5d9f114d,"posities,top"
4wssqgnh6m7ewbbfgshtjibba9esxxummudtycjfqnc3,"posities,top"
0x97975768b9f522ff25bdaaa47b7dd64960edac8a,"posities,top"
0x0a51c18e913918f0f725408af010ae179a593527,"posities,top"
cggfvhuxqyqxw3rrmvcgeqgjrc7fkd7esvw56qruefss,"posities,top"
0x454bab60ea39556aa869b16b704590d50cd25c53,"posities,top"
0xc1f83fa0131c29b0887a0e28425a747cff52774d,"posities,top"
0xf17e5a4f62ba58fdf91f13e3918297d77f940fcf,"posities,top"
0x1fd05efeb0b7bac8ee5ef1ab4d345114c5d97b5a,"posities,top"
0x426cf0a8423a9522a78cd3325984ae000d425eeb,"posities,top"
g7qf1gtlvztpaspcfpo35x5oyuytuglxbeikn7m9gbif,"posities,top"
9krw8ptywfxsa9msy8oy3dwctibux68v4ez5klyudycq,"posities,top"
0x13929db42ce4045eccb289d8c069e49eae76bcd6,"posities,top"
0xf954a97ea1e9cba8fdc3f945acc3eae801c40db4,"posities,top"
0x2861d3e3c69456400da7dc1567d4ba99f05cfafa,"posities,top"
0x3dd95a44bce1d69a3f05f50b0d90cf4c82a21203,"posities,top"
0x72264afa8a9df03707603bd15f2ca67fd82128c4,"markttrades,posities,top"
6cytdcf8hhpgabh8te5vlgnmyna8dxs3euwszdqtzm4z,"posities,top"
bg33ott9zv4xyelhpfo83jnjfx3cf63ovxglk4nbbhqk,"posities,top"
0xd861627eb50c081fd6f7bcfcd1255fbf7aeb7c76,"markttrades,posities,top"
0xf7568c369e5ea166d08190c82485c0ac06a30541,"posities,top"
crgg4xlw81pugcuirakoxrbklbza5hwfic6kehkypkjk,"posities,top"
0xa655f4b0f372bebb5eebe704f6aa28beead1ac1c,"posities,top"
3texrsusrkc79jmhkf4egxmqsgjtjtagtvsmzxqadsbm,"posities,top"
9tpck4pb4j1mt7yom7y7jqp8wjirsdfr1sborwubt82a,"posities,top"
0xae03e4f9f917056907e85511ea1e4568613ae7be,"posities,top"
0x7428aa67174b624f399bba6c6f36829bec1a80d2,"posities,top"
eciy2bbamccywdmg3ftzqwauqgab5r4fcyjrhufy7zwa,"posities,top"
7up2hdwncpmuzeuhpcyzecdc68qmt7kgsbyyidtfca6e,"posities,top"
0x9ac617f250fc7917e3f965cc0acc401ee295a268,"posities,top"
0xb2cdae18db545301bfe8332ffdece3cb9344eeeb,"posities,top"
0xb6f05ff0e31c3904fee89b594e611236c4273fc5,"posities,top"
0x1677eebf2df969db82bc16756f81c1c01b897dc4,"posities,top"
0xd2506f2e9538c2eb306fdc0bf683033d1bf453a9,"posities,top"
0x63fd6394f16680d6d58a090b028ce2c0d113a08d,"posities,top"
ddrdd4m7tuulkykkhmlwxropwddjuqg922c9b3bezoy2,"posities,top"
0x58aa7b71d9ea8a91fcdc1e2c1ea7544f21921800,"posities,top"
0x8b1b1882362d8aa0c2d52bc27c744ad7ed6260ab,"posities,top"
0xcd17210465c0834b1525e0c3415ca2bc1159c1b1,"posities,top"
0xc58cde869583b60487aa1aa126ec9333c94d5e50,"posities,top"
0x9763771312dfed5bd8f14c224626be2af6c4102a,"posities,top"
7gzna3pyyysvp4nch3ahsyxvwqxty4bm8nwfzhtdxqgu,"posities,top"
hjpjghuu5wwgtasouhni7eddfhmgzsgxppzsrctqz9b5,"posities,top"
9vrwkryh4aimeph78hthzl4cry5m42rt6evr8u2y2gfh,"posities,top"
0xa7851bc74281810af53efaa5e2229eb0554829b1,"posities,top"
5ugnuduymwc2fuksaznommvsxednxir21zfvnc4jbjrn,"posities,top"
j28bnkoxbwfaoy9wynsizpw8zpblrsr8egrdfmqzfjds,"posities,top"
2qehvfwb3w92ndv6o52s7sq9aqs2vcaclhd7ea2e5o92,"posities,top"
2nuxper1gepjnxcouwsvz2oi9hkbczlx2zcqttevsqel,"posities,top"
yeruudesapntfsvn95hq8nkp2kmd2eunqxamytxwpnw,"posities,top"
33fe1c54wjxbflzik82a1pymm4meclmfnqkpfj2nvcb7,"posities,top"
4fdgorucsufc84iwqoxsbhwshwaew48nmwxnprup6315,"posities,top"
4goadeceifwkg71yeajwcjn5k69u8tj7a2dsojutkvqd,"posities,top"
53ywxmentcjbrstn25ibfoacyg6ursg827jypv1omzmb,"posities,top"
8j1qhashh78jpeedq4jkm6n7lkkh8uhynqwyavq2hdkm,"posities,top"
97aqitmh3bscsjhgutpzucofjwi3ylusiuvacfns58mp,"posities,top"
aybk6r1bbmpyvxybkc5z8r2pwx8wvtuqacw48mhd6cyt,"posities,top"
0xc1b887fb6a38c2eb01daedc9449da463ebe59675,"posities,top"
6wndkuv7huuqyyyqlpfbcfulvjqztwghvusty1hj5o9g,"posities,top"
0xf6b7d75d88cc9233518cf6aea56087dccc609b19,"posities,top"
9f8uynxwdyqwa2q2w38e9seeetzuv1vzj94gzjbnkadz,"posities,top"
5uvghww5ltrrpc36oj7bzpcmgq9v9g7wlv7lmuqdq48t,"posities,top"
0x3dd041baef52bc26bd6e2d08624b55ed8539ca05,"posities,top"
3mujkhzmnhvabgd3fytujhj3etctjlvhbyarpbkrmt8v,"posities,top"
2bni685fzdinnrd2effss7qxxnqyfabpsakgj7m9epyz,"posities,top"
x2zgqa6u3mxhdyq5nkmxghjfjruubhgt4tzrbuunouh,"posities,top"
6szwxvqvbmmcvmb6geacowz2dsubtfkxcqeueixap92s,"posities,top"
baaajs3ji19q1gt57ys7vysvoyj17lxweo8rubn67yjm,"posities,top"
atvhozrirav5yn1re9dguexq1fxb3zpjuwfphyjzjfzl,"posities,top"
a8kfrhpm61t52ykmhmpsc9al9lqoh9uzpc1f9f8vkvto,"posities,top"
0xbbcac1fa99c3ec28284ced9ddfd3ee73a7de45e8,"posities,top"
cokghkmdizepaypwcsgz5bmyjgvqngmrsknxdcg4y17z,"posities,top"
3dxk9am3rqivdx5czotavayt4whj5sd8dm23dha2dxh3,"posities,top"
dmsojrdtrijteherr8xypw882dffnyhyd4gcjt8d8q8c,"posities,top"
28bvmrkyfytbad9vxe3wvikva3pzgahvvexg7sbds3at,"markttrades,posities,top"
8aw5dhjm36nrrclcizioawpxucfv5tduwcwyxj5x9ybi,"posities,top"
0xb0ef6efad67a028023036d0d8fd51f517709a788,"posities,top"
mffa6sbvrjsdrnr4psgmlxf2gzsyh5hwsp7qbqv2r2d,"posities,top"
0x899a0b324a560010d700dbb376640336e02132aa,"posities,top"
0x0b0b65648fd89daf4d5383f85d55baa48adf5c58,"posities,top"
0x6df6584e15cf1bb178cec8e19dea08096b854b5f,"posities,top"
0x542eabec047fc3e07be5fb0db8d3e3bdbfdbb391,"posities,top"
0x0b41078fe96ad555b13eed39f30d2c7d264fdaf5,"posities,top"
0x8f575ffacec2822046f8fe1b6c81f4f48566c31f,"posities,top"
2shxp35xectbszr7e5jmf55wx9kftfahkutde3icngtn,"posities,top"
0x4829f3bbd5508707339547ebefface2b4c86d3b5,"posities,top"
ccmnc4dfexxh1htaftpndj38pfgeccsnrp4nheyubqif,"posities,top"
0x3c78dd98e8a36e7de5b6f3a75d6aa55034f40046,"posities,top"
0xc0cf9c1b374339f74da59a1c736a54e0bc5722e2,"posities,top"
6ksn4rwyr5vj7cng1dabsgddufsww4c52bnmcpxwxmap,"posities,top"
0x3d2d339977c7bccfbd56f733ca0279792e21ae11,"posities,top"
d1dwmuqceznqi53xs7at8fegestzwygvuxsqmmppct3s,"posities,top"
0x619c5eaa964784823547b558740291bd0e09efda,"posities,top"
0x258cc91f6bc0b2c0911bcbc1d5af6124ae5b9ea4,"posities,top"
0x5e685c695ef0e2eacc9ac5b3b2412ade9a1f7114,"posities,top"
0x0af32050d356ff2976d50a42b8400da107ed6f1c,"posities,top"
0xd1a0b66835d830e9ada42eef436f3aa8005b20b5,"posities,top"
0xc672f2b266fe3b28df0162589266d4348e3a101d,"posities,top"
0x3b7f779745f04dca441bf78b2333d7289419a650,"posities,top"
0x3a0c360f97c782d1414d653cef6b178de67fb322,"posities,top"
0x3eb1580abffa4a7196a7da351ccf069487632864,"posities,top"
0xf784ec08e1ea3166b90fdb339fd5e2afe1a73bd9,"posities,top"
gbxgs21cuwxaszd5zx8rgns7nsszo7gxsmecgm6xjtgu,"markttrades,posities,top"
0xa21f7b0fde6482535220224602be3e4e71434cd3,"posities,top"
0x4482609e05ad22497cecd7eb5074c2ca3e546cee,"posities,top"
hpbgfvcycrmuds5eatqcg5c2uk2psyjtex8o6z2cdl57,"posities,top"
0x00a9f49e8f8938b8d71011ea9c78358d4d6709f6,"posities,top"
0xd0b000d1d883c9b03a93139d0a528c3a4507f1cd,"posities,top"
9rdh6o8js2kjhch6wclqmqq9tpxrcyjmkftsvjcsrrdx,"markttrades,posities,top"
0x5f4088087bc42a768adee8d22715d32c3d4f7ee9,"posities,top"
6qkal97fjats4sxlamfa4echewazbn12euk8f9z7oryo,"posities,top"
eburaagexc98xxupcc9cxqpgtjgwtimthslnhrcuetrk,"posities,top"
0x44fc5ba999a85f8a173f556376b59e8e31a111eb,"posities,top"
0xbcd786a45a244a06477dfb79523010408c71a49c,"posities,top"
0x4810c7be4ea8008e254f0f942918def3a4af1680,"posities,top"
0xeeeadf7dd0c229df905a2eb0766552ce1a966ec6,"posities,top"
0x2b211c0d0f44983b84b7f6ae4329dbbfb9cdf1bd,"posities,top"
0xcb8330ba5e60a1dbd5efaaa0eae00c3550a3232b,"posities,top"
0x7c834c7e54bb2a0a19fedbf92095b0b499e152e4,"posities,top"
0xa59b2f041202c584aedbd2ab710b1a3926007626,"posities,top"
0xef0acf94228258724efec612c2afce9e473738dd,"posities,top"
0x795f50722cf5ad82f78dda8dc8f7b235332977c3,"posities,top"
0x8b71d299372df2dd0f19c8c78c4a2a3ba6d43b8f,"posities,top"
0xa5066a87b8082b3720ea7ea8cffdb5e364516834,"posities,top"
cl4n71q3lnxnxst1ax1ed2lzjgofgtuevr4y25yyu8an,"posities,top"
0xcb37f1fe07988e6ff6c21b28b986fed13ebfa549,"posities,top"
0x618cee799650cdb4988fbf7aec3c01c7579a01b9,"posities,top"
0xb2b7fcfdbdaccd2e7102db3b6e63f985b7a90360,"posities,top"
0xb71d05cf5cdf7a9b15b20b9aab5e91332c271c96,"posities,top"
0x3416b7dabcd871ac41713535477a204b1ffb660e,"posities,top"
0xe1efc2699c0f8953deb06316d10bcacec6de796f,"posities,top"
0xc9bc634d8e91d16915bb40c2e984d52aede3174c,"posities,top"
0xb865702410d83fd10712639aa256d7ca33e2062c,"posities,top"
0xe9cf3844b059f14ae7dda239a7e0202e56026496,"posities,top"
0x8c18632bb0321957f5b22967e21a4eaa66c9b431,"posities,top"
0xa0edc4069b66eed1eba58029092b24800fbe096b,"posities,top"
0x092bc8be5eec36d989078c803fbb02b1aa0bbf6a,"posities,top"
0x843b6b73e9532cac09f918df45cdcb31edeb942d,"posities,top"
0x5e0ff48ffc6328635028b509fdc5730de22af227,"posities,top"
0xf29f8c5580f3a6540d2e72c79fc7518137c74e4a,"posities,top"
hdaatba2tkv6grs387nac6z7zmj5gwwgk9mzbwgq96qd,"posities,top"
0x3d505e76c073bf4afd3bc38dbe5bcad37a0c6bc3,"posities,top"
0xcfb441534fffb76616543e9afb434b93e35df6c5,"posities,top"
0x85e50c7282d1270c2acaf3b4fb313df03a83e908,"posities,top"
0xcf0fd0db4cd7dedaddc61f2c1c0edb093be290b2,"posities,top"
0xe409cbef308ea2b295d13bd2207304305f74427c,"posities,top"
0xb5d37fb0974f66fb4dab3b2746ec89c8b8b64ff4,"posities,top"
0x5d9f5874a7afa467d4d2b7ea442cf58f644a27a2,"posities,top"
0xd72f31d24e93cb8bb3f607f71c62d3f76aaf6cab,"posities,top"
0xa464abbf049fb75585484addcbc00169062e813a,"posities,top"
0xa9c8c096a2812d867171b2327c1473c56228b9b2,"posities,top"
0x9ca0f14177619af96ca87deac0cc19b47b2bc655,"posities,top"
0x278275f0b1be7f57492787ea1f0cacc274f611b3,"posities,top"
0x72e8e095765777de224a1656597f1033775fa59f,"posities,top"
0xa00719c2c2e6aa37044a6c5bff08ee48d9727968,"posities,top"
cmrvwrmfqfnubyzr2slbgzqrtzrf32puwtfx5km3fqnu,"posities,top"
0x5c574d0ead39fddd680067783fb5aa9a1a99e453,"posities,top"
0x0e98519d5e5568a5f4062dfb6cbe25f36f0f5ff0,"posities,top"
0xe1f0687f4aa5274a1811516e97e79a526951191a,"posities,top"
0xd4f118069cf752bede69c80f11cb087a16fc6242,"posities,top"
gtitfcm1ttkxhwfdiavteyoabiglzma6hmyn3h8ykgkn,"posities,top"
3g1cmwh1c4lmkztu5yzbrpas7r7xbsipu97vngyuvba9,"posities,top"
0xdc6e8414684869a06570cad01180d2f404932d11,"markttrades,posities,top"
5bzeur1bt45wrzjg6jmhaoc7ttxbbrqparewnuj2hokw,"posities,top"
dcabbkzkjxqeza9es49mkvyqmjkwkexu5fypuqrfzmns,"posities,top"
0x6441d72ccbfcc0874406881c0626a06d8e5794bc,"posities,top"
0x53b1ad35621499694874b14ab62e2834c46fe629,"posities,top"
0x51f5f9ebc4933881897e33c664618b08525ff67d,"posities,top"
0x161e9e73dcf6612bb7b0243f770bfe3fc06d959c,"posities,top"
axon4hpqjwkfksimhqna7dusqf5vgoja5rhhztip4kfm,"posities,top"
0xe5f56c9140634bba8acf48e598c25d6b45b6e378,"posities,top"
0x9833e747894e1af62b1e6c29bda423dd240b6dec,"posities,top"
0x3e4aa19aa047f873ee3fd00cd1209f8763d29cda,"posities,top"
6nt8liekykpsssysjy9edtw5xy5sks3w5nfnyoln5mfh,"markttrades,posities,top"
522zmgp2clrdqbb3je4qrxytre8dd6udtq9rw4fu6age,"markttrades,posities,top"
4vcgbatd7gvexz3t2ewu7ykn1t8eovzaub3jjp2qjuig,"posities,top"
2pltjce7kvv2cjin9ssktq7dv2jdmrhxx9euz5kbwvxt,"markttrades,posities,top"
0xc837cc9a6e0bcf2cd7d1f9eadbf37902c27b8295,"posities,top"
0x54a619d23db1ae8fd53852246ef0481f07277c56,"posities,top"
0x965d1248ef67b1851a1750512753fa04578686a9,"posities,top"
0xbbf447f42ae7e0d9848d24cbc10c26ece6b405df,"posities,top"
0x04d0e3349e5f3265dcb0b677dbf349aa03d7136b,"posities,top"
9cxamz8bbpmhh8xyprp8d4ocn2kcqrqzt3hjgkfuntwn,"markttrades,posities,top"
0x4aa7593df172832d551e77ad04d0640900ccda3d,"posities,top"
6ahruddrhlquk1yglhyckavpvibgrjdpfhumkjv1hltv,"posities,top"
0x6976c545c9aaf553db128cb3af3b17b7747094ef,"posities,top"
0x6165536dd77141d095e10fe7477d5503e0a93467,"posities,top"
0x6c9119c62e758b79e9d022a4642f2fde589e6561,"posities,top"
0x85497cd7ccc9eae108a4b3eac1c555b100d0ebb7,"posities,top"
0x6390002d068966c1d39e2c8a60ff2361f46dcc9d,"posities,top"
0xcf7927b2a95f729eeee54f1ae2c43cf51aac67b3,"posities,top"
bbhoja2yuqxpaquyj5ccssemh9bea2ezrpqvvqgxnnfw,"posities,top"
0x6adf7f2797312a0823f79104a644e156b1143ec7,"posities,top"
0x96525264b28a7f3bb9dae1bb184e8c51593dfbd7,"posities,top"
0x2a35ea45f23d8bea3f8737e161fcd730a4c5910b,"posities,top"
0xf7b566d93ec712a26559c65268e27fd13d8ce748,"posities,top"
0x8b4379f264c3da735362841ef9ee6cd02ba76c32,"posities,top"
0xc7059a15e7aeaf35da8071869709f222772b76c1,"posities,top"
0x7725f8123b40da27478e98fa28bca8c2029b032b,"posities,top"
0xa577dc20bf6ccc0c9b19639706b55f7c7a7d1d31,"posities,top"
0x446d3bf0db3dcddde585353bac17aff15a64b9e9,"posities,top"
0xa32cbca700e55967c15b00d191bdeb2d00470058,"markttrades,posities,top"
0x2466d877f5f9ff5a80c18187eca86dc198208eb1,"posities,top"
0xe76b35091dab82fbebfa37079ed61ef2f7ba90f1,"posities,top"
0x7aa54b96b03f52d6da69a9dceec57c1a5814b9c2,"posities,top"
575bqylnvkx5lwbpawtihwyupd1njp6s2zjyhtza7vtv,"markttrades,posities,top"
0x49010c49dc04965494da05da16d028a76977d97f,"posities,top"
0xedf8d4ddeb4f4b53f48fd716e23cb4cb469aa516,"posities,top"
6dgy3h2hlvjwiyc32batxovtfmyvtf7qhocsk2sqaycp,"posities,top"
0xa6c0f2e6eabd7d06dc144139722886db13cfecd5,"posities,top"
0x28f07091e6c1ba0076dfbe37482cfb0b779a93e4,"posities,top"
0x6b14dcb14a49a0343b5ce4a32f46d74b32a691c7,"posities,top"
0xd31e95b64f07f6059fab034e9d8226e671257a9e,"posities,top"
0xa99635c007d370ca53b095247e33fa1bad6a08c4,"posities,top"
0xbbc20a4be98d82223276e44f586dcaac93d8b207,"posities,top"
0x0505dff3bf33e1aa93890a6113a2916943ce806d,"posities,top"
0xb3ca0b7f07ebcf59abf0648903683ce83ed84230,"posities,top"
0xaa37e574c314c68333ff1fb1c9dc88defcc9b1bd,"posities,top"
0xbbd7838e39acc334fb1a10c0a9560da117fea584,"posities,top"
0x8a284830c8c37a9dbc8320c3f3ea0567b415436c,"posities,top"
2vmhriu4mb97vc1vw2omod5bfqfpnujvankgcmnvgsxx,"posities,top"
0xe5bb9f784cce179242b453c22fdd4d8a91e42ae7,"posities,top"
0xc8de1c50b7c3cc5ccd164b8d0524e74733038287,"posities,top"
9kxdbd9vobkfxh7xbqspnlah6bezj3hreydxfcfhzxms,"posities,top"
0x0e1a38e789b97a483ae2689202f4edd6ec6a509a,"posities,top"
0xe1480bdac05797da49b2971ca474165c1774270f,"posities,top"
0x0e918a0c78ee5a9cbe1b0a15b856063a5a89af4d,"posities,top"
3tywqhwlalk3m3ethahuvonwnerf2rkfnxgphvrt4cb8,"posities,top"
0x41b2f19e845d64da7c282e19ceacac9945a34b7c,"posities,top"
cg9jpfqaelqtpmzneveftha836bwnymzrg4cbwy7ywvf,"posities,top"
2u5nowybfhmvdekqbmqfbqvujb2zrtpwygb7xwpxfdyh,"posities,top"
0x15276d2f4466bb9a7376f9d09a3963290ba8f375,"posities,top"
0xf58764c35ed1528ec78df18bebb24fa20f6a626f,"posities,top"
0x30a898ad343bf197d15d8a2c353bb012caf92f05,"posities,top"
0x46c07b39b366e71bcb0c634a34c51bea4e729907,"posities,top"
0x45d0765086c202fee211d55b6c010b51e978e379,"posities,top"
38wvpqezzav6bnmegl9mhqpsbfahyghmwkjzfw1defzm,"posities,top"
0xed4d081b8dabe09b5cb35de35abec885ffa288e0,"posities,top"
0xad897e9913e6fbceafc3d509222c106102b1f0c8,"posities,top"
0x2659a94ba7f24c7fa1edb68658af4b42b4205af4,"posities,top"
hynskgmrdmjz6zvzttpgk23tqmpepedqcskmz9srsmwj,"markttrades,posities,top"
c7ug1helrfce3si5rtkjs2fxhxex3n6nvwqt9urnatal,"posities,top"
7qbvzrcqqo1vhpozlmkbrmc9p62bdsmtn1hkcgst7fwg,"markttrades,posities,top"
h6n45xkp3ww6sruy1acoyp34yukrx7sy5xsmbsjrzcho,"posities,top"
7auwtm5367jg6dj93xhw3hxnaylcwqjkqfwigt8gbywq,"posities,top"
7yg1lr5f7bizse7n7shebpvupx3uhmivfpgggikegk4f,"posities,top"
bvtemph8ksgsrhs8c31gd8vew8faj7scktm15ymkkvrk,"posities,top"
8g7scgx2dsigoeggfxzdj8r9st9pgivbppz8395mhfes,"posities,top"
hc6ejeaa5ozwc6gcecmnqrrscmjvsjejzuh4bwrydai9,"posities,top"
ankmbuey98pgr4actmnfcwexcnpntecwgluxujdstsxj,"posities,top"
9xyw4r1aggtm4uwnjnvnyhusd7juttwp1jj43gf2xyua,"posities,top"
0x2a970ae90723c9a6537422be2ef951c4c305dd73,"posities,top"
emx8a22mv4wpmqdkbeusskxuutwmb7u6qtph7azovcvy,"posities,top"
axm8uwyictstxiqakwtgasfqa8r4kwzptiycxh4rmp56,"posities,top"
9bpe5dw8jqygaoetqpfhhcikur1px1qux6rawpuwvkvz,"posities,top"
0xc3694b843629ba80c37dc4ad5178a0e5f282cbc4,"posities,top"
fruaawq8xlpdbyc4i4djp6qwhps1yvqpfxmo2ub77wch,"posities,top"
7waqe4rd6uv8yvqyywkgljx8pplrmoitg8369haz88zq,"posities,top"
4vykbdvz7njg51zspjz7w7knf17pnmtsztc1gy84oy1j,"posities,top"
5bzdwc6mvwx2qxs3tsflspdehjluyjogbbyburzzcwu6,"posities,top"
6pgswzzwesq9rrc2ho8n461u2b2fbrppsczapsvpo4ve,"markttrades,posities,top"
h1wehta65ijjxv4bmq469528ln5a9fpwbezsc2cqmff4,"posities,top"
4zeg2rmwvef5yiunhzgcawahnrrt96evrgbbq7mpefmc,"posities,top"
dd932mc9aaajqns27s7yefoi8uasxjsedp5gjdak9hbw,"posities,top"
dd38fvtxa59fbnbnmnkfhpnzwhpaychtfvsftu7fhtvb,"posities,top"
2frhu4bl6n1w2i14a4fjoqe31nfanmi8gs7xombsjn87,"posities,top"
hlvr7ajy8a9wmk9u3m1e3bba4msmxdrzmqnxcthzoiym,"markttrades,posities,top"
0x1f2b76769041891c79188f0ce50418f147e4e222,"markttrades,posities,top"
2fnzxxowzuudgkvq9npekctwunasp8xvh7bzr8r51fmn,"posities,top"
6aa8whbeds5sk7q1ndxddsgyuj3dbgyzdxmnjaswuf5r,"posities,top"
3kf3zdyjwnqvrcbmaysdmf5w9lu6rtn47fhqrl13ebi2,"posities,top"
gmasipgnqla9jggw2repajrtz1ybtdzdupmxkbukxksn,"posities,top"
g6tvx3k5azngm9yyq8kfvgeippcwphqc1scelktfkquj,"posities,top"
ebwl1gnlx5vwn2xe8geayzj5a2bpqwdj9czpdz9owgue,"posities,top"
hzgpaim188z6xudqtajcdourncfxfybjunojznnvku1o,"posities,top"
5fs6hv26jut3y4i8uqovxuxx9fm56cnlrt6awguhbuqh,"posities,top"
8msws5uytdorkwsj7ogj5tfqtdns4gul8bh83fjbkczr,"posities,top"
emxppncd5i853a2umetffrevkeybjip7xmhybo5uf6xb,"posities,top"
hmyfuzqeif7vfauyjgxukgqxvogqlngusvcqmt2mcd88,"posities,top"
ckkhpx6cdt2emqmsb1k3buynscsrebnqgkqqnwdnkjyh,"posities,top"
nfpvvdhzd3wayw8avyjhfb3cj3wn7cun3gkdssx2gnk,"posities,top"
exbtqp66ty84771as5rfd4aij6ezyxqbnzpni1m1yrnv,"posities,top"
2tyv4tn9ragvs6peco6ekvrkvzt7wwmvnpn5mweap7fk,"posities,top"
gna5cjrzctiwsr8j7jitpa85vg9nljtbtr3lhwa8lwgk,"posities,top"
4bgm9tmh1tlxygcs8qnledfbx6mdcu3snybk3jtssk7n,"posities,top"
aa1srffu1xz18knphuo3unrquvc5nrcbldoabupuvb85,"posities,top"
0x235c140194993eb8ac0af161f9b6f6652b76e9e7,"posities,top"
72hjunchmehq2nhxumlexiyba23wgo7kygd6iugmztak,"posities,top"
3wzh8sduc9kfxk74yrkiuafksdvatdc3bpxclscykpcu,"posities,top"
jdyi7wavvs7omipaukt3sas3dkqvqxudb49zefrmxwpe,"posities,top"
0x54df41b62558c1bc5c33ad222ad008e4564c06a9,"posities,top"
0x32f8e5d3f4039d1df89b6a1e544288289a500fd1,"posities,top"
0xa26b87810907aba215ccdbca0242a775a006b5b1,"posities,top"
g27cskd3yt9qfbsfefymfkbh9n9db2zlgq3crjytvfjd,"posities,top"
0x7b8e7ca649ddf809d624f9399ee45b7e695ece1f,"posities,top"
0x52579542af1654d42986717ea8af174e5559519d,"posities,top"
0xbc863a6833f1ea26405aa7d2f56bd47ab310f85f,"posities,top"
fuqkrruarmmxgxhv6c27hbfm9gz8yiwdrutkpequdamp,"posities,top"
9g3x2vlhdjmyzpdndixexvuzx1wprtjk4m5eyjyxfqef,"markttrades,posities,top"
he1xku3f9wcjqjiirt8pkepp8fbdjzcy9yp9bs5nmwp,"posities,top"
0x0f83ebff2770778d214d0f01d3399b48d94a241c,"posities,top"
g4a1oxwwqfgut6yipe9rabr9k6qaxy53rchg5zv3vsrz,"posities,top"
azpfptrvcobvuzcv6bgxbxsd1crmxzzwi7mjt3bnsqjd,"posities,top"
e4hctweecfyh5qfbkswdntsaf45qmckjsxwdb6k5uhrt,"posities,top"
0x47c9477589579f0a3c3650e86501f6e01f9133e4,"posities,top"
vqfr1pfk6syszhg713hynyzpnh1guswicwkbtf6cux3,"posities,top"
93nfryjv5axnokjpyvwascs6bj9klm1eizjabxin8xcr,"posities,top"
7hizoppdhhmnbuophp6pfhmzcndkwqaazzvmbvqbu2zh,"posities,top"
8nrubxeojx2cwd57phjrkscahejwc8g2g35d85upmveg,"posities,top"
fn5uxcut7njmfalbvmlxdn8bcpyzyoje256snylmgnac,"posities,top"
0xbaeb7f4cecb37d5dccfa8d6ae883250e95bafb5b,"posities,top"
b4bdbmjxkmpt8xrqmzvctlfuxadbhn9zct2ktxa1gtys,"posities,top"
e1scn57swadufgpmrgrq5xzqfyq1ron1ehmtsm1vxms6,"posities,top"
cr7gvybv7vgggsmm1iloqzyfmicesgkck6me5ymxx8nc,"posities,top"
87pmebdpast6amkl5xvzdwmntff36zblvx4ssswskfac,"posities,top"
3avfqii4ejq2ngguaooe9tsj18mvvfbqhneunpn42iq3,"posities,top"
0x47e96e6ca4db8c663797e4869a1f982dcbffb785,"posities,top"
0x997b007a41ab0ee8ef0fc51d23fed1dc205d8edf,"posities,top"
0xf8706636919f7c76878ebf53e38c676d8510caeb,"posities,top"
9txp33bh567rckrbt7qxtjfyerfj6bf8at6obkp6ntnz,"posities,top"
e82fg8scsagf7hkgvkg4e3jd9jopphoyfpnnezwpq8yk,"posities,top"
c9jjyvrf7vd34kc4yx39jvmydpr2vstr25lcq49tcawy,"posities,top"
czhjz6wzctulznxetx1xxx3kpead85etjrbesvxdtwxz,"posities,top"
0x01064468452acdccb8bf23699dc0eb66feafa531,"posities,top"
dnpgc2rzutkg4drwzghmszadbkkglhi2fvjstzxpdcze,"posities,top"
9egdjx5akywcskrn2lqjbskc86r8c5fdodhkdxdtpbea,"posities,top"
0xfdfb9986928f622eaae53ec1a7768a883efcdbd6,"posities,top"
hwcgciijuxqjgfpytgvjzp3qckbrnqnwyew7dencuyyp,"posities,top"
4om7wtxjmfvplxqw6mzfk7aepafnou17plguxebmdkfj,"posities,top"
0xf795d108d97192fe0a5f673f7c9e12e23b739cee,"posities,top"
ehfx8yry6kdgxzispcmskmt2xyain4aezxdu4rt9ftkq,"posities,top"
0x4132d2b7453d44653ba703da5cb9c1ae0404bd03,"posities,top"
eeptw5q8hfedpyyr8sypcq6amh7wrx7cp84gjxgpk9bt,"posities,top"
95arkgvj342emu9dl8ggcwzj26hlhoep4u6tzjzxxanq,"posities,top"
9qdvpr6prqv4zz2tmlkbrebg3v1pxguqydmmnwagyshj,"posities,top"
5ftcdbhv9jwvqdr9ksyzav26itmw5p3ypwbga26zcjyu,"posities,top"
0x493768a6d555925100f57b58473adab99112c877,"posities,top"
0xadbaaf43d17c2e40ee7492f1752ee114ff2de67d,"posities,top"
0xef5fdbaab4173ce3f5bd6f492c582f000da205d8,"posities,top"
0xd15acf9b0896c2a8ff95be30e2f289c2bc66f866,"posities,top"
0x6f213c61dbd7104057e8ff358d4ad21df7133833,"posities,top"
0x83b7e40712cb6a95371d90c8b048e336da876b7f,"posities,top"
0x0460305b388207e134bf1d1e02da1bcd2810dd61,"posities,top"
0xb8dbfef0be60d69a7b1edc42b7da2e914ac03ecd,"posities,top"
0x22241c2e54995924f59220275173022197a123a5,"posities,top"
0xf261da0f24726f80aa7701c0e17607e3cc21a6ea,"posities,top"
0x8bb327b38bd5fd9fa46702a3efad863d30c19810,"posities,top"
0xe4f23d289b7fc5ba1a008b236a2511eab64f73d7,"posities,top"
0xec7a54d7e9dbb4c837d837efcde9fed06fd7f1b9,"posities,top"
0xac64df4e41ec6a29550655d62e4a35d8ab3f5304,"posities,top"
0xf449c8620057688e5efa5eda32a865c6f86c480c,"posities,top"
0x6b3dd6c304838bc1de1786699aa379ceec8b2289,"posities,top"
0xc307764ce632e62c1be5580d5c4b836e804655df,"posities,top"
0x5613745c05189699b7b0eaac7cb281ce203b9db7,"posities,top"
0x19b7a3b26915944a216561ad285b5839ecc20805,"posities,top"
0xa0b6109bfd4f37becfab5b09feedad27be6b0793,"posities,top"
0xbf07c04eb43480b0a902717c311343073ae95c81,"posities,top"
0x3b407597c33e1cf5d59120d77e40f80e86c36958,"posities,top"
0x05a52f9fb667699f55c34e3fd7bbf2fa8eb8a0c0,"posities,top"
0x530a9a67e984766d13890c72d416a79bf89bcbe6,"posities,top"
0xb23f2a2927d01077815e7dd322de17a10479ffde,"posities,top"
0xa476c6c4e384410e5ae41cd021e5682b74ae4ca2,"posities,top"
0x39203a5fb045218ebde97da5eec46f8fef2aed61,"posities,top"
0x9b64b5aa55715572bfa01bb9c1d35d7122d00106,"posities,top"
0x6eaeaacf2a58eb87eaf3b45e876cbd773c7d446c,"posities,top"
0x71616b1918bfe632a6400834042d9128cb80a9c7,"posities,top"
eb46pe5tsbud6st4eyvltldkn96wdssndpizajq9kap8,"posities,top"
9br8nq2w8jdxvgad9vy28hzyf5degvnhmncr8qhukg79,"posities,top"
arygwr6wbpvatq2bbrsyytsybgqrrdwxeuanwssydfxw,"posities,top"
0x34cd42129c4655fb39e2bcdc93f30fc13cd253d6,"posities,top"
0xa044bee28c93758950cea35cc938404c1eb88823,"posities,top"
57e9wjtwt6s6xjfartpw8gqmgvp9bwz215cyzkvcegtg,"posities,top"
0x7f641aecbece5789e5579cbc2bf6646868770b14,"posities,top"
2adyxz6aokuiyjnnl1btacgdpkgkz4x29rabrgcqvjio,"posities,top"
eamlrw9edlme2s1syaa4jwwjtjejwe3z8k2cy23prwvd,"posities,top"
0x4af646f50353972a49709150378f01300fe22fae,"posities,top"
rsenaykv7myufhgslkea7kqdwb8paedcrz6uw7mzzq2,"posities,top"
a1r2wpchsno1pzm4idqjshq7jbrhwwve3xhttq5fcfmy,"posities,top"
0x85534207be51cbc1fba65295d09b2f4d54d835c4,"posities,top"
0xce4b779aa407234ee950691b42f54b70b725b39f,"posities,top"
0xac507000f84641e68815b8b5401a13a0027ffca0,"posities,top"
0xe52c1e6059fad01de20b95a01ed5b75b2d9c8ec9,"posities,top"
0xa7f22b290e4a273cd891bea0dacefa2c2bd48e18,"posities,top"
gge31g9knymh3frrengcvdsp6a6dbsmfuhq2ebsogsmu,"posities,top"
0xb068f23da80dcf300d48494bfc296c3c69784dea,"posities,top"
0x37dbd60448ea6984f3b8d768a0b7305f18b0c5c1,"posities,top"
5yumueow71j9fpvcasfpm6tertkipsnvrlnqhsrgii1g,"posities,top"
0xabf22c3eb780aee4711dbd47ebe752569de467cf,"posities,top"
3nxgmammoebvshly9agc6lppygjttwgntzzxbekttjev,"posities,top"
faqeumenexwrd9fhfxjapdwltvyflfvjiuzkz6surgif,"posities,top"
0x07b7860d73094700e28927addde9c9ca854612b0,"posities,top"
8pzwpd1ub8tdbrvluzvw38wam6shzarmmnqylhjt84sg,"posities,top"
3ca3ng519yf9fm7oylletckraaedrfbpvtmcsg7ky7ja,"posities,top"
0x68f272b72e7bf5ead2f81d17b444a6c9454d5073,"posities,top"
0x1f6b587ca69899aca14389f2f49b17c4d907ee65,"posities,top"
0x894c99fa9c3d89f413c5ea2e8979043e362a30ef,"posities,top"
0x6b5d363075e69012bf27a07fb40c2e57a1c8f98e,"posities,top"
0x7c2eaae6f30df66ae19bd79e8f62c6230f0364e0,"posities,top"
243gyfd8dxf5pumajgxrkbek2bdqcbvnp8rmfwzormas,"posities,top"
0xcb5d6f5b52be02e4b33e68447695d3b59bb190ca,"posities,top"
htsgsb5hrjuj23lnhzne4gg3vofrm2dcmfjzbvvqlve1,"posities,top"
9jrucudo1w4gnq1m1nlqxaywdeg459amnhmqkmstezor,"posities,top"
4xdtz82fydwdtsfuy5q6apdfywtg9evbvfkkae6oej3g,"posities,top"
0x80894cea1dfc921bcdd0c7043b4d5423e03baae5,"posities,top"
13mot96uz41iztgtgwy5lgropt3f6jfe6b2tckdupqcc,"posities,top"
gav8vmsz7tdrr13gmrmdgggijwyvmruv8ctjzn7azkgm,"posities,top"
9cbwcncpylcylxfcm6lewjy1f7j3n9wtz7nssfeifdcw,"posities,top"
0x489bf216605243bd22e4dc2cb347d77652639ce9,"posities,top"
0xbd909a227b8ab0d7faaecd35fac8fa4c307ae3bc,"posities,top"
0xad5d9b9e062555ef621fbed3c8bd86e618f2f0d3,"posities,top"
5tw54mxqxtm7vgc91hrdedtwkxjeh2um4yaviqznmzcn,"posities,top"
0x3bd77b00f02c8bcff586c565e2c5e6b6c5878ec3,"posities,top"
46jniewqmxmqvgk9m8xqdxexkkwn4acjhahtsrg7uxuo,"posities,top"
0xe4d7a6a3d3d08e251304ea2d7d07cedf813850b3,"markttrades,posities,top"
0x9fca3acfbf62045eea6a44ab700ed359f13de2bc,"posities,top"
0x3d62b8d3d5f601dfbcec0147bfaa762f70c4b95a,"posities,top"
0x680f5ab062bd4b1dd892b199eba31a63be834a67,"posities,top"
0x8c6cb2ae1b214688676d382bf85983106e29569f,"posities,top"
0x5c3ecfa0d500b370f17ba007110576c14576e98c,"posities,top"
0xfcf04463767b5976bd479764b921323508d46724,"posities,top"
0x96e4225d7b4626ebaad818f3454a266da900960f,"posities,top"
0x9c70e9b257a4148e02540afd98b02a6edd49a8f7,"posities,top"
0xa137e6065222b1dff22cb25ca983e1e95ec39603,"posities,top"
0xa1211003a29d8965399ff61c211340eee359a5a0,"markttrades,posities,top"
4d7xcrqfp6z1ipuw7exijfmst5edxvzc9f1s93e7p9ng,"posities,top"
fidntud5rkthcea7v9jhdnqjj3gy2fuggtgrzq9sg45w,"posities,top"
3fjpxcspvmreeejncaarqzeq9xyehw7k7nyytenmdyjt,"markttrades,posities,top"
rsy3u8bnhcvgzxr81jnfukmwuda7z19kbpv5ynmwvhf,"posities,top"
3xaq3hixbigaus8ezwrcphj1s5fzxzvuorbcdfcdhcxb,"posities,top"
0xc1cfe0fcfc907ab40d929afc3cb37eb7ee27294a,"posities,top"
0xe1ad518a7402546aa1deb0f5816742ca32925312,"posities,top"
0xf544be0243c9c4ecfbdf91d2d0e8359bd4ff745b,"posities,top"
2mm4ulemyvrgpt1ihyyabnpk5wuyphuw1ckae64xct5g,"posities,top"
duc2bvbqq2qs6prazuofxkhpugpq6pzj7xft2mejezxy,"posities,top"
0x1f83401d53b212edd4b88352c168bbf9061201ea,"posities,top"
75cqdttcx6ftsxovkiilgqbfsbz4m1s4oqcwalc6kvju,"markttrades,posities,top"
0x4f3a0a80abf217e77ce6e8f6e336abbd988aa65b,"posities,top"
3vrnrrevhbmbkkro2vngz7wrdyq2y2jkcfyb1tqnx4gd,"posities,top"
0xef04753b51d5a4c8bd594cb0e8580397f00cf8be,"posities,top"
0x7b1501fac92150fd4766f20d963b80f446f20bdb,"posities,top"
fmhbq7zzv2hz2tmvkxp3mujyyt9vuhcbvmkf7gnnunbg,"posities,top"
0x4126fa12612635a942ce65e95b3c606fbd0cc123,"posities,top"
0xd9958549b8760fae2ffce5fd249d2478cf9bb827,"posities,top"
6pqcmga8mjnwweqqaiau4ths6a2sldbza2r2wqtgce3k,"posities,top"
0x937356a11b308563a338bf1efa3ee684b073fbe0,"posities,top"
0xce7e7a6f2ab995c98fff302d7cc075acae7a9d89,"posities,top"
0x4bb3689f604b282428f434a8f30ff90ea7d353ba,"posities,top"
uqm4fecws2f3hwbbepfp8pp56pthw456uso8ncmkncf,"posities,top"
0x36db13263ee903a334bfb82e531819e06bde4909,"posities,top"
ednsyxvxj4wtha8upyp4e38drrcfqhgrfhrvfwnf8smx,"posities,top"
5faiurlp5gfy9ucgsakua68xuwuoetroaeeihnuzgnx3,"posities,top"
0xf0fd04026c8808f8ad161d44aaa85549a0dd9e77,"posities,top"
0xe53773093ab0bafd7420f3981b8985fb12abae47,"posities,top"
0x813fb95f43b394ff2fcad7084909a3655dd9398c,"markttrades,posities,top"
0x1a5a04171dc7143afe49870fcda9c875e5f86f38,"posities,top"
0xb03639393ee400f3a8f60fef2e5090beee980561,"posities,top"
0x0fec645bca2b1555cc8635c6910791387879a3fb,"posities,top"
0x226c15d1aa0aa57b6b0a45089943145574365449,"posities,top"
0xc4366268b034b8c7259f166a4961faeca1e051fb,"posities,top"
0xcb228287ea47e503672f0dd3084e38d53fcbb8ab,"posities,top"
0x56bbfe5064996b4f5801b175543d0bc3628d2bb5,"posities,top"
626kxrddmgsapjrpvfambspkbmchqadcafaqpa4pwthk,"posities,top"
0xe659dc504f6ed6c5c1781795eb82a81a4ff388b7,"posities,top"
0xbd1d82091646b77e3a109cb009ab6aca44953440,"posities,top"
0x21bca401c280c8492a1ca15d554382eecb92f2f3,"posities,top"
0x7febabeed8532caa1e832a88be718ca3663c43ea,"posities,top"
0xe3b563aa612ed62e9dabf2a582f827947cba0940,"posities,top"
0xcb29cc4e0e7c9fc28080388668e6040caa281647,"posities,top"
0xc20bb37162c04079a1924d5dcbe5e56ea99bbe76,"posities,top"
0xd20cfe526493a6491954d71c578ad3a2896e28c5,"posities,top"
0x7d822af88cda9a60f49899ee429391173dc9a0f4,"posities,top"
0x3b2fd9f4a3435d4190495ac5cf57c7b29229e77c,"posities,top"
0x544f96434f77437425d5ac40fd4755c0cf39399a,"posities,top"
0xb7856cb067ebf7e87b19d4af0791ea9e46472acc,"posities,top"
0xa78c6ff522f2cbb714439a080a42778ef64ac94e,"posities,top"
0x98c4de1fbc7f44047381d3885624c612077dac82,"posities,top"
0xd9be11c8c2e9aa179b1a172d754fb9d8b3c38983,"posities,top"
0x12cdb5323e5e37c2be21e9e8607f2d1ab3133b5d,"posities,top"
0x60414efb1e20ecd43cb17afc54a5d1b87f4d01c0,"posities,top"
0x6661f53779d2858e7201ea081315d7a2a01856dc,"posities,top"
0xe2da7ffe1d30d32d28ded8bb3023756c6aaa2bd1,"posities,top"
0xcfb77f6984e6806849c780d7aed98eb0b56a6439,"posities,top"
e2jgs5tl9pmq11svuoxhugknkmp2f5f6dj3f9my9fipx,"posities,top"
0x50701f4f523766bfb5c195f93333107d1cb8cd90,"posities,top"
0xaed49552ab9bcbac9aafd27d9cef30c035b9c286,"markttrades,posities,top"
3ayqnu5qm1x18hd8nb7fd2gehn7ud5j9zs4t5lsnuv7u,"markttrades,posities,top"
0xa9e567a675f7cfa4b0ae2859063ee700536b2572,"posities,top"
0x65d05d11851e7dd3c7fa56a7d3a9808044ef170b,"posities,top"
0x83cfde7a14fc0d8bbddfcaaf3993a90a35d1dbc8,"posities,top"
bqrpcb3cibc97t5ewea6dvfvzr3cqd1yfkcpmefkuvw3,"posities,top"
8qhzt1uh9veu8uzkz113xpnz1gptcpkvcmemsazhajru,"posities,top"
bcvubvqdlkmparsooicgkwtclpntxj48sb1wmsm7a3yl,"posities,top"
6hap4cfc9lbjupwdi5xzkcj2l2s4kinspurkj6vww5bi,"posities,top"
2hti37alye3qtmsyahvzkwjdsh7psxahjfhfbk61yrtf,"posities,top"
0xdc3b99578a22e1aa8aa8b2832c835e0d73766fc6,"posities,top"
6sgjq5rkebezbgpyxz6hgpajqfntckd8tbrnkw59ee1m,"posities,top"
45crgf1yezenrptnlbl8cdo8yaehgvzuunfxeus4u6uq,"posities,top"
6zvrrffrzbfzwkqlh9aqr6vooappcfyxggvnvxqcxbz5,"posities,top"
jtzqqdcjlu8cfrppaytqu9n2dzmzbm4hqydxkchl1jv,"posities,top"
bjvmakeusehxcuyvwvxietzhlujqkyinnugxtirwcka2,"posities,top"
512evttafk9xmqt6n3l838rpxte7lomepguknejyiw83,"posities,top"
8duug1lhlpkgrokd7fwba4rgqnwxr4vcsttgcutmtfuy,"posities,top"
67dpb3qkjbhojudoxnpal6kl4wcbbeusd8qjbvjuxsb9,"posities,top"
ab21epqxkvr7gicbksdqbvfwxjrxgdhdyadfzvglnety,"posities,top"
hnsdy1jyykcqdqfgc8uf66fqssmqlray9gfy6t32a2ex,"posities,top"
0x448542ddf4feab1b86358843fece9f36f2f45161,"posities,top"
0xad475c9f37405c6ea8b301d341c6e3bb6fad8155,"posities,top"
g4ikgcerydnhqpjrnfqrqbrsslztgxnevvr6mndqtbks,"posities,top"
0xeeb1ba81496544f7ce98eff6e039194eaf4397fe,"posities,top"
59a8u9s16dwklkbdapvehr8cwnwwsypwqjsswor7tngh,"posities,top"
0xdbe311c7b6105354e55bf2e004189ae88dc6bdf2,"markttrades,posities,top"
8csuzhskpbnjwz7d6e3rsnxuetit1npa4c4ynpndleyw,"posities,top"
dzp51itgyfcx485ggxg2h2w458vgsvtjcclfzzgaexs,"posities,top"
0x682ac8e94b275c0a0e6d6aa0e95d006c44b88b92,"posities,top"
haxx9mqjhwjpotizuqefwwi8j3ppadg2tw3wbck1b2jc,"posities,top"
je7w91gcfrvcd5a5x9wfd264htfh5m9e3tuxqp6mbb56,"posities,top"
0xb8ccee8d55846771fcae37fc23796112b1e1e393,"posities,top"
4cpwppofmefefj3ytj7ag5ryjzjnddz8ofe46fzu3kjx,"posities,top"
72cbjccyvwfxzlctrj4zyhbr7zho1eq9xtmi9wwzkbdx,"posities,top"
0xce48009135c512d79ab3f006fdf396c3a6ea5a9c,"posities,top"
5qxaxrsbf15wlww1prj2npglogddck7sewjxqvywrpwg,"posities,top"
7nqkxqaa63nebwmgsykxppfixhrwdmffsjpj24kfqsva,"posities,top"
faw6g869ymqn8p5qvnokicuvekzdbs47peadtdkcz9k,"posities,top"
bnir938rgav8q5fxhbb9zcjw7lrt5tg6pejd8vyf8jhr,"markttrades,posities,top"
0x1f4b2a4dfad7f1f7fe94fe4f1164d386a8d12ac3,"posities,top"
0x7cfd75edb1374c5c9cbc187dfa57df157c5f9e99,"posities,top"
0x5ab2e5a7535bd9a3d9a3f3486712d6d26a26b9ab,"posities,top"
0xf73011405cf84dc793001f6af1041d35196f97d3,"posities,top"
8b6pwvwwsyvfuu6bqo2apbowtijyeymen849ehwu3b72,"posities,top"
0x0639c022df4e28026638ef247dc244f888ac72cb,"posities,top"
0x0c962d530d1e83ddca26a4d0df4d648f3496b6a7,"posities,top"
0xeb4576fe753dab07635c0bb6c8f0a355e1db5d31,"posities,top"
0xdd50d8809e5edcf4c29bb9b07b5b57d8c0d09e9a,"posities,top"
0xd5e1d5043c857f8a4da80eb5899c53773e8f8b9e,"posities,top"
0xb92338347d4ce5b0b3d20d28985e458908f43d52,"posities,top"
6kopwppr2657xxmqfclzro5gjkfiuxb1wkysynynlysy,"posities,top"
0x2a83e913a0b2533520958bcd1b85351612b7e496,"posities,top"
0x8ab7091dacd6e4ff3c6f80ff1db02616f553c432,"posities,top"
0x0143b2a85f274c62369f844fb974ae7582b8b19f,"posities,top"
0xa177604f5620344476ebfeb323ec800aa9881847,"posities,top"
0x577eea75b8a16421d2dc2dbd6bd71e9d360be18f,"posities,top"
0xc419e43803def7e4bbdd921c197cd0b7cf818ba7,"posities,top"
0x6fd8183bea3af8eb46f8e6df3a522fb67ada73c7,"posities,top"
0x7803f52a8d4bc9f9427adbcbba3a5c704e1757be,"posities,top"
0x7081602b508dd70900931c403b2a17d5d781b0de,"posities,top"
0x9bb3eba16ea10cbd2c7dd7d4b9fb053866d075ff,"posities,top"
0x4bf410552f301f10b897efae31e2bd5acceb2f23,"posities,top"
0x8332d30096f86823c9add99b4998e1ac3e4aee88,"posities,top"
0x46e1aac41e63b33b0fa916390eee7db9ac3b461f,"posities,top"
0x9ce7395ef253708271f1e6d539d3fec5dc5a5b09,"posities,top"
0x3c469baa6370d47b4284fe6f090b9415864a1b54,"posities,top"
6prtya7jxrwsjkzqo3wmrl7fbjmuapwp7g7s4rfwsznf,"posities,top"
0x776bf48d9bde9584956805cb9ae2ad2514edd65c,"posities,top"
0x8466bc48efa7774e08d0d4f9573da79eff85167f,"posities,top"
0x8eeaf6cce68db47593b13d4f2d29b703400363e5,"posities,top"
0x7dff6ddc5f307ec1421ffb086bb7a0a91154754c,"posities,top"
0x9f8081e1d884a8bae70c7bd6e0c5535925454265,"posities,top"
2osesfsvjmsma5xbif5jlgd4w4blwfssbrgq8cs9ke6d,"posities,top"
2yzttnhcjv7n4ggqfvtn3ektpfnwckybqyjz1mdd51j2,"posities,top"
0x3cc598605d552267cacd2d71d8f7b3d1345198e0,"posities,top"
0xcd74e0bc20b6640c8b7f9cd9cc7cc6ed189d1b7f,"posities,top"
5ejxs4aughgqxmmwldbwtavdw5286e2raxx3n12sahsq,"markttrades,posities,top"
0x10002f86e5676941e83bb8678797a4602b4189a0,"posities,top"
j3bczs3z4pyudzywvdwxotyesnmnzecrcqup8fji69ym,"posities,top"
aeheh43gvlgerv7g5bhjehzep7oxcwh136liuoh34a3b,"posities,top"
2hvmxhwu1u332hf6pehvpng3xm26isehatkbc6gg8dpq,"posities,top"
56nqbvp5chqrzxltlhfkm7uznfpuhqmgafaq9jjhcxbu,"posities,top"
hjk5b9yklz2vmjxqunaqhvvput8ytcnf8c6rcjz8xa6x,"posities,top"
0xdd523ab1b6016ebe28da8b68a9585173bb2aac3f,"posities,top"
0x3adf18aa9bf99a57c8475b8ba799de69ed8a43d1,"markttrades,posities,top"
0x6ff156f6273faca3c95e126edb6a60a06c646c9d,"markttrades,posities,top"
0x291902cca76b7d3112c3b6a30a47b2ca17fd886c,"posities,top"
0x8870a7ff0ec283fd69380b3afc1dc0d134b3a481,"posities,top"
9wypjeurzqg5qhgt9ibjhmdegtbthz8dyikugszfwknk,"posities,top"
0x3ca952c9ede39eb1170eec6f2c1f5e48f1c483a1,"posities,top"
0x9697b2fe919725cb08f5df962c17e5a2cb421099,"posities,top"
cnmdfjxet3ajsrhlu1rexx8yrde5hs6q3cq1ukg5dyts,"posities,top"
0xca50378eee9e4069114eaf301d813494ca190bb5,"posities,top"
0xd51c5283b8727206bf9be2b2db4e5673efaf519c,"posities,top"
2pflbldaj4ezln9awrjy3x8fbzjw2pu3oqsqy3wdagzl,"markttrades,posities,top"
0x759fb0295e04f1c66ba38549af1273de0a5d2d8f,"markttrades,posities,top"
0xe68c6929b171396d009e2baa3fb891dc3081e5bf,"posities,top"
3dpmbtsdvaic3ywx3ua4fugwrdpiq7lwwu5uxohbawjn,"posities,top"
0xc356532edbbcd6cf252e01c159ab47f060e38a97,"posities,top"
0x28d865c9b8387f997ebba042780754257b8b2132,"markttrades,posities,top"
0xd9dc6b650bb7cb70b74f04ee845ba4b068c77e7e,"posities,top"
0xfcb4cf54b1a6b4128f745d051c4d11bbc0f60b96,"posities,top"
0x91862720d2b0b57201b8b647262e12eff79ca7fc,"posities,top"
0xf7ea026be32418df279949c66ff3aedf4d150fcd,"markttrades,posities,top"
0x82331e0fdb8ead9612ee00aa2580e74fa8ee5d84,"posities,top"
aqkqjr8fiub2x5k5nmz2zbze3djyxfb49m3mxbrt6gay,"markttrades,posities,top"
0x6659248330c8d75d2e6cb620b31f9fffe47efedf,"posities,top"
0xd23943b531e18a7208cdd8654fc390d6be55dd6a,"posities,top"
0x525c53be9e18f24e4e23bec6cb59eff3bd1ef5c8,"posities,top"
efpxhwe9jgszgp9luzzaw4qpcqfl54efnvn2jh3kf5fs,"markttrades,posities,top"
0xd9545c9372105b04d2f77f9c41b19595aaf8f75a,"posities,top"
6hip7ig6pxxf1cnqt579ugm6rjncrepxkzjhzdwnz39h,"posities,top"
0xe21bb6d05d3ae12211f7927649f7b5b5c163e656,"posities,top"
0xc8d8d8910b80c6152e99d9b2ca47f79937830967,"posities,top"
0xad0bd0fe2bcfc3205ff12849d31b4a583bfd7893,"posities,top"
0xefe27229a053d5889aefa31566dd4f7c005af3b6,"posities,top"
0xe34f98e1e9a650917280166357b460f08275b8f4,"posities,top"
0xab03681c3e757751ecc2c0582dfc02f8d5c8e397,"posities,top"
0xbf20aaaae1e4f175f7ff3c73f796101c02ba6a64,"posities,top"
0x619d04530de8367104f70b2fa0807bb44e998107,"posities,top"
0x587dc9af45fee78484a13cb3f597f602de51bbf9,"posities,top"
a1elhuuabk89urtevyqbm8uadwjsdfe8ayfyrhh42wzr,"posities,top"
0xad5fdbd6d14510d36ca73c08958b4ca9349eb0c3,"posities,top"
0x8cd94984aeadab295aa43cfc7fb98f199393dbd8,"posities,top"
cvoswpsoskwq8qaqhpcacuhwtqefmryb7xupbvw2aowc,"posities,top"
j9bcclyennfu9e4i5ugjumxnnpyifhsoaevcp6tu31ou,"posities,top"
0x9abd49de8e85be8d4cdc536f2a0bf1122f3fa8c6,"posities,top"
68rx5mdadavy7pvtdhztyy6lswjmdhipwvrmddk2nwdp,"posities,top"
cdedi15nxgpsawpgvgghsu8jiz51ih2rtwdrjfecy7rl,"posities,top"
0xd1e627bb2841b61a5ded2f8baa836e57fc4c5aeb,"posities,top"
0x5a1e874c68d967d1bc31d077de5e5fc85fd2b5ac,"posities,top"
0xa41402926db5abc08912458d9d96d0314a2113ae,"posities,top"
6rgw5z2ghgvmaqciohvrp2y7klmzftk7tz4vjtrwmdfq,"posities,top"
0x0f804e9342f20cc23167826013744112548c4083,"posities,top"
0x4159f5df51fab9b89335990fffaf1eb66008a4b1,"posities,top"
6bxnni2esbx9phbazwfxvijmjrceq7jqwrgh74halks2,"posities,top"
0x991f6e4041edb2cb7dc3a75b0bff2288e7620f22,"posities,top"
kyct31sbhbuvkyd17ndjth8zxkkl4vbonzpbmafqrxn,"markttrades,posities,top"
herdyjevvgtbufo6fcmhqm5jqqbrq6ctu25c7uwfbj5r,"posities,top"
0xd0973d1af54749d0c547a7205c2b2a5a6ae3a6a5,"posities,top"
0xc950889d14a3717f541ec246bc253d7a9e98c78f,"posities,top"
0x58c2a61c936a98054d348fa03fe81203334ec98e,"posities,top"
0x50023c960159c095bfaef029ce97e5aea3744199,"posities,top"
0xc4e03978fa1e1e3a5d35ab80d058b77dc674b7a5,"posities,top"
0xe7cc73c00ac0b80857c054ee3327fd236d5b76d8,"posities,top"
0x3ffd8a50284f1b4d0e114f3de6da33eefef10f83,"posities,top"
0xb33fbef1ad5b96033aff94de50ea4aa4aaf4805b,"posities,top"
0x6b531222bbea7c56a192db320628a9274edcf3db,"posities,top"
echewj3jafcq8urjrqqxvajebt1jnnhegb2gmmfbtl5,"posities,top"
kjtxrx1ru6ig2adt7bxjujwydxfjpby5vkzngc84vtf,"posities,top"
0x2775aa32106eee28bd7ca372664f14086f1cd628,"posities,top"
0xe8ad8272a92dcf477257ac8e4f4067b95afa1d65,"posities,top"
0x308e24cb0c3b0bb35e8e41ba7c865900dc52e71e,"posities,top"
uhqywqbbp98gnrzgqgn7vfjlx5hpnxtxmxn6wlasviw,"posities,top"
0x9d6c00476b2a7b16c970a003a4b9a76ad9efe830,"posities,top"
0x6d7dc7c2dec8429de66c54c8d909c284996e3885,"posities,top"
56vplpy8awbqe18ssqgalpn19fymmfqvqwrdlbsk8s7e,"posities,top"
7kyzy3gkr1mqhpz5iqmr25q21cgraq7xrcfscpyfapda,"posities,top"
2lxbvog5h2wu1wtsmn8pkgfugzdkabsj6vpidus1jxei,"posities,top"
0xf65bc0f533a90e9a2243cadee5932411a00ca5b7,"posities,top"
0xb2faec83b8141a93df139fad67a62116fc17e10f,"markttrades,posities,top"
8hgp8bfb7xgcrmmvntltasy9dbf51hklbqqlwch1eda8,"posities,top"
7zqgmphdryhtnz42qzchxgxurjkp8wplvnudaxqc7jds,"posities,top"
0x487e7231a7c3fc6870898c176ccebe28c7629120,"markttrades,posities,top"
0xc1ea3db638495d90bb778863ff5c2aaccfbbf421,"posities,top"
0x51b2511826600d1536efe760241e47cc829998a3,"posities,top"
0xcbc84c1e08972ac68679dcce718e64db09a2d8e3,posities
4fb1ml5mcnamevsh5ichzpp3td1uhvpd4aaiczf13j8h,posities
hhmxwssb7sx5mzxzu8damvnmc1iq1vqpmgy7zo6aetfe,posities
0x1f5fa0fcf048e453ef2a1f1485a8be1388162915,posities
0x140c96bd412bae8b6f20945ca9f0fc48eeefbe10,posities
0xc03f46417ad5339dcba6d7fdb1c994dd405d38d6,posities
gft7ua5pvkjazcdbyj5rvrzxb2m3aawlvjnwlpjbazpf,posities
0x206bb34f80263be7f9690630a2d66f1af79f2918,posities
3vuqhaf9faehcj5pyk2mp3whqhxvsjxxajpaapfspktb,posities
0xc8b309caeca95bc94eb8b540f74123565b01a82e,posities
0x02d45e8d17da61000bb8a9279325a1385f4fdf00,posities
0x437badaf602e0cf883d93909db803650cd3a45b5,posities
0x6e59426c652c87060fc0378e1181a5013b0251fb,posities
0x7a0898c56bf04e4e08d8c2adfe16c38199efe2e5,posities
0xda6637c61706ed6e75f67a08d0f1c4099fab5074,posities
0x557aff6a5f33be5b1cf5ab771b05999f73219b9f,posities
0x472de95445349d46a034708afc51a62750307275,posities
0x12aa2c5d838e7926f0fab1ab7b63052864031931,posities
0x81ffa484bec12d1b3a328c0a3bbf92218fb3e562,posities
0x2e5993d9c5c7a51bc53a6dfde470b46a867b00fd,posities
0xd61c7842c40a3d36c1a15eccccd42353006ae930,posities
0x5c6786be788571882fe964813dbaa0d4aeb8c190,posities
0xfe51f80dffa24e59e72fa99486d5a6bf27795852,posities
0x3f08ff0e476ea01e8623d1e3b7617611e7ff7aa3,posities
0xc343b65ec11dfb5dbe0f1d3af4b1a201fbe7de9b,posities
0xc571727acca65ebeb648e4580da33d9527ee5ad4,posities
0xbaf238be9e4452ed23b526f36205105a14987658,posities
0x45ac8104890805b487d98aa543294d8f4771562e,posities
aqgpd2xksbyzkjjtbytqm1qdfszrxpisxckk9x13hzrj,posities
0x29f4ea1df93e7fa5ea247a3472f72fcae7ee6938,posities
0x108f50681b148ae48938d81a85d9e15561b20882,posities
0x8496bb66471ddbc6304f8e4642ee10e80b36f79b,posities
0x887bf2d21b28a2d3067324115a2d31cba0945def,posities
0x6961317180d31ccb99777c856f791fbac05535aa,posities
0x3e452ba9099a916ff45a6a9d1c30fd4c37431322,posities
0xef71cfbf717fffc740c39734378123fbe6e097a6,posities
0x603a0d53f23b42a8c2e4e6ce717fc7c78809fb3b,posities
0x41cd318a1a6512b0775c39767a08ccb058b00c9b,posities
dvjxeudmqj7pvwo1vhwhtyhzqqpyfekwumu6rzf46qcq,"markttrades,posities"
8xu1zttbd7hemvxcdmvig3zdisadpi3xekynpnhl8pzv,posities
0xe103408f2dea2be204bf311e04748602c5854c52,posities
0x68a1bce35454d83c4c5839aad3066af09994f516,posities
0xec012ef765cbe8b63c641382ba39ae84c83272b9,posities
0x6addbb2f35bbc03d8b2e7159f61c11cd2b3023b2,posities
4p8yse8ydx8empyac7dmgmcpfhgxfd2evsxtt8fkepyi,posities
0x6f8fbe1eb612d4b76b4bff001769db6dc37799ce,posities
0x0c46b4cd8f8b7ce4b731a4ec0777b99bb6d1c4cd,posities
hhw5e3tuqfsiumc24f9m9vcrh7efbcknlfqpiavb2675,posities
fzfxjgqet44akvcuf2ekwgwuhp3tjm3puzukrjfxwwcl,posities
0xfdf97f526a4c3b4369ce1d6820f00968ed167a72,posities
0x05c5cf66ce29f8b2f4ff2de4436df055772f4514,posities
0x0280000d8868a44656efbbacde2de0e8f90db05e,posities
9ibrcttbfjnpltymop9jz7perbejpqsar3spxub1xnka,posities
0xb509967d37a1484739dc901e8fc42c0921d63d89,posities
0xeeeeeeeee4e85194fe27990141da63a0db9d4626,posities
f4trlqe9xehj19on9zkfr4j7zwpxdewps8v1wflm8ppy,"markttrades,posities"
0xc7d54bad43a0e99ffd384e47df932fbab234eece,posities
0x502e4f4f7375dcfdf8d811b49ae4a9cdd1074fe2,posities
0x15fc07c3a5bb23bd9128f70a4d4458957dc20f41,posities
0xd228ccaa41f15713988d03c5d52fa2a44aff3f9e,posities
0xa2b9ec59f0cf6eaa965176febabc78350914578d,posities
c7kc1zzqmvnxgfxaz6375qyxzn6qdesaqmhwhzysn4sc,"markttrades,posities"
0x28401ab9fa4e98659b81d80dfac1be82354db30f,posities
0x063007e9a2a0ad6ec574fdbaaeea3ad06204e7a7,posities
0x471abf2a3c6c28ea473ba866bc2cc963602a5667,posities
0xf56897b5980de2d3abcdb7e7f5bf67145aeb5f3e,"markttrades,posities"
0x8b20d8fb8ea6884412dd143087c38c72c2699793,posities
0xf39ffd17eb862ed3a57aae5ce1ddae289aa0a3fb,posities
0xc02b96a7c069d06bd3a279aeffe160304d5fe236,posities
4ple32zdnnyvvycgp6cnzrljg5w2czeo1bnvmhaqh5pj,posities
0x575c1461ab6f68aff023407d10269c68239a75e9,posities
0x92f77abd87d83c290ae19b81d8498ecfb8ccbbdb,posities
ancwuceuetfpkvl3rsbs1cs7y5scthvcnfxkzwdxr5kq,posities
d8gfkvk1jpzk3us2ysvnqtxegmco9u7oo6aq2yxrpau2,posities
c94jctle5ei3p7pa8e849y1692hrgj2z43y1qkurxkxk,posities
ee27syr2acmrnr6emsh1onjskyy6rsojuqfqkufhj3ir,posities
2rwmfdzk8stsn8khuqwiazdzq6r2sh99wew41e8konna,posities
dmlcurtmklrx2a7junevpnzlsmpljluiz2yxap9f5vsa,posities
0xd17f3ad4436dd26abbc80e205e7b7cef14b87ba7,posities
0x9f024bd17c988672b590d9097ba33ed28b11b5a4,posities
0x4c28c69bb4a0132d8806e0a81c60eba50e69218c,posities
0x0c8243b0643ec0c241b20c0a9fa569641934b2ae,posities
2592xcy7kq4edgkp5n1i6jafcg99xktvtrvplcybd6gd,posities
0x72ddbb5228ac1f1f2c17918728cd57522f748f08,posities
0xea4fdbd3910d7455dfcf05fc38a9d54a604d5305,posities
0x6c7a4ca824ec2ab2aac86301767c6ceada95e197,posities
0x4e48cb3ac0e5c0c3c27cd39ecd28f39fa5c5095f,posities
bpt5ccaxpktlxhbevsl9qzt5bb2kphspm1eyvsnn2pft,posities
0xdd372152b9d33b91191e825bec1cd705ba01be2e,posities
0xd8a83c98504016d9e6224beedb547289191e79bb,posities
cfhuiwklnmzctukggq2ogrb6qxsqftnrvkd8aqbp7kwp,posities
0x879c166b787022acba67cf449f56639e23e2f6f9,posities
dawcubcz7lcp4wcrydssft7jzeuowybezpx5buj7xda,posities
0xafb23451763d6be8e3b5d8494a1acfeed2c9f40b,posities
0xae78f7fba8ada10dd6611042853edf74a554d5fd,posities
0xf0fdf5a583b2a0a49c128230c38a8b0fb042312f,posities
0x2f526aaba4d27eedc11564eb2113c803b76d5f80,posities
0xa10e7bbd6e5762e8c76db0273ab1d4e0341ad7e4,posities
0xf6accae5da0f2e8a9e81ffe1db34b90b8d85ef98,posities
0xf31f5faeacd6d8b536dc218fa9638656375baa77,posities
tpzggc9phzaqcobmtunzg6wzcoskz8demzsxe4fyxyc,posities
0x31d426819aef6e4f69203bbac9f5a0e0dc4f39d2,posities
0x101941c4f0a5737b400a5e22c6881c704862ac61,posities
0xab9ffa2b26a1f577d408aec60bfe8038e933c701,posities
0xf636edbb56c877024c4666d41d6e50638df46fcc,posities
0x707047450f7d4c89419a1a0e03608cf76d83dc5e,posities
0x9c9a2c8c73d5072cfa90de5923fe9942f9e475f2,posities
0xfa4dc543531b5b176ebd03209d4b18b575f76a52,posities
0xe65f6051725902ea0f29fcd4e37979aa8ba2fa7c,posities
0x897badadd54e2f98cf1150c2ddac4f22710740ea,posities
6sc3yvg5up3hcnmbhbqhkn8z396pcwnh7zhzpu48frup,posities
0xa17be168a9325242ff400df0e71e8a805ff37578,posities
0x1854ab46b5aa4d61845472b6189bc6d2550af12e,posities
0x819a88f19aec3229380324039520349697790573,posities
chptmjytfaatnfyybzsn6hyfwcueftccu23kbcfd6le8,posities
0x60ebc6d6fb2ab7c72945b3a43d23d0b7b8d1f968,posities
abmagcmzykbkwikfwpfwuc4hm2jgdg7ts3mqykz2lzcr,posities
0x489c7bfe4695aa95900cc7c8a6576d4d94477c24,posities
0x15638ea2f251c8fc2acee6d6d65660da91e4270b,posities
0x7290640cb07887d124230c110acb0e6b822f66d8,posities
9vgx2bafljss1qh1m41ywmrnm8ykpn1jwxzfyz7am8hq,posities
0x029197a04d239cf39a398cf83d65ed53f99acf21,posities
0xc79f2238af30e6b8e8364dace3310e114b97b4eb,posities
0x58e936c08dfcceb8fa29f355d1ddbd4b17818a8b,posities
0x766533a7196e9a929cdb5cc7d750afb1d8002bdf,posities
0x4949079d57390d41ac99a931c477d32da14f5782,posities
0xce7e63ef3c2ed2e17ee885b020fef1f1358e7e02,posities
0xb33fcfc6e13363bb6c1f1b9dd0311cbfc19091ce,posities
0x9b46aca75753a76791aefa9310b1a65932d66527,posities
0x04cfced458e32a6d10d2c74ceca2528021b328be,posities
0xac4e04920e34f79e0d6105c03baf115be24cc4db,posities
0xca9f5049c1ea8fc78574f94b7cf5be5fee354c31,posities
0x7330767576121bec10048baeaf70707ba3675818,posities
0x6f6dd0c8d30981f1befce418fd5d553986f5e6c9,posities
0x3391cc5bff13873888656198bc721f5f2c509603,posities
0x00b9ebc38d0493e2885de74e0f64972db26accfe,posities
0xb8e2a92b7f66c4791c6ee6b81addbac16a2d70fd,posities
0x651d6c807a3652b011fffcdd7e75926c8420180f,posities
g7gqjjzs6qvzzsbexxh48hz6v4wu4uvm7qeyylxznaat,posities
0x1c428bdcae3b4152b392801b6629ee942ad854c6,posities
3c5mhjhd551egzf4fzydzmougsmsu2mnkpw1wrj4znov,posities
0xdc8abc67f61dbcbf72f9c9f875f557e5d7422e4f,posities
0x8a7329c4b7c9a95db9f673a8bd0142024e3790d9,posities
0x6c9be6725f77dd4a664ebcfca0aeff08f2b71020,posities
0x701d604e564602801a11eae0c71bc7e2b1a3cd58,posities
0x4bd2728b496fc79f8d276ad28e482f156bb8c685,posities
0x7ab9a3a2d7af05cc2a3d1e8f5e0b6a760be77c22,posities
epqajcnceadawfx5gxjtumtgmrw6sumfaeqnsexomwp1,posities
0xe2f70e7bddfc1959a6819c2f3a5a64d12278b97b,posities
0x647745a3e13b14f3a86a238214737c821f189104,posities
0x44fa1b7b7acc00f6c81539a8fe255794edf7c03c,posities
0xff0052f9acc869203c2659a21f3eced7e032671c,posities
hzchqarnlssvrsjp91q1lna6ngwpm9qfcf5nzyksbsyc,posities
0xf9ebe1f04ea1a683343d1eb354080eafc63f48c7,posities
0xfd51be6dd106f3be7a3a31e9dce7f6e69af19e86,posities
0x9496bb8b1ab607602f8705cc5cea25b51ac2d7c8,posities
2pcesqxev7eeccz7agqkgapuz8nnnmzgtwdtngzfq1bc,posities
eozwqg38dxjjvniidddzrkejjjc5pn9n9u4xakuzfy79,posities
0x00f92c2f3e13201deb3dec6d7a805567adcd2f2b,posities
6q6qtwleus9qy7atuafdzyvf6eno5y1qng79se4hxirl,posities
test1vjsjekhw9gh5hpnqszn2lwmjr6q1avcdcj51nd,posities
fvfuw61dkwyvr6mamv9govxpdjinqexbk6tgwyr8nn6m,posities
0xd6a9438156a97dac217812e5db6e0df79fc2714d,posities
0x2ef467742a91bba3048966d033656ea5035499a6,posities
aarhizgystughq9mjjruvy2q7hmfzx1b5gsge9uwd72g,posities
bnk4bf2rdekuureuppny13khz1b5tyzruufac2cxrqb2,posities
0xe6aec81c485c0139b08f71aa1a26504da5af61e4,posities
0x790ff44266b1900a4ae03d3c0fe9697e04be917e,posities
0x2cb8636518dbb399bb668f3438a6f1eb062318ff,posities
0x8d834919956af4f696f729bdcaba61c9f16529f5,posities
0xef2a8dc46fa17f883018fb24bb317045d5d5edfa,posities
0xfacd9935bd6bce5facae95064ffbc143a3c242a4,posities
0x893327ef6af0b39665b649ae36f37e1142a19a01,posities
0xdc0b3127a71367227311f02fe4dda2a6ccdbae78,posities
0xc16db1bf30644d511880ace06668db0f7eed411d,posities
0xe51f220d3bd2d78d0525a000a76fe7aa2afcae44,posities
0xec2c8d89758744952009a5f959ae304f9652a933,posities
0x862b5d7ab84dfcfbd14c9bebb46a5617ecffbe6f,posities
0x4f13eab28a552cfd41ab7c2456007dd76f9f2ca4,posities
0xaba402a3d2dc309daae0d18d491d463ab585a1ff,posities
0xd482354c9142fe0e1a617db9264d45f1c405aaa1,posities
0x99a9466c8f79628cb7b1205b34680221cf795d6e,posities
0xe67ca80c1aabef5d2b3a1b0eeb7463d252c2f47e,posities
0x815fc022be7b894b6251d9c10e899a89a64f337f,posities
0xc53f5736af94f212428605ce437bb6f5a96328e7,posities
0x5c11992ffd7a76b301b3e2fab74942bcdbd3dd23,posities
0x619eb5479642b69ca36005adc0fe0926a01663d3,posities
0xc24696ef96c714062f02c2be2b15d6fd1a1a035d,posities
0x2435340cc2b4be9fa4016fadaa9e8486c8c2678c,posities
0xe985a1a1248b995266869258cd965f1de11111ec,posities
0xfcc6a6b4baa1ecdbaa17c0748c59c1d861599fc9,posities
0xf13fd4951485f54462de0fb534851d9687d1adea,posities
0x417ac47ab85ff79254a541fd6a9fdff23852a9a4,posities
0xd012a84c6fd37a4ed2f5939301e16abf28d13618,posities
0x385b893e9c4d275886f64214175dee21bf387cb0,posities
0x727a4841b9c08ec2f4b2f6d6bc8108b8a77e86ef,posities
0x7cadef15a914ce72caf85b5f43eb41a3a8fd820a,posities
0x5b65755a36e25c14bf5d02bc39c72435b96e7ab4,posities
0xa90e0934458f12835c6f5a567236ee9f515dc088,posities
0x4d469e7c44ce56f9f3bf13f92a712e4edb9f5c5b,posities
0x04c92983c9249115a4c719416fd7e7a10b33cb55,posities
0xd2e67c36a1d25cd6f3ec0ef3ff04703b1e3decae,posities
0x8fc8fa451950525e953ddcd159f31f3df4d7cdff,posities
0xc61af6a77c42228a5acf0045fa4cd2e90c0a6db7,posities
0x568fd6cb84437488f5d65d58889851507bffb17f,posities
0x2ece359621497f4c9053c30912e9ecb7e74718c6,posities
0xfe79ed038e9f9b30d6cc7cd8bc6355d22cc6ff1c,posities
0xeb2d21b8e485b75d314aba373a8b25c80e7862ff,posities
0x88d8079ee7c102c983f7a4fad490e70d8c3a3a73,posities
0x557aab37cee8e1e7e6f88c53ea6bf67f3912976a,posities
0x2ffb9e6fdcb11e100c60dd47dfbd325e97afce17,posities
0xf1bf05c0aea1d0dade4b41aa1941eb5ef28c6587,posities
0x92237f6261db6081421da708f1c0c58fd784e6f3,posities
0x446386c4152618254286bd3b6fee38f18b1fe537,posities
0xf4385df41fb1aaff40f61eaa57219662c1ebc54b,posities
0xaac34cf759be23c9636c0703d1168e6aa488294a,posities
0xae69b8f27fcb1a4f939fe5246a189656821dfe77,posities
0x4e7b1f5d52889144eb73ed4aff7b2dbaa511c6f3,posities
0x50fb4c5b3332323a570067a281d733b0632c2be7,posities
0x4a38ec57675c63205d97690e87aee5662f1353e2,posities
0x573675b5d02b4d3b54e347f4848609702bbaed68,posities
0xf002077583554958502fdff3ea2458179a19581a,posities
0x236812ff178f2da418b8e238dfe068687cb2848b,posities
0x9eafccada37f9f52c54cc16e8ed980c6fc0a395d,posities
0x3e6058d39c50a74b32f54801906937e4299dee73,posities
0x5b9effdcbd65946f2b143725dc244563248aa4ee,posities
0x61c2330915abd2fa52b5e7a183e8459cec9c499d,posities
0xd68980a13fe514ed18b175c23432f5d172ee84f4,posities
0x4f46c9d3257d95e35a2441df2fdf293af13f47d9,posities
0x837cba7efcdb43497d0438e63ff7f75a02c0fbce,posities
0xc2676fe33ec4093df6480eaad6f368143d565c82,posities
0xe4a10b8c17e37e31f1979e86d2d648990f0b042b,posities
0x117a764de3007c71bd8b633296040689b73b8feb,posities
0x4fb9293f746a4b6986ae85b946839cf1a75355c1,posities
0x71c448251f45c17017d8d79dad79eb2627f63612,posities
0x8b0cee6f7570467c8d23024784b924331a9e5778,posities
0xd436517fd3e2b7fbb0b234e4ee34f81dc1cf21a1,posities
0xc9856243cf0e8b8b5df1030be2ca0a162ccced6e,posities
0x651b0e70fd92c145fa68387e90c4f2c45806d3a2,posities
0x01f3713b3eaaaae1ba5c27e60ebf5c8a4d231cfc,posities
0xf6c280e2d549e4904e57df5ff1beb703ff7e90fe,posities
0x4c47ab777f1f64d1f3d6efbf1cc7ab5a5224af4a,posities
0xfee2a19bb9f8d1d9455476da46d0345ae1f7440b,posities
0x442906208c0c7d79e943d1b3ffcea60ca1d3f6e7,posities
0x1b6a7da7500b7284ad878018c222a243eb536ab8,posities
0x0e4a0c920e8e125b4f04242e8ca6c451e2fd1abf,posities
0x93adf181c0d477568aa8c18014ced7fe5074b561,posities
0x3a9fbef0c5a2712acf48d5b07730a584a8af028a,posities
0x234a2d6e625a2772f152ed74ec3c9e92407a2a22,posities
0xd262ce155d8730b5948b3add1141ccea6fcf1a84,posities
0x05b5bbc2a62d4c08c842b7112820bdec352c4f31,posities
0x13949042fae1b28febb1a1a3e9471a2cd9018ac7,posities
0x5f92d838008161ce73a64fd30af6f48234e5a7e7,posities
0x1464710ebcedeb047d1ffa4b3a8212ef53f70356,posities
0x7d91755f3077b39b358f476e9450283483f46641,posities
0x21412f14decce56d20c2afbb3e8090ef4bce02d8,posities
0xd67ab36c800c2415d2c0a7760dd2c40b0edd6ff4,posities
0xd76c72551df78318fcbe0dd9e816bff4b113ee1b,posities
0x6ce788b8f2beca3a946ce2db301367e2a52333c1,posities
0x84240279fb7fa022aa93bc40df9b71f10f316336,posities
0xfc0cbbb4745cf6680826455bdc58f6cc144283a6,posities
0x083afe71ea6e9384fddce89601cc5bb2a96f4d35,posities
0x20e8878ebccbdeff1e7493d1513df365d29caca9,posities
0x716ffcab2df6a4aa6bcfc0c8b84e6e8227141528,posities
0x6f62f84b01e6541f4af3ad5fd94b6b2c4cedf4ed,posities
0x80012ac353d5e0adbb50a105e0f6724b8330df97,posities
0x9b0814d90ea4bccd19d450166b35c446005d9fde,posities
0xdec647540c917edc1b0fc07383a980cc9cd84c61,posities
0x7c37f6ace3ab929bb69eb05e933f89d1b6b271fb,posities
0x5ca572134daf0c38743099539982e775a1b67987,posities
0xb09a9f7e076dc13dd9ff6d6cfcdc1c3b651ced62,posities
0x12a2c718b8a869e5449dce0abe42321e6860d691,posities
0xf305d12abf860915eb8ed3de65763bdc1f794242,posities
0xcfc24c88ce1a9456c7083eafede54e86ec26be26,posities
0x9b755393560578d13fddbfbacd6ef2d329945349,posities
0xe30484bba129f8548b26b65d678a283b88ae0c24,posities
0x874ae416e403dabd723b9bbeee94586bf7b7c13f,posities
0x2f2172cd478f21b12a50a6bb31a6e217d4be5f98,posities
0x89edf1cfb73bf3c277cb9c9a9f399ba0c2d37419,posities
0x81c096b1a3c8bac27ac794315e41ba04d1046df3,posities
0x76c22b4382d25c6879c969b04fad75bc599d7f78,posities
0xf58561e4fd8565c5a527d99be9eb7b9084fafcb6,posities
0xa2b3093a206400ca0b177cf111437a0b8f8aadb5,posities
0x9678f5dc24f73f05f133e8bd792fba03252fa84f,posities
0x90e8912eaec570ea59fc086e926ea53bb77e8a7d,posities
0xb971cacdd13e11442036f83b1bc3b99ff22037b3,posities
0xe0c251c279d87fdc7a00023afe8fd0cf5edbbd24,posities
0x80d0bc7e4419396f7c2cfa672828446700c494ef,posities
0xf8cd4a7fb7ed3d189c35456a20bc1fecb2619fd3,posities
0x8715826291658561ac0b310118bd45ffafbeb70b,posities
0xc9c5a7976f8b5e7235df5c700693e2a53aeee911,posities
0x7725380b04bfd409f254060b5108adbc6df87bd7,posities
0x067d86641e7d9346ff960908704fae4995cf81b3,posities
0xaa9129b702f4530ba7786168a90baa7a68fe406d,posities
0xd5836227cd028624d5b97757f644c61caa390589,posities
0x5106cbab9a81c34f586c21dd7b621db7668f8765,posities
0x4343e8793dd0c77a60b7bddc1203228de4449b23,posities
0x95c005aae796ac7b34605ae9d1e098fe2faca017,posities
0x6a8ba9cbadb0a59c36b9111de2a4ad53ea42894b,posities
0xb157bf67f8dc53ca7c1898a22ceb67ac72096283,posities
0xf4d3ef03574378ba1620183d617187f50da67845,posities
0xfca1b6643b8d74cd47b6ad67e2fc8f681e4627ce,posities
0xdc5682adc4e227465a13c1e2492f43bf7609732b,posities
0xd49ac8896220b199c4c22e9bbcda707c9951aa42,posities
0x784ca853277fe20b17c06c63958add91b047c166,posities
0x3e3eb2b0df43f619719a068e490d20f904c984a3,posities
0xe8b4124246839bb399b43859aca1e038d279ef10,posities
0xf615d9f094a81c441eb92bb23a09a35d5435f335,posities
0xa6fcf3e11a2ed1db8a87ddeaffa06ab5a643b3da,posities
0x427576a52e13bb0d2b0342f419b60e154f5e9079,posities
0x0ba820d2253de0d0160037f999108162b5342948,posities
0x8881d9431f5c4262ecae3db8d03a74031a6ea1a8,posities
0x725a9d430a7fe19de0f505157db83a5b89cd70fa,posities
0x8463399309e6cf3de85dd4a6c6425040efde018c,posities
0xeb4946c96f0979b2cc07c0e77296972182d5611c,posities
0xf88710059880197f20d62bb94fd2e684cdb7f73c,posities
0x27b80a31f151ba0cc3eb259257068d9b89c2ea5d,posities
0xc2518ec806a9542f76e04bc072e334dc3e4f582d,posities
0x7d47f8369ad2ed319f4b63ef19e207627a548bc4,posities
0x4aff0e6630f13b7265a1b143a40f62e3e48d1c69,posities
0x6d2852f3f7e061ddb8a1e4d8ccd9ce92909aea30,posities
0x9b46ce7a9fdfa75cf18fd03f96b0ad756fce8f8c,posities
0x53a6740fedd7cb2171bd2524c7179f9053cc493c,posities
0xe453e157f62e488e5d285da98409837122d1a961,posities
0x86b213d774b61ef4b14d5b405a0ef8c4319f83df,posities
0x330574ab9fe41891cbb344b228ba6b2a8463e18b,posities
0x82270c85cd07f6cb28e79b0cb376076fe7a129eb,posities
0x4674c13b18d7e732b4e9d42fe15932d47928246a,posities
0x89e7cf31ea7dbbeed4ebbee24ca648c36e4972d2,posities
0x1a53f5800b15f44a6b20509aea4d9d0b313d4fe3,posities
0x944edf04e8f0bdc88e75be8018a44cc48bc0af92,posities
0x7ed10b20bcc03125dc6ea61ec723fe89f2c21f6b,posities
0xf91177298fe8ad23049b1c09d41768da9d8498a5,posities
0xb9498d38bfd6736a99d9e95722e89cc9fe5abfb2,posities
0x0f648760626f008c7a98eb6ddb7ea2122eff518a,posities
0x8ba278ed29cf024fb8e8b4a3ee7c8eef51e6dd6b,posities
0x4a58ddf72efb362e7a431edb16e0f1459cea31f8,posities
0x0e13f25266d66de680b9358d7079c88e701461be,posities
0x976444b8613e7e6a9a9eaeaf01ce524527e8e904,posities
0x9dba4c617ec0e444d07f3a46e3c759fe2c816e4a,posities
0xa8d7735ec3a06c499ed2cf360c79aa8ba611c692,posities
0xfe053fa622e80fca9ae940db82dd668b15ecdde7,posities
0x3aa04cb606435c843db5ac119e3ab06c7c900949,posities
0xbcd6ec180065488d764a320e3a65c50ab8762fb7,posities
0x6f0d29798daedc373eaa4280f98d9de66ee568bf,posities
0x8d90edf8f08c16c6df0a09aa6f652f0d1dd072cc,posities
0x74841e538e16b5c83730b71a0ef73d45b2cc0065,posities
0x7e595e90d8c7064e25a52a136251667a998e317b,posities
0x76ea08e82e5f96b072e715557f55f1a7aaa3815c,posities
0xaa60736fcda1151df8901773ec675bbc4f97a69c,posities
0xe97657dff9931a18c069cd1f230a025ae90ecfa0,posities
0x8d2f36d7e9bc309641d65893eed6b75b7aebbd69,posities
0x49ef5e429f40369541b1ce5e05e677f557de7373,posities
0x341d8870e50f6a1fcdcfff553993da71f96ee998,posities
0x55808190c10768d9682ae5a6d38d873517abc3d7,posities
0xd87c28c04b1ee6ab4a6dc7e53efbdad54b0155e3,posities
0xfae78bf8d18f0bb99cb63f7b563fe82941b402dd,posities
0xfc4b2a62a06cb2e1c6a743e9ae327bb16977e4c1,posities
0x081d1cb119c0b985c3e19cf7b7854abf3002e06b,posities
0x0ce54190802abac97a7a2ed05cad4482582e2052,posities
0xc51fc0f6ad60bb79ca10f451f31e12b01798229e,posities
0x6fb80f3ffbe9cd4af2bb41d6a01f35eca6082e6e,posities
0x8285c8e3fd3ae6dc322f9899da294d0f8d1e0ebd,posities
0xd99b44aa6ef46bb2c6248876a3b342078da7fa85,posities
0x38fd4ce8d61d823c630d6e51f5c8f77c826dd262,posities
0xee946a5072575845f8abf0677af5c6c96b94d505,posities
0x2e56b5b7cc66b1045bd3a311ba30e94133016e13,posities
0xea7032a65e36ca8226ddea8217a744800241ba4d,posities
0xd24888183cbd8c25c644e4706d452fced8b52a11,posities
0x003e9a03b8cb817b21e9a5678acde4887f0fd2e4,posities
0x431275a3937253fc0457d23712a85726b38e92f9,posities
0x0055cce9a66d0d126caec6c81243147295040ff7,posities
0x92fad93cbb8c9fb641b55bc609c563b3bf8909ea,posities
0x5dabcb0b06706e1e70f19282d35ba952680724a5,posities
0xfc332fa4e2c8eb9da204c62283e0558876c6d0c6,posities
0x9638c17d7ddebf0be62e93d4859f06b752fd8e80,posities
0x7213c705c84e5d9e30d6cfb081fae1fc3dda3af4,posities
0x2149a3659e84581bbe2c4957575d20a9940f5418,posities
0x960d9e606495bc4d5e9737e153d06879dd516f46,posities
0x75bf293b51ad0c15ea095d0fb8916a228c43aa5d,posities
0x9b685dac1a84dcf15b67db7eb24b864f8fd51603,posities
0x9a28ad6bde8565964136ddaf183b3b93b8aa1211,posities
0xe30b404e404335a7e3e4b83976cb1bc15ee81fd4,posities
0x54fbe30b5d187ec9926cf1c2f3949fcc0fbdeeaa,posities
0x76c644460410070f7293c1f83da81c1389a6efe6,posities
0x475f65183956d3e7239c0cfd7b1a619b69c4c948,posities
0x19af9a019e67ca5f6d2608b24ec8cf9e095af3c4,posities
0xf97f20cf5c07945414f69b40e35904554f3fc05d,posities
0xd0306ef57a544c58f925d574dd4b989c27a26ada,posities
0x01de85f694d89f1be514b10e847c95c0b14f52f0,posities
0xee79399e606f4f42d8610d00f59f409c2539e704,posities
0xe740e744b3d4bcf8dcc2c4c95a61a182c2792460,posities
0x450303cfb52eadbfbe6befad17d00fe35809d352,posities
0x7ba1f24044ca3d87b32b3b85f0fbcf0915193de8,posities
0xedda37defca3531c3eeb1f2f7840209dc5937e65,posities
0xec980039fda78bead4cc1c738479ee7e03b5fdad,posities
0x4e595168f6097f7e8da228aed76a141ac0d9eceb,posities
0x58d7301207ccbdbe943401eb57518247b4f3526c,posities
0x69d37bdb5a0147d4b3f0e5332073f4d59c50ec19,posities
0x9a7787a3da528605b59715b77422363e0bf07a7d,posities
0xf4536f87d377ca0f179f3427648588bfd0f5388b,posities
0x967c692eee82d68bc01d8b89f8d31f967eb8c93b,posities
0x600f9faa8a2d39a710b28e2d0ec8a5dacc12b00f,posities
0x7ea7293ce8e14b92a6f89cdd0b531d249520bb87,posities
0x34c0fd5f1dc4929549ad414026fc68060549f9c8,posities
0x99cdfe21c6f9d5caa237eff5f8221041e29da186,posities
0x323613e50a136077655a949150bb75e46e056e04,posities
0x89fc6787f7a1610b979e924e21f0f15609b9658d,posities
0xc12057b53a10863ff1b8ba13d3e95d86972ff52e,posities
0xaa94b1bfb2cdd4d8b4e77d9cbf13b2019c1b7135,posities
0x5b5203a8335a1f4ca49268c93ee96e8264f770a3,posities
0x5a1bd600321970d35d184457c85125f690644394,posities
0xc42c969ea91d0e4a2ed7c49f23ef05208863d338,posities
0xac005dc81da6bd9155bd79dd96e4a44d52d0f20e,posities
0xc8db3c2ca571a986d02ae7c36c6e39823d4039af,posities
0xb805e1806ef84b842606bc22a6a16ea7f40d4783,posities
0xd9fb8158d0a3201c20ff991332b0b83a6cb6e08f,posities
0xfa6e31ebf7b4e44d161863668bb08ccd6448efa0,posities
0x9d6e50b84fe40e825cde3129d8d3e3582fe1658f,posities
0xa59c52b97c2cdcbbe9d5fcb3240233e3868314c1,posities
0xd883ed182be9b5b761e03dbed722555a8175cfdb,posities
0x74facf54972fdcda0bdd1f5beed183b316b0ffe1,posities
0x196704ad5e0f11b636ef6f4b6b1196eb825fe3fb,posities
0x39b1028d1e70230523001b89dad4b67b1a603864,posities
0x687e3909461a5e1663d94f7e22cba72533338bbd,posities
0x21a7d124f105f77b27ed97ee022c809f3f170c03,posities
0x3d10402d3d02ed2f34daa118166f23f539f69c60,posities
0xdf0944d413f83abeba6bc23891bc183bb9d6a77b,posities
0x9edd2b78a279d1e30d8361729164e03fbe8c84c9,posities
0xdf54331faec9b8440e5a5198b2df4fc80268a48b,posities
0xdcf5d8aedaf76e6fc0dba1cc8d1e1be2e451fc42,posities
0x7d431be16cc6b72fc3b6794b37928e471047e5ea,posities
0xfbd982002c76a434856e5ae9aac285c1bd673362,posities
0x6f4d02c3ff621ff37dfdef4967dfa7b1932fac54,posities
0x05313cca92467c05c23b7c5c6d2c726769b76a73,posities
0x7ff083d94b53f0a8b18dea9b7ed8fa2573bb04d4,posities
0xf89872e8f904e93bf139f437868402dada4c2da7,posities
0xa5ba45f484bc67fe293cf01f7d92d5ba3514dd42,posities
0x1a9856e1173640c2aec5fbbbbe6d5c91acf8b51e,posities
0xae9e6e806838effb20f1ba5c36f5e79f4d501062,posities
0x9d10cfc712c8e8a6e2afeb3015a53a56f6a4111b,posities
0xcaa5dc37c078dbf9bc34eaaa5fd1956465b00fb4,posities
0x7c7be16613a28448b7d0def32bb6e9051bf12bc6,posities
0x1a1235c25e5d6dc07556e7647819127c5d0f51e3,posities
0xbb0d3a3df6254516cb51f961af5df632812c49ce,posities
0x4b432a66c9ed8d220d82d99bbc6c83c87bfb231a,posities
0xfe523316209af7c378f637ef223df746ed5ce5c5,posities
0xdfa8078971b0a2654c443e54214874aefdaf925a,posities
0xd37cbe0c808bebbca8c71da25f8dd47b9447e139,posities
0x6fb31742ff02d26c449c32ce374a0d198ef3debd,posities
0x0258a3b56ada6c5b1110efb02d56464b8e835b64,posities
0x711e4856b2d01b2d41e1b7a3507dea97db89f7df,posities
0x26698265988d84227d2f51010d84537eb477b8fc,posities
0xb9a3aafff562e9e92031e1826c80f818a6e78aec,posities
0x1e97d737786df74228eed4862d222bda6adc11b2,posities
0x75d558522dd28ccd32c15d7326c68d853a1449fe,posities
0xbed84c589269fec934523cec9dc64ffc54514cd3,posities
0x31877ed4d00cb3781c22ad15a1a5191b1134299f,posities
0x15d4f08a841aaaffbed57c2267ece635061edee4,posities
0xf4ff772c9b471a5b10c7250e907779e7519106b3,posities
0x9d1b536f2284d430396798cc651583d9c307cf73,posities
0xe3b2437aceac91e3652eee3be188ae74fd79b638,posities
0x77239abf0d44b81a96d5e17601d05a869b450e8d,posities
0x9ef171a8c62eea6455830bde5de99db5a7ca5119,posities
0x117d1ab08b9be585416828f18ff0088bf428bb58,posities
0x1fbb3ba13bd9d6733b4b476eafcad17fed788863,posities
0x830c9b791d6fe675b658c6261c5a202a61e923e8,posities
0xf2d807f09eded2e93a0bced60a5cfed41d0162e8,posities
0xf76a15b0a36c7a25106b1f24d2dd9113d754e426,posities
0x92f250413b988b29f579b9f6b7d96cb38e15e4a9,posities
0x837a9901300312c86884902db2bfd343a93604dc,posities
0x4a395b0efc9907a195c81564c10a985c7e9f6a15,posities
0x6c19180a32b4e13b1aa55ca963bd6fb195ad2e90,posities
0xe62a9a69d8aad8550ab04f629274d930f8011a19,posities
0xe0cfd0724ff53fc9064aba7944bf111d5633e31e,posities
0x64af5b563c10a8a96e552d9c50cef18f00d244bf,posities
0xe38dd570aa7c0de83d3e7faa4c1524b8e398030e,posities
0xe51108379bdbaff29c8d375bf9f191085508d4ce,posities
0xcfe99e4daddcf2c3d0666e7b23ffa0766b1a4c84,posities
0xa63b833c4bb36bf5e9d1c981fb17a4ff37dd68f3,posities
0xa10db7fb869ed1fa2bbc0a1f6aacd66f367119e7,posities
0x0e9c3f1d708cc38fabbd38cb1b8368140b621841,posities
0x96ea7c3c19b7207897ba3da513fa2f17e31abf68,posities
0xdda09f3e61746cd6fc66248f434e4be6b2b951c7,posities
svprujze8m6cncda5m8jempo7tcs61968spduwno341,markttrades
0x262d97f850abf654154df246b91de6703a80aadb,markttrades
6dydvwtrevtpwkcxmmpjbpu4b1shedkfrxrewdkyz39b,markttrades
0x325eed36b79029de823cf0df4fe13abda430bddc,markttrades
0x28e36f6726fa7abe2e08b33631b61d7d44cee62f,markttrades
0xcec1d0e044fe3ff691ae0332e4f9a1ee3bc9c02b,markttrades
0x154cde0f96c2f07a80c1e8bbec52c2aec69ddaa7,markttrades
0x88b25ccb45301df25f043baf26fbc6f08f1a4d0b,markttrades
88t4ghk1or9iycdmd5ozm3svkfe3huypyhwa3lu4bdab,markttrades
0xde8f999ef1b0f02c1a871a6647ad131490ae912e,markttrades
0x59f483832a86e6436f0745a70866cb52f9698fda,markttrades
0x84833eed1d4aafd34050551f586aaf4b2b0558bd,markttrades
0x84c0608220e474aaf8c844f69b27e0dcfa26bb72,markttrades
0x999a82a7b79c73a3fd8a53cd3543e49d2562bf24,markttrades
htggwt54wsvpayn1pogxvztuwld2trukbtqhhnpuwnun,markttrades
0x884c2351b8bf421c3d5e00b0483aeb77347218bf,markttrades
0x2035021db647e05bc9cf3722cf52e5868de2e5d2,markttrades
0x84180860f358c3ef62990218a6a2b129d780c37e,markttrades
0x550a169695be86715c55fcd705a9fa7a1c873211,markttrades
0x41cae36716df4aff1c8c487cbf58919b484ff28e,markttrades
0xf6c5ee171a1fcaa76cdf2e684e6582da21ecc56d,markttrades
0x7103b0dfcee3b3e2c557c216e7ea359182761c39,markttrades
fdmbbjcr8n7wegmcewwspw6ybm4cxyous1esv1udi7wy,markttrades
0x5fe5ef4ba91147d709bed62ff3af157130966c16,markttrades
0x69056de13bfc7ff044acff7f9d0bd1fa7200c077,markttrades
0xc8852747739987681a405b025bf5d0b5d1f1f4ec,markttrades
0xb408c0540d1437d14c0b1d88ff34502734f8bae3,markttrades
0x2dc29398f5d1dc263246c0a37b702893bdf5d311,markttrades
5hmehldgcfffrzhnz18vxmez547rq6bchgrx3fkx1uqb,markttrades
0x4de87413726477e574c0f86ba5bdcf31a91cacb9,markttrades
92mcg4bep4newvb6gqaeyklageuc7phjzeifcpiems9p,markttrades
6rntavfdgffpcypeukrkrigzjzymrcpksjkmakk7hrw6,markttrades
0x742ace2bcb2eda3bff0d2ee10a4cd38bf159bdf1,markttrades
fqscwb4knzgzcvzqtaznqnyypjdb6vtnkdc3z3stjzon,markttrades
0x6702732d829ed25687a50abc2de81c0ce7a57f54,markttrades
0xb9c43c0ca2b282013df27de5e637ff396637ca2c,markttrades
0x26206457f8de2a3fc3809f9b550685e2d8083b65,markttrades
0x48f5417a817be75f07915e36d81731ab86dfb7a1,markttrades
0x889e8629b6159fa0ca2757988e2bfe9a055b5d6f,markttrades
0xdfa5d4d68e737a93ce5979b523faecd5d969288c,markttrades
0xba75d4d0e54d1c59653eadb78b5af19409e506ae,markttrades
0x88aef0170b097ba2ec0f02dfe4dc893563b385b0,markttrades
0x547712988c220e2ef405aecf3d2d1855a3f03a00,markttrades
0xa6986ab7fb857938289c1da0099a2c4ddad76292,markttrades
j4j4jaqwbrpzehqssxpiznwb7ktgghxnpjxtz3jrpgzf,markttrades
0x638d4da698f0b605ba9b666ec6aee4d4418b5fd9,markttrades
0x0989299e4dd85d9433c6ab9f9be5b45d774940c2,markttrades
0x0f96987b3eb252350d7e797ffa93bbc08dd16154,markttrades
0xbf087400f971af961e9b765ad737b1cc6919f63c,markttrades
0x765d5e1b3e2fd99afc0ae3ee3cf855d3abd188b4,markttrades
0x42688d818aeaa3ce9f3e6381ca09aba2135ea62a,markttrades
0x37c313b0d5810aac8446c01d5939a541b32e58ea,markttrades
0xadfe4c7667f1b4b6b3f6861916ebf75ce84bb330,markttrades
0x52d96ede061ec8a784ba2bd38db9437e4d3b372d,markttrades
0xa4c01b4096f152e9fccd21cd1ae23daaa04f474e,markttrades
0xd25b7ced1cfcb1a04556ee91c64659a797a4f1d2,markttrades
0x02fd2cba02c11f71a3965979bbaff1a655c34000,markttrades
0x35930d134be4170aac9eac9847f68a8f47a0fb66,markttrades
0x6e11966046b393efe659b748485665db26fb033a,markttrades
0x6be9445dc34d9af1f3e5888d375cc748698d0683,markttrades
0x845f6a02b9e4f943ed5d7fb2058250ca2a9b5df1,markttrades
0xfbc710b33d32b3503d2f908dccb8725077665c60,markttrades
0x48f5fc7818270055389bf2de3d6c9f8f0109fee9,markttrades
0x36777e0a25f1c2377f181654ac5dbe5b2fb0a473,markttrades
0x3b0017f9382bd271fd3177d695de672bdffea70b,markttrades
0x35476c917a994c3030dd0dd3216efe81ebab746d,markttrades
0x115921f57de701a1707f681c74b911e69bc79797,markttrades
0xf14287ff86992b322239104582d45e90ba904347,markttrades
0x4baf361dea5318f4590b6cc4fa79568165f0442d,markttrades
0x67f8c156431c8f52e4c037648b4db8488bd0bef4,markttrades
5ol8qguci6ryo55gfqbss9jsmgtx23vppuguzbjhabxa,markttrades
dyibctei7qp8f5mt12ytjfmfkjn1bhyukrm6t2qdqkyt,markttrades
fghhyfuedjpszweqqbr4zdnrvhgrssjvztkjpbceamfn,markttrades
0x6c2f51b6070b5028b4c21e9ece86862c5af0cb2a,markttrades
0x4051b1fe0d1d3f84aead2186aa8e80f62bca7617,markttrades
0x691db91109a2cf2ce2a7d3c7d4a68c62cfa5464a,markttrades
0xe462d5f71c9069b4835d128d8eb6ff036a100608,markttrades
0xaa32150e912d5a02853dfc1da9feb24d9a569951,markttrades
0x9617a55bf892318a729d6ea2a67d269dee809123,markttrades
hk7rkrvgeeujtayrnjxjkprnueqtpnqftd8qyx5rik4v,markttrades
0x8881f359822cd52460a6785b6d29da6724a94c2d,markttrades
8fxuqiv4ra2ssg9mfkvgzxtj1m4dzzxzjrz4qlnmmwky,markttrades
0x1414edc15cb62c2ddb7800a4f538b5a70eb0332e,markttrades
2bqabrma5emmkn4sbd8ztggwnokdpmsqnnbqwhsxnby8,markttrades
0x92c820a6009dc979d1054ff4ae44ec4f542825c5,markttrades
cdtvqk3rzmyrtsoiuaoyqsgeyui5tbyflu7jqbttexjp,markttrades
4pnxq9nexrxtkjqtmkvi8vlrefvjnzvonxxv9sb3zrth,markttrades
7mubgszhekck1dszelw9ppmpcsl1pxkzqfjzt6idq9he,markttrades
0xe08c83e6ad70f232a08fa672cc869c3c73a22286,markttrades
dq1jxx6eg88uld1jqfpgiroo6n1ey4rmd2fmxepnnuyg,markttrades
0x8e90cc8b3c74ee6d31048cfd6465c997f461977e,markttrades
0xc3c7c3764a031e3a1bd27d9236a73aeb7d6883ac,markttrades
0x3e93e84473aab6acfe17da69d9ab16e061ef6872,markttrades
bcsdstzfgoeywstoxex6abiv4ijje3bckoczeiqsmrq7,markttrades
h2ctf4khwzkuswgtcykw9cbypq4tshakiu9fa9rujwhv,markttrades
0x424d79eb7d332a393506079ca4f318dffccedcd8,markttrades
0x8b727fa27a42f8b295a8bea602b7f8bebbfc6c1c,markttrades
0xe9ea8c5f0cd00f780815d2acf8b8e3b03345cd07,markttrades
0x5d45567e9cf4256983096018ec262e04617669c5,markttrades
0xd574114882292e058c32837494e009e32c43f2b9,markttrades
0x98bd06b24d2d5d807c08627a954054d6a6240096,markttrades
0x95acfc32a8303007ac59f2d8b5086ae6caddf131,markttrades
0xd4bf9d4e8f83de41d7cd2df639ddef7ad4fe84f1,markttrades
0xd5be68037317b6aded719ef9c53fa09524c96252,markttrades
hbvhutcs3w1t3grv536ccsxbimntc8dn2nacr9ukgxmn,markttrades
0xc953b1c0a7ce288f9f248339f98253cb43182b2f,markttrades
2j7hzrprynsssxqdt44swn6xxsrxljxpk5h3p6jyamqq,markttrades
0xf05463899d7caa3d8a41ff08d8c70a87c019917a,markttrades
arnpmimganxtgfjyjqspyarppxoctlcjyjapg5uc1guw,markttrades
7zgttoogq8gdwvc8gdkft8mjzojmbyhayndlmfnvxrac,markttrades
0xf3af7834735f3b694e339068a6a16fce430ad6c1,markttrades
0xaf6d928751f2b10f256502884fefe45db0bdfa11,markttrades
exnconze5a3dab4j9phwkyxwuryqgq4vzo6hftiguuke,markttrades
4nntrzqdjizun3rbvrf33yk3fqst51ksm1o7m17yn3ka,markttrades
0xeb67f347b7e74b6639f196264a3e387e21b618e5,markttrades
2pucgjcydjvkfayaxs2x6rcmke2p1xqvsjdyppcrpw4l,markttrades
bgt5by6bswcfwvudcmpk9d9egrz5kytwtvpofewwdqpt,markttrades
0x88d72da145a29692f8a783929d8a92f439d22e5d,markttrades
0x87996bbe1a2c5cf4f4a36c7a75542acb9e42047f,markttrades
0x46580feb322c058d667ba6406cc91eb68d2aef33,markttrades
0x1209a10076ff96f8b1596f2010cf583186e23e09,markttrades
gyrvpso8kkvdqnheg3kj3qh9md2kjz3n917ezkbgat2o,markttrades
dgzm2swm2ihjrwmw7tfgdemdicxdkcw5nbvb2ewdj4q4,markttrades
c9mq4ti4c4ftthsz1bagmhsmgtnvphk8rbd4dajqmbts,markttrades
bgqxcvrcgfea2fqf7hsyaxiwtzn3rmknwwrgs1o2dgww,markttrades
6acgo58iwjor13kgvurw2mneqxr78fuwip6pk58yscyu,markttrades
5mluuwyaqabgmmdkp6x41ft8utimfzeeyigqmmpn2edh,markttrades
4yir4kmpaxujt3bcewzhzbtkvgd1sjyb6dues7wedold,markttrades
fb6y3mtwardcgg1tsvghf9utafswfrmz5n4za6brt758,markttrades
hhviurw8tm6m9b3rnfxdpzp5kr5klfgdu1bxsu5tfsgi,markttrades
ekzhodbtvhgjwuhg54uoozbrrnrrq8rzisjz61myyxxd,markttrades
exkr4bhwybg5sl2mzhm52bcpxbgebwc9t14up1rz8pu6,markttrades
8q9bnofvzp3e9zacjn4xd2miasl2h9jgcpmbwfkpnpbe,markttrades
7spos48htlq4xymqd8gumygtrhdukielewgpjfmg7nf1,markttrades
4zqfvalwsdxcbqb3ddeea2tgk9msk5nqs1trdgkxzdot,markttrades
6lasfmsxbep9prj69cpgdbmfxjjmstvghtgk8u4ixite,markttrades
3iofxcarcsmxnpg9bbcvv8bcfdewsynmfpk77cctzhku,markttrades
0x02657f17527238ac05873beef52959c22f8f016f,markttrades
0x37adc7c9313935040486104d9b46a656fc60ed2d,markttrades
6e8dg3oszqyedjc2fbepzv6vuwhjhrcsru2jeahxuzte,markttrades
fzvi31ka8dc8mfi46wbwt7xtf9lwejpy5ykvmxd3j9ms,markttrades
ajaexg5soeddgrqx4zvycrrsdkavbsmapuhe9fmkarbc,markttrades
4rt3pnbfao4zqgjqt8tcbmouz4w7lyzsw7zrtwdmuxeb,markttrades
0xc249423a5d84397189234b8c82c25e7dfec71a31,markttrades
0x1ca7b368a4c8c18a4f765a25ba643a7e88d1d70a,markttrades
0xf1322b9ccbd1193471eda69245811b1f5007e1cc,markttrades
0x3cc55850ae0c563c84cfca48ede474a1c4ab5ad5,markttrades
0xed793f494934fb04ef8767b86d4294d62bad6e4e,markttrades
0x7fd62c1bc9a1f739cff3b747421b7bd84e74584d,markttrades
0x108e1613f9ad68169a8caac100fe89d915e751ff,markttrades
0x5ca7bdffa71632357558f81efd03a865fbae9eba,markttrades
0xabf54891fdf9eb21865d925c8b98d289e8e44626,markttrades
0xbce3a2900ac4645b918034b0e20bed7bbe94875b,markttrades
0x01d3c8f6e38eedf0cf0f5d1cb90913a96833234e,markttrades
0xb198a6fc1ce8f568b9dcb7e2e294e365da996fa9,markttrades
c4mqtj5ov6bv4ex7upq25g5wdoybf7txu6cg8e1rfzfq,markttrades
0x44a22d5e12d8c8111a80efce6494a24ba7c50a60,markttrades
0xb9a84a31300b13a081d328079a85cf2810c4fdce,markttrades
0x3075261d3f1386c8b82187772866ed464050ca5f,markttrades
5jeaif8oleyhu561rz4kyejlwrerc8zxtzj7cmkstpyy,markttrades
0x2da53ec53c58971a8dc01b70a24065ba42bdff32,markttrades
0x24fb8fc6d3da8f6d41c686c4f978f3e4ab15533a,markttrades
0xd2e5f8707483aed91e3e6feddf0af83c22799423,markttrades
0xd2987e37c606895bb2be4f2515f40cd3e36d2a05,markttrades
0x6cd9ca5e9bb49566ec6adc6fed874bb4fa01aa26,markttrades
0x104c48614a91e25723e55b7f27f10490b99d6d03,markttrades
0x606c26b4e5247209d08357e02efe8dabcc8d106e,markttrades
0x2f7936ea3157661815488615ab66fb4db7f0fa2e,markttrades
0x8fb745d449e76033f656c6c159246e9ed38f31c3,markttrades
gvk8ajemwqn7hcjp1twribxc91iuelvp3wbyo3lcsptx,markttrades
0x9bb66dd4f838b67ce71b8af403d3efde102f27c4,markttrades
ftk7drkiy7qouvmiusegwsdzvzfekyhmg4rbbyvlvlz1,markttrades
0x7cc1b6182671527f5b0ee7eb98a25b58769acf4d,markttrades
0x5e99de0fdd1425326ad8f58b872986b02b2e56b8,markttrades
0xca3301242537309d7f76114151422b2614c271a5,markttrades
0x658ad08f02dc6434b77d3b2fddb342a661f9801b,markttrades
6rcss9ol5w5h98rzeec4hzpztbbjckjp4arcupakn7v1,markttrades
0xd73008534f6e5d640e8145bc7f343de5f38f864d,markttrades
0x661a2f30afb3fa4dad2f931a82668ae23c6dc740,markttrades
0x5f2e00f9c367ba4cea26cd4df7ba43a104ead338,markttrades
0xf25fdae8eae1e6014e5b2c1f909785f6d185f944,markttrades
fbw1puf6wfvrazadgh5vr1lhdw1f5ddme4oir4qf7h8h,markttrades
0x430b028b15f31f6b80fe56c435891c1eb7fbbc73,markttrades
5ehpvczf3wrvhfdcdgh8exwa4s3hjbmf9iqjbxu3r5sm,markttrades
5xzl9asrrprljpshnddbyrwx1ckyvje8mak7yjfdrpbi,markttrades
0x41d0f8527ebeaa7817af6a01cfff9d6a1c4f4029,markttrades
0xffda03a768535823f6c7b216e490d58be9bfa22c,markttrades
0xb35049d93e49cffaa3bbb891f0a2fe54c7967a95,markttrades
0xbb2d8ad916e2435b7ca4608a47c00e584fdebb9b,markttrades
0x8216a50ce4c693eb86e54dae2b4bf50f12425b62,markttrades
0x6ede5522b1c7773e2e5482e52a6bf75ff3b70597,markttrades
0xc3ccb32086f23abb60babbee059d2bf4daf2c398,markttrades
0xcce76a222cdb68477dc63b0097c3b5296bb50f70,markttrades
dus8kxvlmyzhvbcvsz1tmkvrvkyheknfculjm1h5ffnf,markttrades
dvowjfw7zkd3gcjje8ah2zd5csb8zz9ak4tymqmq6fnr,markttrades
0xd147751d424955c04f84fc6d2d2cfe2336e86953,markttrades
0x99af03193abea07e80567d37f2bb427db15e5d66,markttrades
0xf501850664f103be74a32b10237dc5442e3249a2,markttrades
0x356c63c2b76cd20aeef5d57408813dfc121c6574,markttrades
0x33240e207b17e3c7e6f72c7a68731c6d682493fe,markttrades
0x84679370d0188f7e443b9d59449c9031b5bef47a,markttrades
0xcdad47ea9b89c3881e26369cb63d466c6290e47b,markttrades
0xf21ee3a0ef84069a7cfa1d14ab1aa4eb886886f1,markttrades
0x3b26446c1d048b230e45406e5d1e14276911e964,markttrades
0xf9defd63b7adddeb09769bd2fd029932e84016ef,markttrades
0x5dc6d258896bb0cc49bc0b30cc48146050b34f05,markttrades
8gdqkoyu4hsqxwaa8kffgyfat4gqke6pybusacewzr4m,markttrades
0x3498b3fb1e095c663a374b479b5e8ad018880deb,markttrades
0x944b4cd2a1e6a59cbec6ca0777267f11c3c981e2,markttrades
0xbf28da44e542e0ae0512f89bec535f89b4ddd878,markttrades
0x9a4773eeee73e34e1ee0e9a64e4b7453b0b04246,markttrades
c4kscljqu1xfg3pmujcir5p1dzw3mdycuzybh9shuund,markttrades
0x3fc6b63462dfa99aba339a403a6a17b8112affba,markttrades
3dq38uy5br3m7xcmyumvwyjn8sxvkticakhexsirmcfb,markttrades
0x2d879bcc660fd2fa6ac667a00c8f155f65b03f1c,markttrades
0x24555b39d91e53c4c7811219ece75b15fd9eabc3,markttrades
0xdb5436e9f31a9d3a9bb36e3413705277cd56004c,markttrades
0xf2d504d57e4e1b73fc8e62287afbcef4315b1967,markttrades
0xc122b95035417b451e2129aacf8257054a2c4759,markttrades
0x63aa626868dd1556c33cdbc25fd8508b2dd3d0bf,markttrades
0xac3a08d3885f1677af3a5b75b578d3f4f5a4180b,markttrades
0x09a2ea799b02a5dcc30e757ad38608ccaccbb3c9,markttrades
0x7804460602b517765cfe45cd031eb0afe2926fdb,markttrades
0x5c98a04f663f32bb5e0778b1b9d8cb71cbdce3cb,markttrades
0xf85b252f58d6746f0d3fdca72452fddfe143574c,markttrades
0xeac499bd143d0247f0a704baabb193756dab0f6d,markttrades
0x670601492748b6f31a69f969e230e238cfe8113d,markttrades
0xb230584c7e564ad5225e34ee35e58025d58830d5,markttrades
0x7d4d50ee22b9491489ae1b0d4f5950f17d5960da,markttrades
0x3e6263fad30c8d0cc6029946d5bee20afb72f720,markttrades
0x53bfd162c558f54446dd78ad86ff1450e47bc6a5,markttrades
0x59a485fa75c13130656dff51824e43d82b7cfacd,markttrades
0xecc6f51bc3d61fc6d5a9f531259c116986008048,markttrades
j4zcqxt56igawecffypl7tegxrzl3ivv9bvhet8pyqzp,markttrades
0xb679c1a824d6fc0bef59e81db20170ad13f0820e,markttrades
0x04ac263a4b7e1a77f03deddb92bc6e3a87559f11,markttrades
0xbd03a2da061da4f429b9ca242be0ce9ae9dcdd18,markttrades
0x490abb343f9b898ff9d38632d73635646f218c83,markttrades
0x99e3ae8129676f970ef52afce8ac6fc53ea30817,markttrades
0x213fa71a26ac0d19f323221a04b5239abe6aabae,markttrades
0x7030b1b8d5b4ba964c2cce11810a8a0051d84259,markttrades
azehjswboywbjbpvqfckx6pfrg8udivzsuvksqbg6nlv,markttrades
0x3e715f8808c49f58a80a86f185e7f3b9d78d85b0,markttrades
dgkpmqtpajcr7ybg2mknspgmkscshumtz6heks3squqb,markttrades
0xf8db6b497420047c0c163843a956e98ac097ff0b,markttrades
hmapshsqrup7p6wpeglwhrwpygyqxzzsezi6fvd6j2hg,markttrades
crr7q1ift9jp8uymdh1dwest7ewqbx6gvs7nvf3nm84q,markttrades
9b26ujbof4jtobpz514puknnqiztey2dvmhbjokvj8da,markttrades
0xe4aecf4a0e8519da9eaada91e72b853165d3175c,markttrades
0x4629b1917ad6e3581820e29f097a53c751886899,markttrades
0x2682e82616872442b9e0e06eebb5297b89ad042a,markttrades
0x93b176091443d12899c3cca68fa506811ac44f8e,markttrades
0x3cc5e6ac872151ed8dc8f520d69804267dbe8724,markttrades
0x20485d37a1aee38b1805c1931ea4b25d2a37bdb0,markttrades
0x88787da99e76cc45e9b79f1061df29fb5eb0ad1f,markttrades
0x8e03e6da439af52dbc7ca2d620cb27077560d2bb,markttrades
0x3ba7fb95cb21916dd163941f64a1030acd4d9db9,markttrades
0xe0032d5a3661e7ba37f29d384e48a7d9ff1efa7d,markttrades
0x5b209340dc6b727f4a841b7b91eec5e9b13f7361,markttrades
dtevrnkkjnebhikyumk1wu61epurumy4rer24lwvoebs,markttrades
0xd965d1514d30470398ace7600524b21d4e17226a,markttrades
6kfutekwvso2and7whokjfkgx9blse9dusnmxhexae8k,markttrades
0x7a6ddbfbcc2e16f38d628871b236f1dc2e8dd110,markttrades
0x69224783554b89fdb45ddb73f66250469e9a2890,markttrades
0x977a2a86a8ce2f0e147fa97c882e50aee93b8aa6,markttrades
3d7axvcdcbnsvatmvhklrnl1kcqgsbwxqfecer43xppf,markttrades
0x62ef2136a3cabec687cd70dc56e5b804607b1678,markttrades
0x8ff4563168b8311b6508f77dd368895fcd34ba4a,markttrades
arxn3k5bujr112tzdx3hvseq6gy645jal7bfmhfojg3s,markttrades
hd9qxmbhpupt2hvye2px3uxvxnqebaurbtmxb4obys2y,markttrades
2fe9ifwgfpq5zec4jpcdjcze3tmushdi3o4jupjyvpux,markttrades
cjmvbsftzufywozpf4gdcexs8qvs6sgkro1nvxlu7ogv,markttrades
0x1c97b80f713370915a450aacea086cd443ca8640,markttrades
0xdf8e54a65751861240ef93dc881b8818d6b347cb,markttrades
0x46adba6d75d5caee81fa0466e88da7edf9651bfa,markttrades
0xdf5b126b5cb88ce49bacd007baf0a832d9106808,markttrades
2r6hx4pdbyyjftgrj3uany68pfrh3cvaiwkf9t3lduy7,markttrades
f3mv9j6mvnkmvbjqcaep6dqk7jlqsr568evceh57txeh,markttrades
eoq58ert8zcugzjx52hpuyugfhd7qunkjo9eqd7f5f7q,markttrades
0x29c1bc7c79decd5cd89621f959e75fe448fad935,markttrades
3jjet9cfv5at2gs8ytylatuwirhalucf6qx2wypukytv,markttrades
0xa1e01b4be00b9ca0d9543a1184232abb48345b5e,markttrades
0x18ee0b7dcc137b4dcaf2f4abaa0ed1d63912cf0b,markttrades
0x03ac494ba8ed655323d00b3ff733c867527fe3ed,markttrades
0x5a13864c4835f9b1278e1873347ef91a7d6bd6e2,markttrades
0xea2900fa5db320bf57fbcb62607abfd773ad77b8,markttrades
0xd7b926c72761d03d31b3242994aa57cf0df4bd19,markttrades
0xa0a6f1fb174f545bbbc1d3e03e2daa580039ed56,markttrades
2jz5arccq3hfytmssfatbs5d6my5dcqgfgkxlxdhzdbr,markttrades
eimcjwxtnplgsscryqvaab43h13bent4tdfz6nqauwyp,markttrades
0x73139bea3761cb8647d84cb31cd749977907598f,markttrades
0xe9b4064c32c258092e344c53ebf27d551c356ec3,markttrades
0x925226b8a281cdc866971664551e5e6342ed6062,markttrades
0xc03b84cd32596208723155e0a3d23eb76efaa108,markttrades
2jvvyveobrz8dwa97c54xw1wcngz6wdnwkfz5kb19nwe,markttrades
0xbd334dc99a77f6bc8c705d0f3e79c4148c2416dc,markttrades
dcmqez1marbsz2bfts4xvsf16wrdwkhgda5xyld8eich,markttrades
0x74827876c62a59627fbe73714496bea095b93a4a,markttrades
0x94f7cdb4dbd7db039b1a00f352d97318e0270b56,markttrades
0x440e0d4d6b53817980ab11fad0c20a1714f5579e,markttrades
0x19e04652154650a9a17bd3093e2768d73155efa2,markttrades
2eomnvpj12hv219pyjubvnqe4xpe4dc2yn6qeu5bstvz,markttrades
0xa0dcf301e8daf6b6d0730cd788552f3977fcb9d9,markttrades
0x7c37871079b00d3dffb4c787db6df3c5a901e3f9,markttrades
g6xgruggr8pf6qzh8vwmxcpclkfjkkepia48r2rpjsze,markttrades
0x5f98226a71ba490a3e08ab77293b4b04f617eb4d,markttrades
0x229d08debc33e3a1cb4a9f122f47ab7a31c61ecd,markttrades
0xbe76772956446a679c4c21ad241bd7783fca7fd6,markttrades
6lbph8nd57daxrqnoijfilztbm5k4t1pqqkz45z1myyz,markttrades
0xe8f7464989740297129bf5af1dadfff6e14fd460,markttrades
0x55ed967d88a61a361ac868480261b3658323d9b5,markttrades
9pzedw9f7crpkdtr5bnm6qtzafd22uk3dbdr9puf1aa1,markttrades
0xbd67c337c28cec756ae0ad5d887ce19ac1b726b4,markttrades
0x61f1c52b66247e5304c505b5d1f2919b73cfa85d,markttrades
0xbfbbcd12b5865191cf85233aab7994d6e8a166ae,markttrades
0x988bc0511bf9fe1197bd48c732e16cd5b2b9bf9e,markttrades
by18vz4bdny3jph7u4fr64uwf8iykrvoxccnezwa24pl,markttrades
0x8c78b9cca73fc397f10b6e53596bb58834a267c6,markttrades
0x6931cbc643ebad312829f24b80b4093847b1ee05,markttrades
0x5a81347f0a9355c5e434085d04adeb99828e48f3,markttrades
0x674d25729c1e2ac0aaa2180e4f556c5b4fa2b5c2,markttrades
0xd3e9be8c9592b0fa0a54ba1f3d3724fe1d555322,markttrades
0xb38c0820591b957a5529de0796f39792a62b056d,markttrades
0xca4c9c8377eafadaea41effc46e45755def7b31b,markttrades
8pbay2xgilqy6xqq15mt6nwsjzp8plu8shgvtn5qvt1d,markttrades
0x0075362fb98021503c5829750370795ab5817870,markttrades
4wbzenmj7v7svjwqqrs9nkdzxukt77cq15zxlknpzuqd,markttrades
3835qlsfpmxwz3bpnehpmjzubgw1undbsfvgwqda2gzz,markttrades
0x9cfd1b75496e66283124426163666d0961330358,markttrades
0x872a2047eab6a6e935d6e8559c6ae45ccdd73ae6,markttrades
0xc25d4f90fa02104132ddb864605d3c5b2076a081,markttrades
0x1da936b2bf43280f65f3814930a3eb0c515fb626,markttrades
cbs4uagpku5vwfbastmpqjrmqbmbs7x1kdpiafpmamka,markttrades
0x285996ba0b464f841d3a63e88c7cc319d70d9b55,markttrades
0x475bd9b0d73e89a0afc578a852795a7108f0eec1,markttrades
8hqu9gh3tbwzsxvcvqwjccgqxu5yx39dtjthad6gh6xo,markttrades
9mndbrihqkyj9pyroo62dvhcdsvekpeivrbp8t6uehdo,markttrades
0xb9f792269985a0ca96e694fd15d76c0eda5f88e7,markttrades
0xe298ddba96f7ef62196058c3bcc17e637fd6b9d1,markttrades
0x07ef495eaa8b0f3e395884bfec634f88ead5d396,markttrades
0xf01dbe0fdead73f719bd5c4a386e2d6680b006d7,markttrades
cdspr8epuhdotyrgbozts24bsgasdum6tfnxrjytek8m,markttrades
cjtzmtvycwvuatmtegz9ttrxcetbygb3skqzclumszd,markttrades
0x0ac866be2d1b5255e6fb942b4277a86b9ea10441,markttrades
5acttndzhaz6h8cd5m3y4g8bpgwgrfpatrek1u2fnucx,markttrades
5dakxtrrwad45fqupd3cnlufzdxxgxxhghehtfltfve,markttrades
0x98feafa3b8ff7dfe73b15e5bd86d976231022fea,markttrades
0x1d58804031e43fb5908736c58509f6679ca4c3b3,markttrades
0x567c517d6f42bff57a8380c0e9126c8e9efff477,markttrades
aciql1aprazuopmg5ndprjhek8hqfkwxfzfrvzwqpprk,markttrades
0x250fae3deb307bc1e8c62cf1d952c59554127722,markttrades
0x9781fca9d80b90a1044ea39ed721026c6b50e928,markttrades
6pp8aogw8ea8uclexdz2uhe9nct6oqa5vcdu95vnikay,markttrades
gyezsxzgomftqqalxsdyj9jgebjv7xfcue8fep2ob4fs,markttrades
zon61ktiopfojhgismp6tf9udrmg7brhpbxncxej2zg,markttrades
azqjyjwyn7ghl4ior2zhkf9lkcnydothvr99a3hd2dk9,markttrades
0xf03cd676cc700f8036ddee4cb5b6dfa3032eb5a5,markttrades
0x6a71ed7cd35738dfbc41b2d5078d2de3a166c0c5,markttrades
0xc53b3ddfc03cfaf180a9a4c7301f0958dc586c6b,markttrades
drsnwryaovnwhonanyk49tzxmrr6bgehcet78yt4vabg,markttrades
0x24599b334a9c5514941bce526f255e77a28772cb,markttrades
0x14c62a8b066fe1a83a740915096c8fbf73d5bf6d,markttrades
0x7fe135b79c5ce21ba02d539b2602456577b03587,markttrades
0xff5304590d7f701a6ab1321956c52d00f2e4612d,markttrades
0x8b1a2c363fba90a83f2aef9f57bd659282230fac,markttrades
0xc3361ba9132a68fe2c1ec049b669062b4d9a0d20,markttrades
0xdd1a41ea15592b66daa751db5e3f0e639e7f05cc,markttrades
0x92193e61aff035626420f7cb91bbd4965602dba9,markttrades
0xfb54fa64752b74ffb4dc753b1029e9a88c538adc,markttrades
0xa3d4b70a4a44bb205b098de3a7cb56694f637c48,markttrades
0x2461e95f5704179e3dd3bcf99f5b8d33b5d2164f,markttrades
0xbed9d768ea30212cb4e0e491667012eaf884ed46,markttrades
cbbqxftz3feq8m43f9moasgmdjkawxbcxzhwxr6ujrvz,markttrades
0x2c0821a7bd8d1e4c81a2e6c2a21d6fd6eb3546cd,markttrades
5pznsbegiupcy14twlcskp3nf2pypkdr6xtuabzbypyg,markttrades
0x1c7157909b47a388fdc1fa008d39ce81d21fe05d,markttrades
0xee9cf63422bb1c1918f0ca165cec68bb2341394e,markttrades
0xaa1e38bb0c56f55d2dcedf8ba3ea124711efb350,markttrades
0x9097f7db9deb9d8dc5ae9c1d095fd08a607dd6a8,markttrades
0x8e44ba09173079ec8d9e2668a504a0224b087edd,markttrades
0x6f63339a42441299a77d7c5cbbb582d68c125fa2,markttrades
3demjjtxvgryhdssjarjgehhrjx7nbmlluxjayal5c6q,markttrades
0x8e6dcfa7c9dd74878f15226ff0d94474e0b99839,markttrades
5qawhur4e6vfxr8vavm5jtbofxarp1fds9ewox7gcbay,markttrades
0x6bca1f8c6a2b7f1f959ae27f54b9a9ebc7f1be48,markttrades
4bfrq9avssxmrk2vpmzxqcxlb2zuauvvyddmawfbrczd,markttrades
0xcf508d27db7abe8ddbacb75900e89eff516b87c0,markttrades
0xa9873178623192c16bb210b2021ad90dd6aca65c,markttrades
0xddd55cea7523e54df71ed357055ef6a7a6c1c903,markttrades
0x601b4554edffc5162e50ece914157822613f55ab,markttrades
0x170ec58a6fa40708a4313bb47d336e17f65c75c3,markttrades
0xa702552200af45b7bb2d7cdd70a45e95b573faf2,markttrades
8fqjqhxmbscrxmfeqgvvpfvpgbduagmfuactkhabgyxa,markttrades
7zwsg7ndcztqlfrnqh99yaln2bsb87odsvelbmtsn2so,markttrades
f1dbpb9huo6nmeeodbokv4ki2813qqrbn2rrzawzdv6x,markttrades
0xe65359bc9f4bc09f2aad3f660a64d69eac7174cc,markttrades
2imbvysrjmzkborfh5zyeu9fxprqwvf8awbenmpzxypv,markttrades
0x45685c20b9bd9f812fa554f72bce5cd70344c0c4,markttrades
3yzrr2ezwqksxsfsvfndra7ks8hekpsbypgeu4zurwdm,markttrades
0x344290fc20681b35d5b8f32c6d155fd45eaecd64,markttrades
hrdgxpmbxhkq4b6eh4dxyc5aad14sd9n4rngrbwnyjth,markttrades
3v9xbqxldyuod7uhl7525mdgwwzv3mefdfmnv5b9j8sj,markttrades
0x32f71b142fe46d3b3194b30b1c974ab96227dab1,markttrades
genpfxtbv5tkgvvj72k8xyite14gs5t5p9alxczyn1n4,markttrades
0x66d431ae79d5f4f16137341b8d3ef457a1740f21,markttrades
0x34bf35d5ed1d2fbf402973bbe6441f3dd721687b,markttrades
c47d2aahctkwxgkjup5pzh4bpenqjahdtcyjbel128ch,markttrades
0x9bf58d420bcf2e927d3124f7171067311d8f36fc,markttrades
0x7352d25ff1dbf0e31a0227b040634b30c1a4c970,markttrades
0x1024754d1eafafe1392ba790bf22884d5997d178,markttrades
4knwq6b35fxxufxw2gtelrhtksfuaks1acswoicfsq7o,markttrades
ggfdh6cbty61cceuwnny7uk5fhvr5yweqnpygmg9vfmh,markttrades
j4szc5azkxez5ew5gstxpulclxzqfkzycnh94itkjmtg,markttrades
65n4imustvvzjdbz51oyzd1dnjqqsnq3lzwx2letheiw,markttrades
0xa9febb19b8367eb3fcd370b38fd9a71abc38701b,markttrades
dcwkw45ti9dmmwjal6ysfqsfngx7qrvtsruqn2qxqcvn,markttrades
0x7512f72d467adc9ed361c7e54cdea096f5eadbe4,markttrades
6uydosufqemka7totpvdukqeyvx4tdj1d1wnbie9xk8r,markttrades
0x43da7894050ec29d0bfc5f9316dce91f66dbbdb6,markttrades
0x30fa90387413ac9a073a8a8383ba5e4d064b9dba,markttrades
0x6c20079cea58c9950909444e2c83b7a18cd814f1,markttrades
0x1fe9ef35648f7f9c9e872f7ba384da49e383086c,markttrades
0x46baa341fe94a0a43d59ca485a0fc6daebcf5692,markttrades
0x18f6937a3e9ade9ac1ccef997fe462e765663c31,markttrades
0x95afbc491a05348f1da551aabab879d47f06f091,markttrades
0x30853d4bdbe9afdd80a6a128eec9e5619fdba31a,markttrades
0xfba1f1612b29767b32489abb811e1ec150bc05f0,markttrades
0x6df781a77b93f1f80257d05e321de1438650c730,markttrades
0x0b2bbe693255202b6af4e82445dc1816e4be75bf,markttrades
0x4a2e0a6731a4217e3971f5acfb8365733d2d413f,markttrades
0xdf5810385eaea6d81899de49a56c57b7a280e5b7,markttrades
0x0b11d273eddc6ff141e2a402f0a76def2bcd4f9b,markttrades
0x0f4fccc71c8e2235f9c788b0dd09064233ddcf2a,markttrades
0x0f2a11ea0a0dc12390bcfc4fad3830d215d8eaed,markttrades
0x1c7784b59a92ec0a80482b44c24192020c2e4198,markttrades
0xfa243672f7d01a67a7aec9f3ea6dbc633bb5be3d,markttrades
0x71de3000bb7edf132c3e5fd96df7de42ffaab760,markttrades
dkbp46rkrwpczd2gs2ngt1g22zv9h4lnyqjapwx4s8ok,markttrades
akbvrlwkuhrkcsv8egi28qcsajkzuxkcdlvbepvjekby,markttrades
84xvigy9zai4mizgezcnbfspnfsgu2c8vx9ksvhfmcu,markttrades
emzfmxz9twvj5qxhcejrxkm92y7qrtqa42bqjukk7dfd,markttrades
0x5f66750c61421507b88732b0a2d06f4b99b89609,markttrades
0x11a422beca1961b22301bdc0d67aad312dfc5f58,markttrades
d5prsqghesfpzrj5zcruv6sextcxnwkhure7fthq5sgx,markttrades
ejrsbdos5jpky3wefzjk1klzec3hhdegyapvmgrbm7ah,markttrades
4fkxw4iqmhdxj3j8nram3kpjckspywbzgr8mflafkufx,markttrades
6wo5zurbomw9eqsbazwjw33yuftmyqlvtwq15ot5yvpd,markttrades
0xe409322e3b92e731593c33a17ea1f95c3cd89152,markttrades
0x9060b9329d8a2a9223864d5d4eb51000f51e8a46,markttrades
0x4cd46ce10fbf7906002a465f1309a0c876dd0ea1,markttrades
0x541b8d4e8c1921e93d2dda0b13952966d2754d08,markttrades
0xab13d03adba5006b260a7551e6766423ca43ab48,markttrades
0xa1a790484debcdd6aa328f8cae1b260b9fc3b85c,markttrades
0xd5aa1b9c42d956147957ae2ef9a9fc1c0aa7a689,markttrades
0x352d0ee4dd052c20e1ba40864838f7070d030bc0,markttrades
0x0cd69765c9f6cfbf97f753c732dd34ff1956055b,markttrades
0x8ef150a68309fda01a5faebffe2383411b85f590,markttrades
femqz7nu41kzdrb6gk3dava2tzvzwanb9xhthq2obyy1,markttrades
0x7559db480619375d83a41280dba932574bd1f7b3,markttrades
glqdfcmtf4lbj22jna72vwcgpenhrqosq7vjgfmbq8wy,markttrades
5zjrmnok6dht4aetjvhorlavnxtkntnbcyn3mxsxdff1,markttrades
0x1ca7aecc50613ecef2ae91fc46d1ecf051228a09,markttrades
6u3rskpppq6dd4hyti87b5tcjzbb6cxldv2t2cfvxatz,markttrades
0x79219b95509092233ded56645c3a5a95027e61ff,markttrades
0x00cb7b8d4b50061677c170b8c69a7ea2eb25aad1,markttrades
51jduxeerkbvzncxuecflcbnxjcpp5yy9gz3svsqa29a,markttrades
0x575eb407bd8ac053909c50c034390332f393b387,markttrades
8wakjebrtoobr4bd3mcwe5macvjpgtdowt4bsyge45f,markttrades
3shc8pfiycjp6uim8fxlqeexbqdzpovfay6j27iefei1,markttrades
84p17roga4hrfcwk3hvcnfecrxq4bamki2qudej63jn1,markttrades
dodaapecdypch4iva3rxvadcz1fdrotgptwclcy7n7hi,markttrades
8a9jurimyq7prrr4quc9vpbnwtgxskqfztddhw4qz5ro,markttrades
0x7d14ace170ad49aab07838f1ad1412541b1dba56,markttrades
8ocfkgmtxokompet91pxgaesgylvkkdwxcs28gjuqemy,markttrades
0x81089747aeab64f1edd5ee5fbbbf53cf6681589a,markttrades
0x5e80606b8c26489cf0194dbe5f217b232746ff0b,markttrades
hqgqpw1wgxdvaarvtzfyzfxgyd23ahkqzkixsdr13pj2,markttrades
37pjuz5cwuhnzybwexhruluf6kpyglpywc5lp45wwzqm,markttrades
0xbe98fc3747079d8e6e39a6d5665e617e1c468159,markttrades
dc4vncmz7yzmqc3v4qpwsdx9sobjtpq6pxuryrgtzzs2,markttrades
0xc060083ad27e68fa3546357de8b9cad955f30502,markttrades
0xae1b5c1322fc46fc29e088a22aee801f1095cf74,markttrades
3elpn6que8sygw1ih3fi6atcgntj69hctwjoths6drvk,markttrades
0x11dfe368a15df6477dd2757fa924b9071fe0f925,markttrades
0xa23919527873a0a3adadb533bef6e1bd40c0c74b,markttrades
0xbf488f1d39c9dc51058c63c5f44cab6eb8c7ecc3,markttrades
0x6b2f53f1ab17d6cb715578bd48ad06c12b7c91dc,markttrades
8ymuzadu18i6ndxdxrdk1utb4xbtg93dntghkvmjfpmu,markttrades
0xec14b2c117d36e489495272808e729be96a44526,markttrades
0x06dd1b05bc3fbb72f72a3814639c61d66321c9eb,markttrades
0x64d9aa219620b281cc3bcda03d26a57214dda87d,markttrades
0xbd520fdc1f10fa06ac20e6a76db1a3ad70d15c80,markttrades
0x651c2e22f1e6d594b06b76caefe665c4f07874ac,markttrades
bnnhhrztvznet64jzbzr5mnwynms5aohjrkjqrrtnpnx,markttrades
6qzqpwbkhhnuze1nurdtxce55wahzdrpwokiroaafl9t,markttrades
0xfd7bdb1eecc133d1afc97d8fcf2e7100d2292a3b,markttrades
0xcb2473a23dd8fe4551724976dd3726b737b060a1,markttrades
0x29b21bfb52741a94b6b2e6ed16bd8269ddc9793f,markttrades
0xdd49e41ab17b74180a90a4f182ed9b56669f441b,markttrades
0x04bb0e859494e08125f9baf83e6707147bec0dde,markttrades
0xe1baa8c6130dea77a4251bce03b5c9a4a4137415,markttrades
0x95cf7aad6bcb8afa24ebb43bd9f05de93cd3ab76,markttrades
0xff6902e90bbcde6b619408da6d95bab45208068e,markttrades
4ohe2sqj4udbdgfwodypbpfbb9gka9icqt92h4f3zymz,markttrades
0xb7a59b3875a7bb12e234e143c28f5ce3101cb171,markttrades
ascirrmlnhtyzyj1tjck3joghjcjdwx6fz54uc9ea3qb,markttrades
em4soltwhq194mpfphrjg1w6eukiwwq5rh9kpfcaljnz,markttrades
0xd43a73b4377d8a94ac6ee7a706d2b2d48832086f,markttrades
0x0ce642099bb23626afad82d8d06050428eaf2f71,markttrades
0xbf10d8ac3876686ae378dea436c60fb88e4cd2a4,markttrades
0x12c4f3143b85e9d1356fa6e87bd7183af0cc7d2e,markttrades
34jaqepstdd3wvecc7o1eb42lbgykvovkidjrnh7yzwr,markttrades
g9ro9rumd3cp6vurytupqjwwostdvha7yvt8e8cymdff,markttrades
9egus4ynms2vkhn6ehsqlf5s4vkwrncenkjwnbb6jrwy,markttrades
azmaflntwe4umqffxs9tanusmnt8jmcrjzjuhce4eod4,markttrades
7nwnfephq2k21r7ygdcdkggmmp35hb34xyrr1h4vvnno,markttrades
0x0f8c7914b2cf026a0f2245ac5912b39b09085d18,markttrades
0xd65012d00ecb9fa760c5ccc011cfc86f2d019976,markttrades
0x137793989484b405284cdc7ce7a871655804ff54,markttrades
0xf8299e84e1d139410f1760f59f9da6e8d6acc383,markttrades
0xdbb0c86b3b4309a736ba2fad50769b551541ff89,markttrades
0x0ba593b6f53cdf3db17ef7a771a1854afbd30560,markttrades
0xb5e8de10e3cbd9bb9c33d32a87f1485eb3d69106,markttrades
0x3b069c04e7f0bf7fe7cdea2fea21043ac90e163b,markttrades
0xd8be355972e30bf768852534276eb77e64d4109b,markttrades
0xf8d289f029bbd5390c5c0899a711f9fdc3b362db,markttrades
0x887df5294d3abe27ef755e6a075816ea9e89706e,markttrades
0x11d17548d7626cb1e24a6236a974b557053299e1,markttrades
0x61b74f4835c99a6a3d8ba6b9b2fe93b6fd70e480,markttrades
4vdp9mmm8s2xdcr16musfukqgzvnccbookssyy29sphl,markttrades
0x3d6991085ab1ae3926cb96f25684c40a364b6856,markttrades
0xb7d2ebbf21bd838afda471b52963936b1cb8d955,markttrades
0xeeb318a9030a9a1d6464df0a47d4e9dd95f9c923,markttrades
0x3902c67424a6f0f86b058a3dbeb910ae6aa73a4f,markttrades
0x92541c6fb8ee75124ccccdf39e95fb20509d5a56,markttrades
0xb34e85ce1b24034341d4378c63aac7146e632e8f,markttrades
ar4anidmgvpocm8cwbc5vdfnspvraxhar1cdvz4vnggx,markttrades
2sqzxzpnmj8bjclnxygujj8k73or3c8fqhqku1iqn7fc,markttrades
64bqgzdmhksu8y9pvc67attuumc1ibyg5adwvrubsoin,markttrades
ardqarzwgxuttaxpchjhaqmgsvrhznymmmp3yt7zqz6k,markttrades
5lyeakcvh25yg2e1ga54q54fysbggsgksz5p6kaaocly,markttrades
jatm71fycbzcw3otpadlewwvc7bmnmbqyb3b4yfybx9q,markttrades
0x9c251ed1a218e9e27618de75d19c59baf592a197,markttrades
6uyouxhafsa5s4edyvxqj1ctl6mjrptpxi26rvrmjkfj,markttrades
3sbqyskf6kywye8tqi8ukfsrqutckyuwfklwuvmwntau,markttrades
3tnmmd4nrtuq5ydu3339wqkzdcxz8ytgvfbzbgbqg81v,markttrades
0x88b50a6b7914441b712613a4c39fa5b3c5e92b84,markttrades
0xa92ce45faec0c6b183c67ee8addb644549cced1a,markttrades
0xb870a6143bd6d2f0f34c63c87cd037099ab6ef93,markttrades
rzhygkpfdegx2gtfxhgmm7p9h4mbjpqvh74xtvoejrq,markttrades
0x38c8af2baf91998349f0b291fad7301af5a6541e,markttrades
8mv8pnxz7hwpp3h1w56tmrglr59p8qjras36jfsywgmd,markttrades
3spmtrbsbbgzahga34cgmd7bx2h5abyt9bx81ddxyxef,markttrades
fcpx9ehpjcdp2fyzxp6pwt7cnkjavardqkzn9t1k8g4z,markttrades
87wshkbrqwzvfvbcixecyokfsh6bwxkytjcj7almxjwm,markttrades
hauanhb6zhqingkjsvnihkizctr7dn6wnetojfzfeyat,markttrades
h6mzfxyuia9kvshxsedpapg4p2kriuxamh7wc3bwdekf,markttrades
0x730f697693a25ecaa9bd374c738f47447c8ded41,markttrades
0x271ffdb2a8b1581ea3b302c0783387af6d598a55,markttrades
0xd4767f22e912cf7739782bbb02ace47d4aea97ae,markttrades
0x6feded2a03b3932c0056c966e513d3d0b578a0a1,markttrades
0x626d7166fa5d766fdaa99d76e8e4b3940b29d14e,markttrades
0xc0647e6dae15ee680b631b2870f5a2c3a49b8f15,markttrades
76qxhbjelvx49hmtu2mdwyiw96uxuddunfmhdt7gr8hj,markttrades
0xaa5245448f66358caf475a9ffb9f9a6abf756c33,markttrades
0x47f0bfc58d23271389f8095b66453ef3b8e4d254,markttrades
0xc77516b11694fffea32e18901d0da6a9630202d0,markttrades
0x8b3041a81e28b6265dccb9f43fd4e5806273cae9,markttrades
0x9d75bfce7994e7e079cc1debda9eb170dd182c33,markttrades
0x0748871833353fa96b125356f206db0e9ee0064a,markttrades
0xb06ec22940e2ac0e2b3cfe3e4e8da2d89ee65b00,markttrades
0xc4648b4947df58ddcecaab02b0be88bb1db4ba23,markttrades
0xb7c3233f7645aa3bfdf3692076c272ecbb40235a,markttrades
0x7520f47f69b2442469aa87ee98ac5f6e9e765a2c,markttrades
0x93d0bd62a504563df5df5d97545168954888178e,markttrades
bpqcnwsvds9quw2sv3ppn8sjf4skszzb6sadxzktedkg,markttrades
0xb33654801323ece3dd2ccd130b5ac09a137c2eb5,markttrades
andtybskyddhuvb2s3jejidkwsk8fwbwbygpc26cvz1o,markttrades
0x18a5993b348e6edd2b844a16ae3acef180b198ef,markttrades
0x9f5753b570c442780508f8ff6c2c67325cec86f6,markttrades
0x4b93eeac48f0e95b022c4b48a35eccebae25ab57,markttrades
agrrrkhz2hfkaknfcw9zcoqf1rdcjtavefw2bdivbofk,markttrades
0xcacd5d206e0ed33c2f728cd67d6c203e3f1479d6,markttrades
0x9f9bf87dc03efedb4babc5ed2da75c9032a448f5,markttrades
0x92a5951cc62ab2801b3c4652852277539f61f516,markttrades
0xd02239171ce7bda44c3ef9a5df531ea60885eb65,markttrades
0x0868386c2120df33974ede73caab99239e9d2de2,markttrades
9u61oohkcx82dhcdpijnnvurmde6fmnu1swxound1vgr,markttrades
aszyazbzwpmyve91trzngbdymc9qndfqgoyzw6b1rtju,markttrades
0x39d1dbbcd3df89262ec5d09516086576e2543685,markttrades
7bupsszjeuznadbnbcjfztgf3qnxhzksytprignzpn3x,markttrades
0x7009b4db2b3a186182169832fcf5b963633a7042,markttrades
0x9d0913826c3505e2e1c292b9287fae0d64d206fe,markttrades
0x93cac44b5921298db8ede831503b84b4023b57f8,markttrades
cfnf5crtvwbriwnxdaqwdcpxagwu3jz7ihcaejyosf6p,markttrades
3rf8llnopybb4eueg9neh42bagzdtsaqq1ceffobmusf,markttrades
0x83af1d54e1641caac644536332fbe8cca40aa7de,markttrades
0xf2c4b99f3d37bf051b73fc7f5f50f190f914d053,markttrades
0xcf7621bf20d23b352aba7717680db78152aee08c,markttrades
0x304381e1647ddafad78775cdf54e464c59409bfa,markttrades
xs8nsgmoa3dxdyqzaqmgweavhd2r6ksrm37b59smyf2,markttrades
0x6e8480b03952d53cd9ed39503dbbb0a1377ac572,markttrades
0x5400e47275696e1b8916d18337af1f76c34fa8fc,markttrades
0x0ec6db6bea439f070c09798e5681e2e1f5d6cfcb,markttrades
hbrhmjwrsym5jepiilsg3trnpuxuf3pybbtgb5eninlt,markttrades
0x1a8f409ce5a68ea247b7769287286c3fea425ae5,markttrades
azxhwb6pqw63zrhqz8jd3waapodygpyn4c11b62p3qww,markttrades
0xaa28258a9c7477854bbeeca3702144d843a94472,markttrades
0xd1b91b3dbe1d8aa09821ee603bdff7b907bcfab0,markttrades
faot5j8f95yvjgukrkqeh4qudk253pywzjf2tdncnojl,markttrades
5s2tstluhzfjbrhz6ma8fmfqcv5m4cwbnmrxegba1t6s,markttrades
bhqnkxuwqcvvzvdsg2tu8g8fn8cbm9tl2cfkntfubhya,markttrades
0x00d7dfe787ac9a916f43c535055ebf9b9fae5f71,markttrades
hfgldgupeby4nvpd7mvp4tw9qhvqv7nzfwrqnmsxuyx,markttrades
7cfcdjjhhflsxmmkmfnst1ylrhabmhgv6yeeiadhpc1u,markttrades
wnnwhz5mm9scusg3xhnonbdtd8h7nx8i67bstsv2gls,markttrades
hkjachhfhunpaeaoplhvwbxbdssjhol394mywvfhlgxu,markttrades
dnsgdlwh7dljhz5awbrhg1dtujmdatnmp5mq1fqwj1uf,markttrades
0xc50048cdc7af15fb17510d5735edf5dc20467d6d,markttrades
9mqtohrft7pvndsbpdgn9npmaeoiv9bjeymeqxu3zpj,markttrades
afn6fctyzpq5d1vauxvyzvhus6ml7epehq9kgf6cjpig,markttrades
egwudagyjvcqmjjtpgki1o8cdpnszhdqds6xedkvtqe5,markttrades
0x394de237d4203fc3d71d51c059b66a52979a956f,markttrades
d5fkbigkqf22zdrtzzkwiyhdqps1idima9p9j5m6lfcx,markttrades
0x3cb7e258de4cf86f8e286ae3becd69b28d934c6d,markttrades
0xeaf8343957228911d58bc9dbf8011c1c913a8f4b,markttrades
0x0e9d7232113ade20105eb190d63e1554d2d6af41,markttrades
0x4ecf18b838e9af3451c3e0f6b45becbe95a9794d,markttrades
gzqulvg9hy9ujd6cqmcn5v61fpdgltz3qyyfeh2oy4jb,markttrades
0x01a51e7e38f1bbf808f58e7b3469815421f9df8a,markttrades
0x6ee4fc9ef0e7396793875dfd64065b9bdaf1a91f,markttrades
0x77464d0254784d5df43bf7578feda8b778a94613,markttrades
0x2961941489105356ad686da40dd4b9f9fa211c0b,markttrades
0x18eb473ad45b4035ed9717046c05cabedc182687,markttrades
3wn7c7a3e5txjr5yuqqnyumm87z5yqkhuj3m343mfsbz,markttrades
eonuzfdlcwtjtea26ze4cmvyqrnw2rjpgk2zf6kzf9dm,markttrades
0x58701c1208c78b6840acc8bdc3e37658e5acd3a6,markttrades
0xfe015cd6bc5e1dfaddc45edbaed9ec32d375426a,markttrades
0x5d7cf73d6ac2a88a5704fb7d748eb12d2f8cdd35,markttrades
0x5a05a6ff9e9ba50fcb42977ef909583d75779524,markttrades
0x7ad6c2edec792d82dd6191221175db1f617d1489,markttrades
0x42fc17790a202436492a396da86e7f0d78527e50,markttrades
0x284716af78baf1aad9f36597db245cb1046a09bd,markttrades
0x60add4b3eaa2a055f933ba964e2a68b8c2565223,markttrades
0xf73dcf163e8f6ecb9b57867cba5476c0b17bbb83,markttrades
0xdead3cef03e18803003479a960a0b84509f24e07,markttrades
0xaa40dadd5b5488bf312ef50e58f08c47b935c316,markttrades
bptgvnhgv88wzaabn1fedkk1ttsuspgqdjbf5pic1qle,markttrades
4d64apipqhwfzq3p4m2fphvcaitekk9en3x9dvcgm5pe,markttrades
atr8kotuqnqq8gpdhkqh19zbvua2s6pzsxk8ms26a8vw,markttrades
jdreg8g4hebgtmfhd2v1w1ezrezkbkmfqcy7uihrq2rh,markttrades
0x4eff09ef7a854eb871d7833865e4bee769d2dd82,markttrades
0x5d5162b42260bafc51d514309523990888cd8f7c,markttrades
0x6886391a99b769e8f8042dd07cef470ea23f765a,markttrades
0xabd3a41268de53b7b687afd88ad4518d714e9cb1,markttrades
0x979f1ee9c51cc349e5cde58216086e9de6a0490b,markttrades
0xef4376f284d1a73a4ad88c48a09a5e6b27e46098,markttrades
3icjfcc3h6uwn3z8d761bubwdizzid6ra17nlatdeepo,markttrades
0x88a98527d3e9b29395f117bfef04787bcb5a9f16,markttrades
0xc5e755e94eed2ae9c16be6a08a2abfe98eedb914,markttrades
aypvkmrs6dmmtm1jd3uvwqtk52dkz8vpdrkco8bx9nyf,markttrades
eck8dkkvbd2u21y7ubbwekiqz9kwqhrbwwmbbgndac71,markttrades
fvt1w6mkt2szjpg4xjgdb4yfu4gheqzhnfbwdzuist13,markttrades
0xef9bae06ecb586d9b00e903783b7973fd4eb3e4d,markttrades
0xed62692b778305a569e41e996364751fa148ac11,markttrades
0x6513e10a6e3082aa01b16860a89cfdb7ca6d2544,markttrades
0xb97897ee80137e20f93f58e0e104b7380fbf2e03,markttrades
0xe2872f6c5dd3c7a3b5454100477436e021e9d140,markttrades
0x5020ec1400474056bf4b2c1957df1ceb411ff86c,markttrades
0x69fb2e067b5e48b3032db3dffe5becae7c2c5540,markttrades
0x27f5d00569411bcf68767a6c3c73285a9ce15b2c,markttrades
0x047444f3e64239a93d3c4e6766aca0a031ed60c1,markttrades
0x45dc25e629bb3e951d9cd9467a59ecaac5fa96b7,markttrades
5by1tx3wd2mwb6yvonfhcurebxkxhhpwnb9pyrqcl6zh,markttrades
d4fdkssxqrgxwmxbygw1qdx9sjc5ameao2nz6uvensyh,markttrades
edxtehvhvsc7szeirtuqjpbzzqepc2gdh1pqccju7qeh,markttrades
0xd255536d828fcd28abdd8262a621fba31e89a11b,markttrades
0xae673ed51ae7c53e773d1256cc5ff1604d77bf6c,markttrades
0x23dc21d0261e26848c75a80c0dded06b21b53cfe,markttrades
0x7a2759fd0eb40b8531027e25bec0324619376aa1,markttrades
0xf2bbb3aac02e496156bcd1adfb6b60f9d6aa8324,markttrades
0xc2483d1315fcd79ecffaceaade75340a235d83bf,markttrades
0x78385ce819d4b4ba2406bd364922f17f08b04dc4,markttrades
0x4790ca99d43a2ad3b297010d403ca720743dd824,markttrades
0xe84b08ee403712786846188a7f24d77ace02f434,markttrades
0x7ff5e0cafafcaf8542a63ecd78b7bc51903fc544,markttrades
0x8dd04e3858f2859b61f0575d295be6fff3bb1b88,markttrades
0x7b02d4077646acb61276608efff6b9d5f00619d5,markttrades
