address,broker_id,total_notional,pnl_24h,pnl_7d,pnl_30d,volume_24h,volume_7d,volume_30d,trade_count_24h,win_rate_24h,win_rate_7d,win_rate_30d,avg_trade_size,position_count,q_symbol,q_sort
0xc33fefd77012cbcf61f63e9c4745cadaadbe12f3,orderly,4470705.87253,534.4022227299988,-768290.63333243,-1434595.98476068,1551227.647624,26793553.390516,59768581.019563,2963,0.5009025270758123,,,523.53278691,68,,notional
0xfce57f020c7f74412a3805896188552437674b5b,fastx,1808896.13,0.0,14057.34377069,145588.65175754,0,316033.08,5947179.56629,0,,1.0,0.33490566037735847,,1,,notional
0x531c581a4e16ab3472fd9879df94c0f5a8a25b86,fastx,1202257.413,0.0,0,18910.59524571,0,0,1556394.707642,0,,0.42857142857142855,0.4067357512953368,,1,,notional
46ZWiAMiKjjqFdjY5Qhnzi8Z4BS6r7MDTHMUVskA5Ma6,raydium,1019593.2,0.0,28503.79915579,30072.73623779,718113.314048,28131779.372944,29210747.410524,32,0.0,0.3873720136518771,0.38361774744027305,22441.041064,1,,notional
0x647be88edc764751ecf709c7746cbc9b7d29b0f4,orderly,1002788.016794,-21.37422183,-160319.50071291,-185313.30410667,146839.308721,2168348.63755,2694427.156811,4469,0.0,0.0,0.0010576993216135386,32.85730784,6,,notional
0xb774f1d84e728c2043c2dd2f6b6dbd4b2996b056,orderly,968022.897265,234.32255722999997,-42130.85574021,-178476.06634397,206508.288676,6516833.663653,19840763.741306,527,0.5,,0.23117421825143586,391.85633525,107,,notional
0x58a9ec96e23d200ced6998664dfb7c1297e8db1a,woofi_pro,897775.302061,0.0,0,0,53606,53606,53606,27,,0.0,0.0,1985.40740741,4,,notional
0x802af775033b0b2226c23075d25595b128357d34,orderly,817419.213176,5334.741715900001,-55398.41656139,-391338.72018968,3853163.357321,67633204.858886,208997289.590069,3015,0.5126931567328918,,,1277.99779679,6,,notional
0x686ab305b7cdb0d11906e154d383e6a33589cde7,fastx,806343,0.0,0,0,0,0,0,0,,,0.0,,1,,notional
0x1b7591be0aa47a72264f1ac85e5e56b2cc30dc06,pangoperps,784096.55359,2084.48721829,22494.52991476,56500.8953496,1102948.333095,11082208.472747,27721219.261116,680,0.6443298969072165,0.2534181989627534,0.27608695652173915,1621.98284279,5,,notional
0x4453c11add1bb2a7892b10411d67705ea036df53,orderly,776026.275351,-1385.6111932299996,-40758.29971768,-289792.05845235,1630218.085382,25141185.206655,80478766.917267,1694,0.7280534351145038,0.187396293027361,,962.34833848,29,,notional
0x3a17bde82706aaf297a0d721d5c31e4eb3c48b65,orderly,739621.041182,0.0,19727.13363252,24282.60073861,48141.010946,2599726.444606,18049083.229108,31,1.0,0.3213728549141966,,1552.93583697,6,,notional
0x56b60a52bfbd3f8099787de5380a42f7459c01c3,orderly,648450.015063,1467.41749424,-33682.28642884,-218191.263048,510497.153835,29465862.467871,63781054.879298,99,1.0,0.3067098092643052,,5156.53690742,2,,notional
0xdfd22a1bb03e289c45ef5881d862f91f81dbb430,orderly,595756.813278,395.07719291000006,468.07443996,-87690.76418611,788674.410828,5324669.971725,20742685.107282,2356,0.8036769533814839,,,334.75144772,33,,notional
0xba537acd612acc78f7c0ecb6f5d11f6166519eee,fastx,537562,0.0,0,0,0,0,0,0,,,,,1,,notional
0x1337c163a5d5b60618ffceaf3a7f2130e607f39b,woofi_pro,462572.101,0.0,0,0,0,463746.148738,0,0,,0.0,0.0,,1,,notional
0xfc0b6342df28fa058fc207a1ea504bc564c36314,woofi_pro,461591.5,0.0,0,0,0,0,0,0,,0.0,0.0,,3,,notional
0x43f8555eeb522f58c75e99c8b611fc5c6a36a142,pangoperps,392045.33373,0.0,-460.08083532,43787.55302905,313119.10111,869769.215198,4095131.741606,281,0.0,0.14858490566037735,0.25680534155110424,1114.30285093,4,,notional
0xf109ef13a567cf7662dab15f34d77e4488573ff9,btse_dex,371176.956833,-2717.08373136,-8126.85917284,31341.68861403,596730.995757,4225963.899245,16019256.525705,46,0.0,0.21710526315789475,0.2014846235418876,12972.41295124,1,,notional
0x72ed4d38968c344f434e12f1ca36529cf8e79e14,aden,369853.184995,0.0,0,0,0,0,0,0,,,,,1,,notional
0xa54af76e07c1f3e2368cc2d0ce7b5b23dbaba6bc,orderly,367993.680748,-502.6474127100002,-63084.41243755,-213871.58045721,547716.038553,5377491.691013,20192662.4857,1480,0.6987788331071914,,,370.07840443,31,,notional
0xcc0ac478e60837e276c1e944e364e90d5295b70c,woofi_pro,352735.5,0.0,0,0,0,0,0,0,,,0.17272727272727273,,2,,notional
0x82f0e94f968ee2faefc5d55cee0d5085a58807c7,alpix,322537.2,0.0,11849.35033168,6854.68566558,240429.142222,12251031.862979,25286373.049584,33,,0.3585409252669039,0.3006364657431674,7285.73158248,1,,notional
0x083c799466d3d7c43b468e21b5ad9ee01ea587e6,raydium,297761.887662,0.0,0,0,0,0,0,0,,,0.0,,1,,notional
0x3c8e84ed486a9a014b0caf94f7005a858282015c,orderly,253598.37119,-38.431892770000005,-102214.45922029,-137162.51388761,64903.669225,3015341.184874,5704073.083451,132,0.15217391304347827,,,491.69446383,7,,notional
0x4142dd8a5e84b08c0326b99ad12406b1e005baa3,raydium,246401.69,0.0,0,0,0,0,0,0,,,,,1,,notional
Ayo6ErYdYh8gBY9T15wvzzCzw4ktTuTtA1zC2DpdCVGT,raydium,239870,0.0,0,0,0,0,0,0,,,,,1,,notional
0x5cc105bbd9f6382a4560ee01f0778092a2e5cf8f,orderly,236854.76843,-2198.52928711,4934.1383962,-6212.58499978,393037.60341,1654839.71193,5880963.40685,1122,0.6826516220028209,0.315136476426799,,350.3008943,13,,notional
0xb3e01da7e9c9df2749cad4f567957f25320e951f,woofi_pro,236025.25965,-496.03512571,-17717.71833173,-9520.329062,484511.378691,3447768.298755,10018500.288843,284,0.10975609756097561,0.0206067544361763,,1706.02598131,4,,notional
0x84cf0cc83ea60e6b47f361c3fbca0418902a226c,woofi_pro,208561.423293,385.735711,-8057.609387,-10108.929775,978228.918325,3064399.235473,3501193.522621,94,0.16666666666666666,0.09422492401215805,0.08957952468007313,10406.69062048,1,,notional
4zGrW2UcBer9zoz5hmGVADLqRQzky6Vc9s2oPwNH3oKN,raydium,189782.26485,0.0,0,0,0,0,0,0,,,0.09523809523809523,,1,,notional
0x0b35b8cbe8002f55b23616bc3124d946a0a71c20,orderly,180040.653175,-39.92404173,-19617.24352057,-84097.58207259,1092498.550478,24795305.451127,61230069.52749,442,0.5166051660516605,0.2833545108005083,,2471.71617755,3,,notional
AGn6iPMndzRGK7K4xX6C9H8HjVUJpjTvCJqXL7EFiHRf,raydium,166644.2218,0.0,0,0,0,0,0,0,,,,,1,,notional
0x52dd6a990d3e2132d6fa377cf0138bcdbe9042c5,fastx,161268.6,0.0,0,0,0,0,0,0,,0.0,0.0,,1,,notional
EbaoY81MhbrXiP52Nk35XTeYDLwaiKooLMWgfNMBJnpf,raydium,153464.66264,0.0,0,-297.35214114,0,0,2776443.816893,0,,0.0,0.012957746478873239,,2,,notional
0x32185f1ed94a28fa799d19fe03939f0845bce9f1,orderly,141780.89464,471.47617833000004,-27291.13799025,-121588.43579629,625611.840407,16842763.682054,48051649.201094,331,0.5454545454545454,0.1519596338887585,0.17371882976634598,1890.0659831,3,,notional
0xd6b856503234065ef188add91b52d29938e2c99d,woofi_pro,139084.02,0.0,0,0,0,0,0,0,,0.0,0.4,,1,,notional
0x74400bfeabf2c8f88469609115946695f651afce,woofi_pro,131928.5,0.0,0,0,0,0,0,0,,,0.5238095238095238,,1,,notional
0x0e16562a75855eb9cf105725d757e6c05d07fe73,raydium,127449.15,0.0,0,0,0,0,0,0,,,0.0,,1,,notional
0x9115edd9826a41645318fb9edafd40fc3f71851e,raydium,127449.15,0.0,0,0,0,0,0,0,,,,,1,,notional
0x7737bf072b36972f39402edf2b3d73de58bf6bd2,alpix,124983.165,0.0,0,-1317.535117,802.5,802.5,1249482.345757,3,,0.0,0.1447721179624665,267.5,1,,notional
0xb11964f5aaeecf9058fc35a0942f91aed0a703d3,woofi_pro,104667.243466,91.72620494,91.72620494,91.72620494,10238.52108,4603.42114,4603.42114,89,0.6363636363636364,0.37285491419656785,0.4236186348862405,115.0395627,28,,notional
0x559cdabaacad458a4be0c2db8df296e3738c2038,woofi_pro,93965.9,0.0,0,0,0,0,0,0,,0.0,0.18032786885245902,,2,,notional
6V8DZKj1enLZJCaKVzChRiWKwMfnjYUtspPHRE8BhEsc,raydium,91040,0.0,0,0,0,0,0,0,,,0.022222222222222223,,1,,notional
0x8cf7b86f23198bd9c719d7f0ad72688d1cfd5693,woofi_pro,90040,0.0,0,0,0,0,0,0,,,0.0,,1,,notional
85e8jd9KhkYWDBEJeDjjYRx2BuBEk7hB8bB9dpyc7HVF,raydium,88318,0.0,0,0,0,0,0,0,,0.25,0.46875,,2,,notional
0x2dcbaf66513ebfed0a7666f62703363398b23c62,mythos,85521.400666,0.0,0,-1720.98527482,65614.389604,767518.231133,3342381.116162,220,,0.0,0.1041633434359547,298.24722547,46,,notional
0xa7eceb94f13acfec13517bd619dcf2f9b5525697,raydium,84966.1,0.0,0,0,0,0,0,0,,,,,1,,notional
BpkQAJrwFp1zdyrvf6hFEZwVk4JseAfSwitp4mg22b6u,raydium,75694.18335,0.0,0,0,13408.84193,0,0,23,1.0,0.4523809523809524,0.34913793103448276,582.99312739,26,,notional
Fs3Mveg7UDQJKMyPSKVZdPmHunLrp4eLdmeGp31Qb3xu,raydium,71727.730523,0.0,0,0,0,0,0,0,,,,,2,,notional
0x2598be9262551b5601656b0fba3889d6f3faf744,orderly,69458.210347,141.92878587,4490.949025,27192.48038138,2110299.247933,59502550.646235,170847207.081295,671,0.564453125,0.46248568155784653,,3145.00633075,3,,notional
0x4f708e58b731f00d32b4d0877b27429da9e4f5d3,woofi_pro,64795.305462,54.29275305,54.29275305,54.29275305,1354.97404,1354.97404,1354.97404,20,0.625,0.22300884955752212,0.13320555821753713,67.748702,28,,notional
0x43dfab48d2b6351b1933879f0b9e06748b3e96a7,pangoperps,62650.55165,0.0,0,0,0,0,0,0,,0.0,0.17365269461077845,,2,,notional
0x29c3528da7cb47b545a09720abc37f121cf2dc21,woofi_pro,61090.823165,0.0,0,0,0,0,0,0,,,0.0,,1,,notional
2RZqTfMv6iii1FJrmn14dhuffGRpyJuXjHqGasfQnp5f,raydium,59967.5,0.0,-245.27463,-223.28097,59626.66013,1242821.64156,1707071.75618,15,,0.08557457212713937,0.10124333925399645,3975.11067533,1,,notional
0x3bdde7d9f8b3cc3583a41b5e12244924b371e17f,woofi_pro,58659.43988,0.0,0,0,2000.61984,0,0,3,,0.3023255813953488,0.5132275132275133,666.87328,10,,notional
0x714cededc2b54820b4870496b967c37eb9aaf0ad,vooi,57130.355979,0.0,0,0,0,0,0,0,,,,,1,,notional
0x236c90475e634e8f4ffd96e831a7dbf887077273,tetreum,53756.2,0.0,537.394906,1336.72349,53611.8,753003.706166,4147207.867004,25,,,,2144.472,1,,notional
0x982e2986823a688b5abab0f2b62ea2253d776d5c,alpix,53756.2,0.0,758.288551,0,53599.451702,249028.095729,53599.451702,10,,,,5359.9451702,1,,notional
GUhYhse3VKp8xuQuQWBZSdf3M4A7GUbFYMoU5ZM3YR5a,raydium,52195.77005,0.0,0,0,0,0,0,0,,,0.7222222222222222,,1,,notional
CT6AGPB1HfuLt3AQ7CGm4sn8am4NzWUmZUnHE9qNvGsY,raydium,50979.961051,-63.84658,256.86885261,-63.84658,91860.14422,259075.541773,80195.742811,56,0.45454545454545453,,,1640.35971821,1,,notional
0xfad0065e913e7df973c24b77301550013be090e8,flipper,50620.808,0.0,0,0,51324.3047,51324.3047,51324.3047,22,,,,2332.92294091,1,,notional
0x50569f7554f7b6672c9d357c5943840283cf3fa0,flipper,50620.808,0.0,0,0,51315.4373,51315.4373,51315.4373,25,,,,2052.617492,1,,notional
0x85349b4fbd2deb9d48b8bd9f9de8cfa0db692391,flipper,50229.41,0.0,0,0,50425.5863,31800.951,31800.951,25,,0.0,0.0,2017.023452,1,,notional
0xa6b743f393805df05f4c6cc5419d476afadcbe37,flipper,50229.41,0.0,0,0,50390.3265,31740.8165,31740.8165,27,,0.0,0.0,1866.30838889,1,,notional
C6yEnewyJ8VYGof1toHq4T8drzqrJmVRP8UuWetLbKc1,raydium,47809.656,0.0,0,0,5002.710704,0,0,1,1.0,0.16666666666666666,0.11363636363636363,5002.710704,1,,notional
0x07ef5ebc92d99878acccb6b4b15962f7217cd2af,raydium,47089.047119,0.0,0,0,0,0,0,0,,,0.0,,2,,notional
0x08750db546b5186861835d15cb38ba5e96525688,navigator,45634.87408,0.0,0,0,0,0,0,0,,,,,1,,notional
HtY6AFFEinsbDVf7vHNT3fQ7d6X7Jxf11G1KkCC8prSP,raydium,45210,1207.2500599999998,151.418975,1931.322323,266409.23734,635910.307967,6362047.396531,188,0.3787878787878788,0.11904761904761904,0.15708705357142858,1417.07041138,3,,notional
5j4hSDcgjJbudfz2idQCk7YWCVDYhDWaRXjhALPX1Sa8,raydium,44991.89806,0.0,0,0,6638.49604,506.9086,506.9086,18,0.26666666666666666,0.32967032967032966,0.2938388625592417,368.80533556,5,,notional
3DBrpmQ7wr8uQjJotbN8nk9wN2U2bsMSamTQcTPQboMM,raydium,44618.87245,0.0,1134.63343,0,19998.78,167622.28971,0,19,,,,1052.56736842,3,,notional
0x57576be24032f4439df8f903667c81dad150df12,flipper,42483.05,0.0,0,0,42300.999631,42300.999631,42300.999631,3,,,,14100.33321033,1,,notional
A32NmubTnHEigxwvXPYSsDciSKXZTL2PrLV5KrLom7ZS,raydium,42193.634154,0.0,0,2703.687354,8425.0355,0,1380191.622864,3,,0.11428571428571428,0.12465373961218837,2808.34516667,2,,notional
0x15367ae8b1e97ac4988750a79ea8ae6b7d3fbf50,flipper,42019.135094,0.0,0,0,41839.07308,41839.07308,41839.07308,1,,,,41839.07308,1,,notional
0xebdb620e400c5b188471899cac9ac65948ddc34d,vanta_exchange,41917.175774,0.0,0,0,0,0,0,0,,,0.36666666666666664,,1,,notional
sKWANKcXWytfFPWkzufyRQE3jpY9LkPReonhpTZtRjn,raydium,41812.931072,0.0,0,0,0,0,0,0,,0.21951219512195122,0.05339805825242718,,9,,notional
0xde936b5f337cf616663c641c3c80efb0a6ff1bbd,vanta_exchange,41261.238926,0.0,0,0,0,0,0,0,,0.38666666666666666,0.21978021978021978,,2,,notional
J1HGqWB3XY3KjpP7EHFdVBPyb1uc3P1zN5dvFZz1SpUE,raydium,40317.15,0.0,0,0,0,0,0,0,,,0.26785714285714285,,1,,notional
4qEjqGaQQzib6HcrHKkUeY1TPFg29pfZqFKjYb1fgYC2,raydium,39189.19617,0.0,0,0,0,0,0,0,,,,,4,,notional
FmC3j4k48XUYBRmyex7WB6G7iRyQrUJiFa1B1FeQXHwm,what_exchange,39072.95,0.0,0,0,0,0,0,0,,,0.0,,3,,notional
0x608baa11592f10bee89a420e8ec081a8e033df0b,pangoperps,38253.51045,0.0,0,0,0,0,0,0,,0.30434782608695654,0.3313253012048193,,2,,notional
0x0893605928f35146894d08e1b465b2e0c03e2e6a,woofi_pro,35197.409512,0.0,0,0,0,0,0,0,,,,,1,,notional
HqYNbji9Z4cv29WfeeE7m9AsjXmFxMRbQesJcokvYXQJ,raydium,34958.229,0.0,0,0,0,0,0,0,,,,,2,,notional
J8Vr3r1qvSfyLZM2NiW5aDEfJBa4XgR58XNJ52DyoDF2,demo,33809.710512,0.0,0,0,0,0,0,0,,,,,1,,notional
0x5017d2cca4ed2acdc5e81a46e0a1b4d973bef6af,woofi_pro,32329.4748,0.0,0,0,3989.2446,2990.5129,2990.5129,6,,0.0,0.017857142857142856,664.8741,1,,notional
0x822efc2cba95323a9167947a3374d303e1f98bbb,alpix,32253.72,0.0,0,0,0,0,0,0,,0.0,0.2037037037037037,,1,,notional
0x40345e663e5ff89fc8f7c6b993895402bd682286,woofi_pro,32253.72,0.0,0,0,0,0,0,0,,0.045454545454545456,0.11764705882352941,,1,,notional
0xd53ca15dbad9a786792f4fb254dd8e6a459b31c4,kodiak,31807.96,0.0,0,0,0,0,0,0,,0.0,0.16666666666666666,,2,,notional
0xf144ccd85b39df0172bd0b89b7c9d0e27582c612,flipper,30432.27,0.0,-243.99768755,-243.99768755,5240.0485,970178.906136,970178.906136,31,,,,169.03382258,2,,notional
HYiWF9UTFMrGnFqu5TLBizjbGdM9nn3gYwvHTUSiLyfs,raydium,28849.3716,0.0,0,0,0,0,0,0,,0.23636363636363636,0.4032258064516129,,3,,notional
432HHTiECiVv8KgQgNZSTxzxXa6jS4mzLKXL8L7dDTJG,raydium,28784.4,0.0,0,0,0,0,0,0,,,,,1,,notional
DBfhEEKnFVzXhVNoDu4aYg9gNykWcgqEXa2inDMph1kr,raydium,28428.5414,0.0,0,0,0,0,0,0,,,,,1,,notional
0xc7dba8ed00b1a07d82fa702e5743e6b7113a7b51,woofi_pro,28313.44,0.0,0,0,0,0,0,0,,,,,1,,notional
0x8f1319134a08bd2d08e757da3071a990de2db187,alphanet,27749.51165,265.92095585,-3814.45581195,15462.5908955,508220.19251,2646501.1181,11962229.55907,2418,0.6569217540842648,0.23377764757580197,0.24568356615915868,210.18204818,5,,notional
0x43fa26c444767ea3b82ad2f998bc995305823a32,woofi_pro,26927.38289,0.0,0,0,0,0,0,0,,,,,11,,notional
0x10d25005930f7999701756d1b49760b3f766aeb0,alpix,26878.1,0.0,0,0,13375,0,0,1,,,,13375,1,,notional
0x94c71dba4c1f45bae3983c0728c0761884dc98ec,woofi_pro,26868.7312,0.0,0,0,2226.24714,2176.50814,2176.50814,9,,0.09523809523809523,0.0782608695652174,247.36079333,8,,notional
0x6f881872414311b37ff554be777c4194f3c7973b,alpix,26729.7,0.0,0,0,0,0,0,0,,,0.3448275862068966,,1,,notional
H6u2iV3zhS452urRbNc6hnzvjgVynsngz9d9kkBS9cox,raydium,26501.776251,0.0,0,0,0,0,0,0,,,,,1,,notional
66e5C2U94dwt7UAfxy6wQr4zNSBCSYx2TKFMKao3UJmD,raydium,25492.555488,0.0,0,0,0,0,0,0,,,,,1,,notional
0xd2c35bafa5b8af08b88c67f46dae14bf3561de41,woofi_pro,25237.060519,3.1134,3.1134,3.1134,342.9426,342.9426,342.9426,2,1.0,0.0,0.011363636363636364,171.4713,7,,notional
BnJUunehbQCud8oEG7cXBVMw5CXUraodUXnWLFP7jhtb,raydium,25120.4472,1501.16943,2942.96039519,1501.16943,64479.83749,450317.2937,55364.76801,30,1.0,,0.31543624161073824,2149.32791633,1,,notional
CF6ht9EdxR8HwE6HVkfKu32wpqzEPwFC54JT6zziYsNH,dextools,25082.87286,0.0,0,0,0,0,0,0,,0.27419354838709675,0.30997304582210244,,12,,notional
0x745008532cf4af2545daab0388b7016cd4cb6458,flipper,24724.285439,0.06263928,0.06263928,0.06263928,24907.466452,24907.466452,24907.466452,8,1.0,,,3113.4333065,1,,notional
EQANmwyeM7XqgSWWEAZpApfdFiqa9HWvV9piCcb3GEQn,raydium,24352.80175,0.0,-2134.7471,-3842.735138,24165.4543,2662425.50032,9762939.78622,6,,0.209366391184573,0.2409867172675522,4027.57571667,1,,notional
0x8a43fceae41fd16aa0bc7d71cee364e1652b202e,woofi_pro,23670,0.0,0,0,0,0,0,0,,,0.043478260869565216,,1,,notional
2WGHpu5jkLJZNNgzB6VbFqXz8TGv8cjzPTGKCbTRtaT8,kongo,23082.760089,0.0,0,0,0,0,0,0,,,,,3,,notional
0x6a64aa7210da3537e216d7b48a9f01fb5e094bc2,woofi_pro,23005.594574,0.70450107,0.70450107,0.70450107,2100.01871,648.31559,648.31559,34,0.23529411764705882,0.14925373134328357,0.142570281124498,61.76525618,27,,notional
0xc1e52ff1ecfa2c77cb04112728f3376aadb6486e,vanta_exchange,22663.057572,-58.358411999999994,-221.809526,-1329.331326,91989.66419,967402.416726,3500717.529732,50,0.5,0.55,0.32938076416337286,1839.7932838,2,,notional
HaQ1BTWzN7469ohyaRwUSKbr6MmaZsgzrHBjsz4j2nkN,raydium,22121.393911,0.0,0,0,0,0,0,0,,0.11428571428571428,0.17073170731707318,,5,,notional
4u2kAYgq8eYSoXWy3cPqAkpCqxXdPUpJGQQZbKFtRp3K,raydium,21981.75,0.0,0,0,0,0,0,0,,0.0,0.0,,1,,notional
CWFSUvZfT1heEYoyH6JyYFsbyPR6B9D6s6gQMNJCVJqZ,raydium,21780.210074,0.0,0,0,0,0,0,0,,,0.0,,1,,notional
8qo6b3yumzN9LhTDw5v3aZWRRcyMVtwVvEBvFRVEEAZ9,raydium,21742.04425,0.0,0,0,0,0,0,0,,,,,1,,notional
0xcb3be53ae6ccf87e9c712bb906b5410a6e83f9f1,woofi_pro,21711.0708,0.0,0,0,0,0,0,0,,0.011494252873563218,0.011494252873563218,,1,,notional
0x65cfddd565d9b51561eb6d7337460bf89d4a22bb,orderly,21651.266814,0.0,0,0,0,0,0,0,,,,,3,,notional
0x791bc2e9b8af6463febc52fd500399a3a7395ce5,mememax,21411.4572,0.0,0,0,8577.5778,0,0,2,,0.6875,0.4492753623188406,4288.7889,1,,notional
6BHeZiRkKDMPaSkmV45QoVDfPZS9vB7G7mJLsySxfHde,raydium,20577.24795,0.0,0,0,0,0,0,0,,,,,1,,notional
0xa8fa5abd4ae04e19b1f74b0c6b634a512488020d,woofi_pro,20057.82471,0.0,0,0,0,0,0,0,,,,,3,,notional
0x4d6815cac411ac48a9238f2fc317ba304992cb9a,alpix,19868.98,0.0,0,0,0,0,0,0,,0.2564102564102564,0.2073170731707317,,3,,notional
0xfd3052e6f192b4a059411d243088518c4f57a84d,navigator,19645.011981,0.0,0,0,0,0,0,0,,0.0,0.1038961038961039,,1,,notional
C9uNCmA33MvoWsiB1ZbSDveqm3TuohXZay5DpbGEPFVE,raydium,19325.159,0.0,0,0,0,0,0,0,,,,,1,,notional
0x180ffe2550d4a1f6e700f7fd1ac8994da6f94970,woofi_pro,19257.977715,0.0,0,0,249.044,34.354,34.354,8,,0.0,0.0,31.1305,10,,notional
5GcuPqAAn6b1xwHCQ2DuZq6XumXsXVkHrF72DE5sjpXr,raydium,19221.98245,0.0,0,0,3278.94161,3278.94161,3278.94161,2,,0.1875,0.16363636363636364,1639.470805,1,,notional
0x38c294f87539f1ac99624fe999295dbe2c118fc7,fillx,18899.009623,0.0,0,0,0,0,0,0,,,,,1,,notional
0x76689056d5c445b33b046b785b8f357a3a2ec12f,alpix,18839.5204,0.0,0,0,0,0,0,0,,,,,1,,notional
4gmTqBG21SkjYtYCX2wXn5wgjfy2CMuNpuJuhikgqgyZ,raydium,18757.965897,5.532834,5.532834,5.532834,15407.147166,15407.147166,15407.147166,7,1.0,0.0,0.0,2201.02102371,1,,notional
0x30f7b39bd398d02e4579df2cba9dedd88420e26b,7exchange,18642,295.77882,433.23102,295.77882,50559.38498,503388.80624,34684.5819,55,1.0,,0.08723404255319149,919.26154509,1,,notional
0x32518b761fefeed95bedc5837c8675f7dbeb08ca,woofi_pro,17376.312477,0.0,0,0,0,0,0,0,,,,,2,,notional
BV8eyCQrMHvQcZoKVt21F1GkXhwRczdyR6TQHUai7fEG,raydium,16887.5476,0.0,0,0,0,0,0,0,,,,,2,,notional
91CyyonLGr6oeu5tHCHBGn3ZTCWGqxVpGhyGsuNrYhTd,raydium,16453.685265,0.0,0,0,5198.550012,5198.550012,5198.550012,2,,0.0,0.23076923076923078,2599.275006,1,,notional
0xf8c41ad2bb7a486adadd336837ec76f468f83c3b,woofi_pro,16429.7,0.0,0,0,0,0,0,0,,,,,1,,notional
0xb919e09bb077013d5f93c898dafcc1d0c75559fe,kodiak,16313.28,0.0,0,0,0,0,0,0,,,0.4166666666666667,,2,,notional
HDwsUdGPPyN6ypucxa4e6UfAWAnSnN3zmPJPA2U2vYjD,raydium,16262.235,0.0,0,0,1713.15,0,0,3,0.5,0.75,0.11267605633802817,571.05,17,,notional
CVfcvsTjDJhq8QRKyL6qTVeDcKk5243CfkpRU5adgJrz,raydium,16191.225,0.0,-1729.59329,1821.47626,64620.4548,357736.77795,1311845.31143,49,0.21428571428571427,0.09803921568627451,0.10810810810810811,1318.78479184,1,,notional
0x70c043befe32c0d08c8103bffab35a28e00c9b22,woofi_pro,16126.86,0.0,0,0,0,0,0,0,,,0.0,,1,,notional
0xb0365bdbcab1648c8633da62dfd656ddecea8aa7,alpix,16126.86,0.0,769.925823,0,2681.832885,178135.78772,2681.832885,4,,,,670.45822125,1,,notional
0x7e66ff99eaecc6b4cbcdecda062c053bc8b6e6b0,alpix,16126.86,0.0,2.938248,-1158.870796,0,268779.782546,807586.442422,0,,0.2857142857142857,0.2505592841163311,,1,,notional
BfQs9HWzcg5kZBqm4hDmWobAB8GVkCKAe9XL5Py6P8V5,raydium,16126.86,0.0,0,0,0,0,0,0,,,,,1,,notional
0x07bdf522039a5addeeba857c4939a4d8eec03da4,woofi_pro,16126.86,0.0,0,0,0,0,0,0,,,,,1,,notional
0x4c06e74375a6b361322f874f7626fc96f5615232,woofi_pro,16126.86,0.0,0,0,0,0,0,0,,,0.0,,1,,notional
0x5829e32e1fd0b09f5b4e5815a22066b7b8f67398,woofi_pro,16126.86,0.0,0,0,0,0,0,0,,,0.0,,1,,notional
0x7203ff11e83189b48074fb4fb2552ebb811d6470,woofi_pro,16126.86,0.0,0,0,0,0,0,0,,,0.0,,1,,notional
0x7194f4a5832c520fb446abce5b73100d035a0f33,woofi_pro,16126.86,0.0,0,0,0,0,0,0,,,0.0,,1,,notional
0xbd8cd675c0f551d4bb55bd7a90469bf2748615b0,woofi_pro,16126.86,0.0,0,0,0,0,0,0,,,0.0,,1,,notional
0x370d264f45ecfb684417d87bf196f5e7dc21ba12,woofi_pro,16126.86,0.0,0,0,0,0,0,0,,,0.0,,1,,notional
0x19c75c8d86f905b6931e52c348c33cc24ed0a520,woofi_pro,16126.86,0.0,0,0,0,0,0,0,,,0.0,,1,,notional
0xf22e97de417bcdac3c6208221adf40f25ec37c85,woofi_pro,16126.86,0.0,0,0,0,0,0,0,,,0.0,,1,,notional
0x231be5cf971b476aedd4b999cb1884d19fc96bf4,woofi_pro,16126.86,0.0,0,0,0,0,0,0,,,0.0,,1,,notional
0x161b428b5320137b595c0b32316f4c1c7b8210c2,woofi_pro,16126.86,0.0,0,0,0,0,0,0,,,0.0,,1,,notional
0x6e8da53933347fbe24e2e1456c00043e8ba197b8,woofi_pro,16126.86,0.0,0,0,0,0,0,0,,,0.0,,1,,notional
0x079ceef9203c8d2d14fc83f0f3dc0664a2b5cfab,woofi_pro,16126.86,0.0,0,0,0,0,0,0,,,0.0,,1,,notional
0x5b3d5668447823a0a76c5d89eed3c57c65af9e15,woofi_pro,16126.86,0.0,0,0,0,0,0,0,,,0.0,,1,,notional
0x43372c28d4149577f7d15cf93a140fe62f490079,woofi_pro,16126.86,0.0,0,0,0,0,0,0,,,0.0,,1,,notional
0xe38d5feecfa3545f902c99981654fb06c5475dc2,woofi_pro,16126.86,0.0,0,0,0,0,0,0,,,0.0,,1,,notional
0x37c6e87080badea212d656a58cef42f9dc381cdc,woofi_pro,16126.86,0.0,0,0,0,0,0,0,,,0.0,,1,,notional
0xfa2d904758ddf363b47049d1d8f933008414ee45,woofi_pro,16126.86,0.0,0,0,0,0,0,0,,,0.0,,1,,notional
0xfae60c40488328a04f005aff0de530108a4f0a33,woofi_pro,16126.86,0.0,0,0,0,0,0,0,,,0.0,,1,,notional
0xd36f6c76572e7a2e9b457ca7de541c2f4115c649,vanta_exchange,15756.674088,0.0,0,0,0,0,0,0,,0.2857142857142857,0.37037037037037035,,1,,notional
4qZVxrPawDh8W3597R7xfRenER5SskDv5T8B7KukMVe9,raydium,15378.40304,0.0,0,0,0,0,0,0,,,,,1,,notional
B9jeJpoKhhDhHt7jfG5iA32sbLZmUxP5vthzHrVQq37D,raydium,15242.4,0.0,0,0,0,0,0,0,,0.0,0.17391304347826086,,1,,notional
0x46232cbdb0512ca7b00b8271e285bf8447f1330b,aegisdex,15221.99735,0.0,0,0,0,0,0,0,,0.8333333333333334,0.24285714285714285,,2,,notional
0x0d9f2fbb058c9b057ebb222869b84acb995992af,fastx,14948.7226,-399.66482467,274.44066977,-2051.89750481,242291.89418,2100969.533458,4195131.812245,1109,0.7784810126582279,,,218.47781261,2,,notional
9Gb1SkAsEqB3HRFWniFtCBtHX4c1KgqUuna9vmdvA9vR,sproutperps,14703.150205,10.82458,10.82458,10.82458,3160.00864,1086.14411,1086.14411,12,1.0,0.0,0.20253164556962025,263.33405333,7,,notional
D5L54SGQHLEgHU87ugPiRYGBh6TKSuvKUR6iYeikktpe,raydium,14375.9294,0.0,0,0,0,0,0,0,,,,,1,,notional
4fxBWapARcqu3MD5EGYNu5Zx6FXF63kMRx1E6ieRXYX2,raydium,13830.35,0.0,0,0,0,0,0,0,,0.37037037037037035,0.37209302325581395,,5,,notional
HhbU1TotcF1qHDX1JYGcGb7WDRGQxUDDSU6AKER6ugkp,sproutperps,13678.30095,0.0,0,0,0,0,0,0,,0.22857142857142856,0.31986531986531985,,1,,notional
ApPVsCKRTRcQrZN4djcUCFqfv9Aw3b2yvcJvcohaz5CG,raydium,13530.577482,0.0,0,0,0,0,0,0,,,,,3,,notional
0x0e559ddaf6777445101174ee163f55f2f5b036d0,woofi_pro,13439.05,0.0,0,0,0,0,0,0,,,0.0,,1,,notional
0x91c58cca9c31a33a9cdcf30daae4b73738c46bd8,woofi_pro,13439.05,0.0,0,0,0,0,0,0,,,0.0,,1,,notional
0xea210883e39b9fbe728757aa9a0267b95ffc66ee,woofi_pro,13439.05,0.0,0,0,0,0,0,0,,,0.0,,1,,notional
0xb66c834650a59cd42ad6c280ac79579ec4923c9d,alpix,13439.05,0.0,0,0,0,0,0,0,,0.3157894736842105,0.2785714285714286,,1,,notional
0x6392ddd5c20c5d8c325d0f4c31694d728f585646,fillx,13439.05,0.0,542.610365,1411.288444,13397.841808,258060.398345,1958944.747876,5,,,,2679.5683616,1,,notional
0x2b3cfa82bfc986b221c5e77c0f2dd2c749479112,alpix,13439.05,0.0,245.12644022,0,1070.944,521679.7491,1070.944,2,,,,535.472,1,,notional
0x34a0745736c3c57660d49c7504a58523849c6ed0,alpix,13439.05,57.63188,57.63188,57.63188,55574.848259,42244.798259,42244.798259,11,1.0,0.0,0.20394736842105263,5052.25893264,1,,notional
0x7c9d649956ee465cfb09a6ccb317a1470469f3e3,alpix,13439.05,0.0,812.32494433,730.16401434,0,258001.571895,1181109.461013,0,,,,,1,,notional
0x7f7c47b9a4160cb500f40aed289b67857701a9ac,woofi_pro,13439.05,0.0,0,0,0,0,0,0,,,0.0,,1,,notional
BtrYsa6Mdg1fzRAJGp3NXWvp5r23ocVyAkXQP8hmcnaM,raydium,13372,,0,0,0,0,0,0,,,,,7,,notional
HaX2kCgMx9NjoE5nkXgWH85biSsBKYUvamHjBLgqLmMh,raydium,13201.182957,,0,0,0,0,0,0,,,,,1,,notional
0xe94f6a9529a1a511a2c03d8a10d1e34d6ebc00d8,raydium,13009.0004,,0,0,0,0,0,0,,,,,1,,notional
8TU1vnYZ5SBBs41WjFYMmKWg5vmEUCzhADFNqbQagivr,raydium,12902.563097,,0,0,625.0262,0,0,1,,,,625.0262,2,,notional
0x010170f6c9860312d48fa4c76182396a8605b32a,alpix,12620.948678,,0,0,1548.302294,1548.302294,1548.302294,3,,,,516.10076467,2,,notional
0xcf3eb44bbe5b6a2e776e6f384883800ff4b51c59,flipper,12526.552123,,0,0,12501.62171,12501.62171,12501.62171,4,,,,3125.4054275,1,,notional
2MLrZGd2LDr31XyTEURawb37Khj5JmeNFVw3xQiniFJ2,raydium,12044.85114,,15.32198,15.32198,4811.89727,2063.49906,2063.49906,12,1.0,,,400.99143917,6,,notional
DYBM5YogMgy9YAX61Kh9kJwpV3QN6D2DVW6Bg9VB4bk6,raydium,12021.003828,,-48.364653,-48.364653,25074.721083,18555.541475,18555.541475,5,0.0,,,5014.9442166,1,,notional
0xe0979f3bf93824e22e1b9458c452970955bf401a,fastx,11551.4016,,0,0,0,0,0,0,,,,,1,,notional
DFHDn6xDAxc8J2wSy3wguvwBJKfJ1u6v91Y7Vq9CMzhd,raydium,11477.1789,,-190.10574606,-190.10574606,10419.86,1658.1841,1658.1841,16,0.0,,,651.24125,2,,notional
0x7245abb1ef2d1ac33c9e1a694bf467b0685f6d9c,primit,11443.969514,,-37.32044782,-37.32044782,7085.508053,5424.938453,5424.938453,16,0.4,,,442.84425331,3,,notional
A3TWoQmLyccki3bUqzm4bpUg19Dh5V1VNkGrhQh6j7nN,raydium,11393.825,,0,0,0,0,0,0,,,,,1,,notional
HNygxiPZ3Gvx1bZnYzChuQ8zaaiTGttCBVKFAzM25SFj,raydium,11288.802,,0,0,4560.851609,4560.851609,4560.851609,9,,,,506.76128989,1,,notional
HdHF8McmpKeotyqxhBkcDtJ2S39y8m2ENS9pBZZ8dgce,dextools,11288.2822,,-271.616493,-2019.536391,78274.743,483528.752373,1990825.243271,37,0.6363636363636364,,,2115.53359459,1,,notional
0x8e5cf9f96f2d5959c53d3d5ebf469ebdbda9f56a,jefetoken,11280.949097,,-361.926033,-860.226183,17567.905445,211720.941261,937462.038948,13,0.0,,,1351.37734192,1,,notional
0x260772c72f91a1b96c7f536065530abe66bfad07,flipper,11026.900458,,0,0,11003.99212,11003.99212,11003.99212,4,,,,2750.99803,1,,notional
H356w7bbjFGhKtKz9JiyFvkxdxsztM7yCESLcGTnnZVk,raydium,11017.98234,,0,0,0,0,0,0,,,,,1,,notional
0xa37690210ac9e7a15de9fc16081c6463c30f7f88,alpix,10751.24,,0,0,5355.423084,5355.423084,5355.423084,7,,,,765.06044057,1,,notional
0xe408408f8040ca69282cd7212e1d4daee52ee0b1,alpix,10751.24,,0,0,5336.593533,0,0,5,,,,1067.3187066,1,,notional
0x24499bbe88f71a8081e60a82a37f9651c5d9c98a,alpix,10751.24,,0,0,0,0,0,0,,,,,1,,notional
0xb972a7b20cd1eff268281972867df55e9b7ac2a1,alpix,10751.24,,486.238503,-6.749621,34817.950859,276049.252372,34817.950859,24,0.4444444444444444,,,1450.74795246,1,,notional
0x7ffef80169b9120d304d242fcc6395a0e129abd1,alpix,10751.24,,0,0,1334.44,0,0,4,,,,333.61,1,,notional
0x09e3613008891c0fe21ffea5911471c5d9e45c2d,alpix,10751.24,,454.760879,-1988.787276,24106.852119,414000.105353,809379.728354,15,0.0,,,1607.1234746,1,,notional
0x050803c8c5cd93bfe516dbf36a5382b37f6cb141,alpix,10751.24,,-2795.304989,0,0,347285.862179,0,0,,,,,1,,notional
7WR7z3JLpSirVFwnDiD3v22k4uvWgpB58qf8vavMNkpY,raydium,10744.634526,,0,0,0,0,0,0,,,,,3,,notional
0x94bee90739569e5e5c8e844555a30316dc92144d,woofi_pro,10652.22,,0,0,0,0,0,0,,,,,1,,notional
0x6b237bf38c479edc2d2af238b1a42e588cec32e4,woofi_pro,10607.173384,,0,0,10842.579919,8423.559919,8423.559919,12,0.0,,,903.54832658,1,,notional
0x99bcc6c4c209a44e04db904f66290afaa13bda8e,alpix,10517.669311,,0,0,0,0,0,0,,,,,1,,notional
0x676e762c5ae6f3dd89786c8523132d9287e5a313,aegisdex,10466.9,,0,0,0,0,0,0,,,,,1,,notional
0xf33dc0ffbc5107962439f545d64679d877a8aaf1,flipper,10380.2975,,0,0,9649.82462,0,0,9,1.0,,,1072.20273556,5,,notional
0x10495e22cac0dd830db0d214f7e6b4597d0999bd,alpix,10352.100215,,0,0,12754.956025,8500.636025,8500.636025,19,0.0,,,671.313475,1,,notional
0x7b4d642c1d7f60b6063ac086bc5c00afcdc5f704,raydium,10267.4342,,0,0,0,0,0,0,,,,,1,,notional
0x5193406c17c9f8820d6ac57ceec1ead38cd19ef3,aegisdex,10030.75475,,0,0,1696.7051,1696.7051,1696.7051,9,,,,188.52278889,7,,notional
0x9a29a4f67b2c57c85fe48a28f6fcdd2d507c4800,raydium,10014.4,,0,0,266.265,0,0,1,,,,266.265,1,,notional
0xed327668aa1fc269a6a437cffc7e2d6db90fcacd,alpix,9862.455,,0,0,9762,1788,1788,12,0.0,,,813.5,2,,notional
0x04e50edcd627cc7c28aded53309b09fe08744495,flipper,9812.4305,,0,0,883.1,883.1,883.1,1,,,,883.1,2,,notional
0x39e32a4de9527f85c0861a5789b76a9ffc86c691,alpix,9407.335,,0,0,4012.8,4012.8,4012.8,97,,,,41.36907216,1,,notional
6mXjvyLmCYJdELjEvia2MRpkNqmQZYmSf53NPWXgTGm2,raydium,9396.02308,,0,0,0,0,0,0,,,,,1,,notional
9ndoVhRbnyzw6231f4x3jgU7KQibd1CC8efcb3Rzrb5X,raydium,9321,,0,0,897.4801,0,0,4,0.0,,,224.370025,1,,notional
2TDSfsEHEuopa9heaXZoaF9ESC2RmvE86uzpsgHo5thv,raydium,9234.995,,0,0,0,0,0,0,,,,,1,,notional
CqtQPaAuQ5UR5QKGXzh1is3PiysrJN1v6Pr5ep8V7LeF,raydium,9152.615,,-60.4423352,-60.4423352,3838.87071,2511.33071,2511.33071,7,0.0,,,548.41010143,6,,notional
0xbf3b93bc638e69513f63f8f9482bbca4ce470f6f,coolwallet,9143.9488,,0,0,0,0,0,0,,,,,3,,notional
BY9W3NUaJ3cT7nMyVpNw6bcE2RExzLjA4BBnRSGvMfVR,raydium,9106.189776,,0,0,0,0,0,0,,,,,2,,notional
0x82ad5402d84043daa95bf31b1846412d3fd3ddf1,flipper,9004.1635,,0,0,8981.134879,8981.134879,8981.134879,4,,,,2245.28371975,1,,notional
0xc80336db24c62ae0c71862df04d02ec67cffe78f,alpix,8909.9,,-8.75975401,-8.75975401,23962.08857,2199.58636,2199.58636,19,0.3333333333333333,,,1261.16255632,1,,notional
6bi5V2HRFTbLLbbaF72bx7HdsHyNogiz7XXxzyU9tD8P,fillx,8873.2032,,0,0,0,0,0,0,,,,,1,,notional
0x8e736ca0519184a4c22b37309293a515f98a2eb7,alpix,8821.123639,,0,0,0,0,0,0,,,,,1,,notional
7xZgMogLGptViDZ9Qa7RAwbzh8dGLhApT68Poqvj3CsK,raydium,8623.3265,,0,0,0,0,0,0,,,,,1,,notional
0x8ef7ba2568d46d7cde4dcd3de07c3a8f18d06777,alpix,8493.4796,,0,0,0,0,0,0,,,,,1,,notional
4byy37A1gCAJXcXLUQwMNZpwvcohx8PsNcdiYut6XXyW,raydium,8461.5651,,0,0,0,0,0,0,,,,,1,,notional
BFrvCeSg84pvRNfCH2yryMUHAQHgf3NL7afHfwCbZy53,kongo,8385.157283,,0,0,0,0,0,0,,,,,3,,notional
0xe7ec73036649f999966b0c7b78959fffb593bdd9,alpix,8373.995,,52.38278967,52.38278967,37537.47304,24584.673132,24584.673132,54,0.8333333333333334,,,695.13838963,2,,notional
0x556007b857820b7990476bc067abe36e4be83dd4,kodiak,8324.773,,0,0,0,0,0,0,,,,,2,,notional
38GSkZRR7oirEHAptzdCSACJynT2CQ7DHMcLYPF8gb4E,raydium,8211.47504,,0,0,0,0,0,0,,,,,4,,notional
0x22f39ee617d8817ff872627f0a1624a88fb8e895,raydium,8206.3114,,0,0,0,0,0,0,,,,,1,,notional
0x3bc8b7f1a5e002ca8e5fbea5df05a296b6d4e5c3,brownian,8162.1,,0,0,3262.069,519,519,6,,,,543.67816667,3,,notional
0xc391a97477fedcd765aac03c965b8760ce3ea108,flipper,8063.43,,0,0,8031.9,8031.9,8031.9,6,,,,1338.65,1,,notional
0xaef78faa41ab9840d6243071770bdd263ce1c8a5,alpix,8063.43,,751.187567,0,21404.830099,537068.219186,8032.513829,8,0.0,,,2675.60376237,1,,notional
0xad9d897a8e152a39fc6543f0ef9ee762a88d98fa,alpix,8063.43,,0,0,5340,0,0,1,,,,5340,1,,notional
0xec392d2a3ba5754bc17c367ea15c6f039fb28974,alpix,8063.43,,0,0,5328.528275,0,0,71,,,,75.04969401,1,,notional
0x52b605835962bb40ae99c4c9213e860cdef6541e,alpix,8063.43,,734.146415,-14.661762,34810.299049,438548.283473,34810.299049,13,0.0,,,2677.71531146,1,,notional
0x987847e1218a8ba78e265db79acdb322b4f37ed8,aden,7870.0416,,0,0,0,0,0,0,,,,,1,,notional
5xtzPFyKr8AzcFgX4yisEMWehRJDjWg7z6uAive3B7Y3,raydium,7849.457564,,20.31166,20.31166,1053.2125,1053.2125,1053.2125,2,1.0,,,526.60625,12,,notional
0xd6cb7a7b544e24e5160a948a16c45b1096276f9d,woofi_pro,7663.94222,,0,0,0,0,0,0,,,,,1,,notional
0xd442b974bde00e7b4c507a60d4f47dcdfbac7048,aden,7555.905,,0,0,0,0,0,0,,,,,1,,notional
EijiDR9zwARB4RJhGK2mcoQxibNfh7kCrLwj9WNKpJ2J,raydium,7514.8302,,0,0,0,0,0,0,,,,,1,,notional
0x667baf698139d9085f3b169f8645550c17e06e6f,alpix,7397.9104,,0,0,0,0,0,0,,,,,1,,notional
JCqN4Q71vuMXKrtG5cWd25Eh5NDVFjoLybEJxHarso1L,raydium,7389.12438,,0,0,0,0,0,0,,,,,1,,notional
0x5453c3d9fb8e401e74a910996f40cf7e66f15e73,vanta_exchange,7300.966378,,43.84231558,43.84231558,31597.13407,29138.43223,29138.43223,24,0.75,,,1316.54725292,2,,notional
0x82da5b4f6e78d9214fdea0daccb08b564affffec,alpix,7257.087,,0,0,2399.142,0,0,8,,,,299.89275,1,,notional
FzKT5DzH7dJhyEynZPmBfRxk2DAJ7uRESngwqM4eiVNt,raydium,7201.84935,,56.54196,56.54196,20102.50862,20102.50862,20102.50862,17,1.0,,,1182.50050706,1,,notional
BvgzoCUMgtos1KRsWwLoabt2a35ErqphzAV3xYEJzrRu,raydium,7186.89566,,150.39044,150.39044,26769.73162,15258.87004,15258.87004,38,0.9411764705882353,,,704.46662158,6,,notional
B9T1AbUysd29G6dNiYJ6e5gJGiccXSisfBvvw9sPBkn,lolol,7157.544264,,0,0,0,0,0,0,,,,,1,,notional
0x77ee608c25b56875356f4f8340beedc8dd41d282,raydium,7152.782073,,0,0,0,0,0,0,,,,,1,,notional
0xe6ab821cfd98a7792c966c373bf0c847be9034c5,fastx,7120.191951,,-1035.73754262,-1016.24117748,70515.498262,1367073.026026,1410460.733041,617,0.8438538205980066,,,114.28767952,3,,notional
0xc2f033d72c2b960feb5b231e0c13834bad63d7e4,woofi_pro,7056.4276,,0,0,0,0,0,0,,,,,1,,notional
4drT6uQdDXoKzCoBfNaaPwQkSbH64Vf4XcckxjF9YtB5,raydium,6893.013,,0,0,90.629,0,0,1,1.0,,,90.629,2,,notional
EC3ttZgAYt25d6JT3yY8re1SbxMM3GoB9e5xRr2Xi6PB,kerben,6880.526052,,0,0,1604.11897,0,0,7,,,,229.15985286,4,,notional
689ieeMF3b8NL1D2bTFcPiqQdc9iMwRbhjb3h5jcc2U6,raydium,6852.9365,,0,0,0,0,0,0,,,,,3,,notional
9f9jArrgGjojgmtkgfJc3VJHEFoWXa5RaFwPYvpkKqW5,velmex-co,6847.918,,571.67906251,571.67906251,6549.3656,6549.3656,6549.3656,4,1.0,,,1637.3414,1,,notional
tqFWuEdRbR6Bm2eTQ2WfiQEWN7nqmAcYUzBf4jdnCKZ,sproutperps,6838.9521,,0,0,0,0,0,0,,,,,3,,notional
0x151dcef15100c6399cc570b7e58b86c3a8f1b75d,woofi_pro,6721.54,,0,0,0,0,0,0,,,,,2,,notional
5JSNWN9HVLXYHvST6H67WvNFJL5YyaXRpbyXMKG3WxRQ,raydium,6708.748417,,0,0,0,0,0,0,,,,,3,,notional
0x75da5c6a813c7b19b18ec1de15713fdf04d45714,alpix,6666.0664,,0,0,0,0,0,0,,,,,1,,notional
2Woc2Fr6dhsWUgaxY15kQ1mXx76pRgJZ5uEfbTvLDG5W,raydium,6641.25,,0,0,0,0,0,0,,,,,1,,notional
EkcsmbfTx2toKfiPefupqT1WnPPqxY8mbNymBNZeGTK6,woofi_pro,6616.81395,,0,0,0,0,0,0,,,,,1,,notional
0x27c2605ef8c9c5bf7f392c170232e4a32a499ad9,alphanet,6601.5796,,-5539.09772141,12246.51758671,479385.3165,1776554.3703,8210886.6446,1607,0.4150717703349282,,,298.31071344,1,,notional
5P6wkMckGvfLpddi6nbPDjvUMs1U3CjjpbPatTCq18f8,raydium,6587.779666,,0,0,0,0,0,0,,,,,3,,notional
0xb90412301471f94f7fb0c0fd5b774a1e2a3afc56,aark,6587.147,,0,0,0,0,0,0,,,,,2,,notional
8RY1BVY7VmtsXCjvdr1XXiM5mwL5xszUVmVnyh6nTExt,raydium,6540.63564,,-264.3502,-264.3502,48004.036,36771.76655,36771.76655,124,0.28205128205128205,,,387.12932258,1,,notional
0x5185148b99953ccea000c2a552ea7111324d8b47,what_exchange,6465.070549,,0,0,395.921916,395.921916,395.921916,1,,,,395.921916,1,,notional
0xaa973bf4a6f718a251ea299bd1778bdc22ebb233,vanta_exchange,6457.4236,,-207.226711,0,0,635301.328837,0,0,,,,,1,,notional
0xb5e010a6c03852a0929f0820fca042f56f4d4745,orderly,6387.340983,,246.06389952,828.52264021,403132.101438,4116300.74999,23528664.660682,2420,0.48255813953488375,,,166.58351299,37,,notional
0xec7f334c05ec00e536fc36ec2a49a82251089005,woofi_pro,6312.717843,,0,0,2453.295137,1398.067488,1398.067488,23,1.0,,,106.66500596,2,,notional
HWJ8ueweJDSnDsuUDAaTbMYj7kw7fwH3r5ZCZ3SzRqmJ,raydium,6194.64275,,0,0,0,0,0,0,,,,,1,,notional
0x8d722e43dbc796a45e73d9c072f6ced67874922c,mememax,6104.814285,,0,0,0,0,0,0,,,,,1,,notional
0xf46fdd61f8d1b1b3bd34efad87e2782fd1c1c892,kodiak,6036.841405,,0,0,0,0,0,0,,,,,1,,notional
0xb51e48689850baaa3a225973cf14d48bac01eb21,what_exchange,6010.795,,0,0,8861.77301,0,0,5,0.0,,,1772.354602,1,,notional
33sd9XP5XfhuU9cXxju5SsfAGLcqf3hGSGDjFMJzTyWt,sproutperps,5972.975,,0,0,0,0,0,0,,,,,4,,notional
0xde7c1055f17f1c86e704d66fa85b53a6cbb585ef,alpix,5898.2788,,1.2504,1.2504,1962.580101,981.490601,981.490601,13,1.0,,,150.96770008,5,,notional
6wECedWSX8BDJft6JQSFAHbVtzDP2n57A68SuZACo91g,raydium,5662.13135,,0,0,5644.99412,5644.99412,5644.99412,1,,,,5644.99412,1,,notional
GDa1pzSFSQt2oaNKvwTttETvsbaWcPW5tajiTXGNVph2,raydium,5647.895153,,0,0,0,0,0,0,,,,,1,,notional
BymEVfLGFNcP4xwA7pep9RfnRBBBAqBixveMUUiVwM6,raydium,5609.35995,,0,734.68875,714.15143,714.15143,1369294.50349,3,,,,238.05047667,1,,notional
0x9e068b01205608fcf99251f316c684bdd020c9d7,alpix,5599.783354,,0,0,0,0,0,0,,,,,1,,notional
AzM482FbnoPF5aLWfq92yN5qstEKw2ZSk9yXpBSCGdtD,woofi_pro,5571.95328,,0,0,0,0,0,0,,,,,1,,notional
0xacdbe4aa1cb959670edc0b5a51ff79df812b6c05,woofi_pro,5561.5772,,0,0,146.94,70.8,70.8,2,1.0,,,73.47,14,,notional
0x5a5862149c5ec324b5cb1c5a258e17d2483d1955,alpix,5387.446364,,-28.01699311,-28.01699311,2955.954352,2955.954352,2955.954352,8,0.0,,,369.494294,1,,notional
0x69f4fc7d954aafb189a6a6caa22d8f15880382d9,alpix,5375.62,,0,0,0,0,0,0,,,,,1,,notional
0x8c9d1062c21caba088ce1d406c28324c44e14894,alpix,5375.62,,0,0,5350,0,0,2,0.0,,,2675,1,,notional
0x7fd7b1da21e50bbf5df9f4433e9cdc57f9414b00,alpix,5375.62,,32.11332658,32.11332658,13711.689658,4207.395,4207.395,183,1.0,,,74.92726589,1,,notional
0x1aa8ded75b883303c470458c04893000308b2c5c,woofi_pro,5375.62,,0,0,0,0,0,0,,,,,1,,notional
0x6bc37219f142c56edf41897c4f9ac660aa30aa72,alpix,5375.62,,0,0,0,0,0,0,,,,,1,,notional
0xf9600bfecff2887866a49861aa2b167d3d93014b,alpix,5375.62,,0,0,2675,0,0,2,,,,1337.5,1,,notional
0xb6a5ae3bb285e5a4f0ded9e5677e352375a1ca01,alpix,5375.62,,0,0,2665,0,0,61,,,,43.68852459,1,,notional
0x1e3921f56f81457b8d8a72c5fa66d5b89485dd13,alpix,5375.62,,30.5,30.5,16046.5,10716.5,10716.5,22,1.0,,,729.38636364,1,,notional
0x855982849b6df7b46dffa2b7297ca623e3ebb7d4,alpix,5375.62,,-37.151754,-37.151754,29475.779281,29475.779281,29475.779281,17,0.75,,,1733.86936947,1,,notional
0x21545c16fde9b773abae2bbc6b9b2e96daaf8eed,alpix,5375.62,,0,0,15940,0,0,2,1.0,,,7970,1,,notional
0xd398c9f7cd390d7035c285168a09ceef9eeaad0f,alpix,5375.62,,0,0,2668.28,0,0,15,,,,177.88533333,1,,notional
4ZVfcGDVLhvHtXLMi9VySRJH5QiCusH3d3Nb3JFbKvkm,raydium,5359.731,,10.78908076,10.78908076,2759.701,2759.701,2759.701,16,1.0,,,172.4813125,1,,notional
0x4004e193e36dca73c115ba4ebd3c4a6d80b0df39,what_exchange,5312.589105,,56.811624,56.811624,10093.780732,2068.71869,2068.71869,72,0.43478260869565216,,,140.19139906,4,,notional
0x9cd25036e52f831115c77dcf0e6db69fca56bb04,quick_perps,5241.2295,,0,0,0,0,0,0,,,,,1,,notional
0x228cf71670581c3a0e1ee2f334e40f0673e4d47a,mememax,5235.809214,,5.8378,5.8378,2226.2626,357.33,357.33,43,1.0,,,51.77354884,3,,notional
0x35a0012fbff749ec357c2ae84f88ab1611dae164,woofi_pro,5168.99976,,0,0,0,0,0,0,,,,,2,,notional
CCJyJJ19YrRwK8CgGCbr9pRu3o2t9uJtL51nbvJxGre3,raydium,5106.806499,,0,0,0,0,0,0,,,,,3,,notional
0x24bc9a5593439fa03beebd79366d677d54e4006c,alpix,5086.51,,30.180453,30.180453,35238.988571,35238.988571,35238.988571,26,1.0,,,1355.34571427,2,,notional
0xc2cb4ea0bdcd0f7c43cbd066ff009593b5a4d981,orderly,5048.661453,,-101.3303527,-19.47802745,676006.518801,6419377.582291,40799921.084967,3762,0.5544554455445545,,,179.69338618,22,,notional
0x1b099caaddb499255ac03b1184d495d0cc5808bc,orderly,5024.667282,,-125.7863986,-89.92798797,604370.892426,4050235.84208,19378725.024457,3802,0.5004244482173175,,,158.96130784,33,,notional
zvM3i1wTR31wod1akjcpkS3bFqjgd7xuDyACgpkAyuZ,raydium,5012.32391,,-3.85209322,-3.85209322,38081.23664,33828.25806,33828.25806,52,0.18181818181818182,,,732.33147385,5,,notional
3sFwWfEpJYV47S3pLBVSTNwZbbKCpYT8KeAKpZFhryyU,raydium,4903.393631,,0,0,0,0,0,0,,,,,1,,notional
0x32b6062e538bbc3bef483b13581da47c9db963c8,clawsx,4900.67806,,0,0,0,0,0,0,,,,,8,,notional
0x9ac18ba8383d006c58b94a509ddf6a93f9d173cd,alpix,4838.058,,0,0,0,0,0,0,,,,,1,,notional
0xea13328b9bba3f7bdaff848c4171e4715342c9e1,alpix,4838.058,,0,0,2133.875928,0,0,5,,,,426.7751856,1,,notional
8hzLHJ7KuHQCsK3DzSdhQTDmBrZXDPqhSS9iq1tWrsaJ,raydium,4768.981283,,0,0,0,0,0,0,,,,,1,,notional
0x31efc1335fc8635ed85242e4cb45da702a0391ea,alpix,4693.722603,,0,0,3842.8191,0,0,101,,,,38.04771386,1,,notional
HmozcD4BiWna53964X5vsNcpgUUzfbAS9EDuGEoT37eq,raydium,4563.95941,,-97.83176,-97.83176,22493.992071,22493.992071,22493.992071,17,0.0,,,1323.17600418,4,,notional
EAnyrZJGhcDTCLac5RbvGZytjibNfB6FV7oo2w5nJsun,raydium,4526.07432,,0,0,0,0,0,0,,,,,1,,notional
BHRAWDjs94AmTXU5jrXpPPyJmLKrkbgFwvjbvHGsqEzh,raydium,4500.1314,,0,0,0,0,0,0,,,,,14,,notional
0xce3936ebe01bce6df5e7f0b745b5b2fdbf772c74,uxuy,4481.658304,,0,0,0,0,0,0,,,,,2,,notional
0xff94a76e8e80325ed57b646ca1d2acfd461c11f0,alphanet,4443.58068,,1967.783623,4997.22647317,41113.69314,908325.10428,3378844.65511,125,0.618421052631579,,,328.90954512,1,,notional
0x9f30a967dca3f6322d5c74101239168ba2bafe87,vanta_exchange,4376.42815,,0,0,0,0,0,0,,,,,1,,notional
0x7a34c7aaef4382fbf0f674580566fd1740d83c85,logx,4342.617371,,0,0,0,0,0,0,,,,,1,,notional
0x51a78f32f953bfec86e27b9c85786d085dbfbe3c,coolwallet,4320.9287,,0,0,0,0,0,0,,,,,5,,notional
0x118138ae6b70020492720b9cf84f5c3aa981df45,alpix,4275.499367,,0,0,0,0,0,0,,,,,1,,notional
0x2bf841445d9b4cd7627ede660dcf2fe2019352d8,alpix,4267.167156,,0,0,1383.542759,0,0,3,,,,461.18091967,1,,notional
0x6493dbd1f0d1b658ab10f6b1d7f550b312a210b0,vanta_exchange,4256.80161,,0,0,0,0,0,0,,,,,1,,notional
0x95b0bbdad0eabda3adcb7f81ba03a12cf8582017,mememax,4229.612458,,0,0,0,0,0,0,,,,,1,,notional
Da3GzdMWbjnvq7Wffo5hz4QN1cXUvxuikEbivmjEho8B,raydium,4213.391342,,0,0,0,0,0,0,,,,,2,,notional
0x090cc4a6d70ddabc3b1ea0a81674fe33cd229692,alpix,4208.035336,,0,0,1392.375642,0,0,2,,,,696.187821,1,,notional
0x5aa370639dfcdda514cd6f59e7dcfeb0f6223b90,alpix,4182.23236,,0,0,1387.896668,0,0,2,,,,693.948334,1,,notional
77768xaExKH1FkoW8Tx23976c3yoLM42z3iKFeAhc1HX,raydium,4104.1728,,0,0,0,0,0,0,,,,,1,,notional
CQhDCLzky48Aw6Jpycjy1k57KS2fjUhvm2X9CFdCgVxH,dextools,4094.5809,,-54.042382,-1426.348044,57194.441706,243420.833464,964762.706322,29,0.7058823529411765,,,1972.22212779,1,,notional
0x18c902e2281f9b40adb457c9a5b68716e1769f3d,vanta_exchange,4090.366419,,0,0,0,0,0,0,,,,,2,,notional
7vnVt5vMmDQxuaQG9imztsDE6VkkM3C6mUv9oXkAiNpc,raydium,4083.513,,0,0,0,0,0,0,,,,,2,,notional
0x1112b8f85268f06e44dd60587445796ec26d6b92,salsadex,4081.3672,,0,0,0,0,0,0,,,,,1,,notional
0xe5b680a48824de6a43fefce6a0e06d1a9d141ceb,frans-bot,4055.46118,,0,0,989.9798,989.9798,989.9798,1,,,,989.9798,3,,notional
0xe929cd81aef62b87b4d5814a243ecf9895ad868f,woofi_pro,4031.715,,0,0,0,0,0,0,,,,,1,,notional
0xaa1221899bcf369da1d797b51999b211b5f0663c,alpix,4031.715,,-10.64805858,-10.64805858,1017.242869,1017.242869,1017.242869,6,0.0,,,169.54047817,1,,notional
0x5f3094153a05f7bcb3c04d721102dac57a347cfc,alpix,4031.715,,0,0,2661.4,0,0,3,,,,887.13333333,1,,notional
0xd20203504b7c0aef5adc7efb31f1e0a9fb066ec6,alpix,4031.715,,0,0,3988.81513,0,0,44,,,,90.65488932,1,,notional
0xadde96ff0fb9860260cb22f1cde3b1bf44c8f48a,alpix,3999.998842,,0,0,0,0,0,0,,,,,1,,notional
0x382f6a2ff8648b9afd6c406b292434f43563f452,alphanet,3951.687276,,-14.48710353,-14.48710353,30784.506521,12022.737705,12022.737705,648,0.593167701863354,,,47.50695451,3,,notional
BbTWmHL2nN5DVEHfSiF1Npj3VdSwTo1GEfc3V2Z2GyGR,raydium,3942.26985,,0,0,0,0,0,0,,,,,1,,notional
0xba62acf915c1697d000de2f70494ab65cfbcf710,raydium,3902.492973,,0,0,0,0,0,0,,,,,1,,notional
0x1b4ba42561bb6f7143b542a7522057687e5dce6f,alpix,3887.16,,33.972809,33.972809,28511.957863,22752.776732,22752.776732,48,1.0,,,593.99912215,2,,notional
GB2J2eopHuJBUgb9jddZiQbG265mzoBXiKj82Ev1Jxzp,raydium,3887.16,,-52.95639,-528.901637,31941.17068,31349.5347,1317074.902997,27,0.0,,,1183.00632148,2,,notional
0xa2178c989c865bc418a001a13300d9a3f1aed940,fillx,3874.237648,,0,0,535.55105,149.8788,149.8788,3,1.0,,,178.51701667,8,,notional
0x61e136a9520a16f24d61dd64c92123caef14b63f,alpix,3788.468195,,0,0,3770.4125,0,0,5,,,,754.0825,1,,notional
0x53d2207bd9bf321b8acb6b3bc20709871aad64bb,woofi_pro,3787.788738,,-2001.403368,54.5619906,3749.468139,645510.663491,2185808.837521,2,,,,1874.7340695,1,,notional
0xae5caaa9cc26bb11ff616fe0e234f4048cd8a061,alpix,3762.934,,0,0,0,0,0,0,,,,,1,,notional
0xf0ba181e282648f88045cf99ed485a87ce90f17c,alpix,3762.934,,0,0,2671.6,1071,1071,30,,,,89.05333333,1,,notional
0x107f4e6bd3a03fd97c59acb109b19d9da480a972,alpix,3762.934,,-5.22846284,-5.22846284,1806.58652,1806.58652,1806.58652,6,0.0,,,301.09775333,1,,notional
25pFFnoqAwkpKVX4CGh2ke6t4LFhVse7b9MA726AMxkH,dextools,3756.483256,,-12.045118,-12.045118,22750.360576,18968.722274,18968.722274,22,0.3076923076923077,,,1034.10729891,1,,notional
0x51de8b24957ef477a953325419f4158c419fb54d,alpix,3709.1778,,-1.00184374,-1.00184374,4327.645554,1660.9738,1660.9738,11,0.0,,,393.42232309,1,,notional
0xc31bd8a6cfcaacec6f26f7120ddd81f680047195,woofi_pro,3684.152229,,0,0,0,0,0,0,,,,,3,,notional
AnGXVHsYbe373pjM86pi3bMcnGx38jyxYWrsUBV8ikS8,raydium,3667.31484,,0,0,0,0,0,0,,,,,1,,notional
0xb77ff492043dfa3332ba90d3f87a00fbd41fee7e,mode,3653.5423,,0,0,0,0,0,0,,,,,1,,notional
0x85da8d39752c87ffd0f8f6baa186009d6c0379de,vanta_exchange,3625.248,,-1053.477858,-1177.078085,18301.6195,354999.81034,1110722.860577,5,0.0,,,3660.3239,1,,notional
9UpA5caashY5hhpBzXSDxpxPjsRsy8Xnd8bDJsw7JRbg,raydium,3598.05,,0,0,0,0,0,0,,,,,1,,notional
0x066a1f62b4063595a98959933b7b0fd3b808a00e,fastx,3585.0833,,49.86526025,345.57646525,99260.851016,408224.428095,2003767.342286,214,0.6949152542372882,,,463.83575241,2,,notional
0x0cedb563298f7d270b5f26d6494451e1fe01959c,woofi_pro,3563.96,,0,0,0,0,0,0,,,,,1,,notional
0xdab0995bd7875bde61ca7c6b61d15b07b6d1747e,orderly,3556.020403,,656.84298021,1848.88520151,286747.426688,3928928.85165,19636260.637112,2465,0.5734312416555407,,,116.32755647,22,,notional
0x1a9bd1a659cfca8d2e48f02db00678c7fdb9b400,alpix,3535.937,,93.481579,93.481579,70841.008679,54627.152459,54627.152459,60,1.0,,,1180.68347798,2,,notional
0xf7c8a4a99ba34b4744d08999dd017b5faa4d3378,logx,3522.106224,,0,0,0,0,0,0,,,,,1,,notional
GAs2oD1J94ipTfCXEmCMqJHMFLceUfUhTYmoVPVcAnaK,raydium,3504.6,,-107.709363,-370.47320615,102630.894132,325379.998629,2536328.346252,80,0.2857142857142857,,,1282.88617665,3,,notional
H6oXLup7wq4mNVYYUV8rGtfGXAZpsSBejnEYJ5VcNdcz,raydium,3494.153,,0,0,0,0,0,0,,,,,1,,notional
0xc52a10f0179076a194634869a2df7dfc1e5e7590,alpix,3494.153,,1.38457225,1.38457225,4540.786386,1877.343561,1877.343561,10,1.0,,,454.0786386,1,,notional
7khNcf1KpZ1oAjQrBtBmU5YLGYS4EujRy5vF1PLvDwjq,raydium,3493.92782,,0,0,399.97836,399.97836,399.97836,1,,,,399.97836,4,,notional
0x76edfcd8fc5aa7766ca85f6de49190f1325a3bc3,alpix,3483.76827,,-6.34194906,-6.34194906,3261.199205,2417.619205,2417.619205,9,0.5,,,362.35546722,5,,notional
G9hKQgJjmjCduG6seTwJM4Fgegd1mRpwyUcUKN95CsPx,raydium,3398.644,,245.81015259,-4.49319236,8167.155381,210217.43172,5624.759664,7,0.3333333333333333,,,1166.736483,1,,notional
0x9249d1b4a1cee10a5bfa9fad62553a3d3a8a9d4d,foxify,3390.14739,,0,0,0,0,0,0,,,,,1,,notional
76ZRSoE9CpuGzqt3vMY7G3ry9ZF1sa1RT93HG1yNiuAo,raydium,3359.7625,,0,0,0,0,0,0,,,,,1,,notional
0xbf8349b37056f8810b8688db3466b125d306cc95,mememax,3314.941141,,0,0,0,0,0,0,,,,,3,,notional
0xca0ce4c5e6bf0d0e636a4b234741ea394a2a6a93,alphanet,235.1826,-195.277166,409.33858397,5347.54527871,176729.6445,677476.9185,3650522.38066,875,0.48299319727891155,0.2472885032537961,0.25379369138959934,201.97673657,1,,volume_24h
0xa3881c0893e1107a4ba066ebc109d09f35217d46,alpix,11.29149,2.250491,2.250491,2.250491,74082.334541,65830.352367,65830.352367,506,0.3225806451612903,0.06062539885130823,0.037999037999038,146.40777577,1,,volume_24h
0xbca66abf6ad9bb5263b3cc92f3b5ef4fa7a0fb14,flipper,1293.965168,-1.520257,-1.520257,-1.520257,69838.829216,69838.829216,69838.829216,51,0.5217391304347826,,,1369.38880816,1,,volume_24h
0xb50e9db60e883f5fd91d68d7f804a57f4bc5fbf6,vanta_exchange,275.275584,0.0,-8.665176,0,54694.034589,216795.652064,0,87,0.3,,,628.66706424,1,,volume_24h
0x1b8666b5463bb640196bb473114fca40b43dbca7,alphanet,339.7082,-52.7759,-580.30802687,1325.24772763,52445.6719,193212.9408,951031.9432,448,0.3318777292576419,,,117.06623192,1,,volume_24h
0x2f77691478ed6bf9028511311542ad145af1c2b8,alphanet,653.285,-45.249,-45.249,1875.99737312,47132.0851,23018.4987,864484.4829,444,0.45,0.23068493150684932,0.2796278818929486,106.15334482,1,,volume_24h
0x0cb8c001625a5d9450f6ca219fed20d4f7e91dec,woofi_pro,2208.492,31.53004,747.43635,3269.57852,39463.93164,223914.21759,834926.49312,24,1.0,0.4166666666666667,0.4209770114942529,1644.330485,1,,volume_24h
0x9cce2842a5f2f5ec10b277d6509587bdcb770039,alphanet,2449.50378,-31.03042471,-31.03042471,-31.03042471,34932.24657,15337.33161,15337.33161,719,0.5917808219178082,0.29767827529021557,0.25629980615981046,48.58448758,2,,volume_24h
0x7a1662e97d69da54945e95623721c676c9aff191,alpix,119.934,15.286277,15.286277,15.286277,34839.32183,26214.086412,26214.086412,110,0.9,0.09269662921348315,0.10585585585585586,316.72110755,1,,volume_24h
0x7df7e38f6f1e1620312df1265040cac31f557d4e,alpix,26884.5,0.0,0,0,26884.9556,26884.9556,26884.9556,9,,0.3333333333333333,0.28205128205128205,2987.21728889,1,,volume_24h
0x8c883b6213cff591b4952faaba989dab0e901a09,alphanet,2285.46674,4.72409684,207.62203547,4.72409684,26000.93394,187765.162793,13008.77713,878,0.6422413793103449,,,29.61381998,5,,volume_24h
0xa814d372dc5b3f2ffb400036d67c581bc3040584,vanta_exchange,299.914448,0.0,-4.027659,0,24633.531703,225557.641942,0,59,0.27586206896551724,0.1111111111111111,0.1111111111111111,417.51748649,1,,volume_24h
0x5462e76e74cd54345467d8dd3a242fc0e836706c,alpix,1881.915,30.35250913,116.845434,30.35250913,23767.478449,257703.789734,10710.930789,24,0.6363636363636364,0.277602523659306,0.2785571142284569,990.31160204,1,,volume_24h
3nW8ZmyRc1WH3EUTBupBfuW7VFRCA8CrkhpLJ2gT3hgz,raydium,1012.38819,-23.398594,49.978499,-23.398594,23446.783563,334795.467314,16208.021193,33,0.5,0.2043956043956044,0.2299168975069252,710.50859282,3,,volume_24h
0x0db5814f540e17ea139984c0f165e1670199a793,alpix,1344.225,-4.221932,-4.221932,-4.221932,23204.898188,6693.799556,6693.799556,21,0.14285714285714285,0.2222222222222222,0.25,1104.99515181,1,,volume_24h
0x763805b2751000353276e578d9e00b3f28e17008,vanta_exchange,244.689408,0.0,0,0,20226.257113,0,0,68,0.6333333333333333,0.23140495867768596,0.23140495867768596,297.44495754,1,,volume_24h
3QBNcLJkAucyGgw2GmX9zehiKMxqwWms3hF3FYB3n6sa,dextools,3212.966595,-10.85169,-10.85169,-10.85169,19308.113833,16094.681833,16094.681833,7,0.25,0.25,0.20705882352941177,2758.30197614,1,,volume_24h
0x88e49f0c4132ef18721b2c6684f4dd46afb08364,alphanet,248.2483,-17.896,-17.896,-17.896,18403.0434,8984.2023,8984.2023,338,0.4427083333333333,0.236449864498645,0.28194558944765047,54.44687396,1,,volume_24h
0x96e4ba2af82b7ef5cb199e9a6d981754683b7aa4,vanta_exchange,273.576352,0.0,0,0,16468.709473,0,0,58,0.5217391304347826,0.1935483870967742,0.1935483870967742,283.94326678,1,,volume_24h
0xf218033a69299c8ee3cdd4fad03cdf6091d7d74d,alpix,3226.14,16.035725,16.035725,16.035725,16329.723622,13396.303383,13396.303383,23,1.0,0.16666666666666666,,709.98798357,1,,volume_24h
0x176770915736f980a869b950aa20f56b8f81434f,vanta_exchange,257.433648,0.0,0,0,15685.466798,0,0,57,0.3076923076923077,0.11382113821138211,0.11382113821138211,275.18362804,1,,volume_24h
0x55eac7938a3fce797a9cf47d3fa05459918691b6,alpix,2150.76,8.517803,8.517803,8.517803,15009.267757,15009.267757,15009.267757,24,1.0,,0.35795454545454547,625.38615654,1,,volume_24h
0x85014e09033118ba3c4383dfabe4b3f6b8ad9781,alphanet,182.9198,-13.1787,-13.1787,-13.1787,13526.566,6603.2266,6603.2266,311,0.4514285714285714,0.24614134849715677,0.2835481425322214,43.49378135,1,,volume_24h
0x02347a4a51d6c75f4fe19dee3f6fe9b56d4dad18,alpix,2688.45,22.316514,22.316514,22.316514,13377.346388,8039.842902,8039.842902,12,1.0,0.4,0.30223880597014924,1114.77886567,1,,volume_24h
0xe40311b8b53019d581996bcf2ac0fd2bf8c0719a,alpix,2688.45,14.470268,14.470268,14.470268,13352.895378,5359.260268,5359.260268,73,1.0,0.13609467455621302,0.1858108108108108,182.91637504,1,,volume_24h
0xee823708b7d689cd4d140d41439369125a812ce7,alpix,2688.45,13.430072,13.430072,13.430072,13352.453688,5358.490072,5358.490072,64,1.0,0.0970464135021097,0.1198501872659176,208.63208887,1,,volume_24h
Ff2fduGPgjgmVUY5GgsSoKbjLVHJPFWFQpYPhuJnkneE,raydium,2562.06034,0.0,0,0,13297.27952,7517.06116,7517.06116,9,1.0,0.4852941176470588,0.4913294797687861,1477.47550222,2,,volume_24h
4xFfX1nkMJHuBo5MrgAPRuT8j24wMkHPAXabTXmv6zhf,dextools,482.38209,3.99837,3.99837,3.99837,12765.964177,7178.47137,7178.47137,62,0.7037037037037037,0.29694323144104806,0.3621212121212121,205.90264802,2,,volume_24h
0x8dcab004fb5c8dd1fdf683aa64f8bd28c4899745,alpix,1344.225,19.678827,19.678827,19.678827,12585.021397,10452.326636,10452.326636,25,1.0,,,503.40085588,1,,volume_24h
8PNVrM65aQKP5Si7Yb5tD8sK3JSiMXLNoN1zHDUAwZSN,perpotrade,1180.038614,8.488374999999998,8.488375,8.488375,12340.724396,7479.569996,7479.569996,211,1.0,,,58.48684548,10,,volume_24h
0xe953deed2bf83ab4028008a6ad7700fb30a26821,alpix,268.845,16.460585,16.460585,16.460585,12045.305415,9380.305415,9380.305415,49,0.3333333333333333,,,245.82255949,1,,volume_24h
0xc4ccbac20a9500ce6c9e40f6d83f2909e4cff44d,alpix,2688.45,12.429214,12.429214,12.429214,12044.228257,9378.215875,9378.215875,23,1.0,0.1509433962264151,0.17647058823529413,523.66209813,1,,volume_24h
0xebda16cfac2103df622067443410089df0bf7813,alphanet,156.7884,-11.3989,-11.3989,-11.3989,11937.8347,5827.2414,5827.2414,290,0.437125748502994,,,41.16494724,1,,volume_24h
4LHL9bMadAavui2je9nFPwuDaUU2oMkisqDPwp9PjbjB,dextools,1952.52552,27.62707,27.62707,27.62707,11560.45712,11560.45712,11560.45712,9,1.0,0.38235294117647056,0.2864864864864865,1284.49523556,1,,volume_24h
0x745db3ccb3a01f908125d407d4c7a7378bcc79a8,raydium,1770.8166,-11.833389,-374.645698,-11.833389,10964.372963,352423.159941,10964.372963,39,0.16666666666666666,,,281.13776828,1,,volume_24h
0x3799bfda876bc4f16c665581359810813ce1b792,alpix,1699.232,29.215967,489.174599,1371.138885,10678.559407,195434.572089,1178646.532117,5,1.0,0.15471698113207547,,2135.7118814,1,,volume_24h
0x3e3c1f392e34605ab2ea1c4e4ee1fac19a0ff802,alpix,2688.45,14.933579,565.932723,14.933579,10264.05416,334800.279286,7075.704794,26,1.0,,,394.77131385,1,,volume_24h
0x948da2ba7c760d24f69355b9a13d4919d4067b6d,alpix,268.845,0.0,0,0,10117.505184,267.992,267.992,20,1.0,0.4393939393939394,0.35064935064935066,505.8752592,1,,volume_24h
0xdb409639988338b2592f2321003e61a6d6536333,alpix,91.02,64.80172149,64.80172149,64.80172149,9264.902207,5694.686748,5694.686748,55,1.0,0.2192513368983957,,168.4527674,1,,volume_24h
0xf34fb585a16f30cde6781ea8c267ca60041b85b9,alpix,806.535,11.900738,11.900738,11.900738,8735.922,6872.802,6872.802,11,1.0,0.20238095238095238,0.36585365853658536,794.17472727,1,,volume_24h
0x7f197f6d668ff8e4f6b7c30ca1f09330f1c97e05,alphanet,808.329,17.41362632,17.41362632,17.41362632,8154.8934,6330.0462,6330.0462,233,0.83,,,34.99954249,1,,volume_24h
0x66dfebeb64bfb7125813894ed4a1c1cdb8c8c59b,alpix,2688.45,6.484485,6.484485,6.484485,8015.904485,5350.244485,5350.244485,23,1.0,,0.3418079096045198,348.5175863,1,,volume_24h
0x5757172a32dc852a516419ec0a927741d178b315,alpix,391.971,0.9089735,0.9089735,0.9089735,7847.2474,3623.7542,3623.7542,21,0.625,0.2926829268292683,0.2408026755852843,373.67844762,1,,volume_24h
0x87a38a49d2fc0676749132eac73a6b60863d8f17,rwaperp_xyz,1799.01,113.257403,113.257403,113.257403,7604.553359,7604.553359,7604.553359,6,1.0,0.13333333333333333,0.13333333333333333,1267.42555983,1,,volume_24h
0x2c9d5237b7678ec97913005f1d18a1bcb2498019,flipper,929.4885,-0.03933,-0.03933,-0.03933,7546.34004,7546.34004,7546.34004,16,0.5714285714285714,0.25,0.25,471.6462525,1,,volume_24h
FQeUAFqwZ9TWTUmdNgkQXB3gYda8rGTgbnQohZdKt2JP,dextools,1495.548675,-12.798407000000001,-12.798407,-12.798407,7498.949699,6758.521542,6758.521542,19,0.5,0.2835820895522388,0.30851063829787234,394.68156311,2,,volume_24h
GsVxEkWqAumT198JpAVSsNjfgb8U1TRGcnonFrtqYg82,raydium,1652.52515,3.02707,3.02707,3.02707,7384.633491,6101.61514,6101.61514,13,0.6,,,568.04873008,2,,volume_24h
0xb70503db7f67c6b6640260a1e3236d610e2eaf2c,alphanet,1262.793675,3.7319240999999996,3.7319241,3.7319241,6937.291589,3703.121056,3703.121056,318,0.65,0.21316614420062696,0.2376648392354423,21.81538236,3,,volume_24h
0xe5335c3cd7c83079fad920f32d209f676022217f,alpix,806.535,0.0,0,0,6651.959992,0,0,26,1.0,0.6440677966101694,0.47674418604651164,255.84461508,1,,volume_24h
BvG6iC4zvBJK5QiTukThGGmMjD6JGfqZfbqUeDU8Pmk4,dextools,1063.819665,-3.481882,-3.481882,-3.481882,6442.895348,5370.948123,5370.948123,18,0.25,0.3333333333333333,0.17525773195876287,357.93863044,1,,volume_24h
0x9ccf9a07eed1ab4a6270c5519d7dc6858ad5e770,alpix,2688.45,0.0,0,0,6404.456,2681,2681,9,1.0,0.31896551724137934,0.2893081761006289,711.60622222,1,,volume_24h
0x5b6ed320561a3a7158bdbd72f312c67ad5bff43e,alpix,983.85,14.172239999999999,14.17224,14.17224,6397.43456,3757.12126,3757.12126,19,1.0,0.432,0.37333333333333335,336.70708211,2,,volume_24h
239NKM5c3rtajH5nqGmE3xLZraN6JCCR4Z8dFLmTbEgR,raydium,2101.023675,4.831134,4.831134,4.831134,6224.795661,6224.795661,6224.795661,9,1.0,0.15789473684210525,0.14516129032258066,691.64396233,1,,volume_24h
0x8a7a6cbbac161b274a16cd025cf9d8e5ae34a22b,alpix,446.16,0.0,0,0,6174.40185,449.80656,449.80656,17,1.0,0.2777777777777778,0.3358395989974937,363.20010882,1,,volume_24h
0x7e2f2e0bce157136826cf54d8d6f6524d9d48bd6,alphanet,91.4599,-5.4324,-5.4324,-5.4324,6056.3621,2972.3333,2972.3333,174,0.36792452830188677,0.24610591900311526,0.21035940803382663,34.80667874,1,,volume_24h
0x41a048f402ecd1ff80e5a2a1ee8cb88d694cbce0,alpix,2688.45,0.0,0,0,5867.721071,0,0,28,1.0,,,209.56146682,1,,volume_24h
0xfe724f2f3b2ba521473fb358e3fecfd1cf49e3aa,alpix,2688.45,10.48187,10.48187,10.48187,5827.06811,4496.42899,4496.42899,11,1.0,0.2826086956521739,,529.73346455,1,,volume_24h
0x7dad015654cc09f430a5b1311280e6e4e3a9f537,alpix,2688.45,0.0,0,0,5605.232,0,0,9,1.0,,,622.80355556,1,,volume_24h
chTWJESjEo5doRRvvDVGwAuwhAWi3NV5KRDqsHChvMX,raydium,1097.5188,0.0,0,0,5535.74776,1113.8379,1113.8379,8,0.8333333333333334,0.52,0.41935483870967744,691.96847,1,,volume_24h
0xc083f9b724c91f92e33f178d2745c6953606627e,jefetoken,2004.345504,-7.2188740000000005,-7.218874,-7.218874,5499.879846,4259.230855,4259.230855,37,0.36363636363636365,0.2792452830188679,0.2498200143988481,148.64540124,2,,volume_24h
0xdffa11a88f51b1740ed66ec92340485fc27af68d,alpix,239.868,0.0,0,0,5446.098376,0,0,6,1.0,,0.3445378151260504,907.68306267,1,,volume_24h
0x3ef4fbe175a2a9f7fd8567fb3a4f186876e27673,alpix,302.05,,2.396767,2.396767,5336.478233,2677.153233,2677.153233,12,1.0,0.36666666666666664,0.35,444.70651942,1,,volume_24h
J55pHbijpX8MxdNwbd7CMA6u4bsKSU6cggcsYgxJ7y6i,dextools,413.303745,,4.380922,4.380922,5066.96854,4731.169912,4731.169912,32,0.5882352941176471,0.27941176470588236,0.2621359223300971,158.34276687,2,,volume_24h
0x08e63e3f2ba9add5dd3425ec42961bff3e9fd49d,alpix,1190.98335,,0,0,5030.396929,1186.25211,1186.25211,5,0.0,,,1006.0793858,1,,volume_24h
0x5508506a98afc6337efef257f11ee805ef112ec7,alpix,1344.753,,0.988526,0.988526,4908.32586,3530.804548,3530.804548,14,0.5,0.1836734693877551,0.22941176470588234,350.59470429,4,,volume_24h
0x667ccf9d348880a641b16cc9e0adbbed6653e4ff,alpix,1613.07,,0,0,4802.123326,1605.497862,1605.497862,8,0.0,,,600.26541575,1,,volume_24h
0x36cc9ac264fbe755d786c4f31f1631e263bc0656,alpix,537.69,,6.340088,6.340088,4800.624171,1338.933392,1338.933392,19,0.36363636363636365,0.03333333333333333,0.2724014336917563,252.66443005,1,,volume_24h
0x7b97a51494d4ebf1c5fa29b1c9b6371a4c5c8003,sigma,2505.517584,,0,0,4795.985345,0,0,15,0.0,,,319.73235633,1,,volume_24h
0x0c876d44978c0921bbb6d973b8975fe2a2731f53,woofi_pro,260.49155,,26.29841,26.29841,4632.7466,3159.83042,3159.83042,13,1.0,,,356.36512308,1,,volume_24h
0xb096156610ef7b26c719948b7586899bd58c4413,alpix,520.4457,,-0.9645475,-0.9645475,4273.17158,1766.64329,1766.64329,15,0.7142857142857143,,,284.87810533,1,,volume_24h
0x6c5a05c01c670097a69a051ba36e6405b66304f6,alpix,2688.45,,0,0,4266.912,0,0,2,1.0,,,2133.456,1,,volume_24h
pUMP91P3g13cGVz94G9hPh1vWvtxEXnHEBq3ng8sqDi,raydium,1599.69612,,0,0,4056.577338,1568.86364,1568.86364,18,0.0,,,225.36540767,4,,volume_24h
0xb583a51874e2ae0fbeba4f5fa624077f5e20b6a9,vanta_exchange,672.1125,,13.11781898,13.11781898,4019.4439,3939.70485,3939.70485,300,0.58,,,13.39814633,1,,volume_24h
0xc370f55c56f8db07cc11afb58e6bfca1c1c0f803,aurea,1803.25948,,74.32422,74.32422,3955.136188,2748.65478,2748.65478,24,0.6923076923076923,,,164.79734117,5,,volume_24h
EH4cQ799ivvuqbkqXu88iRr69PhnWoDfDYHCiKq1SmTD,dextools,217.76445,,-1.081945,-1.081945,3924.464172,3049.547737,3049.547737,19,0.6,,,206.55074589,1,,volume_24h
0x672d8428bd5e79d22008c4ec05482b7ba6780a58,alpix,1613.07,,-17.69861364,-17.69861364,3613.058654,3214.058654,3214.058654,8,0.0,,,451.63233175,1,,volume_24h
0x92ba8b22d9d818aba5c078fa37aec29063f8b865,alpix,806.535,,4.937,4.937,3480.341,2679.71,2679.71,14,1.0,,,248.59578571,1,,volume_24h
0x9659684a005f3d445cf8c2c6d4233a60e4719961,alpix,673.18788,,2.379947,2.379947,3302.532329,2662.393137,2662.393137,7,1.0,,,471.79033271,1,,volume_24h
0xbcf881266511079b288251024a0062b56bc41966,alphanet,207.91155,,6.76355026,6.76355026,3209.93116,901.41479,901.41479,126,1.0,,,25.47564413,1,,volume_24h
0x98fd78c1afcb9b837dc0704ce46b40d04c172f72,alpix,537.69,,6.79,6.79,3206.56467,1874.44967,1874.44967,5,1.0,,,641.312934,1,,volume_24h
0x0e5fb95c84f02d044477261951a253dc36501e8f,vanta_exchange,65.460664,,0,0,3187.083766,65.412,65.412,3,0.0,,,1062.36125533,1,,volume_24h
0xee4cbda3a48f8bddf3788932b97e6ef7f786ab92,rwaperp_xyz,3112.993024,,0,0,3099.492284,3099.492284,3099.492284,5,,,,619.8984568,1,,volume_24h
0x0bbebfad345be85e65358ccedefbab9f081eeb23,alpix,3026.11932,,0,0,3015.085266,3015.085266,3015.085266,4,,,,753.7713165,1,,volume_24h
0x67b59e9965b394f41c05a812ebfa954f35541921,alpix,3292.81356,,0,0,2993.450475,99.748406,99.748406,8,0.0,,,374.18130937,1,,volume_24h
0x1d45e46c1e46f8d38fad138d66d634d8523a5c6b,rwaperp_xyz,146.983568,,0,0,2978.910528,0,0,11,0.42857142857142855,,,270.810048,1,,volume_24h
0x7d34f333305ca396d39d532d8b78cd3ce04105e5,alpix,1487.25054,,0,0,2975.573265,1482.288336,1482.288336,5,0.0,,,595.114653,1,,volume_24h
0x06f3b27ad17f3cf8d0132f3e66a73d78f1c50890,alphanet,497.24892,,-0.72177,-0.72177,2970.66005,805.11239,805.11239,150,0.9,,,19.80440033,1,,volume_24h
0x57a5f5f23ce94af12ed46583f98bfa9355178ea0,alpix,806.535,,3.509,3.509,2941.946,2141.849,2141.849,10,1.0,,,294.1946,1,,volume_24h
4axta2G1tVfdY1SkdT5HwsrxVaoro7TnjPsE9ZdTy3bL,raydium,2988.36132,,0,0,2906.80693,2084.34763,2084.34763,4,0.0,,,726.7017325,3,,volume_24h
0xb1bd851a65abafd1fe8540412d2f2dde0898761c,alpix,571.833315,,1.787385,1.787385,2866.512318,2866.512318,2866.512318,8,1.0,,,358.31403975,1,,volume_24h
0x3ade076b835a16458a4a52cf4eb4d9fb9c27e679,alphanet,563.5773,,0.85886491,0.85886491,2851.3035,1753.96019,1753.96019,132,0.6129032258064516,,,21.60078409,1,,volume_24h
7eaH7uxzHY4j6xtTJVp9zFTMF5Emiu6uvJ1DJ5d8YNuN,dextools,189.440895,,-1.148042,-1.148042,2813.691024,2123.460129,2123.460129,32,0.5333333333333333,,,87.9278445,2,,volume_24h
4p5rCZjifWrDfqNbffbnqJG1KUnp9n51Dj9ztFTjcH9x,raydium,1084.02744,,11.55063,11.55063,2797.64991,2797.64991,2797.64991,5,1.0,,,559.529982,1,,volume_24h
0x758d6ec9ba6696a8eea9da5c06a407e835af3a41,fillx,653.83104,,-0.120468,-0.120468,2788.402304,2788.402304,2788.402304,12,0.3333333333333333,,,232.36685867,1,,volume_24h
0xaf5163636b5b937ea2bfb9a1bc62c32334e27b17,alpix,508.713,,2.862,2.862,2778.25203,804.569,804.569,8,0.5,,,347.28150375,2,,volume_24h
Ex13mucFkygZgyRtiGKLFo41By54enP3QEFNXzbhvX83,raydium,1820.4,,13.8,13.8,2728.6,2728.6,2728.6,4,1.0,,,682.15,1,,volume_24h
0x552016b649602c353cbb05488240e08000536010,swapmos_com,926.69004,,3.07045,3.07045,2703.67127,1516.78463,1516.78463,10,1.0,,,270.367127,2,,volume_24h
0xa7dac12112ed8ad2f9c024c7b0219fa62f00730b,alpix,2711.03298,,0,0,2700.317527,2700.317527,2700.317527,6,,,,450.05292117,1,,volume_24h
0xda38b08cd123e27d794bf49892ed7b298650eb9e,alpix,2688.45,,-36.01976,-36.01976,2674.991156,2674.991156,2674.991156,5,0.0,,,534.9982312,1,,volume_24h
0x580ff2095f236f3ad049613c8edf7d6ed9ad595d,alpix,2688.45,,0,0,2672,0,0,1,,,,2672,1,,volume_24h
0x66c3595abe755e4935de8811390f24ed5b71ba7b,alpix,3143.235,,0,0,2669.56933,1336.76,1336.76,5,1.0,,,533.913866,2,,volume_24h
0x668aa8f6f458e8d0d8817552750d5d1548c6411e,alpix,2688.45,,0,0,2664.92,0,0,1,,,,2664.92,1,,volume_24h
0x8c54ff602bbcb676d4809c5de52128e00b38db9f,alpix,1918.496925,,3.77756,3.77756,2659.40831,2659.40831,2659.40831,8,1.0,,,332.42603875,2,,volume_24h
4YrLi2a8wyWLS1sg2fHCk9Lhzp779G7FjVEx4ewyy127,dextools,318.84558,,-6.36332,-6.36332,2645.411038,2645.411038,2645.411038,19,0.0,,,139.23215989,2,,volume_24h
8eU35iokCcvmSN8JMhxFWAwY5PZX22iSpxxLeBbGerat,perpotrade,902.610947,,1.56558,1.56558,2588.37236,1611.59601,1611.59601,127,1.0,,,20.38088472,7,,volume_24h
FsYoiEUSKzqymy6AdxjEvEtevMGEEwtc9i2WYG3wbMpr,dextools,137.64864,,-0.604545,-0.604545,2519.112977,1945.627566,1945.627566,25,0.7333333333333333,,,100.76451908,1,,volume_24h
81JLi1pw7ueeVpAkimSBJX5R2TV1E8zc4pRK9AB8oCVi,dextools,438.95844,,3.81153,3.81153,2277.861014,2169.67247,2169.67247,9,1.0,,,253.09566822,1,,volume_24h
0x320a3327dd88a90e08074c83bf68774818b0e0a1,alpix,3184.2594,,1.24322,1.24322,2258.868196,597.02,597.02,7,1.0,,,322.69545657,2,,volume_24h
HtJcPpCLig68G1f1Z6hhSJ5ZSgMpxYMitQBDPry3mnCW,dextools,155.2605,,0.464717,0.464717,2249.673096,1935.717354,1935.717354,36,0.631578947368421,,,62.49091933,2,,volume_24h
0xd2b44896c485b30e545b50ccdebb4aa96f8ceb9f,coin360,1537.80496,,0,0,2247.840764,0,0,7,1.0,,,321.12010914,1,,volume_24h
0x701c1093149c17b01b9a92f0dc09d7c398a3a1ef,fastx,137.3477,,0,0,2245.1813,2245.1813,2245.1813,27,,,,83.15486296,1,,volume_24h
0xd588a95e06990dedede89d82cea4c148050ec58a,alphanet,327.48144,,1.63764773,1.63764773,2179.17863,801.36225,801.36225,103,0.5925925925925926,,,21.15707408,1,,volume_24h
0x226d9a034296b819009c265edcf56caf42e9145d,alpix,2688.45,,0,0,2144.736,2144.736,2144.736,1,,,,2144.736,1,,volume_24h
0x1f4f8b7f962c6ed5899ed13952e10d1fd000f4e9,alpix,2150.76,,0,0,2128.648,0,0,1,,,,2128.648,1,,volume_24h
0x48fcc971d4fb7b34f7b7bf313dfc0c0f2b086d7b,alpix,3184.2594,,1.39252,1.39252,2105.62404,710.32698,710.32698,14,1.0,,,150.40171714,2,,volume_24h
0x7ee249cbacf885a412de465af4bba518067e1b5c,interlink,196.99988,,2.25856,2.25856,2042.08215,1514.7369,1514.7369,19,0.7777777777777778,,,107.47800789,1,,volume_24h
0x14079b05180f7da86027f2bf9a28a48dce6b30ef,aden,2581.696655,,0,0,2013.613,1360.918,1360.918,10,,,,201.3613,2,,volume_24h
0xd28656e50a59d85604e2460594d618370e6f5d28,alpix,2002.088715,,0,0,1986.1149,0,0,7,,,,283.7307,1,,volume_24h
0x73496bdafadc83acd51c3a7d21b0efc0cad7f279,alpix,455.1,,25.83923076,25.83923076,1907.13,1907.13,1907.13,8,1.0,,,238.39125,1,,volume_24h
0x3f72a2ae7fdd213d79a0a1d1e50148ccb9247292,alpix,537.69,,2.274,2.274,1868.540739,1069.839739,1069.839739,9,1.0,,,207.61563767,1,,volume_24h
0x5bd963e29d5a90e09e896f72c4ff303e5eba387f,flipper,14.786475,,0.001964,0.001964,1854.535685,1854.535685,1854.535685,123,0.03333333333333333,,,15.07752589,1,,volume_24h
0xa378293c6a118142f908b02da1b309e6eaf811b9,alpix,699.341337,,-0.56585809,-0.56585809,1799.4282,1509.2222,1509.2222,12,0.125,,,149.95235,2,,volume_24h
0xe992023e42e497cca6910746997e9cb6e341b08e,alpix,178.781925,,-0.209451,-0.209451,1791.211668,1161.87914,1161.87914,9,0.75,,,199.02351867,1,,volume_24h
0x766bd8bf719990e79629dd3a7f6dfc16cc4e82c1,alpix,536.541,,2.883,2.883,1783.79,626.922,626.922,8,1.0,,,222.97375,2,,volume_24h
2gJ1bvJsqdvoWpHezGfHjfUH4m9XSV7jbTtsABuaVZbW,raydium,993.99,,0,0,1761.3793,0,0,7,1.0,,,251.62561429,1,,volume_24h
0x06b768a7f790b03fded8a0534eeed8a802b091d1,woofi_pro,91.90896,,1.30202,1.30202,1640.24911,639.43276,639.43276,10,1.0,,,164.024911,1,,volume_24h
0xb77f3795ddaf26a3902023464167336dfe6c7328,alpix,403.2675,,2.705646,2.705646,1632.93505,1233.186748,1233.186748,11,1.0,,,148.44864091,1,,volume_24h
0x9cf919cdbbfc9c8b7ff1e9b56ca2fbc970a35b41,flipper,23.6466,,-0.022949,-0.022949,1609.529479,1609.529479,1609.529479,67,0.5151515151515151,,,24.02282804,1,,volume_24h
0x04cbc346ce1776e9c6d5410da7fbd063944e2232,orbitx,153.780496,,1.3165452,1.3165452,1598.400324,254.1378,254.1378,14,0.875,,,114.17145171,1,,volume_24h
Agytse1wp57kShK7ZaKFcXvvgVeubtsVSAFFt3urCDHg,novex_fi,1550.74662,,0,0,1544.13899,1544.13899,1544.13899,2,,,,772.069495,1,,volume_24h
Co9PSnqHo86E1BV7QwA98Sntsma9EAyxpe6cBYkNp9Sq,raydium,1506.311286,,0,0,1498.612942,1498.612942,1498.612942,6,,,,249.76882367,3,,volume_24h
CAMVEdqqmcUWH4JxKjLRGWMLUgyny3njW378uazRNBPC,dextools,306.77328,,4.47466,4.47466,1489.43754,1489.43754,1489.43754,11,0.6666666666666666,,,135.40341273,2,,volume_24h
zBoM1YDXHhfkH3bpCJ89h9smAuwHFwvnqkoitEjgmga,raydium,447.909055,,-5.85064,-5.85064,1412.197526,656.60574,656.60574,9,0.0,,,156.91083622,2,,volume_24h
0xea3d3622c89eb1a86c68f14e99b231358ec75cc3,vanta_exchange,74.548995,,0.030063,0.030063,1402.240454,957.401007,957.401007,43,0.45454545454545453,,,32.61024312,2,,volume_24h
0x3d6533d38a9336c7a76ab6fffe6be7f3c5aab444,boom,2146.508876,,7.42076562,7.42076562,1399.544103,824.441609,824.441609,94,1.0,,,14.88876705,14,,volume_24h
ENVfeHrBgfJnQPUBczwr8AUj31AXANK7wZRYPaF5wgdf,dextools,114.69726,,1.96469,1.96469,1389.00809,1231.30619,1231.30619,27,0.5384615384615384,,,51.44474407,2,,volume_24h
0xa2d13d6120a255cb6f17372f9211ea1e5ecc861a,aden,457.093408,,0,0,1384.668347,0,0,5,1.0,,,276.9336694,1,,volume_24h
CpC7CBSGPfbVKsS9H7gX5rqLFQfkXibbKFBU1Rfqegfw,dextools,67.16304,,0.38441,0.38441,1354.736281,1166.12972,1166.12972,30,0.6666666666666666,,,45.15787603,1,,volume_24h
0xd6781f9785914ca2787661aef227c754f2e30bca,alpix,1344.225,,220.737643,-96.564902,1340.21,210695.175399,1302184.245918,2,,,,670.105,1,,volume_24h
0x969726733b8ee6722da6bdd2f840e48457b27181,alpix,1344.225,,0,0,1340,0,0,4,,,,335,1,,volume_24h
0xa7c336a109735a64263926981997e9df61f50810,alpix,2688.45,,0,0,1339.67755,0,0,3,,,,446.55918333,1,,volume_24h
0x6366dfe8f3078cd36acea8bbf836937c1c3e2d14,alpix,1344.225,,0,0,1338.505,1338.505,1338.505,2,,,,669.2525,1,,volume_24h
0x1cdd86163a33ef00c93f6684d98e0d7373a474a1,alpix,806.535,,0,0,1333.478,801.9,801.9,24,0.0,,,55.56158333,1,,volume_24h
0x0337ea71602b848967adcf58ff0e499e961b9ce0,alpix,2688.45,,0,0,1331.255,0,0,2,,,,665.6275,1,,volume_24h
0x75010044fc6082a92dd8d2310634de70f28077ff,alpix,2688.45,,0,0,1328.4,0,0,1,,,,1328.4,1,,volume_24h
0x959939738e13326637f61fe9ff05d026972fed05,alpix,2688.45,,0,0,1325,0,0,1,,,,1325,1,,volume_24h
3TvnmuwbkSzDtNg4N3Y5835yW87JjbfBqD8dcTewqbnZ,raydium,126.8586,,-3.41174,-3.41174,1323.9355,297.54418,297.54418,11,0.0,,,120.35777273,1,,volume_24h
0x3a3f41f6007335f9010cda8d62bf576e5bd2359f,vanta_exchange,1337.667288,,0,0,1304.735548,0,0,7,1.0,,,186.39079257,2,,volume_24h
5dMADfVBhugS4f6mo9yifK9nPKkwWS6Fzrn7vqH5Pt2o,raydium,2341.98363,,-0.9063,-0.9063,1285.750744,442.294744,442.294744,3,0.0,,,428.58358133,3,,volume_24h
72ZJoGW1GhF6ep4yo8S5yjhpBtcZ5DEUcf1b4jQapBpV,dextools,174.362925,,0.71356,0.71356,1269.274807,1078.275467,1078.275467,25,0.7,,,50.77099228,3,,volume_24h
0x3fcae727b58bb22ca51cc57c9a1ab31e4fc59ba3,alphanet,208.78317,,1.45592385,1.45592385,1212.138753,511.846705,511.846705,67,0.918918918918919,,,18.09162318,2,,volume_24h
0x1403f858486d3515d05addc29dae68717558b9b9,alpix,659.866643,,2.95481,2.95481,1203.03131,679.62681,679.62681,5,1.0,,,240.606262,3,,volume_24h
HCTAmutV3LrfxGedq2MS6g8W28FZKmSP8nnPRztCnsj8,dextools,67.16304,,0.00296,0.00296,1199.89017,930.45573,930.45573,19,0.5555555555555556,,,63.15211421,1,,volume_24h
B5Ek9oNNMWqV3fUGvysknUHffgFTwFfDkSYqiSfvXxxx,raydium,1199.34,,0,0,1194.14,1194.14,1194.14,1,,,,1194.14,1,,volume_24h
0x9d7acf34de5e67158e34f5e1ac626cce1270a8f8,alpix,358.808,,0.763,0.763,1183.47424,388.28224,388.28224,15,1.0,,,78.89828267,3,,volume_24h
0x645d9da76bf45d8819e8330bf98080d38fd9e76e,alpix,1242.0639,,1.55457,1.55457,1167.126,370.392,370.392,6,1.0,,,194.521,1,,volume_24h
0x7e301e34ee1a0524225a91bd445344d11a1b4869,shitzu,997.79659,,3.108,3.108,1134.48876,359.1982,359.1982,8,0.75,,,141.811095,5,,volume_24h
0x788617a611240b5eb1d43a6be92a722403648d48,what_exchange,455.81448,,0.94994,0.94994,1128.0582,838.62491,838.62491,21,0.5714285714285714,,,53.71705714,4,,volume_24h
Gqr1siPjKmGxuXcgtkY7pjbPwRCxBeRNvdnrauYMM1UM,lolol,1369.360551,,0,0,1122.75797,0,0,7,0.0,,,160.39399571,5,,volume_24h
0x071be15a69b1d6bd92e8c39228d8dc1caccf08af,alpix,1804.48764,,0,0,1109.420559,617.129175,617.129175,19,,,,58.39055574,1,,volume_24h
0x8eb9eff9aba0acad9a53a4ba9af6b044a3ea3a25,alpix,280.13649,,0,0,1105.610944,267.613,267.613,43,0.3333333333333333,,,25.71188242,1,,volume_24h
0x745e0d1c57de21ebd5025b1203b2ace7cccdf680,alpix,1344.225,,0,0,1065.4,0,0,11,,,,96.85454545,1,,volume_24h
EYwtFFs5KpXqRY6nhjSX54cNseqSqqigpeC5W1jMamfx,raydium,373.394092,,-9.01502,-9.01502,1013.551401,340.99158,340.99158,29,0.3076923076923077,,,34.95004831,9,,volume_24h
4kZNC2QWeRtjG7ZvZjC9k11Y3y9Q3fX5hQKso8owvLYH,perpotrade,192.454134,,0.750234,0.750234,993.651538,709.522964,709.522964,65,1.0,,,15.28694674,5,,volume_24h
3w9tpmq82wLwcDVgDcPcnSEv3NN5YvYAPknvRxed6Gis,dextools,165.07083,,-0.572783,-0.572783,993.412859,827.921111,827.921111,6,0.3333333333333333,,,165.56880983,1,,volume_24h
1YNNf8RDmif3D7Y4Mjz51YVoC1DgzFExu5PJtMPXumj,raydium,474.77808,,0,0,982.88111,264.11643,264.11643,21,0.0,,,46.80386238,1,,volume_24h
2ewAH6f2XA9mcQ3okeMzdvnPcAsQD5XT6uqRhz1E7Y2o,dextools,323.05086,,5.68934,5.68934,975.38684,975.38684,975.38684,9,0.8333333333333334,,,108.37631556,2,,volume_24h
7mq3rZY1jKDmDzvYNgj3MmNPkbQ7Kt2PEf8w4wnwaDp5,dextools,91.46362,,0,0,970.28781,970.28781,970.28781,3,,,,323.42927,1,,volume_24h
3urLf99BubkjuRqcv1oeiVgggVhkXPZ6xQvLCWi9V26x,raydium,23.9868,,2.55738,2.55738,959.86578,698.96698,698.96698,19,1.0,,,50.51925158,1,,volume_24h
ExFcWT2snFVAHa7hFhFbhE8sHyEcMcvAcy6nr4jQRbeF,raydium,948.498,,0,0,958.3197,958.3197,958.3197,7,,,,136.90281429,1,,volume_24h
8o8eeMXXLJcy8SBxTa7knF4ANEFAyPc6RCYLoAm868o8,raydium,1613.497,,0,0,948.1834,358.53,358.53,13,1.0,,,72.93718462,3,,volume_24h
CbMTfvGzNKmBsrAnhtdmQ14wcyLSaKBdUNXKmJsQzhMb,dextools,479.08179,,0,0,931.336011,477.45126,477.45126,4,1.0,,,232.83400275,1,,volume_24h
0x1e916be584d6e95bb7e25c211b75b39275f0a3c6,alphanet,193.73352,,-2.69303365,-2.69303365,913.08454,913.08454,913.08454,43,0.0,,,21.23452419,1,,volume_24h
0xded5c2a75a02a023c9eaeb2896644153d5e88512,rwaperp_xyz,87.833296,,-0.211074,-0.211074,899.068411,810.027666,810.027666,10,0.4,,,89.9068411,1,,volume_24h
5Gqd1i9J1ETNT2S3pNPdZfSMtX41h6fmLaJXW3dJhvZ2,raydium,1749.03364,,0,0,884.78984,0,0,2,,,,442.39492,1,,volume_24h
2u49CqWEeCg8Dj1J9QHPy5WUMcUNsswKkcXgt1D7w1Ko,raydium,1590.828886,,19.08192998,19.08192998,875.99226,875.99226,875.99226,4,1.0,,,218.998065,5,,volume_24h
HbscrZPVUbmZvEwV1egtuHcsKgGRqGEtwvp6qN4EkHMh,raydium,1838.90113,,0,0,874.97719,0,0,2,0.0,,,437.488595,2,,volume_24h
0x54a37efd5cef8b12884d9b500b6cd3cb342c170a,hyperx,400.5324,,0,0,831.6784,398.9784,398.9784,2,1.0,,,415.8392,1,,volume_24h
0xa45a6621772e8833866ae69e21efc9fb550f2d8b,alpix,833.4195,,0,0,829.25,0,0,5,,,,165.85,1,,volume_24h
GinSZzeCGWXNQV13BLQhqrL1kuLSCDGVw29ef9msFQZh,dextools,170.658,,2.07688,2.07688,823.68962,823.68962,823.68962,12,0.7142857142857143,,,68.64080167,2,,volume_24h
0xadad979d10cb10dc8556699a4873601ae95a1b56,alpix,268.845,,-10.04466667,-10.04466667,803.558,803.558,803.558,2,0.0,,,401.779,1,,volume_24h
0xa248cfb6b64a91ae36611c19125f01cf43279908,alpix,1344.225,,0,0,801.054,0,0,6,,,,133.509,1,,volume_24h
0xef9ab6b42b9341a16576a38401935055a8e2cb73,alpix,1075.38,,0,0,799.8,0,0,14,,,,57.12857143,1,,volume_24h
DxT1vgTzXctEvp272FSUyY5b8oHsHJ2AsKSMSeWGRFy8,dextools,116.33598,,0.02363,0.02363,799.02524,451.98214,451.98214,9,0.2,,,88.78058222,1,,volume_24h
0xd4f53828ebc52da41eacdcf4fccc214c865b233a,alpix,2452.81,,0,0,797.457,0,0,2,,,,398.7285,2,,volume_24h
0x1c624a3dba247f3fa34ceb8f2b0d7f582613b8d8,alpix,2419.605,,0,0,797.286,0,0,1,,,,797.286,1,,volume_24h
0x75acbf4abf868f1bf191eb65b5b676f00a0d52da,alpix,2233.83,,1.5437,1.5437,789.4437,789.4437,789.4437,2,1.0,,,394.72185,4,,volume_24h
4ic666Sbmto3d48hEHNGsd2KdWFSraDMcrUADYcou9zC,dextools,38.71368,,-0.123713,-0.123713,782.451073,543.238547,543.238547,20,0.5,,,39.12255365,1,,volume_24h
9eDjvVDiw4E4Uh5J41Qu4T1m3NGDfZLLADCFXkEzLJc6,dextools,107.9406,,-1.64567,-1.64567,780.71922,780.71922,780.71922,8,0.4,,,97.5899025,1,,volume_24h
0x087b29e64876656f88a347fb92942f05c4ccfc34,alpix,2938.98,,0,0,777.77,777.77,777.77,1,,,,777.77,2,,volume_24h
0x8b8cfa4f92470b6090ec784cae4c79e2f10c3961,alpix,224.485575,,0.661885,0.661885,722.83905,473.82876,473.82876,4,1.0,,,180.7097625,1,,volume_24h
BSfpvmYEeMtRcoSpiH4FUFGJSRrJgB2HspTgwmA62deJ,raydium,171.88842,,-8.68064708,-8.68064708,721.16391,721.16391,721.16391,4,0.0,,,180.2909775,1,,volume_24h
0x15202f35a5ffbf1edff34ae708b07f5211914f42,swapmos_com,713.235971,,0,0,711.612905,711.612905,711.612905,4,,,,177.90322625,3,,volume_24h
0xffe9148851b34897376b44fa606d1041a38c1aa6,aurea,693.46728,,0,0,685.60509,645.22614,645.22614,17,,,,40.32971118,10,,volume_24h
HooMUrdcTkzf3n6HhnmyrM2kJjHnbz5VwRRqbKPaq83,raydium,612.160065,,0,0,609.275106,609.275106,609.275106,2,,,,304.637553,1,,volume_24h
tADBCydBx4deb4TTcm6sZuLYBSp1N5rq3ym4irFb33X,raydium,593.8128,,0,0,594.92545,594.92545,594.92545,3,,,,198.30848333,2,,volume_24h
ZetaS5nErUSuefikSmDsujxSaCSzDCoSgaDMj4cESB7,woofi_pro,820.67852,,-4.63756,-4.63756,588.28148,113.9458,113.9458,14,0.3333333333333333,,,42.02010571,5,,volume_24h
5eAiu8SFRFfVDrjc9qRY64nGozgj4rfj7H9PWNUUvJ4R,dextools,88.75116,,0.45775,0.45775,574.32479,574.32479,574.32479,7,0.6666666666666666,,,82.04639857,1,,volume_24h
0x5e3a7babaf47ed58912100ed35a7434b52188434,brownian,44.62827,,1.05917,1.05917,571.921387,442.522152,442.522152,14,0.42857142857142855,,,40.85152764,1,,volume_24h
0xeac482e154ed0c607fa736eae6ec3cf1fa87f11e,shitzu,570.61479,,0,0,562.8625,0,0,6,,,,93.81041667,1,,volume_24h
CfRwx85HvQPAzdkwESKkFEuXRD4zGt5dKXdEA5Tg3UiN,dextools,555.29442,,0,0,554.17466,554.17466,554.17466,3,,,,184.72488667,1,,volume_24h
0x615ff929f833d0ded0287fb4ef19dc83ef5bfad5,rwaperp_xyz,541.700296,,0,0,542.559764,0,0,2,,,,271.279882,2,,volume_24h
HbpE6iukyKgo2tGFAGGkBz9oS7UTWeWzvc81JZJ8G4iD,dextools,113.90904,,1.44928,1.44928,542.45375,542.45375,542.45375,10,0.8,,,54.245375,2,,volume_24h
7LEMHQ5gaEafzj4cqADay6VfH9FxDxbsmPMdgq1d79L2,what_exchange,548.09838,,0,0,539.10821,0,0,2,,,,269.554105,1,,volume_24h
0x6d3ca8eebc91c5ecdad9634f8f5ad091df52d8fa,alpix,537.69,,0,0,536.413244,536.413244,536.413244,2,,,,268.206622,1,,volume_24h
0x206dfb4b1e27b1c8e9416cdc59f3d1436d4af4e9,alpix,537.69,,0,0,535.904,535.904,535.904,1,,,,535.904,1,,volume_24h
0x35fc5d71b662e35f95565e603b34fdccf0c79b1a,alpix,2957.295,,0,0,533.079,0,0,4,,,,133.26975,1,,volume_24h
0x9b9f5d80aeaeac15b962d82d70bd359dc597acba,alpix,1075.38,,0,0,531.468,0,0,1,,,,531.468,1,,volume_24h
0xf224ada45e2db91fabdb7b9a1e78eaf7d5132889,dexless,610.873904,,0.004537,0.004537,511.827386,511.827386,511.827386,5,0.6666666666666666,,,102.3654772,1,,volume_24h
0xee9199d424cce53fae9366195567c0c0f42b6b1b,vanta_exchange,135.93856,,-0.19750763,-0.19750763,506.130372,101.54088,101.54088,31,0.5833333333333334,,,16.32678619,1,,volume_24h
0xd0ac50d9f7516be16e2449539394a3967bea03c7,rwaperp_xyz,178.41936,0.0,189.308008,0,0,244183.689904,0,0,,,,,1,,volume_7d
0xb89ab31fbffa707623453b8a2a1a6ec4900bf0ad,woofi_pro,1124.9,0.0,-1536.5832,0,0,192856.2168,0,0,,0.0,0.0,,1,,volume_7d
0xf2e07f4666207404cda4e811ec7961cffe138e07,alpix,422.3787,,-0.3921,-0.3921,483.8992,483.8992,483.8992,5,0.5,,,96.77984,2,,volume_7d
5JeYhxJo4ShP7KSWCQD7NqVBJyZCg8HCrLfSAw6Tg9Ga,dextools,218.033295,,-5.097675,-5.097675,438.368647,438.368647,438.368647,3,0.0,,,146.12288233,1,,volume_7d
7su24fPsJ2tiHo5s9i9BR39rWV2rejraFw8mjy4jrUny,raydium,432.599536,,-16.89817,-16.89817,426.767598,426.767598,426.767598,8,0.0,,,53.34594975,6,,volume_7d
AY5hbqaZ1tmj85yPY3iCZc8TAASUw3VbTvw42mNsHXoz,dextools,42.55803,,0.099981,0.099981,424.720489,424.720489,424.720489,21,0.7,,,20.22478519,2,,volume_7d
23K8TFGNvwGy7zWJNMtC1G2vLKZU2gr452pwM9ZC51ex,raydium,199.36388,,0.0799,0.0799,398.75871,398.75871,398.75871,4,1.0,,,99.6896775,2,,volume_7d
CSLePVHfR23yAPKmmf7BYW1SG6AJ4j8gjejQdKbUHA7V,dextools,648.752025,,0,0,398.5696,398.5696,398.5696,2,,,,199.2848,2,,volume_7d
CcQ1tJCHkqqiFHSJ6YsujEuDh4gFV2aVW1Hrhk2XK3oF,raydium,371.53556,,1.8145,1.8145,381.6295,381.6295,381.6295,4,1.0,,,95.407375,2,,volume_7d
0x020bc9f41305596060b78e054de9180581a83e9c,mememax,35.05005,,-0.18328,-0.18328,370.80247,370.80247,370.80247,7,0.75,,,52.97178143,1,,volume_7d
0xc15263578ce7fd6290f56ab78a23d3b6c653b28c,vanta_exchange,207.306304,,1.283836,1.283836,370.376984,370.376984,370.376984,2,1.0,,,185.188492,1,,volume_7d
0x5445a042e3b9456880f4bc5a7b9186c5e73486e6,vanta_exchange,138.38856,,-1.9375,-1.9375,365.0632,365.0632,365.0632,2,0.0,,,182.5316,1,,volume_7d
0xb52da4af5f66fc58d49b2be2e75b338cd405e696,demo,11.022645,,-0.148953,-0.148953,348.836551,348.836551,348.836551,22,0.0,,,15.85620686,1,,volume_7d
0x05a575d014995ef1a47d51eac9e3675e75382e3e,alpix,80.6535,,0.4163,0.4163,338.7489,338.7489,338.7489,3,1.0,,,112.9163,1,,volume_7d
1CV1ZQHrrRCDJMNSXhBrB2TC919VJaLwiPnqfy5PohJ,dextools,23.9868,,-0.02778,-0.02778,335.92656,335.92656,335.92656,13,0.5714285714285714,,,25.84050462,1,,volume_7d
0x83dcb11573f6fc0f72041cca6af79bb64a75abf0,alpix,80.6535,,-1.3029,-1.3029,321.3957,321.3957,321.3957,5,0.5,,,64.27914,1,,volume_7d
97PNSeE6tDncPYsxm4GsyXHHHyarQM8JbU8E9AmCjb7U,dextools,98.34588,,0.17302,0.17302,293.72974,293.72974,293.72974,3,1.0,,,97.90991333,1,,volume_7d
LTmozjgnCTjGZhREh3FFwJ1uZd5jeajdJToJiP7U1WP,dextools,23.9868,,0.1608,0.1608,294.8074,269.0996,269.0996,16,0.75,,,18.4254625,1,,volume_7d
EYm4EYx8nbCUnvUXQvbkgrkNcoY5AxwWfTbWf2TDVVzS,raydium,268.845,,0,0,268.142,268.142,268.142,1,,,,268.142,1,,volume_7d
0x1cbcc6fb894d1d50f3ba98e74e6a8fbe578fdc83,alpix,1075.38,,0,0,268.104,268.104,268.104,1,,,,268.104,1,,volume_7d
0x55b2f6a4f0643ef0031a04ddfc4f6074944ee523,alpix,806.535,,0,0,267.31867,267.31867,267.31867,2,,,,133.659335,1,,volume_7d
BvZvZKP7snwGQ5zB1Z59nQSbKVHFjExxwMxj98xC754n,flipper,56.78508,,2.31302,2.31302,295.21722,264.62062,264.62062,7,1.0,,,42.17388857,1,,volume_7d
0x05d07e1d2112bdc7f569613e3a9f24fde2768551,fastx,46.39752,,0.147,0.147,393.692,259.347,259.347,3,1.0,,,131.23066667,1,,volume_7d
3he12XgfPDAeqq1SLgnPeXfRrmZHkSbXMJ476xyp7kJw,raydium,3028.655,,0,0,353.22,258.315,258.315,4,1.0,,,88.305,5,,volume_7d
EiJuwcXjYvLa7TJpZxkfyNkEBJvi3GT2M4JUQaA1RLm4,dextools,10.79406,,0.014045,0.014045,298.842403,245.735584,245.735584,28,0.5714285714285714,,,10.67294296,1,,volume_7d
4cdnhXpcYqsGEDQVMY86K7YLyUr93AXZLuj8L9UdPqhg,raydium,239.868,,0,0,238.83,238.83,238.83,2,,,,119.415,1,,volume_7d
0xeb68ca5c712c8e812343f0d3b765a0e27e957f0f,mememax,112.52,,0.01,0.01,225.22,225.22,225.22,2,1.0,,,112.61,1,,volume_7d
CTKUqbZ5ZpxY4ys17jtH2urzQZC8MG85kctbUfGonSxQ,dextools,69.56172,,0.13804,0.13804,207.81052,207.81052,207.81052,3,1.0,,,69.27017333,1,,volume_7d
FwiUz1UusNNb594xdTqVPc7heSDgidbb64kQcCr5REm6,jmoney,196.769833,,0,0,194.515465,194.515465,194.515465,4,,,,48.62886625,4,,volume_7d
FXgpwyEBLfmtk7jEYPTDbhmacJpsF7tnsujCRiWLpbVg,dextools,16.79076,,-0.19228,-0.19228,193.88424,193.88424,193.88424,13,0.2857142857142857,,,14.91417231,1,,volume_7d
0xcba5d414472487ca358b0299a1e206569cdd4aac,navigator,95.58957,,0.6156,0.6156,329.4352,181.40308,181.40308,4,0.5,,,82.3588,1,,volume_7d
7TcdUu7GDb8Y7BFmAY4eW5QRYSk79aNEPWtAuzCyb8Bq,raydium,958.623126,,11.13182539,11.13182539,314.937512,176.06979,176.06979,19,0.9166666666666666,,,16.57565853,4,,volume_7d
4ty75j7De4ggvLNnEhT1dG2zhtLmssb6BWmYj3Do39N3,raydium,348.85218,,12.04146,12.04146,161.89552,161.89552,161.89552,2,1.0,,,80.94776,2,,volume_7d
CNioSuU2DLReRAPeMYK8V9SSaXSUiF8ES1ahXLjMsn2V,dextools,66.270048,,-0.277808,-0.277808,249.079584,157.752061,157.752061,5,0.0,,,49.8159168,1,,volume_7d
DfEPcsmK15EFifZmh9WQi8aVcmCz49VrkqiJ5umyC1a1,dextools,10.79406,,0.46253,0.46253,193.51653,151.01356,151.01356,18,0.5555555555555556,,,10.75091833,1,,volume_7d
0xffada2e175ca09bcd9a16a009b86e3f4a3c7f5f6,swapmos_com,50.226652,,0.015105,0.015105,140.258116,140.258116,140.258116,3,1.0,,,46.75270533,2,,volume_7d
0x41413cc4e5d18425cf534ac48a28c63e3f1cc3ad,alpix,403.2675,,-3.0945,-3.0945,134.141,134.141,134.141,2,0.0,,,67.0705,1,,volume_7d
0x6b5d97bb91779c1fff3aac49c35767b62ab9b032,rwaperp_xyz,74.242,,1.9152,1.9152,133.614,133.614,133.614,2,1.0,,,66.807,1,,volume_7d
9eYzpGhQ9L9N7pfizzEz6WhdAut27haXiJRGW67Hxspx,raydium,7.19604,,0.14192614,0.14192614,235.28635,126.34119,126.34119,29,0.5789473684210527,,,8.11332241,1,,volume_7d
5qcyV6xUmzQ9VRSzPfz6D35jTBaQs6QSaR6gbk6LdpMm,dextools,12.8931,,-0.32041,-0.32041,114.15722,114.15722,114.15722,9,0.2,,,12.68413556,1,,volume_7d
0xe873c55b65ab03e654950af2e7c66c6b3f5bd8dd,volt,32.8153,,-0.41151,-0.41151,113.99423,113.99423,113.99423,3,0.0,,,37.99807667,1,,volume_7d
0x46d530a14bc504973313ed566980fa18efb54941,rwaperp_xyz,56.5314,,1.83302,1.83302,113.2577,113.2577,113.2577,4,0.5,,,28.314425,2,,volume_7d
0xb59d193f69218c1b5bade23b4d62ba47cfbbd522,rota_dex,233.2338,,-0.29658337,-0.29658337,257.8931,113.1525,113.1525,20,0.0,,,12.894655,2,,volume_7d
0x061fb9957a441d66519ac58ca906c386fb78ff97,jmoney,411.221345,,0,0,162.667192,112.912192,112.912192,3,,,,54.22239733,2,,volume_7d
0xe6960a64c770cdfb5d50b12df676bfc59797066b,raydium,373.7912,,5.92185,5.92185,110.33269,110.33269,110.33269,4,0.3333333333333333,,,27.5831725,6,,volume_7d
0x3e98b3e07df943232bc65b83f7bfd2f8a8744c1e,swapmos_com,107.901232,,0,0,107.586272,107.586272,107.586272,1,,,,107.586272,1,,volume_7d
0xd8f3f8a0d1a44fe1a04353f3a9e328306ad56b80,alpix,209.16141,,0.403722,0.403722,100.873171,100.873171,100.873171,4,1.0,,,25.21829275,1,,volume_7d
0x5b5a3401990b5dc5c0be8d726ce7124e6c650837,alpix,89.226,,0,0,88.01,88.01,88.01,1,,,,88.01,1,,volume_7d
8nBUzHBDcFoZLQkE54AdYShkSgUV29thED6LRFhxnGuH,dextools,77.315056,,0,0,283.341149,77.17164,77.17164,3,1.0,,,94.44704967,1,,volume_7d
3k49S4q8GZDJisoy2dAD9QG8t7SSyNCeb3dsj3NRqKZY,dextools,10.79406,,0.06282,0.06282,64.46871,64.46871,64.46871,6,0.6666666666666666,,,10.744785,1,,volume_7d
0xca388d7f29126f7d9d58eb92a5827d20dac17f13,swapmos_com,59.246044,,0,0,59.221162,59.221162,59.221162,1,,,,59.221162,1,,volume_7d
0xdc3f1f0639f542e241acd7077d2619446e427416,swapmos_com,54.375424,,0,0,54.256896,54.256896,54.256896,1,,,,54.256896,1,,volume_7d
3KEC9RZXKoHC8SVzDkCqQzatvSgFfNRBqfQryidU3aMK,raydium,52.2476,,0,0,184.4678,52.9308,52.9308,3,1.0,,,61.48926667,1,,volume_7d
6wCKBmW1BSGjcvsqvuYv5bDo3readX4dKDywc77WaZiS,dextools,48.428112,,0,0,48.34683,48.34683,48.34683,1,,,,48.34683,1,,volume_7d
0x4ea863346b2b050c0e830690c757027d4f7bf30e,gidex-ginox-124,21.09555,,0.11704,0.11704,41.65067,41.65067,41.65067,2,1.0,,,20.825335,1,,volume_7d
D4AhTar8cJUBxsYReW8To6cHbWz3RiGAG7yRupUohavs,raydium,64.56156,,2.23217927,2.23217927,38.57385,38.57385,38.57385,2,1.0,,,19.286925,1,,volume_30d
HDE4pf4MgZbWM4gcGJ2GN8AJPJK363CuYbSTq1Hz5psp,dextools,10.79298,,0.01899,0.01899,32.23863,32.23863,32.23863,3,1.0,,,10.74621,1,,volume_30d
0xb03d44cceb8c044b25f164cfbfb8cd3352b543e4,woofi_pro,0.806325,0.0,0,0,0,0,0,0,,,,,1,,pnl_24h
0x3a4dccb17d9c4533086e421090696ca842501a7c,coin-wallet-dex,370.1648,0.0,0,0,0,0,0,0,,,,,1,,pnl_24h
0x4fae64892dfff888bea1f1920fa914267002e2e2,woofi_pro,0.4173,0.0,0,0,0,0,0,0,,,,,1,,pnl_24h
0xbf542b6d25100d55fa80fd042a7a99550eefa2f9,perpotrade,300.759225,0.0,0,0,127.527463,0,0,7,,0.3791208791208791,0.3791208791208791,18.218209,1,,pnl_24h
0x71be5ab6eafb1c636c98a28c03c56472c29f6896,raydium,449.56002,0.0,0,0,0,0,0,0,,0.1650485436893204,0.19852941176470587,,1,,pnl_24h
5ovsPGufMERb5bnnUK4ni349Pp6N7GwASazmhw9WN5VB,raydium,326.38788,0.0,0,0,0,0,0,0,,,,,1,,pnl_24h
0xe7e87ec176b4344cae39ec0ec271a06a7d555500,mode,184.18106,0.0,0,0,0,0,0,0,,,,,1,,pnl_24h
0x0310ef70b416e375b2eb62c79b36f7628cd3af41,vooi,88.17809,0.0,0,0,0,0,0,0,,,,,1,,pnl_24h
0x80e151f1074c0d1cdca8546bee30934a4e6d1af8,woofi_pro,0.07632,0.0,0,0,0,0,0,0,,,,,1,,pnl_24h
GHvJoTK4rw3gP3x3PYEWEtTQBoDz2V4ipDuK2WNRx6NC,novex_fi,719.514,0.0,0,0,0,0,0,0,,0.3333333333333333,0.20588235294117646,,1,,pnl_24h
0xf1dbf36799a1949d3ef0f65716195cf71e0f4b59,woofi_pro,70.687825,0.0,0,0,0,0,0,0,,,,,1,,pnl_24h
0x69c21d11d9e0f5004411b17eb8f7eeb45038aaf7,bitoro_network,30.98592,0.0,0,0,0,0,0,0,,,,,1,,pnl_24h
0x2bc792f27ca2c80dc91b61416c8afcd843be5c3b,orderly,19.88935,0.0,0,0,0,0,0,0,,,,,1,,pnl_24h
0x7479cf52ed775fbca8deec5caeaad3919a573d66,vooi,86.7243,0.0,0,0,0,0,0,0,,,,,1,,pnl_24h
0x3f48d1db70d48dbfe3cb32f8aa431471bc661b66,mememax,71.3664,0.0,0,0,0,0,0,0,,,0.18181818181818182,,1,,pnl_24h
0x4c5ef16878f046177294f25d38ee070c3e50c5e7,mememax,31.4352,0.0,0,0,0,0,0,0,,,,,1,,pnl_24h
0xb9afb68de4e1f89aca813ca75d87bd86a1a17aa3,logx,38.37408,0.0,0,0,0,0,0,0,,,,,1,,pnl_24h
0x394268d5f0993ca01b8892f2f8228b9a02fdabdf,woofi_pro,7.256925,0.0,0,0,0,0,0,0,,,,,1,,pnl_24h
0x38e7d198c694195205fa3b225005eb73cfc5da75,logx,2.2077,0.0,0,0,0,0,0,0,,,,,1,,pnl_24h
0xa7ec4ad61182ecbc8d49dae0d155724818d8e6c7,emdx_dex,13.5936,0.0,0,0,0,0,0,0,,,,,1,,pnl_24h
0x06c696c06ed8c258796a2e590bb0033270903f0e,woofi_pro,58.6224,0.0,0,0,0,0,0,0,,,,,1,,pnl_24h
0x1651a52c3a9481451e867f19bec98ad0bc74f4aa,woofi_pro,7.256925,0.0,0,0,0,0,0,0,,,,,1,,pnl_24h
0xbfc80468df050d2a73fe455d6b3e484caf00e12f,logx,14.782625,0.0,0,0,0,0,0,0,,,,,1,,pnl_24h
0x6fb5cb64b6628a3ba9df12cc57ccb65144426ea3,aden,21.502,0.0,0,0,0,0,0,0,,,,,1,,pnl_24h
0x74563497bc895b73e749d5d6ac1377fc73076e6c,woofi_pro,164.8224,0.0,0,0,0,0,0,0,,,,,1,,pnl_24h
0x86f8c053a5c2fc6cdf544dfe369fdf6730051eef,alpix,1612.65,0.0,0,0,0,0,0,0,,0.3595505617977528,0.32989690721649484,,1,,pnl_24h
0x3a847c62feea7bda608b8b0f83f1b69527c15384,uxuy,1233.01782,0.0,0,0,0,0,0,0,,0.09090909090909091,0.07692307692307693,,2,,pnl_24h
AXhksW5ZxRXjvfsL8kVNwduU8ASMVJCrnEpWzv4ZU6Qb,raydium,234.103025,0.0,0,0,0,0,0,0,,,,,1,,pnl_24h
0x01e2ba6696dac0dddc0d181aef4169df5b9fee59,emdx_dex,42.48,0.0,0,0,0,0,0,0,,,,,1,,pnl_24h
0xc6fe3475087a42d3fc20ac4b1cedf62d34608270,emdx_dex,14.4432,0.0,0,0,0,0,0,0,,,,,1,,pnl_24h
0xd2476709d19033087d8474b8ada8056a75ca11ae,mgv,15.857725,0.0,0,0,0,0,0,0,,,,,1,,pnl_24h
0xd13b598261c114e4d76c9ec897ac7b8d7fbd4d3a,unibot,0.268775,0.0,0,0,0,0,0,0,,,1.0,,1,,pnl_24h
0x2da2a023b76efcb200d022b86f7e2abd01e8590f,jessi,19.9257,0.0,0,0,0,0,0,0,,0.2857142857142857,0.18823529411764706,,1,,pnl_24h
0x6c12f884501bd892782f921d2aa0400bae3c92ab,woofi_pro,1.19919,0.0,0,0,0,0,0,0,,,,,1,,pnl_24h
C5kroCQakkoYPB3KCbxJZXQb3H4gQbmrSQ79zcQxq1Vd,demo,11.9919,0.0,0,0,0,0,0,0,,,,,1,,pnl_24h
0x3c5c7d8b66fd64db9f8bd3093322f2973501fe05,angryberas,11.8944,0.0,0,0,0,0,0,0,,,,,1,,pnl_24h
ACQWdXzGu63EVRpDG7dbJLNiu6XhDfCbjarVTuMvcpjd,raydium,24.6075,0.0,0,0,0,0,0,0,,,,,1,,pnl_24h
0x3d1ad923b847486a36f24b2ffffcaa000e9d1ed7,kodiak,147.65529,0.0,0,0,0,0,0,0,,,,,1,,pnl_24h
0x1fb630a9680be9dc2ccb1442c5bc51af6d5be632,mode,0.806325,0.0,0,0,0,0,0,0,,,,,1,,pnl_24h
0x389c11544de5659742da20169e18db29c5c4c832,woofi_pro,4.923,0.0,0,0,0,0,0,0,,,,,1,,pnl_24h
0x4f050b6d992026ce7d172c94ab7a80e8d321c8b6,interlink,3.9794,0.0,0,0,0,0,0,0,,,,,1,,pnl_24h
0x2f4bb6b9f5e67dae641c40081e8904a1f60a1744,de1ai_dex,11.9919,0.0,0,0,0,0,0,0,,0.0,0.0,,1,,pnl_24h
0xd0d6ffdf9fccaa255454780a315fb2bc42362901,interlink,13.5936,0.0,0,0,0,0,0,0,,,,,1,,pnl_24h
0x5c0c1c4b60fa677229b1f765bcaaae28cb87b3b8,quick_perps,44.1792,0.0,0,0,0,0,0,0,,,,,1,,pnl_24h
0x18aeaba4a846f65c2fdc8c43deba1f51a514215a,woofi_pro,1.8063,0.0,0,0,0,0,0,0,,,,,1,,pnl_24h
ATMBvYfSeY7ypvJ6vJ9hw6Y3F5fp6pqLtXwhzMFQPjJt,raydium,2.332,0.0,0,0,0,0,0,0,,0.0,0.2,,1,,pnl_24h
8pbupgKEABxnVFCs7KNLk3mSUhdK5FrW6H5u8meAWoBJ,raydium,2763.275775,0.0,0,0,0,0,0,0,,,,,1,,pnl_24h
EwEexNnCFo1XWfLWkKbNpbhrgZK9ZqtvtnecCrtdA4Av,raydium,107.02848,0.0,0,0,0,0,0,0,,,,,1,,pnl_24h
0x40ca9f7970af83c6d5b14b862cf458ad1671079e,woofi_pro,12.9012,0.0,0,0,0,0,0,0,,,,,1,,pnl_24h
0xe714748b4dd9c756085575f90d099d818be57df5,woofi_pro,85.8096,0.0,0,0,0,0,0,0,,,,,1,,pnl_24h
0xdbd17b112604026d69da306d66343dac05bb0de2,noot,6.19311,0.0,0,0,0,0,0,0,,,,,1,,pnl_24h
0x4d4840a6d8e418462019da18b1cc67976914f4fc,alpix,13.40671,0.0,0,0,0,0,0,0,,,1.0,,1,,pnl_24h
0x9bd482d0e545639eb33600e02be3f972a9952524,fillx,147.715705,0.0,0,0,0,0,0,0,,,,,3,,pnl_24h
0xc17ee5992691f6ef3ce23f7bd84115d02ec874e3,primit,27.1872,0.0,0,0,0,0,0,0,,,0.2402938090241343,,1,,pnl_24h
0x22d46e32c8351b98432a2bba909861db4c1c657c,ibx,8.332025,0.0,0,0,0,0,0,0,,,,,1,,pnl_24h
0x277dc768d7b8c3878321c9938976f76b8eb5f218,interlink,22.372632,0.0,0,0,0,0,0,0,,,,,1,,pnl_24h
0xd9fe0a0e438a6085949c4898717468a7a3af1003,logx,62.8704,0.0,0,0,0,0,0,0,,,,,1,,pnl_24h
0x5e5127f432c99dc1bb1a7b264595d3002a354b44,woofi_pro,48.3795,0.0,0,0,0,0,0,0,,,,,1,,pnl_24h
HnbVf59AVDiZQrmjRZA3k8oXn2YNV3PyGhMHchKyacPU,raydium,76.86965,0.0,0,0,0,0,0,0,,,0.125,,1,,pnl_24h
0x929249d5abf7be4fcca11301d9d7fd53900f00ab,woofi_pro,170.9964,0.0,0,0,0,0,0,0,,,,,1,,pnl_24h
0x89a7adae88b7f7197a5b5181f1e960e8ecb01c16,alpix,18.76165,0.0,0,0,0,0,0,0,,,,,2,,pnl_24h
0x7adecbca3b536f00beb4c0e128b67a046cfb4287,logx,16.992,0.0,0,0,0,0,0,0,,,,,1,,pnl_24h
H5VodMG2fXCjT1ALwoHDJw2RxUsB39VQXCHx3kBP9utC,dextools,202.5411,0.0,0,0,0,0,0,0,,,,,1,,pnl_24h
ELz5foWSVUwVk4ia1s1frtcpGSYnejPoiPPm4bFQCAjo,raydium,38.7506,0.0,0,0,0,0,0,0,,,,,1,,pnl_24h
0xffe8e3a365484641582774d96e242a0c5a2f1efe,logx,62.0208,0.0,0,0,0,0,0,0,,,,,1,,pnl_24h
Eta7NPMUc4FpNAHTmWLfU7F38NbA9wNhCDfBNAyvvimB,raydium,98.95872,0.0,0,0,12.11568,12.11568,12.11568,1,,0.20833333333333334,0.18518518518518517,12.11568,1,,pnl_24h
0xc222c47a155596a6a3da5e550b2ab750ed2889fc,logx,5.9472,0.0,0,0,0,0,0,0,,,,,1,,pnl_24h
0x075b5de3eb1dadd675b9086faf1a744d31fa0fd6,woofi_pro,5.106725,0.0,0,0,0,0,0,0,,,,,1,,pnl_24h
Dn8bK661TLKsVuuQwZctG6aHYzsGV2AnqUd8odFmLQe1,raydium,0.02048,0.0,0,0,0,0,0,0,,,,,1,,pnl_24h
0x8b760ee10690d1a5051575420422b1562ac46f97,interlink,20.3904,0.0,0,0,0,0,0,0,,,0.23076923076923078,,1,,pnl_24h
0xab33fb66f040a5bde2c2ce1bca8095b35b17c66e,logx,0.61056,0.0,0,0,0,0,0,0,,,,,1,,pnl_24h
0x6991fa9e8fad3d9f88464e3484db699309f80e1b,vooi,10.79271,0.0,0,0,0,0,0,0,,,,,1,,pnl_24h
2vATaWYMn4LXKNiqdX4pN6HKq9GB7FaDFJKUjz6CkeUg,raydium,125.928,0.0,0,0,0,0,0,0,,,0.2222222222222222,,1,,pnl_24h
0x53df5f61d5dcd30c3a7dd669e519a322db3db21f,clober_dex,0.38676,0.0,0,0,0,0,0,0,,,,,1,,pnl_24h
0x935927851a26b6797c5fa315a8e581eea215ce40,alpix,477.3444,0.0,0,0,0,0,0,0,,,0.273972602739726,,1,,pnl_24h
0x4bd063052f6ddee1e1d0cc013c53064094095253,linear_finance,15.320175,0.0,0,0,0,0,0,0,,,,,1,,pnl_24h
0x9f4e3076a50eba90ab893585d5913012ebe5e02d,alpix,52.1489,0.0,0,0,0,0,0,0,,,,,2,,pnl_24h
0x8e709be50bbde1a1de66512dde3ae2879d4c4a31,woofi_pro,1.0125,0.0,0,0,0,0,0,0,,,,,1,,pnl_24h
0x7b0cb0a7afc9f57f4c96ce1fe4cd3d95b03fde6e,interlink,202.98174,0.0,0,0,0,0,0,0,,0.3333333333333333,0.3,,1,,pnl_24h
Ez8qsuAn7RRytuMN3FM5gqbDu4FDeuRG2ZqDTNGsge5v,demo,8.496,0.0,0,0,0,0,0,0,,,,,1,,pnl_24h
0x32bc898c9db9a1e35e369e3d6a4795a686ed8edc,alpix,2150.2,0.0,0,0,0,0,0,0,,0.3333333333333333,0.3381294964028777,,1,,pnl_24h
0xd5665d34a7a1b8d9fe462b35878c60e1d0e7d7c1,raydium,15.329396,-4.219034,0,0,47.836984,0,0,1,,0.0,0.0,47.836984,1,,pnl_24h
0xd84fc93bfebd5146a1e3adfa65522b6be5410cfe,logx,0.15264,0.0,0,0,0,0,0,0,,,,,1,,pnl_24h
0xa73d16a5f47ae00b1edec0eca74e77075db2baa8,woofi_pro,0.9672,0.0,0,0,0,0,0,0,,,,,1,,pnl_24h
Ga41QzRE46EVcH4XhwvvfdDe8ps9DCSmbcDsceanP9DU,solinu,57.9678,0.0,0,0,0,0,0,0,,,,,2,,pnl_24h
0x5c2e4271068a006417e6aac57e7a6a51923c189f,logx,5.9472,0.0,0,0,0,0,0,0,,,,,1,,pnl_24h
0xf170b1d3e82735918b8b49208c624b5682f1880d,alpix,29.54427,0.0,0,0,0,0,0,0,,,,,2,,pnl_24h
0x24cf5416e87d8c64b4d7a414bda12b0308ee7251,woofi_pro,0.2418,0.0,0,0,0,0,0,0,,,,,1,,pnl_24h
0x1a58d0ac85c2ea16c5a18b7e249b0d7e8c0b1559,logx,16.1424,0.0,0,0,0,0,0,0,,,,,1,,pnl_24h
BRPpRqxtLD61tZfF5dKoLoipwEux4Z5H1dzFXRbUcnxB,raydium,434.825,0.0,0,0,0,0,0,0,,,,,2,,pnl_24h
Dua8SWHZzKdfVqTR38T9kHzviCemvmpa9EfW13xoZgLy,novex_fi,427.23979,0.07360837,0.07360837,0.07360837,373.45344,11.988,11.988,15,1.0,0.5421686746987951,0.4179431072210066,24.896896,6,,pnl_24h
0xc941568cea08c49cdaf8a2c1107a9309e02e26e4,alpix,13.40671,0.0,0,0,0,0,0,0,,,1.0,,1,,pnl_24h
0x7dd9eb9a16fc3506b1b41ec13b1de5cfdbe44277,alpix,13.40671,0.0,0,0,0,0,0,0,,,,,1,,pnl_24h
HL2ecvRbuaztQhG9ekEbtF3czHmPQkPhiSNubjBw6ESA,raydium,15.49872,0.0,0,0,0,0,0,0,,,,,1,,pnl_24h
0x335dc8a568c1a3a78f6102dc436cc85f1a388a03,woofi_pro,9.61632,0.0,0,0,0,0,0,0,,,,,1,,pnl_24h
0xbd92f28064fe0ee032f155fbce912508c60f3d50,woofi_pro,0.53755,0.0,0,0,0,0,0,0,,,,,1,,pnl_24h
0xc016a71491ce016a9eab9ad974506c7e2f71f577,aden,23.711375,0.0,0,0,0,0,0,0,,,,,2,,pnl_24h
0x3df90078c6474164995a557f8140b0767ad805e5,woofi_pro,26.33995,0.0,0,0,0,0,0,0,,,,,1,,pnl_24h
GiwxmiRdSAWStPzc9UypwMxY2MG6ggw5vX2vC5vdcNiF,raydium,10.1952,0.0,0,0,0,0,0,0,,,,,1,,pnl_24h
0x803ca951e29557171daa34ee4ece7edf49c5b13e,logx,13.5936,0.0,0,0,0,0,0,0,,,,,1,,pnl_24h
0x6e362fe2e2672f3f41a5e31faaf060769cbe3c32,woofi_pro,8.496,0.0,0,0,0,0,0,0,,,,,1,,pnl_24h
F66h5aDcC59XF92JqA6qSgqU5BoCbtjAWq8Y25n7PnF,raydium,88.941385,0.0,0,0,0,0,0,0,,,,,5,,pnl_24h
0x3f5879cd424dc2094db163466533e70fcdebb09d,woofi_pro,22.5771,0.0,0,0,0,0,0,0,,,,,1,,pnl_24h
0x868ad8f593b44a67fa2b4861cc9992acb3bb6f53,logx,6.7968,0.0,0,0,0,0,0,0,,,,,1,,pnl_24h
0xb9bdd663a0b5b3c1db1f3d43bad8a7ac18bc059b,aden,0.23648,0.0,0,0,0,0,0,0,,,,,1,,pnl_24h
0xe33b792a2af7ebd1c2ea682b7aedc1bb242154a6,vooi,8.496,0.0,0,0,0,0,0,0,,,,,1,,pnl_24h
EjuwXYuzZUWCYMGZHCHJKH8tSrAYwLggs7LaHAtwYtu7,raydium,9.3456,0.0,0,0,0,0,0,0,,,,,1,,pnl_24h
0x09c81f941a7d2b611e84998e9643e18041143312,woofi_pro,26.8775,0.0,0,0,0,0,0,0,,,,,1,,pnl_24h
0x5f5431ce52871109b45d0d6c19e78b01dd6a9521,alpix,527.9055,0.0,0,0,167.8145,0,0,3,,0.2727272727272727,0.32413793103448274,55.93816667,2,,pnl_24h
0x82544e7e42fc2aebdc8da58bda805909be752300,woofi_pro,997.9034,0.0,0,0,0,0,0,0,,,,,1,,pnl_24h
0x3103ebed09a5f12b2121a9dc876712103d872e49,alpix,1343.875,0.0,0,0,0,0,0,0,,0.4,0.2857142857142857,,1,,pnl_24h
0x05939d9b3b20695b77332c1055f5160a0d2e27b7,aden,7.3723,0.0,0,0,0,0,0,0,,,,,1,,pnl_24h
3WjKApm94kJtL4n1VBfmQudjfqMyiPjCEnGiKGLeQ2qn,raydium,0.04096,0.0,0,0,0,0,0,0,,,,,1,,pnl_24h
0x433e8daad2178f5e9db70e0a75252f8f8f72c52d,vooi,0.04728,0.0,0,0,0,0,0,0,,,,,1,,pnl_24h
EdnjD81c1avCPF8GktB2pWpy1B5ZRDySnm8RvmexUoUn,raydium,22.1432,0.0,0,0,0,0,0,0,,,0.0,,1,,pnl_24h
0x43ff31851cc2529317993a2593b8a75458ee9ce4,woofi_pro,7.5257,0.0,0,0,0,0,0,0,,,,,1,,pnl_24h
0xdc7f990ec4d2f2470bdeafcabb9ae2c17cc11312,woofi_pro,12.632425,0.0,0,0,0,0,0,0,,,,,1,,pnl_24h
AhtJU4eFas6Uqra4ma9ifkXQxz3M3FZsVBr1tRF8y6Nu,dextools,32.26769,0.0,0,0,0,0,0,0,,,,,2,,pnl_24h
0xd5a9c5ad3d540662c2f8d1a59dff00fac786f9a8,aden,8.496,0.0,0,0,0,0,0,0,,,,,1,,pnl_24h
Vmeayg8EZuph6KC39mCcuWUVos5GLsp1n4oPSSDktTN,solinu,250.14973,0.0,0,0,0,0,0,0,,,,,3,,pnl_24h
0xddf610bae9c05a238c50cbed9d189a930379f7f6,interlink,1.2082,0.0,0,0,0,0,0,0,,0.0,0.0,,1,,pnl_24h
24xaAyoCXiTSFQAGvzzSaWN9n37yLb9n4SXLEoN4n6RV,demo,3.5605,0.0,0,0,0,0,0,0,,,,,1,,pnl_24h
0x05b01a6747254fa0c61c90feb79689c674c94f68,woofi_pro,78.863,0.0,0,0,0,0,0,0,,,,,1,,pnl_24h
C4Yo6XCZsykp7M49YCNV3aR7YB4iynycjFc1mbpwLmxM,woofi_pro,26.8775,0.0,0,0,0,0,0,0,,,,,1,,pnl_24h
0x4c4c1b66728d9e2fcf9c83b259a4772acd61db01,aegisdex,16.992,0.0,0,0,0,0,0,0,,,,,1,,pnl_24h
0xf8cc27c58ad292a2a4f1bee9a864fae25b9d2fdd,aden,11.0448,0.0,0,0,0,0,0,0,,,,,1,,pnl_24h
D8oTtiuvUy6easX3PwHBfFeyrbPkQFpVmQ61Kazba9vT,raydium,0.28672,0.0,0,0,0,0,0,0,,,,,1,,pnl_24h
0xb4df9107e954b34c437810441a2de582991f8ce3,woofi_pro,10.237492,0.0,0,0,0,0,0,0,,,0.0,,1,,pnl_24h
0x14f4f4a395fa7b67af76775b556760a4dcf4ec92,logx,3.2112,0.0,0,0,0,0,0,0,,,,,1,,pnl_24h
0x37a70ff76247d7c31f683952cd002a0fe0de3a3a,woofi_pro,2.418975,0.0,0,0,0,0,0,0,,,,,1,,pnl_24h
0x1d54ee6c2e15b168f35a578ca2bcf49f6a46c473,woofi_pro,8.06325,0.0,0,0,0,0,0,0,,,,,1,,pnl_24h
0x085e488cd431677fb627c0e0a703f5fe1745cbc0,logx,1.6992,0.0,0,0,0,0,0,0,,,,,1,,pnl_24h
0x4e7a069dc87dda0fba6b641329908c1c92adfaaf,logx,61.1966,0.0,0,0,0,0,0,0,,,,,1,,pnl_24h
4rihBtxLQRCrUBMRDAbq3sSJt6ogpjiKeF5e5wzCfNdf,raydium,1797.9852,0.0,0,0,0,0,0,0,,0.0,0.08333333333333333,,1,,pnl_24h
0x8f5915a19eb2ba78bc90ad0317d9ed0d161cbfec,woofi_pro,1.881425,0.0,0,0,0,0,0,0,,,,,1,,pnl_24h
AgmbSMXAAVkXuTzJRqam9sFjJ5dkh2kUUN6jaEo3fLPv,gensuki-786,21.13745,0.0,0,0,0,0,0,0,,0.6296296296296297,0.43243243243243246,,3,,pnl_24h
0x3c20ab24c85a3277e52fe8faecfb2ea4d657a85e,woofi_pro,0.268775,0.0,0,0,0,0,0,0,,,,,1,,pnl_24h
5LurCmpQxeQpssfDECZzY3w9wCD5QexZ6QZ1CWNZATEo,raydium,2960.4463,0.0,0,0,0,0,0,0,,0.0,0.0,,1,,pnl_24h
6yXNKdboai9Rv1UyYCDfwuoJumxmnCKv9eU7tQmDpCtX,raydium,940.443725,0.0,0,0,0,0,0,0,,0.0,0.26285714285714284,,1,,pnl_24h
0x0a352179a107122943f6e0d6d09638acccdb7fa5,boom,6.56868,0.0,0,0,0,0,0,0,,,,,1,,pnl_24h
0xe2359392b4a1abd4098418987b7479e3fce3dae8,orderly,19.552475,0.0,0,0,0,0,0,0,,,,,2,,pnl_24h
FGu8wYTQDriefaqNfAVkesKjryV6yV33AqYReJpqHeJ4,raydium,0.15846,,0,0,0,0,0,0,,,,,1,,pnl_24h
0x4a45a9db62accf856ef319de34acfee305ae2e66,kodiak,185.2128,,0,0,0,0,0,0,,,,,1,,pnl_24h
DjUfSoiAf43RspRukL9QXqdHW1ey63sm8gk7WHU67z6u,raydium,0.16384,,0,0,0,0,0,0,,,,,1,,pnl_24h
0x673e43ae664d2c81769095fa986c7ce93328f850,logx,13.5936,,0,0,0,0,0,0,,,,,1,,pnl_24h
0x83cc43713e28a9758e112d39b76edd7a7fac4ad1,alphanet,7.4778,,0,0,0,0,0,0,,,,,1,,pnl_24h
0x27e6214d75cdf5c47a7685cb7de173094bc5fb9e,logx,235.3392,,0,0,0,0,0,0,,,,,1,,pnl_24h
127kePyMkSL28t5KEUD1uJQxU4ih1aXQ2U3veA93jF8s,dextools,12.3762,0.4433,0.4433,0.4433,5881.9264,4532.3789,4532.3789,341,0.49079754601226994,0.23326133909287258,,17.24905103,1,,pnl_7d
0x2f10476772a1ace0a5b4205d6b6eef1c1462a4d0,interlink,11.1892,,-0.2193,-0.2193,21.7199,21.7199,21.7199,2,0.0,,,10.85995,1,,pnl_7d
BPpPVC84N364ztfsvAzqnMV3F6Lg12XXKm9WMuPJR4CV,dextools,12.3762,,-0.3492,-0.3492,5692.1923,4310.2237,4310.2237,346,0.4943181818181818,,,16.45142283,1,,pnl_7d
G7dSDBvLmMnexswwvnmbt78s7GRr3Eq9qCirvXNkL5GZ,dextools,10.3135,,-1.1872,-1.1872,5399.4415,4136.1024,4136.1024,331,0.4601226993865031,,,16.31251208,1,,pnl_7d
HUdNLxCFZE2afGbyh9ZeKnuBhXFSbhXDZLik4KVMKnBW,dextools,6.1881,,-1.2452,-1.2452,5747.403,4347.3504,4347.3504,358,0.5111111111111111,,,16.05419832,1,,pnl_7d
AFH4EUH81481vBKTTJHcZN3Rf12F8iGxeqEuhC7iPpqR,dextools,16.5016,,-1.9077,-1.9077,5659.8311,4058.4419,4058.4419,339,0.40119760479041916,,,16.69566696,1,,pnl_7d
0xe7563054396bd1d8e97458d1a5f27c3473603dc7,what_exchange,211.13812,,0,0,467.85042,0,0,8,0.2,,,58.4813025,2,,trade_count_24h
E6hQyyCyP7LhqtEYvZf9TAtaRcLjuKBVVwnc5WJ1AxPQ,raydium,1684.11896,,0,0,159.051,0,0,7,1.0,,,22.72157143,7,,trade_count_24h
0xd1956f5832b0352a8966cfcae4a637734fed1826,woofi_pro,98.5,,0,0,97.29528,0,0,6,,,,16.21588,1,,trade_count_24h
2BH9h6gVSEhZ4f43m1ToZXF98U8DNAHgDmmDgEyrkpDe,raydium,3120.84506,,0,0,385.431259,0,0,6,0.5,,,64.23854317,5,,trade_count_24h
0xce10c23561dce134ae20b32f8166a131c741f463,what_exchange,482.27641,,0,0,324.9515,0,0,5,,,,64.9903,4,,trade_count_24h
0x43b031f923572ebb180570666cb3d7fd0bc95bc2,alpix,537.484,,0,0,265.899605,0,0,4,,,,66.47490125,1,,trade_count_24h
LGfd4ocGvFehNgsRGbwQqmmpyXAhmjYhQr7qpFDEGEN,raydium,567.876578,,0,0,60.07277,0,0,4,,,,15.0181925,4,,trade_count_24h
0x908f1c28715ebfd65288d89ffee703ece8e34c9f,alpix,452.83027,,0,0,449.402705,0,0,4,,,,112.35067625,1,,trade_count_24h
0x6ca89be19c7605bbecbfa7bc3eea61f4d67152b7,what_exchange,465.23436,,0,0,218.50288,0,0,3,1.0,,,72.83429333,4,,trade_count_24h
6hypbgADWdTyTZPgbsM5ewenFDhnQQzKgXFbRVjbJXxv,raydium,262.35484,,0,0,43.4551,0,0,3,,,,14.48503333,5,,trade_count_24h
BxmkkD8tUF7JzqfAs89YMMnGPweM9UdNS4WwikHf6u6g,lolol,160.70625,,0,0,74.4346,0,0,3,0.3333333333333333,,,24.81153333,1,,trade_count_24h
0xe1e221046c7f97ab8396896bbe575e7e1ae20e08,arthur,1.11248,,0,0,50.22222,0,0,3,0.0,,,16.74074,1,,trade_count_24h
4p8hds5kksSf9APgzHhEJbcXQFAMg7z7wToMLBqVnmEm,raydium,1333.5,0.0,0,0,0,0,0,0,,0.0,,,1,PERP_1000BONK_USDC,notional
95VmMwQ8nnA1DFdfxRyk8EESULYg1tbV2JeQQ9wWbVKa,raydium,381,0.0,0,0,0,0,0,0,,,,,1,PERP_1000BONK_USDC,notional
0x3c675f1b52ed69f6f4e799f66c6cc2e368ed41d9,raydium,24.1935,0.0,0,0,0,0,0,0,,0.42045454545454547,,,1,PERP_1000BONK_USDC,notional
0xf479f6a33ce5fcc56d5f96b578ef33b94498df38,what_exchange,1313.1504,0.0,0,0,0,0,0,0,,,,,1,PERP_1000PEPE_USDC,notional
HNEse25mRkRrZDyCu9NmDxUVgd4JRoYAJtFKxWK78K1S,raydium,405.8672,0.0,0,0,0,0,0,0,,,,,1,PERP_1000PEPE_USDC,notional
0x5d072f165c08bcd8f81eb3dd64d8396724de07ae,noot,46.9136,0.0,0,0,0,0,0,0,,,,,1,PERP_1000PEPE_USDC,notional
2QbB7cbm9qZqDmFzHVtfyXSi2b8nauvq4ZEivKWB1gER,raydium,37.0144,0.0,0,0,0,0,0,0,,,,,1,PERP_1000PEPE_USDC,notional
0x75928910297238271124617b5ecfa6478abcc52e,interlink,25.824,0.0,0,0,0,0,0,0,,,,,1,PERP_1000PEPE_USDC,notional
0x8b8ed97917e28a8c07e5ab93462dd8048350d36f,mode,22.3808,0.0,0,0,0,0,0,0,,,,,1,PERP_1000PEPE_USDC,notional
0x04714ed0a1472eeea772607bdb45b3f1522b9980,quick_perps,9.8992,0.0,0,0,0,0,0,0,,,,,1,PERP_1000PEPE_USDC,notional
4Cb7TcWUnmAks3sDQ8ggutCFdkBAbGMhtuzHXMvBJpUd,raydium,7.3168,0.0,0,0,0,0,0,0,,,,,1,PERP_1000PEPE_USDC,notional
0x741aaaa568c40c4cece97d161d631fd87400dc0e,globalhive,6.8864,0.0,0,0,0,0,0,0,,,,,1,PERP_1000PEPE_USDC,notional
BLRRmsaUFPHKcWZaN6THkAUZQNT8Gwb6k1mWUzcek56f,velto,4.304,0.0,0,0,0,0,0,0,,,,,1,PERP_1000PEPE_USDC,notional
0xea6b13a45cc88ce61d9b81f3cf5b6fe41039066c,alpix,810.9348,0.0,0,0,0,0,0,0,,,,,1,PERP_AAVE_USDC,notional
0xe67c80abb0032de76bb526add4f489115f67fbfb,mememax,360.8124,0.0,0,0,0,0,0,0,,,,,1,PERP_AAVE_USDC,notional
7L4vUPMQo3PjMx2zfKGtSHZXXJdZWzKMnnUEszFHdduY,raydium,239.3508,0.0,0,0,0,0,0,0,,,,,1,PERP_AAVE_USDC,notional
2g88VT4VnPE6fXPsNhgK8Fv3pcCxju5mdMRqeC5nBiuY,raydium,94.6686,0.0,0,0,0,0,0,0,,,,,1,PERP_AAVE_USDC,notional
0xdca17ba9c04e1eae0356824acd6ecfd053cde028,logx,1.7862,0.0,0,0,0,0,0,0,,,,,1,PERP_AAVE_USDC,notional
0x6f2a58b009e508b6e9a122efcdf01bdcf3e38362,mode,16.66,0.0,0,0,0,0,0,0,,,,,1,PERP_ADA_USDC,notional
0x71a9ada61386d38b5ecbdf4b2091b93ae17c5bec,aden,2.94,0.0,0,0,0,0,0,0,,,,,1,PERP_ADA_USDC,notional
0x372978ab732354931b1a8c8c3dc09bfe0fc96403,aden,2.45,0.0,0,0,0,0,0,0,,,,,1,PERP_ADA_USDC,notional
0x6adf6f19d5b91e60b9be138a1014ef931b84025c,orderly,181.93986,0.0,0,0,0,0,0,0,,,,,1,PERP_APT_USDC,notional
0x5f72a70d0c8ca5e86a55802d50aae09b97408ef2,woofi_pro,119.03812,0.0,0,0,0,0,0,0,,,,,1,PERP_APT_USDC,notional
HSqXPTBcrZEBaoETQtb3bhdLtRvFLtdvaprUMMEoe8ZX,veaxdex,86.66104,0.0,0,0,0,0,0,0,,,,,1,PERP_APT_USDC,notional
0x8b9a3787dfa6d221990967c7aee4c6f7237649a4,logx,24.64524,0.0,0,0,0,0,0,0,,,,,1,PERP_APT_USDC,notional
0x1fa00d548d609a1421fa50bb5842f7893234e93d,aark,19.41014,0.0,0,0,0,0,0,0,,,,,1,PERP_APT_USDC,notional
0xbbe5af79165a8bb7b7933c36bfa6d2f559ddff78,bitoro_network,1.2081,0.0,0,0,0,0,0,0,,,,,1,PERP_APT_USDC,notional
0xdbe8445d0d98a85cec9886af5bd3f83918557978,bitoro_network,0.96648,0.0,0,0,0,0,0,0,,,,,1,PERP_APT_USDC,notional
0xa09f417e49ccc37f16f94d4401bb1f6e570571e1,emdx_dex,0.88594,0.0,0,0,0,0,0,0,,,,,1,PERP_APT_USDC,notional
0x775cc5a77b63a0acc3257ffef2c124f6e675691c,woofi_pro,0.88594,0.0,0,0,0,0,0,0,,,,,1,PERP_APT_USDC,notional
0x8ada2456b720a2bbe2bc78b3f4ecb0e4497eab20,woofi_pro,0.08054,0.0,0,0,0,0,0,0,,,,,1,PERP_APT_USDC,notional
BoYQ4rzB6iP9z5yLH9tvupGLoTxyB1ZbWNg8uv2dNpW5,raydium,547.9665,0.0,0,0,0,0,0,0,,0.0,0.0,,1,PERP_ARB_USDC,notional
0x8905ce75f237c13e60dbcbbbb01003c5c3520993,interlink,438.293,0.0,0,0,0,0,0,0,,0.0,0.20634920634920634,,1,PERP_ARB_USDC,notional
0x210036622d0958c8053c50ea022af6cbf3da9a39,ibx,152.781,0.0,0,0,0,0,0,0,,,,,1,PERP_ARB_USDC,notional
9Trd1JMhxaXAx3WVAxpiZ457Q9tFyMcoVunuzwAKhpzh,raydium,83.007,0.0,0,0,0,0,0,0,,0.0,0.2,,1,PERP_ARB_USDC,notional
0x072e333e4c5b434a59e74f8876035cf81e5f248e,woofi_pro,58.145,0.0,0,0,0,0,0,0,,,,,1,PERP_ARB_USDC,notional
57zvq1kyvnmEHRk1JvZrvtZwZqGdeJeQphhuc7B11eHC,raydium,50.125,0.0,0,0,0,0,0,0,,0.0,0.1885245901639344,,1,PERP_ARB_USDC,notional
0x329557aa54aab595e6b651b41b796e541d58911f,woofi_pro,35.288,0.0,0,0,0,0,0,0,,,,,1,PERP_ARB_USDC,notional
0xcd5cf40a12fa24c971ccd662c193548b93a680f1,woofi_pro,31.278,0.0,0,0,0,0,0,0,,,,,1,PERP_ARB_USDC,notional
0xbfa9dcd2ffb681e1aee3bd191154e67cb4739fd5,kodiak,29.674,0.0,0,0,0,0,0,0,,,,,1,PERP_ARB_USDC,notional
0xc18d88cce08898c666246ed8acd7b7e1c374c840,woofi_pro,28.872,0.0,0,0,0,0,0,0,,,,,1,PERP_ARB_USDC,notional
0x9e684eb706e8146182deb8a207e96c1fb884af03,logx,26.6665,0.0,0,0,0,0,0,0,,,,,1,PERP_ARB_USDC,notional
0x2d1b0f2a41db388b8ff0f6118b27d089f47e5119,logx,25.8645,0.0,0,0,0,0,0,0,,,,,1,PERP_ARB_USDC,notional
0xc2673e7902e430f91af53b7dbc822ba515cd9b28,woofi_pro,25.664,0.0,0,0,0,0,0,0,,,,,1,PERP_ARB_USDC,notional
0x4918c28c871e68f48d0656ef34995890a2f86dd2,vooi,21.654,0.0,0,0,0,0,0,0,,,,,1,PERP_ARB_USDC,notional
0x25098763ad124324f0ec6d5a4ce036edb3c18949,logx,21.0525,0.0,0,0,0,0,0,0,,,,,1,PERP_ARB_USDC,notional
0x69d90bab9d9242ca2013f3af0168b5636ea25516,vooi,19.649,0.0,0,0,0,0,0,0,,,,,1,PERP_ARB_USDC,notional
0x896058467d2e5785273e815f7086f07845c57ef2,woofi_pro,18.847,0.0,0,0,0,0,0,0,,,,,1,PERP_ARB_USDC,notional
0x8fc1b51f546cbc578f0085ffae0d9bb87b6f0860,woofi_pro,18.6465,0.0,0,0,0,0,0,0,,,,,1,PERP_ARB_USDC,notional
0x84f918ba377cbd0385b4ef28f6b2b6d7e9b54a4b,logx,16.441,0.0,0,0,0,0,0,0,,,,,1,PERP_ARB_USDC,notional
0xfcd85e6146e727fcbd279179a782f0d319ea747a,woofi_pro,13.0325,0.0,0,0,0,0,0,0,,,,,1,PERP_ARB_USDC,notional
0xd1ba4024dde64b489ccea6514f9e6f79e5754a96,woofi_pro,12.832,0.0,0,0,0,0,0,0,,,,,1,PERP_ARB_USDC,notional
0x92109cb9b7238a9dd32989975395b6416f0b32ca,woofi_pro,12.832,0.0,0,0,0,0,0,0,,,,,1,PERP_ARB_USDC,notional
0x6fed78579d1edf23f16725265d205ff8ef9eb749,woofi_pro,12.832,0.0,0,0,0,0,0,0,,,,,1,PERP_ARB_USDC,notional
0xaa9c517cb75f83f33bc135a37e2ce620dfbed5b1,woofi_pro,12.6315,0.0,0,0,0,0,0,0,,,,,1,PERP_ARB_USDC,notional
0xcb1a7e0c8159423a40ace98b67ab5f567607816f,ibx,12.03,0.0,0,0,0,0,0,0,,,,,1,PERP_ARB_USDC,notional
0xb6910c166b7c52a2b92e2d74fddbcb430abed1e7,woofi_pro,11.8295,0.0,0,0,0,0,0,0,,,,,1,PERP_ARB_USDC,notional
0x340cc83bcd4583e029e7c7d31b2f1238ab3604cb,vooi,10.827,0.0,0,0,0,0,0,0,,,,,1,PERP_ARB_USDC,notional
0xae998d854a559c34a41e6256052e5e69c77e3d28,woofi_pro,9.8245,0.0,0,0,0,0,0,0,,,,,1,PERP_ARB_USDC,notional
0x9d19e69a98f299b2990809fd30293ec74805e50d,vooi,9.624,0.0,0,0,0,0,0,0,,,,,1,PERP_ARB_USDC,notional
0x2719b1c7985657bb90d57e62aa5b1809293fcd83,vooi,8.822,0.0,0,0,0,0,0,0,,,,,1,PERP_ARB_USDC,notional
0xede665eb26dcce08716043f1e90e906d9387ccef,vooi,8.6215,0.0,0,0,0,0,0,0,,,,,1,PERP_ARB_USDC,notional
0x82e2b98d46c92dc62009ce90596ab3ce7a52ea27,dexyfi,6.817,0.0,0,0,0,0,0,0,,,,,1,PERP_ARB_USDC,notional
0x2148a619cf53ad607de8ebd63ed0e86f68a9ad2e,woofi_pro,6.015,0.0,0,0,0,0,0,0,,,,,1,PERP_ARB_USDC,notional
0x7d82de6d4483e30b9263dff6124575b48be7d1bd,woofi_pro,5.614,0.0,0,0,0,0,0,0,,,,,1,PERP_ARB_USDC,notional
0xb17b1cc5efa0dc520d416fa15c0ed51d9a242108,logx,5.213,0.0,0,0,0,0,0,0,,,,,1,PERP_ARB_USDC,notional
0x4ffd0a59a26cb2aa76d403215e4cc2845c053994,woofi_pro,5.0125,0.0,0,0,0,0,0,0,,,,,1,PERP_ARB_USDC,notional
0xdd7ba13331ca3a9d9fc612f989ea8accb2a00c97,logx,4.411,0.0,0,0,0,0,0,0,,,,,1,PERP_ARB_USDC,notional
0x7004a23c51d282b06b3b491d475e7d45d9f2a369,logx,4.2105,0.0,0,0,0,0,0,0,,,,,1,PERP_ARB_USDC,notional
0x78eb925ff641c626e099aa83a847a1b7d94663e9,woofi_pro,4.01,0.0,0,0,0,0,0,0,,,,,1,PERP_ARB_USDC,notional
0x9dca1c5b7212de0eba2d0d448bd28275bf3d41d1,bitoro_network,3.8095,0.0,0,0,0,0,0,0,,,,,1,PERP_ARB_USDC,notional
0x3e9880cf76e556c5de349139bd2b42df8aa948df,vooi,3.609,0.0,0,0,0,0,0,0,,,,,1,PERP_ARB_USDC,notional
0x7e054f9d2ed69d5ef45d4c912f64c40076181152,emdx_dex,3.208,0.0,0,0,0,0,0,0,,,,,1,PERP_ARB_USDC,notional
0x1bf71b2ec4800d165f164411737c85cd88014982,woofi_pro,3.0075,0.0,0,0,0,0,0,0,,,,,1,PERP_ARB_USDC,notional
0xc515f44bdd70c6e640d1bd78f71dddfb819f2179,woofi_pro,2.807,0.0,0,0,0,0,0,0,,,,,1,PERP_ARB_USDC,notional
0x93f4cdc615c1d4750bcf871668cff44d07fe597b,bitoro_network,2.807,0.0,0,0,0,0,0,0,,,,,1,PERP_ARB_USDC,notional
0xe61c5b4e7fa34766ff858bc6dfd74535f35861ca,woofi_pro,2.406,0.0,0,0,0,0,0,0,,,,,1,PERP_ARB_USDC,notional
0xebf833217d854d1eae3e67f828333eac3dc04790,bitoro_network,2.2055,0.0,0,0,0,0,0,0,,,,,1,PERP_ARB_USDC,notional
0xa18e6e5572ef049f0ce50300b5c81242e13bd6f1,woofi_pro,2.2055,0.0,0,0,0,0,0,0,,,,,1,PERP_ARB_USDC,notional
0xcbe3fa8c359df9a0bb17db4e58cfc73c5ea44551,vooi,2.005,0.0,0,0,0,0,0,0,,,,,1,PERP_ARB_USDC,notional
0x27dec9d3063490e37ae16bae8d9a6a6de51b5f63,woofi_pro,2.005,0.0,0,0,0,0,0,0,,,,,1,PERP_ARB_USDC,notional
0xe2af5ee03b684eee7c2f457e8af197de4bc89249,woofi_pro,1.8045,0.0,0,0,0,0,0,0,,,,,1,PERP_ARB_USDC,notional
0x2fcd3e0b633275a551f0e125e03d854a93863008,woofi_pro,1.8045,0.0,0,0,0,0,0,0,,,,,1,PERP_ARB_USDC,notional
0x4272882303b9af20012993bd29192d5fb231032a,logx,1.8045,0.0,0,0,0,0,0,0,,,,,1,PERP_ARB_USDC,notional
0x77e8127cdd83a37e1189adc668b35adbfdd149b2,woofi_pro,1.8045,0.0,0,0,0,0,0,0,,,,,1,PERP_ARB_USDC,notional
0x86551bcc5696dabeb37c6b95b80a2d6abeab662e,woofi_pro,1.8045,0.0,0,0,0,0,0,0,,,,,1,PERP_ARB_USDC,notional
0x546e4becd45788ed92f4621380c91902fddc69b0,logx,1.8045,0.0,0,0,0,0,0,0,,,,,1,PERP_ARB_USDC,notional
0xd3f925042d39c23e7126e140ad1423142721c97c,woofi_pro,1.604,0.0,0,0,0,0,0,0,,,,,1,PERP_ARB_USDC,notional
0xa9152f276794ff33c5b1562c2ad1cc20eb73a621,logx,1.604,0.0,0,0,0,0,0,0,,,,,1,PERP_ARB_USDC,notional
0xe53f8cc868dc2e0fb1da5bd1b5e6404600a6de22,emdx_dex,1.604,0.0,0,0,0,0,0,0,,,,,1,PERP_ARB_USDC,notional
0xe6efaec81d8000eb18989abafcdd92cd5f481971,woofi_pro,1.604,0.0,0,0,0,0,0,0,,,,,1,PERP_ARB_USDC,notional
0xa1c301c36fed873f3b051f932512617258a3d2d7,emdx_dex,1.4035,0.0,0,0,0,0,0,0,,,,,1,PERP_ARB_USDC,notional
0xeae94b600ef7df381db9c874b295da463245e7b1,vooi,1.203,0.0,0,0,0,0,0,0,,,,,1,PERP_ARB_USDC,notional
0x5184e4edf811547c8a1d46ab84506fa000a9be0f,logx,1.0025,0.0,0,0,0,0,0,0,,,,,1,PERP_ARB_USDC,notional
0x723559e26cc9571039faf198d5991fe87b91c0ee,woofi_pro,0.6015,0.0,0,0,0,0,0,0,,,,,1,PERP_ARB_USDC,notional
0xa1485d83c74ecb9575ea1b1e6da931644e44bec9,woofi_pro,0.401,0.0,0,0,0,0,0,0,,,,,1,PERP_ARB_USDC,notional
0xb66569295f0be465aeca1ae6a54df39fe2c60698,vooi,0.401,0.0,0,0,0,0,0,0,,,,,1,PERP_ARB_USDC,notional
0x17e9e0d951e9a52a697180119b90ce682e24c66f,clutch-markets,0.401,0.0,0,0,0,0,0,0,,,,,1,PERP_ARB_USDC,notional
0x68ed8e5790a57c3051e0957dc3cc2e334e29932d,emdx_dex,0.401,0.0,0,0,0,0,0,0,,,,,1,PERP_ARB_USDC,notional
0xeccffbf1a46128910bd2d0c89038f92a246b2719,woofi_pro,0.401,0.0,0,0,0,0,0,0,,,,,1,PERP_ARB_USDC,notional
0xac1a824b6547216d9a9893911c74643b6a040d1a,bitoro_network,0.401,0.0,0,0,0,0,0,0,,,,,1,PERP_ARB_USDC,notional
0x055a6147c5c51f6e8de02a0bf16a335151c5d2e2,woofi_pro,0.401,0.0,0,0,0,0,0,0,,,,,1,PERP_ARB_USDC,notional
0xc0635ebb4d136475158f46849b9686bcae4dc054,woofi_pro,0.401,0.0,0,0,0,0,0,0,,,,,1,PERP_ARB_USDC,notional
0x3b5e255140b1772f05c548d184cb46919d25c469,logx,0.2005,0.0,0,0,0,0,0,0,,,,,1,PERP_ARB_USDC,notional
0x6f434c2198757ccebf39ccc7cc242f7fcb91e339,woofi_pro,0.2005,0.0,0,0,0,0,0,0,,,,,1,PERP_ARB_USDC,notional
0xdd71730d6209fddf7fbdb7df8ef239bddea113f9,interlink,0.2005,,0,0,0,0,0,0,,,,,1,PERP_ARB_USDC,notional
0x73afd3b15fa6b1bcb27d81cf28b829eb934be102,woofi_pro,0.2005,,0,0,0,0,0,0,,,,,1,PERP_ARB_USDC,notional
0x3f5b3c65bd77418d98063f7dc797ae79b0905e18,woofi_pro,0.2005,,0,0,0,0,0,0,,,,,1,PERP_ARB_USDC,notional
0xcacac2700f4603d92a07c3986d788db8a7fbb118,logx,0.2005,,0,0,0,0,0,0,,,,,1,PERP_ARB_USDC,notional
0x33a12ac1491c187dd65ceb3718a9f6d4598bf337,logx,0.2005,,0,0,0,0,0,0,,,,,1,PERP_ARB_USDC,notional
0x41477a57a8916237a8ff512ba3d9bf487d9cbb79,logx,0.2005,,0,0,0,0,0,0,,,,,1,PERP_ARB_USDC,notional
0x264095d4f921c92e17721a13e2d78b794ffe9fa2,woofi_pro,0.2005,,0,0,0,0,0,0,,,,,1,PERP_ARB_USDC,notional
0x9f037e780779074948765f2138be1df792d1b4aa,woofi_pro,0.2005,,0,0,0,0,0,0,,,,,1,PERP_ARB_USDC,notional
0xc050aeab010e7160b02bcd72ec7ce556ee0e92d7,orange-perps,118.2418,0.0,0,0,0,0,0,0,,,0.42857142857142855,,1,PERP_ASTER_USDC,notional
Dy7fnUTJmroLRjNQbu4CHSJHkLEyVwpex7z7AgY1xjPT,raydium,85.476,0.0,0,0,0,0,0,0,,,,,1,PERP_ASTER_USDC,notional
0x9d1d76804292910e993ff878cbb813137e467fa9,baby_doge,33.4781,0.0,0,0,0,0,0,0,,,,,1,PERP_ASTER_USDC,notional
0x0e56c57069ae21255e27f7f67263d97b65012089,oxium,22.0813,0.0,0,0,0,0,0,0,,,,,1,PERP_ASTER_USDC,notional
0x113a5aebbe7636631cc7254fc9e4cee77f764813,arcex,21.369,0.0,0,0,0,0,0,0,,,,,1,PERP_ASTER_USDC,notional
0xed8220a377b77e94a6ef98b5ab00d7f4f4b7d691,interlink,20.6567,0.0,0,0,0,0,0,0,,,,,1,PERP_ASTER_USDC,notional
0x38f4d4465732ef1099136fe78335e941920e80d3,interlink,19.2321,0.0,0,0,0,0,0,0,,,,,1,PERP_ASTER_USDC,notional
FqTqvEpmmDGN7wQngyZZJEuVH2N3hTaTEFLrkgME9a1Q,what_exchange,17.8075,0.0,0,0,0,0,0,0,,,,,1,PERP_ASTER_USDC,notional
0x092b5f47d229a2267b5f4eeeb969fb0bf57730d1,aark,11.3968,0.0,0,0,0,0,0,0,,,,,1,PERP_ASTER_USDC,notional
0xe10341c61d3180afb005542541573c13eba0412a,quick_perps,9.2599,0.0,0,0,0,0,0,0,,,,,1,PERP_ASTER_USDC,notional
0xfb00a758b0e3962430120613c5becf6ff5f68580,oxium,7.8353,0.0,0,0,0,0,0,0,,,,,1,PERP_ASTER_USDC,notional
0xa2a96ef447c5efa70d77a8076b76bb105169378f,oxium,5.6984,0.0,0,0,0,0,0,0,,,,,1,PERP_ASTER_USDC,notional
0x578b4852e09b3a89325712b762cf88c09c3b702c,fillx,4.9861,0.0,0,0,0,0,0,0,,,,,1,PERP_ASTER_USDC,notional
0x466519fe8f7d561fd67ac0762f047ba70d831f0b,foxify,4.2738,0.0,0,0,0,0,0,0,,,,,1,PERP_ASTER_USDC,notional
DKfJRDCWoH1Fj1j4FayF6m9r8zr6WTL57VfvHPfg8nzJ,raydium,2.8492,0.0,0,0,0,0,0,0,,,,,1,PERP_ASTER_USDC,notional
Bn4spEsKm2kHzc7KJnu7APKzEujCcSy2mRyEkDUvYjGy,raydium,2.8492,0.0,0,0,0,0,0,0,,,,,1,PERP_ASTER_USDC,notional
0xb651c82f2bbc5cdcc4be22b6df87c71901ebefb9,oxium,2.1369,0.0,0,0,0,0,0,0,,,,,1,PERP_ASTER_USDC,notional
0xfa9b33fad26fe1c5e9c3f1aaa1e72ab0aa97c035,oxium,1.4246,0.0,0,0,0,0,0,0,,,,,1,PERP_ASTER_USDC,notional
7sFbr9rCWivEbq7viUrGncdHQfXeJAohknJpqud21hVz,kodiak,0.7123,0.0,0,0,0,0,0,0,,,,,1,PERP_ASTER_USDC,notional
wUgVrXVM3fpiWCBVSd6JD51NnDRVhYSZ8Tix7m7SVxR,lolol,0.7123,0.0,0,0,0,0,0,0,,,,,1,PERP_ASTER_USDC,notional
BmV5kh2MU9BNd1LoJWr38LHdp3VW7kUqMoPhNF2b6mXr,raydium,0.7123,0.0,0,0,0,0,0,0,,,,,1,PERP_ASTER_USDC,notional
0xf0b0daafd518b621fbfb4a6e839599ae6f8c588e,orderly,0.7123,0.0,0,0,0,0,0,0,,,,,1,PERP_ASTER_USDC,notional
0x74973eeb832e711c8a62f81bfcf5df922fc205ce,pangoperps,589.04712,0.0,0,0,0,0,0,0,,,0.0,,1,PERP_AVAX_USDC,notional
0x805ba12ee2e62c430d67152e50fb7d197d1d70fa,what_exchange,169.458,0.0,0,0,0,0,0,0,,0.25,0.35,,1,PERP_AVAX_USDC,notional
0x007d039fe32e23085c26fd93eb1995c98d31e631,woofi_pro,165.34656,0.0,0,0,0,0,0,0,,,,,1,PERP_AVAX_USDC,notional
0x2ba34415ea521afe58b1f95d43fb150b7e62a620,woofi_pro,140.12232,0.0,0,0,0,0,0,0,,,0.0,,1,PERP_AVAX_USDC,notional
0xf4364353cf469385fa35e32b74b26c0dd1556eb6,ox_markets,140.12232,0.0,0,0,0,0,0,0,,,,,1,PERP_AVAX_USDC,notional
0x825bf5524b24a4f1a164730b6796eaf55788d68a,interlink,121.56528,0.0,0,0,0,0,0,0,,0.0,0.2,,1,PERP_AVAX_USDC,notional
0x7a4885448afcd181f04c963d2b8872e99513f0b6,bitoro_network,56.33784,0.0,0,0,0,0,0,0,,,,,1,PERP_AVAX_USDC,notional
0x36639529aa90708cec569c60d7fa64270219a6a4,interlink,54.22656,0.0,0,0,0,0,0,0,,,,,1,PERP_AVAX_USDC,notional
0xebd6559956c7db261397cab2f8b466f0e5401d53,pangoperps,33.22488,0.0,0,0,0,0,0,0,,,,,1,PERP_AVAX_USDC,notional
0x28863b0ec26d1d19ed18b310b252360746a40b27,interlink,23.77968,0.0,0,0,0,0,0,0,,,,,1,PERP_AVAX_USDC,notional
0x665d82b10fb67bf6e741736895717535727fb913,primit,22.224,0.0,0,0,0,0,0,0,,,,,1,PERP_AVAX_USDC,notional
0xc7a715a1bf04edcb3cf34ab57a122fbe72fa900b,raydium,11.88984,0.0,0,0,0,0,0,0,,0.0,,,1,PERP_AVAX_USDC,notional
41AqnmKtfMo7QzjijTmUDRBfE7aVmDEV8DWg1tr8RCSq,raydium,11.112,0.0,0,0,0,0,0,0,,,,,1,PERP_AVAX_USDC,notional
0x93eecb23242adf6cc0f1fb889d3996e5212faf61,primit,10.66752,0.0,0,0,0,0,0,0,,,,,1,PERP_AVAX_USDC,notional
0x916308fc74a7b2237b13413907ed60989f9f9254,emdx_dex,4.55592,0.0,0,0,0,0,0,0,,,,,1,PERP_AVAX_USDC,notional
E1Sar2tsFQviMd3wNurDL8E3mL4FwbVhSH2f2q77CNGs,raydium,4.11144,0.0,0,0,0,0,0,0,,,,,1,PERP_AVAX_USDC,notional
0x16ee00c6ddfed4743b34de786d2c0b1a3f0e8c7e,woofi_pro,3.44472,0.0,0,0,0,0,0,0,,,,,1,PERP_AVAX_USDC,notional
0x1bec4f239f1ec11fd8dc7b31a8fea7a5ba5a9aa4,bitoro_network,3.3336,0.0,0,0,0,0,0,0,,,,,1,PERP_AVAX_USDC,notional
0xaf7e30b29254796c9b08893a4a07b7419b6f8792,vanta_exchange,2.55576,0.0,0,0,0,0,0,0,,,,,1,PERP_AVAX_USDC,notional
6BEU5ippzea232tMyzWruzJB2qDxjg5k8JB8NLN7SQH5,dextools,0.44448,0.0,0,0,0,0,0,0,,,,,1,PERP_AVAX_USDC,notional
Bq3YeVNTMUKtV6JvjrvxyYxCY3PxTFzPgorDozY6gpgr,raydium,61.54,0.0,0,0,0,0,0,0,,1.0,,,1,PERP_BASED_USDC,notional
0x29e7767b9ea6b214702d27dd2c6e25d56cd891ff,interlink,21.66208,0.0,0,0,0,0,0,0,,,,,1,PERP_BASED_USDC,notional
0xb3281fbec2e50500b89a25067184e3abfe49bb1c,mememax,0.18462,0.0,0,0,0,0,0,0,,,,,1,PERP_BASED_USDC,notional
0x111e318936660aaf49d485c74a77ffccb997d030,kodiak,11.7832,0.0,0,0,0,0,0,0,,,,,1,PERP_BERA_USDC,notional
0xdd594463a4a809eb8bdb0f15b060aa38573f6a14,vooi,23.74596,0.0,0,0,0,0,0,0,,,,,1,PERP_BIO_USDC,notional
C34adBUaW3yo2aV9uZsKh2K3FsEQpm6CJqfSvGc7vPmv,solinu,0.40833,0.0,0,0,0,0,0,0,,,,,1,PERP_BIO_USDC,notional
0x35fc77ab8f5e9be49a181e2d7cdd5c08cf52c8a8,woofi_pro,0.37692,0.0,0,0,0,0,0,0,,,,,1,PERP_BIO_USDC,notional
0xc1196c15353885933ff27124788ba7a9a36105c8,fillx,0.21987,0.0,0,0,0,0,0,0,,,,,1,PERP_BIO_USDC,notional
DWVkTKuaqsLaWNp7y8uwjHsJAc2XqTGKRLwRXSnUNVXk,dextools,0.03141,0.0,0,0,0,0,0,0,,,,,1,PERP_BIO_USDC,notional
DTeM4ozYWz5QtGp9ufncjhBh9eTvftSSVaVxAGmTHXDq,raydium,908.51328,0.0,0,0,0,0,0,0,,0.109375,0.17647058823529413,,1,PERP_BNB_USDC,notional
0x344a22cb6bef7a6103678640c3e9016d4667317f,alpix,734.22384,0.0,0,0,0,0,0,0,,,,,1,PERP_BNB_USDC,notional
0x6ef7e93bf8da73d899c8b79afcc98061e92122ba,alpix,492.11136,0.0,0,0,0,0,0,0,,,1.0,,1,PERP_BNB_USDC,notional
0x65af5cfebb4c1bfb1513463a835eb684c6a9cebb,alpix,477.1272,0.0,0,0,0,0,0,0,,,1.0,,1,PERP_BNB_USDC,notional
0xc8eeb97aa89658b2b615152ff610957c4cea47fe,alpix,474.76128,0.0,0,0,0,0,0,0,,,,,1,PERP_BNB_USDC,notional
0x0f7cbf5618ed04656de301dcf64fce5a87de200c,alpix,453.468,0.0,0,0,0,0,0,0,,,1.0,,1,PERP_BNB_USDC,notional
0xe073eb6d4dd217d7af7fc512ff820a1b515aeb03,alpix,437.6952,0.0,0,0,0,0,0,0,,,,,1,PERP_BNB_USDC,notional
0xf993d587ccf9a314b7d4b8da37c0e9dc2fbadb2a,alpix,384.85632,0.0,0,0,0,0,0,0,,,,,1,PERP_BNB_USDC,notional
0xa39a3fcc5662e070dc0454420332f60bc4b135d9,alpix,286.27632,0.0,0,0,0,0,0,0,,,,,1,PERP_BNB_USDC,notional
0xea6a6f3bebbc73280b20aa44a162b7490c49b5a9,alpix,165.6144,0.0,0,0,0,0,0,0,,,,,1,PERP_BNB_USDC,notional
0x08b1f8de8fcff156b3bfeeee42216c2735856826,alpix,136.43472,0.0,0,0,0,0,0,0,,,,,1,PERP_BNB_USDC,notional
0xbec6b48ee71f10a364d8998ca5e6eece1d9f8ae9,alpix,136.43472,0.0,0,0,0,0,0,0,,,,,1,PERP_BNB_USDC,notional
0x2dbe1715a90bda7ec95b79561b400577c931a3cc,alpix,126.1824,0.0,0,0,0,0,0,0,,,1.0,,1,PERP_BNB_USDC,notional
0x73fc041a25189811314a5e92a5a9e24400bc3ddb,alpix,120.66192,0.0,0,0,0,0,0,0,,,,,1,PERP_BNB_USDC,notional
FvLXvYGZXvaBBK4AftdkV46vwF9Giskd1aDtzi3f5HLk,raydium,106.4664,0.0,0,0,0,0,0,0,,0.3333333333333333,0.26229508196721313,,1,PERP_BNB_USDC,notional
0x6d36f851dc6e20e8c515b262fd2b45975d3b6960,alpix,101.73456,0.0,0,0,0,0,0,0,,,,,1,PERP_BNB_USDC,notional
0x594042229729c8be3f90fb1acb1542053b65ed9b,alpix,97.00272,0.0,0,0,0,0,0,0,,,,,1,PERP_BNB_USDC,notional
0x003c78b3e1e001232f73cf7d940687d3321d3754,alpix,70.18896,0.0,0,0,0,0,0,0,,,,,1,PERP_BNB_USDC,notional
0x719039ade86db167cba9462abd167824d1dd1133,alpix,68.61168,0.0,0,0,0,0,0,0,,,,,1,PERP_BNB_USDC,notional
0x4b2243a7a1f6053a363db1bda509f51c45fd0318,alpix,58.35936,0.0,0,0,0,0,0,0,,,,,1,PERP_BNB_USDC,notional
0x9b52f51d03be8e430a0fec08107bfbeab71f42da,alpix,57.57072,0.0,0,0,0,0,0,0,,,,,1,PERP_BNB_USDC,notional
0xa5ba1edc2b86f9a761b9b458457569061076aee2,perma,54.41616,0.0,0,0,0,0,0,0,,,,,1,PERP_BNB_USDC,notional
4KS8cKeCaiUQycg8bNF4osd3soiqXicL1sm9Qhi8HKNU,raydium,52.05024,0.0,0,0,0,0,0,0,,0.058823529411764705,0.25757575757575757,,1,PERP_BNB_USDC,notional
0x7da19d36a4ffb9fb8d4a7195dce530291e51d5fd,alpix,52.05024,0.0,0,0,0,0,0,0,,,,,1,PERP_BNB_USDC,notional
0xdb4dcfae55412d21ff5c43ba2153ca2128323c2a,alpix,51.2616,0.0,0,0,0,0,0,0,,,,,1,PERP_BNB_USDC,notional
0xf7be35cf3be7fdc9a861a415bfce84042b856e68,alpix,50.47296,0.0,0,0,0,0,0,0,,,,,1,PERP_BNB_USDC,notional
0x951f9d8024ce7a090c5bd88f5504d451839fe6ea,alpix,44.95248,0.0,0,0,0,0,0,0,,,,,1,PERP_BNB_USDC,notional
0x8cbf877d6ca1b1403cfa71e20983a17800ccb933,alpix,42.58656,0.0,0,0,0,0,0,0,,,,,1,PERP_BNB_USDC,notional
0x29e52eadd34345bc4c7d5ab5263f52df8406ee9e,alpix,34.70016,0.0,0,0,0,0,0,0,,,,,1,PERP_BNB_USDC,notional
0xe84033eca597ae54b5d83862198fa0fc028874e6,vooi,33.91152,0.0,0,0,0,0,0,0,,,,,1,PERP_BNB_USDC,notional
0x05c4070ff5d0d98f526e7e34f8d3f5cc80c37d9d,alpix,29.96832,0.0,0,0,0,0,0,0,,,,,1,PERP_BNB_USDC,notional
0x4ad5269c0e4698b83296395b51ab9d12f8744548,vanta_exchange,29.17968,0.0,0,0,0,0,0,0,,0.5,0.3103448275862069,,1,PERP_BNB_USDC,notional
0x5b42c59bdb5aa104e4df60b653401569b2bde214,alpix,26.02512,0.0,0,0,0,0,0,0,,,,,1,PERP_BNB_USDC,notional
0xc171c1f3c0e1d861c68cd7d3419e702702922e22,alpix,25.23648,0.0,0,0,0,0,0,0,,,1.0,,1,PERP_BNB_USDC,notional
0x710a5c578ab76ce54a16833458b7eeb08c6d66ab,alpix,24.44784,0.0,0,0,0,0,0,0,,,,,1,PERP_BNB_USDC,notional
0x635eb3f0265f0cd059ed51fc98e8a6aa11fe6598,alpix,23.6592,0.0,0,0,0,0,0,0,,,1.0,,1,PERP_BNB_USDC,notional
0x542f5a719e6a4d26828dff6823f57c7a58f8ab9b,alpix,23.6592,0.0,0,0,0,0,0,0,,,1.0,,1,PERP_BNB_USDC,notional
GpLinYtsDqRvPridty5hmSqPJLBei7P2rfNHPYUQv5Df,dextools,20.50464,0.0,0,0,0,0,0,0,,,0.41025641025641024,,1,PERP_BNB_USDC,notional
0xde02fef910b161c7ef98fdeb91889471b6d51f7a,alpix,19.716,0.0,0,0,0,0,0,0,,,1.0,,1,PERP_BNB_USDC,notional
0x59df46285d34ec0e022d1ad1a6f6f7818b281312,interlink,18.92736,0.0,0,0,0,0,0,0,,0.3333333333333333,0.3333333333333333,,1,PERP_BNB_USDC,notional
0x9cf4a9a93f441c43075d149add26d723050c54bb,alpix,18.92736,0.0,0,0,0,0,0,0,,,,,1,PERP_BNB_USDC,notional
0x195472f7f97148368b8ba031ea07e3cc42b5630b,alpix,18.13872,0.0,0,0,0,0,0,0,,,,,1,PERP_BNB_USDC,notional
0x3ffb9f6579c220e60a296de3e6771f61c376c60a,alpix,18.13872,0.0,0,0,0,0,0,0,,,,,1,PERP_BNB_USDC,notional
0x2a6ce079f46c2f4d30f9803a831510e9ed45bf20,alpix,16.56144,0.0,0,0,0,0,0,0,,,,,1,PERP_BNB_USDC,notional
0xbe62ec7ba0fbd36f8725e3e511d7f31ec841bf1e,alpix,14.98416,0.0,0,0,0,0,0,0,,,1.0,,1,PERP_BNB_USDC,notional
0xdd573d7b69efa3ef463facf7b01a6caf88b2dc1c,alpix,14.19552,0.0,0,0,0,0,0,0,,,,,1,PERP_BNB_USDC,notional
0xeb92a2d418b05e3ed73cf18ebbc971e0fc82e186,alpix,14.19552,0.0,0,0,0,0,0,0,,,,,1,PERP_BNB_USDC,notional
0xd16aee0bc356100725989eb4a849bb297908d820,alpix,14.19552,0.0,0,0,0,0,0,0,,,,,1,PERP_BNB_USDC,notional
0x1f2cb45ba7039aca6551308436b5f18d8e5db0df,alpix,14.19552,0.0,0,0,0,0,0,0,,,,,1,PERP_BNB_USDC,notional
0xd53e17f08ec17025d777f37c54751b4d00ac7409,alpix,14.19552,0.0,0,0,0,0,0,0,,,1.0,,1,PERP_BNB_USDC,notional
0x109f774a1aa7d3281045d420207a2ca6c2a56e6e,alpix,14.19552,0.0,0,0,0,0,0,0,,,1.0,,1,PERP_BNB_USDC,notional
0x344a1e9704414733233742e92a5f414da07df969,alpix,14.19552,0.0,0,0,0,0,0,0,,,1.0,,1,PERP_BNB_USDC,notional
0xe73fdb6c354d008204cbaa3894c105b5b3393077,alpix,14.19552,0.0,0,0,0,0,0,0,,,0.0,,1,PERP_BNB_USDC,notional
0x9945d80910f7a588c607d02df53c0767cb5a0964,alpix,14.19552,0.0,0,0,0,0,0,0,,,1.0,,1,PERP_BNB_USDC,notional
0x007b5997e67c12a8717fd4e710fb7f7ac0af13b7,alpix,13.40688,0.0,0,0,0,0,0,0,,,,,1,PERP_BNB_USDC,notional
0x161009878dcceafdf4abe60d98691cae8f7b5502,alpix,13.40688,0.0,0,0,0,0,0,0,,,,,1,PERP_BNB_USDC,notional
0x3e2db9392ef92dab404e39f4bd795f7e9b9fece7,alpix,13.40688,0.0,0,0,0,0,0,0,,,1.0,,1,PERP_BNB_USDC,notional
0x257cc0e62008d00674cce0fd59fc5835ecb7ef61,alpix,13.40688,0.0,0,0,0,0,0,0,,,1.0,,1,PERP_BNB_USDC,notional
0x8fe1795cbfdc5f64778d13f3ddbef27a6ee14a1a,alpix,13.40688,0.0,0,0,0,0,0,0,,,1.0,,1,PERP_BNB_USDC,notional
0x75caedd093cfa3511426f177e51ea119bcb808a2,alpix,13.40688,0.0,0,0,0,0,0,0,,,1.0,,1,PERP_BNB_USDC,notional
0x712171e585e1e9ab5dfdf2d4b4ff4edb57fb4c38,alpix,13.40688,0.0,0,0,0,0,0,0,,,1.0,,1,PERP_BNB_USDC,notional
0x49941b8aca63d7bb27ac1c645097ca60e6a32db6,alpix,13.40688,0.0,0,0,0,0,0,0,,,1.0,,1,PERP_BNB_USDC,notional
0x70fa473b82ab59ac5995f7ed055c7c92fe6f12e6,alpix,13.40688,0.0,0,0,0,0,0,0,,,1.0,,1,PERP_BNB_USDC,notional
0xb650beb6f408ed9edede97a4b5d1ff240d4c65a3,alpix,13.40688,0.0,0,0,0,0,0,0,,,1.0,,1,PERP_BNB_USDC,notional
0x651838de5018f802ef6d0dbffef928369d1425a5,interlink,13.40688,0.0,0,0,0,0,0,0,,,,,1,PERP_BNB_USDC,notional
0x1783904e1ea1e87ce078aa81c1ad363c8ab54702,alpix,13.40688,0.0,0,0,0,0,0,0,,,1.0,,1,PERP_BNB_USDC,notional
0x0fd0b7acb7c63d490ea36dfe03b26e86d4bb9747,alpix,13.40688,0.0,0,0,0,0,0,0,,,1.0,,1,PERP_BNB_USDC,notional
0x539cdca3dce8e3d491345052dca3a7b6a0c661b8,alpix,13.40688,0.0,0,0,0,0,0,0,,,,,1,PERP_BNB_USDC,notional
0x4d0a3faa55eb5b1a5d6a5175b6dedfac1ad82e53,alpix,13.40688,,0,0,0,0,0,0,,,,,1,PERP_BNB_USDC,notional
0x7b9e1a869126ed5b2a30b286f4cdeb33b5607fa0,alpix,13.40688,,0,0,0,0,0,0,,,,,1,PERP_BNB_USDC,notional
0x4daff7289b58dd1267f19712d291e0351559f89d,alpix,13.40688,,0,0,0,0,0,0,,,,,1,PERP_BNB_USDC,notional
0xee870dce98d2e2bc4da8180594dbdf5e60e0182c,alpix,13.40688,,0,0,0,0,0,0,,,,,1,PERP_BNB_USDC,notional
0xe2c074ed43b8b2b2423767fd88cb438821e9ef20,alpix,13.40688,,0,0,0,0,0,0,,,,,1,PERP_BNB_USDC,notional
0x438ab0d40ae3af9f69ef6dee52a98e9a2f45f73c,alpix,13.40688,,0,0,0,0,0,0,,,,,1,PERP_BNB_USDC,notional
0xe230f5c1be3d23cf30540e6c76b2735bebb4fd2b,alpix,13.40688,,0,0,0,0,0,0,,,,,1,PERP_BNB_USDC,notional
0x5dd7093217cbee56bbc7f7d4188cf8147f20cde1,interlink,12.61824,,0,0,0,0,0,0,,,,,1,PERP_BNB_USDC,notional
0xbd49e0eb90d8b4ef1260a0cae51299146b3d49cf,interlink,11.8296,,0,0,0,0,0,0,,,,,1,PERP_BNB_USDC,notional
0xda31906afd2560203e086b7c08a4c2bd58a34039,zetarium,10.25232,,0,0,0,0,0,0,,,,,1,PERP_BNB_USDC,notional
0x314923f06c408b1eb0f22ccf0ccec628a6f40333,vooi,7.09776,,0,0,0,0,0,0,,,,,1,PERP_BNB_USDC,notional
0x6d125fb0f6d07619f5a8dd7c59a3b0a04499a8e4,interlink,3.15456,,0,0,0,0,0,0,,,,,1,PERP_BNB_USDC,notional
0xe4bda893a27f9714680e7dc8623865e2e769cc53,ibx,3.15456,,0,0,0,0,0,0,,,,,1,PERP_BNB_USDC,notional
0x51adb13a3e131097fd4f36333e2073a9128947ab,elixir,1.57728,,0,0,0,0,0,0,,,,,1,PERP_BNB_USDC,notional
0x0dac164182e73de7c067179607a6e1d8165d6bb7,aden,2944.103584,0.0,0,0,0,0,0,0,,,,,1,PERP_BTC_USDC,notional
0xa5d908608f410a6e6b6b7155c6d9440a3d169a87,dfyn,2789.508416,0.0,0,0,0,0,0,0,,,,,1,PERP_BTC_USDC,notional
631komA2BkUTFk3N6xBQmQq6tGMquQAFs9LXXzxa5BC9,kongo,2304.487312,0.0,0,0,0,0,0,0,,,,,1,PERP_BTC_USDC,notional
3MgN9stYEds61vaMPpV5gwATTMDAykBGdsw7jNd3epGC,raydium,2025.026816,0.0,0,0,0,0,0,0,,0.0,0.0,,1,PERP_BTC_USDC,notional
0x9fe5b9819878679ada7f7ab19066f12393807498,logx,1985.953312,0.0,0,0,0,0,0,0,,,,,1,PERP_BTC_USDC,notional
0x8e9f6aa18e075ada3be86239e730ba178b9eb9e7,woofi_pro,1947.729232,0.0,0,0,0,0,0,0,,,,,1,PERP_BTC_USDC,notional
DbsXFwXCdX9pCaRDjWbcmE3PHCari59pm9QjqxCy71Cr,what_exchange,1698.848,0.0,0,0,0,0,0,0,,,,,1,PERP_BTC_USDC,notional
0x917b0cb42a0d7589b48d7a2b3ab6d681a203d516,vanta_exchange,1698.848,0.0,0,0,0,0,0,0,,,,,1,PERP_BTC_USDC,notional
0x728f9e53d565b9dc7a08de273f609a8512d927f9,logx,1681.85952,0.0,0,0,0,0,0,0,,,,,1,PERP_BTC_USDC,notional
0x005a3e49af2cf567d655c6ccb3e5982e1d55e72b,logx,1586.724032,0.0,0,0,0,0,0,0,,,,,1,PERP_BTC_USDC,notional
0xf2ba64a1069a413ec3f938e5093e1c744ea9acb0,vanta_exchange,1559.542464,0.0,0,0,0,0,0,0,,0.0,0.34782608695652173,,1,PERP_BTC_USDC,notional
0xcaced0cb59523335b3fbb9701eab89645e8d9444,rwaperp_xyz,1443.171376,0.0,0,0,0,0,0,0,,0.14285714285714285,0.3333333333333333,,1,PERP_BTC_USDC,notional
0x761e0605a0616c50f870d08e025d468fb05f2aae,fastx,1410.893264,0.0,0,0,0,0,0,0,,,,,1,PERP_BTC_USDC,notional
0x466c48539183493f3d64febe6c74ec8053ab13e4,woofi_pro,1274.136,0.0,0,0,0,0,0,0,,,,,1,PERP_BTC_USDC,notional
0x34db3c1f8e5784f5c8639ecb05c171540fcc7bd3,vooi,1268.190032,0.0,0,0,0,0,0,0,,,,,1,PERP_BTC_USDC,notional
7dnFSQauMe1Bg5UgPHm2Nmq1zNgZwHpP9giq5KEZYSNE,raydium,1083.865024,0.0,0,0,0,0,0,0,,,,,1,PERP_BTC_USDC,notional
0x7b5dc359cb1f00c9272cdfe6fec27a01adbccf43,woofi_pro,1012.513408,0.0,0,0,0,0,0,0,,,,,1,PERP_BTC_USDC,notional
0x5ea7ee1b7a1961c67d73a31b9def02847b99221b,woofi_pro,849.424,0.0,0,0,0,0,0,0,,,,,1,PERP_BTC_USDC,notional
0xb734092bdf9e44ac2958ecfacf5ec7d9917bb080,mememax,831.586096,0.0,0,0,0,0,0,0,,0.5,0.5,,1,PERP_BTC_USDC,notional
0xc898a9ec438823a5bbbb2adc7b918dddf4e2fa02,de1ai_dex,821.393008,0.0,0,0,0,0,0,0,,,0.25,,1,PERP_BTC_USDC,notional
9goMkRJhtnGJYKp6xcir7VCVCoUaaWvWEARc6dGJSAWX,raydium,777.22296,0.0,0,0,0,0,0,0,,,,,1,PERP_BTC_USDC,notional
0xfa690a785ee3d5b9fddf19d9526d890d80317f7e,mboys,770.427568,0.0,0,0,0,0,0,0,,,,,1,PERP_BTC_USDC,notional
0x2d0c616c23709f29addaed3de0e22bbb29f34db7,vooi,727.956368,0.0,0,0,0,0,0,0,,,,,1,PERP_BTC_USDC,notional
0x503f3ee72309ecf85fe66fc6d991ff8402736261,demo,719.462128,0.0,0,0,0,0,0,0,,,,,1,PERP_BTC_USDC,notional
0xc11bd5f5892a4fd326cce9d00566dc76677e32cf,woofi_pro,700.7748,0.0,0,0,0,0,0,0,,,0.0,,1,PERP_BTC_USDC,notional
0xa3afceef70d9a035a32753987be4a1c412a930a9,woofi_pro,656.604752,0.0,0,0,0,0,0,0,,,,,1,PERP_BTC_USDC,notional
0x7190f20e541bb06378af52927b628389bcb43e51,alpix,620.07952,0.0,0,0,0,0,0,0,,,,,1,PERP_BTC_USDC,notional
0x3aaf56ac3fbcfe1c0a07cf9ac10f7db3de5c5b26,vooi,609.037008,0.0,0,0,0,0,0,0,,,,,1,PERP_BTC_USDC,notional
0xe78cc80af22dc27719cd8fd8e50e9efcf93c8fd5,woofi_pro,603.940464,0.0,0,0,0,0,0,0,,,,,1,PERP_BTC_USDC,notional
0xd07370d6a7ac03fafcc0714907a6ea8a0ef153c1,fillx,587.801408,0.0,0,0,0,0,0,0,,,,,1,PERP_BTC_USDC,notional
0x3973f5ab8996f78c2d4ca439a7c5146bab2ab2f5,de1ai_dex,580.156592,0.0,0,0,0,0,0,0,,,0.36363636363636365,,1,PERP_BTC_USDC,notional
0x846144787ec4fed4ea2c633db388d7788db56f57,vanta_exchange,529.191152,0.0,0,0,0,0,0,0,,0.0,0.0,,1,PERP_BTC_USDC,notional
AjGgLCma91fv8FfPn7ukUR1EwhQkefqyCtLuNsZUeh5z,raydium,496.91304,0.0,0,0,0,0,0,0,,,,,1,PERP_BTC_USDC,notional
0x280de9f7e54b6d64ced2c51b499874fd3aa298eb,woofi_pro,495.214192,0.0,0,0,0,0,0,0,,,,,1,PERP_BTC_USDC,notional
9b4dMXQ1MuZxcAcQrNJYoc7uW3Uui4xMeqabTFye5jUW,raydium,484.17168,0.0,0,0,168.5,0,0,2,0.0,0.4,0.3188405797101449,84.25,1,PERP_BTC_USDC,notional
0x2142248bda0d9613baf9df848bbefd8eac723d3e,woofi_pro,477.376288,0.0,0,0,0,0,0,0,,,0.0,,1,PERP_BTC_USDC,notional
0x192a4087956423b6bad7e099a718b6d46e224d94,vanta_exchange,451.044144,0.0,0,0,0,0,0,0,,0.0,0.3399014778325123,,1,PERP_BTC_USDC,notional
3HE78fTDHUL3xPdLtQtSCtwwdYE6MyYc4cp8cryAADM8,raydium,445.9476,0.0,0,0,0,0,0,0,,,0.3333333333333333,,1,PERP_BTC_USDC,notional
0xf434e62bb100f681dffafdaabd1e8eb25053f887,logx,433.20624,0.0,0,0,0,0,0,0,,,,,1,PERP_BTC_USDC,notional
0xd2dbe809422f3abafe971651e44ed711cc577d00,woofi_pro,428.95912,0.0,0,0,0,0,0,0,,,,,1,PERP_BTC_USDC,notional
0x2559e386089f9e931100ab4b47d11d395d4d235b,woofi_pro,428.95912,0.0,0,0,0,0,0,0,,,,,1,PERP_BTC_USDC,notional
0xd98c2337289e905f6881ebacbd61f3424304a598,logx,401.777552,0.0,0,0,0,0,0,0,,,,,1,PERP_BTC_USDC,notional
B3DNd5ZaSFYdEGmb3kfnNtNueVYvgtQicWCqo652eyxm,raydium,388.186768,0.0,0,0,0,0,0,0,,,,,1,PERP_BTC_USDC,notional
0x330270f8ed7ce1cffba8a49b5fcd4ff3feaad2c0,woofi_pro,377.144256,0.0,0,0,0,0,0,0,,,0.45454545454545453,,1,PERP_BTC_USDC,notional
3TCM4DGB7Qru91geyjC4fLNDkAHfuY3jQJKHh9udG2Mp,raydium,366.951168,0.0,0,0,0,0,0,0,,0.0,0.0,,1,PERP_BTC_USDC,notional
0x766d2314b00eaf0fd18fcd71c5aa523aa09bc860,logx,361.854624,0.0,0,0,0,0,0,0,,,,,1,PERP_BTC_USDC,notional
0xb1108cc5b4402f1a9a12594a93369d16abcf2d92,clawsx,348.26384,0.0,0,0,0,0,0,0,,,,,1,PERP_BTC_USDC,notional
0xf1e67f5bf7e112a05525f564e78837b0760f5f24,mememax,293.900704,0.0,0,0,0,0,0,0,,,0.42857142857142855,,1,PERP_BTC_USDC,notional
0xe26713b37f3495717b9731bac3bd2d5c9a5d8ceb,logx,292.201856,0.0,0,0,0,0,0,0,,,,,1,PERP_BTC_USDC,notional
0xba51f3fd8303e144e527cb39cc98adcc1c937801,mememax,290.503008,0.0,0,0,0,0,0,0,,,,,1,PERP_BTC_USDC,notional
0x10016238c42709ece5ae1b6bea362ee9cac53c75,logx,282.008768,0.0,0,0,0,0,0,0,,,,,1,PERP_BTC_USDC,notional
0xc6d8f1d783451c84affe4032d9f5a035c47ff0ad,logx,280.30992,0.0,0,0,0,0,0,0,,,,,1,PERP_BTC_USDC,notional
0xea8ad4ff247f944148b676e8eb68e14d76104974,logx,278.611072,0.0,0,0,0,0,0,0,,,,,1,PERP_BTC_USDC,notional
0x2dd71aa8be7d159dd079a97d031c6594f68f5743,rwaperp_xyz,270.116832,0.0,0,0,0,0,0,0,,,,,1,PERP_BTC_USDC,notional
0x2a3d5fc1544f80433c457b02b51eabe25d806297,woofi_pro,254.8272,0.0,0,0,0,0,0,0,,,,,1,PERP_BTC_USDC,notional
0x5eacb56424d464f5037dd389051b112629d6f724,ibx,242.08584,0.0,0,0,0,0,0,0,,,,,1,PERP_BTC_USDC,notional
0x7f635413851bc57d7c5660fcfe68d67a68ec0a07,logx,236.139872,0.0,0,0,0,0,0,0,,,,,1,PERP_BTC_USDC,notional
0x20a6312f0d5676596cfadf9548422c79071f8250,vooi,231.043328,0.0,0,0,0,0,0,0,,,,,1,PERP_BTC_USDC,notional
0x80568a6864a0c6dbe5891d4b502da2a6d69c0af5,fillx,231.043328,0.0,0,0,0,0,0,0,,,,,1,PERP_BTC_USDC,notional
0xb1e1c0c5345e3cd0c80b1930cbb001ccc7127d7a,veaxdex,228.495056,0.0,0,0,0,0,0,0,,,,,1,PERP_BTC_USDC,notional
0xec771c2ea2816e8a5771080118034af74f93a298,woofi_pro,225.09736,0.0,0,0,0,0,0,0,,,,,1,PERP_BTC_USDC,notional
0x13f82e5e34b9c78aab82705dbb194871e123168f,what_exchange,225.09736,0.0,0,0,0,0,0,0,,,,,1,PERP_BTC_USDC,notional
0x21e23e40621ec4c0df4bfc017d0b0e7019cc91fc,logx,215.753696,0.0,0,0,0,0,0,0,,,,,1,PERP_BTC_USDC,notional
0xd2f479a79a85ade26ba9d034a2d651d0fd4ff8ab,logx,213.205424,0.0,0,0,0,0,0,0,,,,,1,PERP_BTC_USDC,notional
0x5b88d9b9f5ec542b7019e14bfcb3987a0d1df305,aark,208.10888,0.0,0,0,0,0,0,0,,,,,1,PERP_BTC_USDC,notional
0x8a643fcf0d196a8a62615da3c0395f56d930a059,logx,207.259456,0.0,0,0,0,0,0,0,,,,,1,PERP_BTC_USDC,notional
6fX8eP5JZj4dsKTpedKrv8eF7WMJxqfTsZbSu2QuJ1ZE,sproutperps,201.313488,0.0,0,0,0,0,0,0,,,,,1,PERP_BTC_USDC,notional
0x716a3e563895f0247994721c846a0eb264b028e6,woofi_pro,200.464064,,0,0,0,0,0,0,,,,,1,PERP_BTC_USDC,notional
0x585324487f227dd458e013e06e6e16f942b0a288,logx,196.216944,,0,0,0,0,0,0,,,,,1,PERP_BTC_USDC,notional
0xcc2bff5719c477d8144fe34d3b70d71d6cde0cb1,vooi,191.969824,,0,0,0,0,0,0,,,,,1,PERP_BTC_USDC,notional
0x128f9d69cc2b6a59f3b9f950308629f5d34b43d7,woofi_pro,188.572128,,0,0,0,0,0,0,,,,,1,PERP_BTC_USDC,notional
0x4e60b98b0df40885dcb6802c49325b943f105755,woofi_pro,186.87328,,0,0,0,0,0,0,,,,,1,PERP_BTC_USDC,notional
4eMWot9Xcgz3A2D71Tvra3Sg9nvL1nWJ9kiWDqsMJWEj,raydium,180.082976,,0,0,0,0,0,0,,,,,1,PERP_BTC_USDC,notional
0xce303fa2b0334b616136f39225251f36f689085c,logx,174.986288,,0,0,0,0,0,0,,,,,1,PERP_BTC_USDC,notional
0x6c1d7ee221ec615fb69290406d1643867af33ee5,logx,166.491808,,0,0,0,0,0,0,,,,,1,PERP_BTC_USDC,notional
0xdfb2d349108bdc897c3e1c7f89c0c1638f42d7f2,logx,163.943464,,0,0,0,0,0,0,,,,,1,PERP_BTC_USDC,notional
0x4ffa5d63b2cbba6e44f4668d60ba07f79dad9d44,woofi_pro,163.094016,,0,0,0,0,0,0,,,,,1,PERP_BTC_USDC,notional
0x4b5d010a2469af661f2e5ab4fadca72eb1230988,orderly,163.094016,,0,0,0,0,0,0,,,,,1,PERP_BTC_USDC,notional
0x8fd140e4226ade91eaf15df465a5739897399e7c,interlink,160.545672,,0,0,0,0,0,0,,,,,1,PERP_BTC_USDC,notional
0x3fda4e2573499b11139b06024646627a49648ea3,fillx,159.696224,,0,0,0,0,0,0,,,,,1,PERP_BTC_USDC,notional
0x8966d8acbb4b0d5830fca4b0dd3b134e41049b19,jojo,152.051192,,0,0,0,0,0,0,,,,,1,PERP_BTC_USDC,notional
4HGD3vgcjzu7dc5J1Ab6CbdEV2bVYdzZA9aj9fDD5imv,raydium,151.201744,,0,0,0,0,0,0,,,,,1,PERP_BTC_USDC,notional
0xc280797d5a53d96fd600406a3f823dfb7930d243,logx,146.105056,,0,0,0,0,0,0,,,,,1,PERP_BTC_USDC,notional
0x8b51ff9fedb6894caee109445c47a7adb04bcd15,woofi_pro,144.40616,,0,0,0,0,0,0,,,,,1,PERP_BTC_USDC,notional
0x23b411eacf6ad8800819f9ea9da5407b9047c06e,logx,140.15892,,0,0,0,0,0,0,,,,,1,PERP_BTC_USDC,notional
0x9e06d33f847b3bbaeccc9910b0f1c2cf9f808e40,logx,140.15892,,0,0,0,0,0,0,,,,,1,PERP_BTC_USDC,notional
0x0c439c264d4c66a964ae915b20969411ef22667b,woofi_pro,140.15892,,0,0,0,0,0,0,,,,,1,PERP_BTC_USDC,notional
0xf7f1ae6e7634237c02a2d32b7de3f653177578a2,sharpe_ai,137.610576,,0,0,0,0,0,0,,,,,1,PERP_BTC_USDC,notional
0xe89520a5ffa9a4600f5f7f39754a14433fcd7e06,woofi_pro,137.610576,,0,0,0,0,0,0,,,,,1,PERP_BTC_USDC,notional
0xdf644e3bb9c821f71e6250f38bec2b42ae300a64,logx,137.610576,,0,0,0,0,0,0,,,,,1,PERP_BTC_USDC,notional
0x1e34b42f23871aaf6a8bff113d7241ad6b936ee7,logx,135.91168,,0,0,0,0,0,0,,,,,1,PERP_BTC_USDC,notional
7k3XSBRcX1XXkCfznKa3ZA9Tvs1mthMaCSF85JryDJ9E,dextools,133.363336,,0,0,0,0,0,0,,,,,1,PERP_BTC_USDC,notional
0xc067b468e21459d2f5bd33ce3b8d08017849eb28,logx,130.814992,,0,0,0,0,0,0,,,,,1,PERP_BTC_USDC,notional
0x7267c24cfb47c3d9aad1c275896ea58f9ba09709,what_exchange,124.019408,,0,0,0,0,0,0,,,,,1,PERP_BTC_USDC,notional
0x6a1d5e01bdc7b2472e72499504b740f152660b42,logx,122.320512,,0,0,0,0,0,0,,,,,1,PERP_BTC_USDC,notional
0x111044e003a57a33a638ecb781834893d691e383,logx,121.471064,,0,0,0,0,0,0,,,,,1,PERP_BTC_USDC,notional
0x82da1287b3388cc1fa377ae55717e8a3573599f2,emdx_dex,119.772168,,0,0,0,0,0,0,,,,,1,PERP_BTC_USDC,notional
0x977bd3b1e3ed04d2b6f91011a0560a5e3335889b,oxium,117.223824,,0,0,0,0,0,0,,,,,1,PERP_BTC_USDC,notional
3S18UfXoAkeX1b2mCtPKsm56u3c8r97VyCQ53rsdib7W,solinu,117.223824,,0,0,0,0,0,0,,,,,1,PERP_BTC_USDC,notional
0xb84e5b495631fc228dce063a15dda195f5861104,logx,115.524928,,0,0,0,0,0,0,,,,,1,PERP_BTC_USDC,notional
0xa542d33f75c558b2eeac7fb7cdddd584458de1d0,interlink,113.826032,,0,0,0,0,0,0,,,,,1,PERP_BTC_USDC,notional
0x4bebaea229a213ff97dcf1dd436c6b98b38ace85,vooi,111.277688,,0,0,0,0,0,0,,,,,1,PERP_BTC_USDC,notional
0xd9068ccb8f1c64f9f369bece40e4e67f71fd5e2c,interlink,108.729344,,0,0,0,0,0,0,,,,,1,PERP_BTC_USDC,notional
0x9a17ac677d81b9159b5221fccf6b220526f437b5,logx,102.783208,,0,0,0,0,0,0,,,,,1,PERP_BTC_USDC,notional
0xe1ae5a40222d27844a6805dc021ea708416cbf58,logx,102.783208,,0,0,0,0,0,0,,,,,1,PERP_BTC_USDC,notional
0x14ffeed92e738d42f696ba187572b17bfdb82ecd,logx,102.783208,,0,0,0,0,0,0,,,,,1,PERP_BTC_USDC,notional
0x1a2a861362957d46dae95321b6b1b24289af97cf,woofi_pro,101.93376,,0,0,0,0,0,0,,,,,1,PERP_BTC_USDC,notional
0x3d8f6f26edff3f32c164d7e391578b6a7de0934d,aden,99.385416,,0,0,0,0,0,0,,,,,1,PERP_BTC_USDC,notional
0xb4ee313841a3ce2a45c6d6858bf661b7bbf0e010,aden,97.68652,,0,0,0,0,0,0,,,,,1,PERP_BTC_USDC,notional
8vnRNmh3DaX9KQLKWR7LyGqRM4LruKrtBAYDjWGwRJwj,raydium,94.288728,,0,0,0,0,0,0,,,,,1,PERP_BTC_USDC,notional
2cGbtZmpHjdVqesjgqPfV4wZ6TwXydRQcCQxHcsfyLz3,raydium,93.43928,,0,0,0,0,0,0,,,,,1,PERP_BTC_USDC,notional
4cxpMabEQqULVwgSeQiHuwkBH7sWFpSfLgLS7MgXUxKu,raydium,92.589832,,0,0,0,0,0,0,,,,,1,PERP_BTC_USDC,notional
0xa752c18a6af475c6b149a5e084673bd29ad6858a,boom,91.740384,,0,0,0,0,0,0,,,,,1,PERP_BTC_USDC,notional
FkofXUXHU9fNbd8Bn9bUYqNUo8mQe2dqgHgQ8hw9aJXa,dextools,90.890936,,0,0,0,0,0,0,,,,,1,PERP_BTC_USDC,notional
0x942b89a5943c5e79dabf2a9d0694e87ee2334ee8,logx,90.041488,,0,0,0,0,0,0,,,,,1,PERP_BTC_USDC,notional
0xeacf96b6866324ca4991aa7314e8d87b01f06b08,interlink,87.493144,,0,0,0,0,0,0,,,,,1,PERP_BTC_USDC,notional
0x4b0ab2e7f7783b8bb3a635f6ace28064da40166c,vanta_exchange,84.9448,,0,0,0,0,0,0,,,,,1,PERP_BTC_USDC,notional
0xc693f018797d54ac0541bf9276eafdd39ad076b0,dbit0901_lumi,84.9448,,0,0,0,0,0,0,,,,,1,PERP_BTC_USDC,notional
Bp8qp4G2uZuBcwVGQEE5KtpLdhhHfXjaJxUUijemiVye,atoken,84.9448,,0,0,0,0,0,0,,,,,1,PERP_BTC_USDC,notional
0x490b55d66bb2316b90f0f87dc0b075d9db3bd1a9,ibx,84.9448,,0,0,0,0,0,0,,,,,1,PERP_BTC_USDC,notional
0x91cd2600575123ce36eeb696fe195d16023e3d20,aden,84.095352,,0,0,0,0,0,0,,,,,1,PERP_BTC_USDC,notional
3d2rtrnWs4MkiHrH3MbVEszDEaaFNbXXb87TpjAjZnbM,dextools,84.095352,,0,0,83.636784,0,0,1,,,,83.636784,1,PERP_BTC_USDC,notional
0x8087d63c67947bb53c484b73b0be2562df10f4cc,kodiak,83.245904,,0,0,0,0,0,0,,,,,1,PERP_BTC_USDC,notional
0x495ae45730ececdcd60b070d5fb69bca76022937,woofi_pro,83.245904,,0,0,0,0,0,0,,,,,1,PERP_BTC_USDC,notional
0xc40cfb65038a4979e431077428db93ec363da3e0,vooi,82.396456,,0,0,0,0,0,0,,,,,1,PERP_BTC_USDC,notional
0x63d473197b2b3fb41d744947959813218602b112,iotrader,81.547008,,0,0,0,0,0,0,,,,,1,PERP_BTC_USDC,notional
0x048f9b84f4c1d6ffb1987b2a3ec109192e9f7fa7,vooi,81.547008,,0,0,0,0,0,0,,,,,1,PERP_BTC_USDC,notional
ELcqnEFx5eCKAs46xj9pzLUmiNCHszGxQrViLZsJ5WU,dextools,80.69756,,0,0,0,0,0,0,,,,,1,PERP_BTC_USDC,notional
0x7359212a66c7171d20d35d1cfad3f5a2a5267aab,logx,79.848112,,0,0,0,0,0,0,,,,,1,PERP_BTC_USDC,notional
7J2hgzPzEH6jhN3TAdtYCB8fDkyBbKAjPS1UaBsz6poj,nonkyc,79.848112,,0,0,0,0,0,0,,,,,1,PERP_BTC_USDC,notional
DG7YFDaCRjYT3nFpDAhk1vjBWqR3UzwtnjBbkxDNCXaW,raydium,78.149216,,0,0,0,0,0,0,,,,,1,PERP_BTC_USDC,notional
7Xa5CXgw64n53fMeQPaKbbLi2wHhJRLzic1XeCe3PcQQ,raydium,78.149216,,0,0,0,0,0,0,,,,,1,PERP_BTC_USDC,notional
0xad11c5aa6f289c8e2fed77abdada26e565f3872a,logx,77.299768,,0,0,0,0,0,0,,,,,1,PERP_BTC_USDC,notional
0xc07c1b411cb1f4bae8b3a96502e67d471bd74846,quick_perps,77.299768,,0,0,0,0,0,0,,,,,1,PERP_BTC_USDC,notional
0x64f0362a260facc6a1d015505cf39a461921e116,woofi_pro,74.751424,,0,0,0,0,0,0,,,,,1,PERP_BTC_USDC,notional
0xeb0d75210648f025068616646c8bd47bf8f205c2,hopex,73.052528,,0,0,0,0,0,0,,,,,1,PERP_BTC_USDC,notional
0x661add1f34784c14e71575765f86f9087bdd936b,mode,72.20308,,0,0,0,0,0,0,,,,,1,PERP_BTC_USDC,notional
0x9c5e0e76ccd653857a9acd175738b8fd20daaf3e,vooi,70.504184,,0,0,0,0,0,0,,,,,1,PERP_BTC_USDC,notional
0xabc1c3217dc3da73270034d2c8cf9d1cce5a01db,logx,70.504184,,0,0,0,0,0,0,,,,,1,PERP_BTC_USDC,notional
0xc3051f78f4453eccf5aaf8b8c1db7d2b57ab29d5,vooi,69.654736,,0,0,0,0,0,0,,,,,1,PERP_BTC_USDC,notional
0x403f75897972d5858f3a536dd2e5efacc4fd61a4,logx,68.805288,,0,0,0,0,0,0,,,,,1,PERP_BTC_USDC,notional
0x13d2b4c38651c0b7239268734feaa106297aa607,woofi_pro,67.95584,,0,0,0,0,0,0,,,,,1,PERP_BTC_USDC,notional
0x251211705cf9f423be67f6008b5635eb58bd7725,logx,67.95584,,0,0,0,0,0,0,,,,,1,PERP_BTC_USDC,notional
0x126835fec161dcc579ab3d433b3bf3e5edf93119,logx,66.256944,,0,0,0,0,0,0,,,,,1,PERP_BTC_USDC,notional
0xc0d1ecaefb81f649bf14b8d5bace11f39755c868,logx,65.407496,,0,0,0,0,0,0,,,,,1,PERP_BTC_USDC,notional
0xc3d5b4b1188f14aa72ea9aeac31355e9de219e15,woofi_pro,65.407496,,0,0,0,0,0,0,,,,,1,PERP_BTC_USDC,notional
0x1e2633e883e1aad2d2757a1372ab8736bfba4bf1,ibx,65.407496,,0,0,0,0,0,0,,,,,1,PERP_BTC_USDC,notional
0x79917490fd58edd9b2452f6ff4a32b43f02b4100,woofi_pro,64.558048,,0,0,0,0,0,0,,,,,1,PERP_BTC_USDC,notional
0x593aad0d6313a6912544a81e789fea81bb6ce817,woofi_pro,64.558048,,0,0,0,0,0,0,,,,,1,PERP_BTC_USDC,notional
0x715c5da8b9529eb1f61eddab65ef86c1eb89dc87,vooi,64.558048,,0,0,0,0,0,0,,,,,1,PERP_BTC_USDC,notional
0x22c0259870aac800347d8e20870b9ecf40665959,emdx_dex,63.7086,,0,0,0,0,0,0,,,,,1,PERP_BTC_USDC,notional
0x2c98e74e0b065a17758ddee14286d956bc948c0f,logx,62.859152,,0,0,0,0,0,0,,,,,1,PERP_BTC_USDC,notional
0x4be0b11b47caf2f60a57726da7f59a312b78f7ef,vanta_exchange,62.009704,,0,0,0,0,0,0,,,,,1,PERP_BTC_USDC,notional
0x859107f8b58fe781530b471729c1cdda904eec18,logx,62.009704,,0,0,0,0,0,0,,,,,1,PERP_BTC_USDC,notional
0x94a85ff5ed1fe4fc6e6f1b25e8405143d53a4a45,emdx_dex,61.160256,,0,0,0,0,0,0,,,,,1,PERP_BTC_USDC,notional
0xe301fd8841fecba15ebef471bc873fe0cd723f8e,vooi,61.160256,,0,0,0,0,0,0,,,,,1,PERP_BTC_USDC,notional
0xd0ea5844385f5907532f7fbacb6460fd358c570c,emdx_dex,61.160256,,0,0,0,0,0,0,,,,,1,PERP_BTC_USDC,notional
0x2c7f521b0c790c850993a58b67fdde567edb0df7,logx,58.611912,,0,0,0,0,0,0,,,,,1,PERP_BTC_USDC,notional
GyaPcNjx89sB73E47LhGS83n7LC9S3gWCyf2F2L5wL4V,raydium,58.611912,,0,0,0,0,0,0,,,,,1,PERP_BTC_USDC,notional
0x9948aa07d5b202f38b83a68a11261f969a0378de,woofi_pro,55.21412,,0,0,0,0,0,0,,,,,1,PERP_BTC_USDC,notional
0x613cb5eaf514a1a56c6f7361f2bcda10cd0964cb,honeypot,54.364672,,0,0,0,0,0,0,,,,,1,PERP_BTC_USDC,notional
0xa9b44fcd364511c9c8955d32be73633a60c1a6ab,woofi_pro,54.364672,,0,0,0,0,0,0,,,,,1,PERP_BTC_USDC,notional
0xf45b76e5ad930883281f2029c2d4ae4541d6fd89,emdx_dex,52.665776,,0,0,0,0,0,0,,,,,1,PERP_BTC_USDC,notional
0x8239d8d1e3997f0cad2334c1e0fee2feca67bc5e,mode,51.816328,,0,0,0,0,0,0,,,,,1,PERP_BTC_USDC,notional
0x7cfe310b31c71c45a8141326cb73f7e248a42bd1,brownian,50.96688,,0,0,0,0,0,0,,,,,1,PERP_BTC_USDC,notional
0x91f55d64a573d82794bc4f473dd5a1c06a027382,alpix,50.117432,,0,0,0,0,0,0,,,,,1,PERP_BTC_USDC,notional
0xf636e2f514e54b67af9d82b038443e43255543ac,woofi_pro,49.267984,,0,0,0,0,0,0,,,,,1,PERP_BTC_USDC,notional
0xeae14ffa7f5c4019b5862d2dd4d3ce3783300133,fusionx_pro,48.418536,,0,0,0,0,0,0,,,,,1,PERP_BTC_USDC,notional
0x0c295f253ed34902dbe67c5ef1e7d1a13896b248,emdx_dex,48.418536,,0,0,0,0,0,0,,,,,1,PERP_BTC_USDC,notional
0xfdb4e6ceb5950c9949e64e5e0afc663290b9c8c4,logx,48.418536,,0,0,0,0,0,0,,,,,1,PERP_BTC_USDC,notional
0x2994d39adce9dacaceae81c6276f3821aed626c5,orderly,45.020744,,0,0,0,0,0,0,,,,,1,PERP_BTC_USDC,notional
0x0cd81b23eecce3f47cc995a7e866c4e801f350c4,alpix,44.171296,,0,0,0,0,0,0,,,,,1,PERP_BTC_USDC,notional
0x3de009c7adecf4d435fe0aa054c4c558032c5b4b,primit,44.171296,,0,0,0,0,0,0,,,,,1,PERP_BTC_USDC,notional
0xc22e0fdca24e5f8e9bfffd1d581b006ca35ead4d,rwaperp_xyz,43.321848,,0,0,0,0,0,0,,,,,1,PERP_BTC_USDC,notional
0xc9dcee478bd4e468efe4740a8e80757bfa48bd05,woofi_pro,43.321848,,0,0,0,0,0,0,,,,,1,PERP_BTC_USDC,notional
0x928fb4d59dda96ca3c72b8c5a32e2feb05b4f8b1,mode,42.4724,,0,0,42.2601,0,0,1,,,,42.2601,1,PERP_BTC_USDC,notional
0x68db42696ac551dc858c956fe9e9e769b504b571,logx,42.4724,,0,0,0,0,0,0,,,,,1,PERP_BTC_USDC,notional
0x9b8fc6be71d370a010814c99381efebf138c2729,logx,41.622952,,0,0,0,0,0,0,,,,,1,PERP_BTC_USDC,notional
0x12ee901b1d4185c3c242044f90628018ceae1b1c,logx,40.773504,,0,0,0,0,0,0,,,,,1,PERP_BTC_USDC,notional
0xa5cce50b52eba6c30be3f18def74a98472ff3f3d,woofi_pro,40.773504,,0,0,0,0,0,0,,,,,1,PERP_BTC_USDC,notional
0x087b3be488b3d611883c4361dc563d2077ae9867,logx,40.773504,,0,0,0,0,0,0,,,,,1,PERP_BTC_USDC,notional
0x6971e87d8d4ff48b8c292380abf57f54f83ef764,woofi_pro,40.773504,,0,0,0,0,0,0,,,,,1,PERP_BTC_USDC,notional
0x5ff68a0ab297b5b2c5f96a3345e74840abed1dab,iotrader,40.773504,,0,0,0,0,0,0,,,,,1,PERP_BTC_USDC,notional
0x88687f61f5c1ed4c002a5111e88c5e8e3000ccae,kodiak,39.924056,,0,0,0,0,0,0,,,,,1,PERP_BTC_USDC,notional
0x688a25df1038e2c2d4d05213be90340f3ead6dd3,logx,39.924056,,0,0,0,0,0,0,,,,,1,PERP_BTC_USDC,notional
9Jz7fXMx3QVMHcT7Ch674ZwigpGbuRYqyzXC9Hon2jRJ,raydium,39.924056,,0,0,0,0,0,0,,,,,1,PERP_BTC_USDC,notional
0xf9b625694646a54b19cffcd726ede37a06d2855c,logx,39.924056,,0,0,0,0,0,0,,,,,1,PERP_BTC_USDC,notional
3s2dXaCvGywvch4SKU44tDpS4gdd7AAjN1Q2k9RBfynJ,raydium,39.924056,,0,0,0,0,0,0,,,,,1,PERP_BTC_USDC,notional
0x6a3f15e6ad42d70a7e3d109bb839123a2fc813ec,woofi_pro,39.924056,,0,0,0,0,0,0,,,,,1,PERP_BTC_USDC,notional
0x96779e768affe4e6e8eb63dda20cb2d70d7c3e5d,interlink,39.074608,,0,0,0,0,0,0,,,,,1,PERP_BTC_USDC,notional
0x918faab5c4fb561d27581fb6aa1c8751af5b25b4,dextrousfinance,38.22516,,0,0,0,0,0,0,,,,,1,PERP_BTC_USDC,notional
0x8ca43e09003a52cee722e8dc0b837eda07fa8376,logx,38.22516,,0,0,0,0,0,0,,,,,1,PERP_BTC_USDC,notional
0x1433846ae16343b0eef42d4b77aec452a449dc76,quick_perps,38.22516,,0,0,0,0,0,0,,,,,1,PERP_BTC_USDC,notional
0x398c7e14d9f3793463d27f376ff4e0ebac2c7333,logx,37.375712,,0,0,0,0,0,0,,,,,1,PERP_BTC_USDC,notional
0xe1505f2302faccd2c0520b5d90a10ae1f63525fa,logx,37.375712,,0,0,0,0,0,0,,,,,1,PERP_BTC_USDC,notional
0x7c4530f47d6f87f7d4213a232bd60e724c3bb2eb,logx,37.375712,,0,0,0,0,0,0,,,,,1,PERP_BTC_USDC,notional
0x2fa3972d334279f4fe3fe648889086bea0c769c6,woofi_pro,37.375712,,0,0,0,0,0,0,,,,,1,PERP_BTC_USDC,notional
0x297a5701419a6c99c68872270a27bba90d754867,alpix,37.375712,,0,0,0,0,0,0,,,,,1,PERP_BTC_USDC,notional
0xd8b4869fd73005bd021234ea46480e1dd8566ed9,aden,37.375712,,0,0,0,0,0,0,,,,,1,PERP_BTC_USDC,notional
0x65faa39892364c26b67fa8a2c4ed905027503ae3,bbx,36.526264,,0,0,0,0,0,0,,,,,1,PERP_BTC_USDC,notional
EjHqxGadShXHAbtZS2dHcnjfmSU8iD4MGj4VbaqtoU95,velto,35.676816,,0,0,0,0,0,0,,,,,1,PERP_BTC_USDC,notional
0x920a15aedd6724358e5ec1cac9b3893fdc22026b,logx,34.827368,,0,0,0,0,0,0,,,,,1,PERP_BTC_USDC,notional
0xecee211d2726304fc38a7cf9e51a96e24ad5dc23,logx,34.827368,,0,0,0,0,0,0,,,,,1,PERP_BTC_USDC,notional
0xcd6701225c827bd5b29fa724a4a2dbe38d606136,logx,34.827368,,0,0,0,0,0,0,,,,,1,PERP_BTC_USDC,notional
6FSMJ8BjwRNs3pR6p6LD8vmwjWMWEsoZL8JeCW9G698,raydium,34.827368,,0,0,0,0,0,0,,,,,1,PERP_BTC_USDC,notional
0x74b3f1c6c9d5ec6ada803a38a7b5e8bc4f3ab18e,noot,34.827368,,0,0,0,0,0,0,,,,,1,PERP_BTC_USDC,notional
0x6514576ab5cf8246ae034a968a6a87c4e3cc25c4,logx,33.97792,,0,0,0,0,0,0,,,,,1,PERP_BTC_USDC,notional
0x66b33aad279359c2feba1ee2d5c32f50e4b50007,aden,33.128472,,0,0,0,0,0,0,,,,,1,PERP_BTC_USDC,notional
0xdf9a709c649634ae724d5a26634c1425a28930c3,emdx_dex,33.128472,,0,0,0,0,0,0,,,,,1,PERP_BTC_USDC,notional
CjjA4gwKvGZ1N2BrNC6t1ChyReabrkc6z9FFLJoLf8KD,raydium,32.279024,,0,0,0,0,0,0,,,,,1,PERP_BTC_USDC,notional
0x38c56aadb45a61b9e7539ad05afa7f0f31098cdc,logx,32.279024,,0,0,0,0,0,0,,,,,1,PERP_BTC_USDC,notional
DpNwcLqvnivUJ6njYkoYyZkK7C74SmdCztrPbpgq1rV,emdx_dex,32.279024,,0,0,0,0,0,0,,,,,1,PERP_BTC_USDC,notional
0x58c55ea0bc43f40de0abd426a212af55f3f07545,ascendex,31.429576,,0,0,0,0,0,0,,,,,1,PERP_BTC_USDC,notional
0x3d5e4af8ef2fb321f4cf35475e75172155bdbfdf,emdx_dex,31.429576,,0,0,0,0,0,0,,,,,1,PERP_BTC_USDC,notional
0xa45bd11166393a27e6e757fbceaaf7f206c5e1af,interlink,30.580128,,0,0,0,0,0,0,,,,,1,PERP_BTC_USDC,notional
0x2eedf5dd18f1f41c968cee3155716a31ecff06bd,logx,30.580128,,0,0,0,0,0,0,,,,,1,PERP_BTC_USDC,notional
0x0299cf9944a93cfd262d781ae0ab7c52fe0b2e0b,logx,30.580128,,0,0,0,0,0,0,,,,,1,PERP_BTC_USDC,notional
0x8b77ca0965ef786b4f86e738f32af5df7aa4489d,primit,30.580128,,0,0,0,0,0,0,,,,,1,PERP_BTC_USDC,notional
HBHSg5pp857Dxkn1NaFP2RGghDbvKe7aGCLnt6fuGkJm,woofi_pro,30.580128,,0,0,0,0,0,0,,,,,1,PERP_BTC_USDC,notional
0xbde9ca5940bfc9f3521d762310710bcb951d76da,logx,29.73068,,0,0,0,0,0,0,,,,,1,PERP_BTC_USDC,notional
0xb7376b6e074b1f2688f7f0dc9f84d11aea592755,woofi_pro,29.73068,,0,0,0,0,0,0,,,,,1,PERP_BTC_USDC,notional
0x17424ccccae665fa85c3d424540e9fa87a5af3a5,kodiak,29.73068,,0,0,0,0,0,0,,,,,1,PERP_BTC_USDC,notional
0x6b3ebd3430a7672ba34d4266334eb35f6071c963,logx,28.881232,,0,0,0,0,0,0,,,,,1,PERP_BTC_USDC,notional
0x41a69b6e53fa6d5b9739a910733e36f3760aeea2,vooi,28.881232,,0,0,0,0,0,0,,,,,1,PERP_BTC_USDC,notional
0xa054423571dc922130608f98b9e6d6c4c744ee4c,woofi_pro,28.881232,,0,0,0,0,0,0,,,,,1,PERP_BTC_USDC,notional
0xb314a96b9cc43d68e9d64afb152567b2be21e89a,logx,28.031784,,0,0,0,0,0,0,,,,,1,PERP_BTC_USDC,notional
F9D7NKQWWTCVn8tr3KCunrTGgQ6qMA3d2XBHD9iBmyqV,woofi_pro,28.031784,,0,0,0,0,0,0,,,,,1,PERP_BTC_USDC,notional
E1dYMz5CU9jcFoarejuvbLkyeqWDL5ynqZhT52zBvCZn,raydium,10.193184,0.0,0,0,88.1,0,0,1,1.0,0.5757575757575758,0.550561797752809,88.1,1,PERP_BTC_USDC,volume_24h
0xb25769a98ba57b8e2ec7348e70aba6b93fa913f0,what_exchange,11.892048,0.0,0,0,23.630908,11.850356,11.850356,2,0.0,0.16071428571428573,0.16071428571428573,11.815454,1,PERP_BTC_USDC,volume_24h
0xb7916fbb443f3e36b4b4acfce0d21c6557e05cd7,mode,14.440344,0.0,0,0,14.372446,14.372446,14.372446,1,,0.38095238095238093,0.25925925925925924,14.372446,1,PERP_BTC_USDC,volume_24h
0x9ac4858202ad470508771da962e96b814f1d4732,mode,11.042616,0.0,0,0,10.988133,10.988133,10.988133,1,,0.2222222222222222,0.23529411764705882,10.988133,1,PERP_BTC_USDC,volume_24h
0x04462bfccdc3be43a6dcf425f28ee841244c446f,mode,11.042616,0.0,0,0,10.984311,0,0,1,,0.21428571428571427,0.21212121212121213,10.984311,1,PERP_BTC_USDC,volume_24h
0x4ba13102569af816bc3cfbad0c95d478fa3df58c,logx,15.289776,0.0,0,0,0,0,0,0,,,,,1,PERP_BTC_USDC,volume_24h
0x07bb77a6b7dc3ad0ac8571fbf8bf88081cc25748,aden,7.644888,0.0,0,0,0,0,0,0,,,,,1,PERP_BTC_USDC,volume_24h
9yrPVnrPH8rnsrs7yPn3Y9s6PssKWWggpwt5LdUxiPMP,dextools,13.590912,0.0,0,0,0,0,0,0,,,,,1,PERP_BTC_USDC,volume_24h
0x28f40132eb3ac6948b283ad51080fba7a6c78ec2,emdx_dex,13.590912,0.0,0,0,0,0,0,0,,,,,1,PERP_BTC_USDC,volume_24h
0xa0484084ffb8302a1d4983dfcabc0873b657aea2,fusionx_pro,19.536936,0.0,0,0,0,0,0,0,,,,,1,PERP_BTC_USDC,volume_24h
0x2d9d63433f43a8c55442619e810e1b34cfef8504,what_exchange,0.849432,0.0,0,0,0,0,0,0,,,,,1,PERP_BTC_USDC,volume_24h
0x15651a691e5c55ea69fbff31b87d08da613844e6,vooi,1.698864,0.0,0,0,0,0,0,0,,,,,1,PERP_BTC_USDC,volume_24h
0x823f50af7b3cd924a7f78fa6adc7ec7ae8c1b4c4,woofi_pro,7.644888,0.0,0,0,0,0,0,0,,,,,1,PERP_BTC_USDC,volume_24h
0x4a4a6f572a340ce89060ceaddffce3514241cedf,logx,22.934664,0.0,0,0,0,0,0,0,,,,,1,PERP_BTC_USDC,volume_24h
0x1967a26d91c8ab3c0e1311b55f40531b49b705c7,pieverse,11.042616,0.0,0,0,0,0,0,0,,0.0,,,1,PERP_BTC_USDC,volume_24h
0xa64e3847bc623e81b1f9f3d9a74ea55aa2c7e792,aden,10.193184,0.0,0,0,0,0,0,0,,,,,1,PERP_BTC_USDC,volume_24h
7N2C4moBr8CiuYgYyHnwpvuz5xWnvQDEazYWaBBe8aij,raydium,18.687504,,0,0,0,0,0,0,,,,,1,PERP_BTC_USDC,volume_24h
0x8ad5f671307428f10ad76286fb8c6e6d7953c198,logx,0.849432,,0,0,0,0,0,0,,,,,1,PERP_BTC_USDC,volume_24h
0x5a1e747482f8773fe52cca9951e956f456efd0bf,kodiak,13.590912,,0,0,0,0,0,0,,,,,1,PERP_BTC_USDC,volume_24h
0xa441e7ccce5e0055f3aed5d712f42210175a0675,woofi_pro,24.633528,,0,0,0,0,0,0,,,,,1,PERP_BTC_USDC,volume_24h
0x5f4a4d62d9aa62b8e02b3be4c49697b67fcc0235,woofi_pro,24.633528,,0,0,0,0,0,0,,,,,1,PERP_BTC_USDC,volume_24h
0xeb4a4c45c113335d8580cb0344dfd7d81494a5e3,woofi_pro,24.633528,,0,0,0,0,0,0,,,,,1,PERP_BTC_USDC,volume_24h
0x1a14251dfbc39c8a8edd946f5c18d9275df710c1,woofi_pro,24.633818,0.0,0,0,0,0,0,0,,,,,1,PERP_BTC_USDC,volume_7d
0x32b5b077d141f892c5f0134017908ccd698e92a9,woofi_pro,24.633818,0.0,0,0,0,0,0,0,,,,,1,PERP_BTC_USDC,volume_7d
0x8219a7cabdda3492a3d52cb9498697ad4e385a8e,woofi_pro,24.633818,0.0,0,0,0,0,0,0,,,,,1,PERP_BTC_USDC,volume_7d
0x8417c7180b52ace935531067827bc80239d3aab0,woofi_pro,24.633818,0.0,0,0,0,0,0,0,,,,,1,PERP_BTC_USDC,volume_7d
0xfaae73e4197ce420aa92614f9d73bd55a9c84f5d,woofi_pro,24.633818,0.0,0,0,0,0,0,0,,,,,1,PERP_BTC_USDC,volume_7d
0xe5a9020c1de2a084b8f457a45f60a5971876935a,emdx_dex,13.591072,0.0,0,0,0,0,0,0,,,,,1,PERP_BTC_USDC,volume_7d
0x47008c5146b2b0cdea912a51cb516aa06171df81,aden,16.98884,0.0,0,0,0,0,0,0,,,,,1,PERP_BTC_USDC,volume_7d
0xe31cf01e59d7ebe87d5c7e1f27a0c54e8270aa0e,aden,7.644978,0.0,0,0,0,0,0,0,,,,,1,PERP_BTC_USDC,volume_7d
0x61b4027e5fef0dfe5b14e88734106593549d1b70,primit,27.182144,0.0,0,0,0,0,0,0,,,,,1,PERP_BTC_USDC,volume_7d
0xa989639df6949a2875f61de77283e3352dc9d77b,busywhale,21.23605,0.0,0,0,0,0,0,0,,,,,1,PERP_BTC_USDC,volume_7d
0xb34b59388db9583a8911b9828d2b4c27e6bc89d4,logx,14.441058,0.0,0,0,0,0,0,0,,,,,1,PERP_BTC_USDC,volume_30d
0x139f2916cf105a494efa59645bdc0598a5d4c256,sharpe_ai,12.74211,0.0,0,0,0,0,0,0,,,,,1,PERP_BTC_USDC,volume_30d
0x1adaf270ad55dadff5c7341bbb6d812eb69a8c85,aden,11.892748,0.0,0,0,0,0,0,0,,,,,1,PERP_BTC_USDC,pnl_24h
0x1d4143b2434b20ff360a05912626f56563838ba5,woofi_pro,22.086532,0.0,0,0,0,0,0,0,,,,,1,PERP_BTC_USDC,pnl_24h
0xf01b8d9a4756b86a935a65cc3a82179dd5daaabc,logx,11.892748,0.0,0,0,0,0,0,0,,,,,1,PERP_BTC_USDC,pnl_24h
0x9f988fc8861353f6713a8c87525dd2ecb87964e5,primit,6.795856,0.0,0,0,0,0,0,0,,,0.2794279427942794,,1,PERP_BTC_USDC,pnl_24h
0x7d7e5480631472867a621d1837fe4b9b79f22a2d,spike,22.086532,0.0,0,0,0,0,0,0,,,,,1,PERP_BTC_USDC,pnl_24h
0x69cdee059a750b584473e3370be6a4555ac837ec,mode,18.688604,0.0,0,0,0,0,0,0,,,,,1,PERP_BTC_USDC,pnl_24h
0x901b4c85624215f25a24e012b6467358ca3f2484,logx,13.591712,0.0,0,0,0,0,0,0,,,,,1,PERP_BTC_USDC,pnl_24h
0x84058f4d56aa55d4bc6bc6a4e71e7e0d2d8f0c15,unibot,26.333942,0.0,0,0,0,0,0,0,,,,,1,PERP_BTC_USDC,pnl_24h
0x90c058f9396326937c0d7f0290867c96dc53bf19,logx,22.086532,0.0,0,0,0,0,0,0,,,,,1,PERP_BTC_USDC,pnl_24h
0x2666795551b497706ca1dc36828da1fcb70557e2,logx,14.441194,0.0,0,0,0,0,0,0,,,,,1,PERP_BTC_USDC,pnl_24h
0xf3ffbc0dfb4dd9bd019d23baeccfcfdebbffaca3,logx,14.441194,0.0,0,0,0,0,0,0,,,,,1,PERP_BTC_USDC,pnl_24h
0xa640eb93ac59814942916c2a756253e66a5fa2b5,desk,13.591712,0.0,0,0,0,0,0,0,,,,,1,PERP_BTC_USDC,pnl_24h
0xbd330c3bafcca158bc5df5f7c0c243af1b4e50cd,logx,0.849482,0.0,0,0,0,0,0,0,,,,,1,PERP_BTC_USDC,pnl_24h
0x2a5ed5bf40ed5e90e8808fe7118f78f19cd24275,alpix,14.441194,0.0,0,0,0,0,0,0,,0.0,0.14285714285714285,,1,PERP_BTC_USDC,pnl_24h
0x317693456ffe9f2bc895ae7d4eafd0f47fdf693f,logx,12.74223,0.0,0,0,0,0,0,0,,,,,1,PERP_BTC_USDC,pnl_24h
0xa0128a76dd64fb378532b7815dc8c427fad93798,logx,12.74223,0.0,0,0,0,0,0,0,,,,,1,PERP_BTC_USDC,pnl_24h
0xbcdb3b93730707b1a584b3c0958b813d9880ac7f,logx,11.892748,0.0,0,0,0,0,0,0,,,,,1,PERP_BTC_USDC,pnl_24h
0x21612e8065cfd349f6ec83094893e3bb975f042c,logx,12.74223,0.0,0,0,0,0,0,0,,,,,1,PERP_BTC_USDC,pnl_24h
0x4bd649ef57e2703031302aacb3bfd61148df6b18,logx,12.74223,0.0,0,0,0,0,0,0,,,,,1,PERP_BTC_USDC,pnl_24h
0x49dd098946a32ee3cea2530a818e62990840b9c6,logx,14.441194,0.0,0,0,0,0,0,0,,,,,1,PERP_BTC_USDC,pnl_24h
0xfaab828d9e2c5eb4ae272a08a42052ed193426bf,logx,12.74223,0.0,0,0,0,0,0,0,,,,,1,PERP_BTC_USDC,pnl_24h
0x1a3f89daed3158a316a0e93f1bc2d296ed3074da,logx,12.74223,0.0,0,0,0,0,0,0,,,,,1,PERP_BTC_USDC,pnl_24h
0x4e216ce06ebb35f95b0d0623a81c14435b594042,logx,19.538086,0.0,0,0,0,0,0,0,,,,,1,PERP_BTC_USDC,pnl_24h
0x74480d785d7da6354988313d31a39d28fb2e716a,logx,8.49482,0.0,0,0,0,0,0,0,,,,,1,PERP_BTC_USDC,pnl_24h
0x9c92c1ef6606396b8de0d0620a4dd37f7c0a7527,logx,18.688604,0.0,0,0,0,0,0,0,,,,,1,PERP_BTC_USDC,pnl_24h
0x5c42b3e6ea276d3b3e448fd0469d486b3c4d0b6e,logx,12.74223,0.0,0,0,0,0,0,0,,,,,1,PERP_BTC_USDC,pnl_24h
0xdfe3479b65a6a67e232407a535d2a893f73519bb,mode,10.193784,0.0,0,0,0,0,0,0,,,,,1,PERP_BTC_USDC,pnl_24h
0xf2e5338fda56f82744f4256c1ba1cb068807b4c7,interlink,17.839122,0.0,0,0,0,0,0,0,,,,,1,PERP_BTC_USDC,pnl_24h
0x1f0a81036c859c5e798771ef80b1cff9278b1cef,fastx,22.086532,0.0,0,0,0,0,0,0,,,,,1,PERP_BTC_USDC,pnl_24h
0x0b23295e8518f09e9a2bd7a872013473784c1faf,mememax,11.892748,0.0,0,0,0,0,0,0,,,,,1,PERP_BTC_USDC,pnl_24h
BVFTQzEas8kMPkcugksaTTuLnQJ8ESxtLryk4ngdyvjU,raydium,10.193784,0.0,0,0,0,0,0,0,,,,,1,PERP_BTC_USDC,pnl_24h
0x75e158febc273e97b34ff3a7bb7168946171ef7b,aden,7.645338,0.0,0,0,0,0,0,0,,,,,1,PERP_BTC_USDC,pnl_24h
0x0887184a115a1fdbe293a24ef395aa57b22d95aa,logx,12.74223,0.0,0,0,0,0,0,0,,,,,1,PERP_BTC_USDC,pnl_24h
0x3e412ea131dbe30baad72062722619b53f9adf39,aden,13.591712,,0,0,0,0,0,0,,,,,1,PERP_BTC_USDC,pnl_24h
25KEo4PUSwFgYayAkU7VzR86XncLMC5V65aLm33udwyS,raydium,1194.71943,0.0,0,0,0,0,0,0,,,,,1,PERP_CAKE_USDC,notional
Mcuz5bdzJQtt7NSEbfScMwgBoNzcXWqVA6VZUhVRHqJ,raydium,267.93433,0.0,0,0,0,0,0,0,,,,,1,PERP_CAKE_USDC,notional
FdYTyDwWJZBuetm4uPoGzCuQAeTzwqYwNhuLoYJWu1Ug,raydium,97.47658,0.0,0,0,0,0,0,0,,,,,1,PERP_CAKE_USDC,notional
0xb31be2bbdabbcabb8ebb777ddbbfae35b2f45b01,icm_gg,3.03036,0.0,0,0,0,0,0,0,,,,,1,PERP_CAKE_USDC,notional
0xfbb2c0789de7c42d0b686d5fc6374d471bf77aca,oxium,0.75759,0.0,0,0,0,0,0,0,,,,,1,PERP_CAKE_USDC,notional
0x86798d4fc2c0ddf5628a60a256d706611df7ffe8,mode,0.25253,0.0,0,0,0,0,0,0,,,,,1,PERP_CAKE_USDC,notional
2yjWYaaHgEcRftXLGPJ6PR3V59qt3KEsA8WzpvtzxSi1,raydium,626.3552,0.0,0,0,0,0,0,0,,,,,1,PERP_CL_USDC,notional
CY6sapMkESR2XJeBFfgSSJ11WQqEMj4g9erbjxHt2PqQ,woofi_pro,32.7744,0.0,0,0,0,0,0,0,,,,,1,PERP_CL_USDC,notional
EVdpZuexswnCxrfshEFmzojNwv9VEYzFeg94R1rZCVZ9,dextools,19.1184,0.0,0,0,0,0,0,0,,,,,1,PERP_CL_USDC,notional
0xc5b3a4e448488d0511d076e5f4e2b99f2786105d,rwaperp_xyz,12.7456,0.0,0,0,0,0,0,0,,,,,1,PERP_CL_USDC,notional
0x9a6373c6d7541c02ab13af6d8e9904215b123959,woofi_pro,113.4,0.0,0,0,0,0,0,0,,,,,1,PERP_CRV_USDC,notional
0xfeb5b32f5c959376d091e58b108900ec50fc00b5,mememax,37.8,0.0,0,0,0,0,0,0,,,,,1,PERP_CRV_USDC,notional
DbST73WoDhriSPuQkRLWNz55LhrKwjuX2BW9VL3pWaYm,raydium,15.876,0.0,0,0,0,0,0,0,,,,,1,PERP_CRV_USDC,notional
GiRedvc2QffvqpQyCADcVyGyj4VyAx4hRLUiR4tMsJ26,crypto_trading_baddies,8.694,0.0,0,0,0,0,0,0,,,,,1,PERP_CRV_USDC,notional
0x780c3ed2903f3212d2a47e7c37b5a643163cdd9c,woofi_pro,3.024,0.0,0,0,0,0,0,0,,,,,1,PERP_CRV_USDC,notional
GYLGnyxkfgf5TEnt6Zxmt6rrVZb9MoWEkPxrfrMev6Wv,raydium,2.268,0.0,0,0,0,0,0,0,,,,,1,PERP_CRV_USDC,notional
0x2dae43c9bdff7207d6c9e8e32f2ae8100eec082d,woofi_pro,0.378,0.0,0,0,0,0,0,0,,,,,1,PERP_CRV_USDC,notional
0xb73cd2a9d576e901b552779a57769231be6296a1,orderly,2693.70194,0.0,0,0,0,0,0,0,,,,,1,PERP_DOGE_USDC,notional
0x982648bfe49a8c84c6ff0274944c8d303634c92a,woofi_pro,505.65706,0.0,0,0,0,0,0,0,,,,,1,PERP_DOGE_USDC,notional
GGcKmkxH7Dj7dcXnVZDcbHk2tkc9riD11qa3pBncGVY4,raydium,296.1852,0.0,0,0,0,0,0,0,,0.0,0.4444444444444444,,1,PERP_DOGE_USDC,notional
0x5e05bd32098593d1272d70d266f3f9b790010c45,quick_perps,117.3564,0.0,0,0,0,0,0,0,,,,,1,PERP_DOGE_USDC,notional
0xbdc338f3ca019e6db3818d04d21660f685bb80e8,kodiak,93.14,0.0,0,0,0,0,0,0,,,,,1,PERP_DOGE_USDC,notional
0xb23575ca992f23501cdc2fefb38790c11fc8a009,woofi_pro,46.57,0.0,0,0,0,0,0,0,,,,,1,PERP_DOGE_USDC,notional
0x4d0b975ffab0cab43b2a722bd93bae5558079a12,woofi_pro,32.1333,0.0,0,0,0,0,0,0,,,,,1,PERP_DOGE_USDC,notional
0x6cdc91569267b51bbcc91a31e6d8fe1de88e6225,ascendex,27.10374,0.0,0,0,0,0,0,0,,,,,1,PERP_DOGE_USDC,notional
0xc5b8f2279efc1f1caf09a23ee257cbb699229f39,woofi_pro,25.6135,0.0,0,0,0,0,0,0,,,,,1,PERP_DOGE_USDC,notional
0xbd3f82299e3ea12c83283e30fda4f400e1da592d,logx,20.11824,0.0,0,0,0,0,0,0,,,,,1,PERP_DOGE_USDC,notional
0xd493720d6efb78a745c3cd0a179b198968f24afc,interlink,18.1623,0.0,0,0,0,0,0,0,,,,,1,PERP_DOGE_USDC,notional
0xbf9c0baf3c9156792f1e404410a7dfd6adfd0852,emdx_dex,14.52984,0.0,0,0,0,0,0,0,,,,,1,PERP_DOGE_USDC,notional
0x59734b9ae4211bbd8035f97ed3e2a5aac0a697a5,vooi,12.76018,0.0,0,0,0,0,0,0,,,,,1,PERP_DOGE_USDC,notional
0x463801af6028e91232f611f619f73d42ff15e5ab,kodiak,11.82878,0.0,0,0,0,0,0,0,,,,,1,PERP_DOGE_USDC,notional
0xce3b0d5cf1b71ea168b445bca674c273c24dbfc8,emdx_dex,10.2454,0.0,0,0,0,0,0,0,,,,,1,PERP_DOGE_USDC,notional
0x0e4b04d0fb9e6191e6401f1f3cf10917c12e2f53,vooi,10.15226,0.0,0,0,0,0,0,0,,,,,1,PERP_DOGE_USDC,notional
0x1834789af037336172e60a5a580380f0702915d7,boom,9.314,0.0,0,0,0,0,0,0,,,,,1,PERP_DOGE_USDC,notional
G9LbvfSQTbDfHUpFjhMZZFgv5pbNf1mwwCS94phZ5uJx,raydium,8.66202,0.0,0,0,0,0,0,0,,,,,1,PERP_DOGE_USDC,notional
0xa0e3eb6dc7d21744ba48f984957e779615bdee6b,emdx_dex,8.3826,0.0,0,0,0,0,0,0,,,,,1,PERP_DOGE_USDC,notional
0x751b27f8adf168959ac599119ad627b430db0d1d,demo,7.4512,0.0,0,0,0,0,0,0,,,,,1,PERP_DOGE_USDC,notional
0x2a7e32f0a1859fd47945b2c1f7c9922ed95c0b0f,woofi_pro,6.79922,0.0,0,0,0,0,0,0,,,,,1,PERP_DOGE_USDC,notional
0xa54fcafff39da4514fb5c4245d83f6418d5dfbb2,woofi_pro,6.79922,0.0,0,0,0,0,0,0,,,,,1,PERP_DOGE_USDC,notional
0x30a106fed41fec406a989914bbfc66fd9c305276,logx,6.0541,0.0,0,0,0,0,0,0,,,,,1,PERP_DOGE_USDC,notional
0x9acb9862610253244b0e9e5b21c28be242e714c6,woofi_pro,5.68154,0.0,0,0,0,0,0,0,,,,,1,PERP_DOGE_USDC,notional
0x512b24b74cd00a450c7ae15df380142c49c4e49a,perpsdao,4.657,0.0,0,0,0,0,0,0,,,,,1,PERP_DOGE_USDC,notional
0xa2311e75bebdca24a3dfab4c50aae4988de1ace8,filament,4.657,0.0,0,0,0,0,0,0,,,,,1,PERP_DOGE_USDC,notional
0xc42a684fb70a86ac9bd99d4cb9ae75f6cdf3a7e9,filament,2.98048,0.0,0,0,0,0,0,0,,,,,1,PERP_DOGE_USDC,notional
0xf5d2031e5fed5e2eb1361b00c22d708c6153f26f,woofi_pro,0.83826,0.0,0,0,0,0,0,0,,,,,1,PERP_DOGE_USDC,notional
0xc59a29865c860ccc2244e1dec1809204b78cfed3,logx,0.55884,0.0,0,0,0,0,0,0,,,,,1,PERP_DOGE_USDC,notional
0x3e8d7721e52b50ab12b95c4bdd443f72200385cb,logx,0.09314,0.0,0,0,0,0,0,0,,,,,1,PERP_DOGE_USDC,notional
0x1ca6f9941f6a6becfa2e0a4cf08b5ad2776777b4,logx,0.09314,0.0,0,0,0,0,0,0,,,,,1,PERP_DOGE_USDC,notional
0xeeaf0e96ed96f6c3d4cb9e3641915a8b5d1025fa,woofi_pro,0.09314,0.0,0,0,0,0,0,0,,,,,1,PERP_DOGE_USDC,notional
BwBGNF8D1vLtw4sxr6VYxTxUtR25k11r7LuXkMufoXMj,vanta_exchange,528.7972,0.0,0,0,0,0,0,0,,,,,1,PERP_DOT_USDC,notional
0x5160dbd709c3adccc3b2ace74abf6a4dafb18dce,vanta_exchange,746.2262,0.0,0,0,0,0,0,0,,,,,1,PERP_EDGE_USDC,notional
0x3c9efd6bddcf198b5314f300b93e8bfa0d3fb070,logx,173.27387,0.0,0,0,0,0,0,0,,,,,1,PERP_ENA_USDC,notional
CBBo219XrGmXWcRMkvkPXZ7RhNzybtsbVTejCbpG3k91,dextools,24.11178,0.0,0,0,0,0,0,0,,,,,1,PERP_ENA_USDC,notional
0xc4edbf2a1d428fb228733915fdbd8f30acddc551,interlink,10.16477,0.0,0,0,0,0,0,0,,,,,1,PERP_ENA_USDC,notional
DkTY6fbA3vonUEw4CcoTdTFaBgBDiMXG6BHmBdwhn8xe,raydium,7.0917,0.0,0,0,0,0,0,0,,,,,1,PERP_ENA_USDC,notional
4YMmpryWNyjZ2fTPsMbPUteWSEVmCvRu3kMMgxkAsXLy,aden,4.49141,0.0,0,0,0,0,0,0,,,,,1,PERP_ENA_USDC,notional
0x6985bc0e05adac142150feda4e629fea0a3375d8,logx,4.25502,0.0,0,0,0,0,0,0,,,,,1,PERP_ENA_USDC,notional
0xe1efbee2981024a23a1c00e65e04921dc037ff3f,aden,4.01863,0.0,0,0,0,0,0,0,,,,,1,PERP_ENA_USDC,notional
0xeec37c35645a2c9591291a0f32611ad70649db4f,logx,3.30946,0.0,0,0,0,0,0,0,,,,,1,PERP_ENA_USDC,notional
0x3bbb0f7459f191cbdd6a14086444669b144cc249,emdx_dex,2.3639,0.0,0,0,0,0,0,0,,,,,1,PERP_ENA_USDC,notional
0x82a08970ca063040f8175535b13e11c75bcd79cc,emdx_dex,1.89112,0.0,0,0,0,0,0,0,,,,,1,PERP_ENA_USDC,notional
0x3dd78bf06fdfa3aaaa87b25635a8404b15551345,logx,1.41834,0.0,0,0,0,0,0,0,,,,,1,PERP_ENA_USDC,notional
0x985929a8d036f647751dbd71eb1efd08b0698942,aden,1.18195,0.0,0,0,0,0,0,0,,,,,1,PERP_ENA_USDC,notional
0x7d1241086034c9a4be53271cf85d499d4dcf7ffd,aden,0.70917,0.0,0,0,0,0,0,0,,,,,1,PERP_ENA_USDC,notional
0x29ce3828387e0bd720184fb7b7d988f3cdd4542e,aden,0.70917,0.0,0,0,0,0,0,0,,,,,1,PERP_ENA_USDC,notional
0x8633757c95ca594c82905405b0de02e4a52c09a3,aden,0.47278,0.0,0,0,0,0,0,0,,,,,1,PERP_ENA_USDC,notional
0x3b516cdf24a18d2ab076a7df40f050ff27403866,aden,0.47278,0.0,0,0,0,0,0,0,,,,,1,PERP_ENA_USDC,notional
0xe753f508994d7ea8a513b94067b19da987613ebd,aden,0.47278,0.0,0,0,0,0,0,0,,,,,1,PERP_ENA_USDC,notional
0xf8d248ff11431896707390ba2beaa0d18b66d7db,aden,0.47278,0.0,0,0,0,0,0,0,,,,,1,PERP_ENA_USDC,notional
0x0d71aa3e3c492857a376e9468726599b82f79c6f,aden,0.47278,0.0,0,0,0,0,0,0,,,,,1,PERP_ENA_USDC,notional
0x0dd63ceec55250729bf1b6f394741a672b99e334,aden,0.47278,0.0,0,0,0,0,0,0,,,,,1,PERP_ENA_USDC,notional
0x286db3f21bd6785d37138ef2422e807304e05050,aden,0.47278,0.0,0,0,0,0,0,0,,,,,1,PERP_ENA_USDC,notional
0xcdffc14beb97f404b36e46b3777d1253c45c5621,aden,0.47278,0.0,0,0,0,0,0,0,,,,,1,PERP_ENA_USDC,notional
0xeead6f584afdf857b1b4a392e60c1e6401dad018,aden,0.47278,0.0,0,0,0,0,0,0,,,,,1,PERP_ENA_USDC,notional
0x8d7e50e77b9b6811e1c03762988c53aae2527e79,aden,0.47278,0.0,0,0,0,0,0,0,,,,,1,PERP_ENA_USDC,notional
0x372d4295febe03a46ee2ea66a716cf4670966f46,aden,0.47278,0.0,0,0,0,0,0,0,,,,,1,PERP_ENA_USDC,notional
0x37c9f4a1b36ef34bbd66b3f942ed4495379881c0,aden,0.47278,0.0,0,0,0,0,0,0,,,,,1,PERP_ENA_USDC,notional
0x959248cd7469f7c269403b49717ac8c18145d5f8,aden,0.47278,0.0,0,0,0,0,0,0,,,,,1,PERP_ENA_USDC,notional
0x6d7fd07d82bb569f5bbb94e9d0497db6784a2f13,aden,0.47278,0.0,0,0,0,0,0,0,,,,,1,PERP_ENA_USDC,notional
0xda89e3f49275897f0869575785bd1a1c218f9c05,oxium,0.47278,0.0,0,0,0,0,0,0,,,,,1,PERP_ENA_USDC,notional
0x170a9c5188bdcb421ea99bae9274a9479fee4db1,aden,0.47278,0.0,0,0,0,0,0,0,,,,,1,PERP_ENA_USDC,notional
0xeb973ba0ec4f11a065aa7a0bc503871f304985c0,aden,0.47278,0.0,0,0,0,0,0,0,,,,,1,PERP_ENA_USDC,notional
0xb502d82dcfff96e366a7d23ba27082d27b9a8f0f,aden,0.23639,0.0,0,0,0,0,0,0,,,,,1,PERP_ENA_USDC,notional
0x58d670c8306f77df7c7fb4b73e81bc2019d8c00b,aden,0.23639,,0,0,0,0,0,0,,,,,1,PERP_ENA_USDC,notional
0xc905289b9a7c8f4be833e9f3782f5c63f2e8689b,aden,0.23639,,0,0,0,0,0,0,,,,,1,PERP_ENA_USDC,notional
0x10f0bc22af0a07139eeb319126b22b76b076d423,aden,0.23639,,0,0,0,0,0,0,,,,,1,PERP_ENA_USDC,notional
0x72b74aa41f6c0ee84fd6fa526cec722580263c9f,aden,0.23639,,0,0,0,0,0,0,,,,,1,PERP_ENA_USDC,notional
0x6ea86f91f83d86443c53317b35e7b60ef3e99916,aden,0.23639,,0,0,0,0,0,0,,,,,1,PERP_ENA_USDC,notional
0x209a988cfd170802620777f8e0ae7fc71f965ccd,aden,0.23639,,0,0,0,0,0,0,,,,,1,PERP_ENA_USDC,notional
0x6b9dea4ff789e691b83942f6442d7479060776d9,aden,0.23639,,0,0,0,0,0,0,,,,,1,PERP_ENA_USDC,notional
0xdd6502563948af3e7f8d85235f198e00d81b180f,aden,0.23639,,0,0,0,0,0,0,,,,,1,PERP_ENA_USDC,notional
0xe0e336c789813563b76e0204f88bf5ba72b8840a,aden,0.23639,,0,0,0,0,0,0,,,,,1,PERP_ENA_USDC,notional
0x7cb6cc255f1c7bb1600caddca36bb46ff342b2c7,aden,0.23639,,0,0,0,0,0,0,,,,,1,PERP_ENA_USDC,notional
0x77704291bda762f9433316e7bbb37d31b297775e,aden,0.23639,,0,0,0,0,0,0,,,,,1,PERP_ENA_USDC,notional
0x325ee9855c82e617f52659d2fbc8addee3934233,aden,0.23639,,0,0,0,0,0,0,,,,,1,PERP_ENA_USDC,notional
0x0d1fbc786644852488372072367c631cb10b2dae,aden,0.23639,,0,0,0,0,0,0,,,,,1,PERP_ENA_USDC,notional
0xdfba219ab781155b4ed2dad62c00175830195fa2,aden,0.23639,,0,0,0,0,0,0,,,,,1,PERP_ENA_USDC,notional
0x0cc311bbbb5378e4da323fd24f8192fc257546de,aden,0.23639,,0,0,0,0,0,0,,,,,1,PERP_ENA_USDC,notional
0x47eaa3429a8defec8fc0f70a09c99f7a69f7773b,aden,0.23639,,0,0,0,0,0,0,,,,,1,PERP_ENA_USDC,notional
0xd1aad36ed3b439c4c90a9f697cdef6c572f5cc49,aden,0.23639,,0,0,0,0,0,0,,,,,1,PERP_ENA_USDC,notional
0x5c9e30def85334e587cf36eb07bdd6a72bf1452d,woofi_pro,211.65,0.0,0,0,0,0,0,0,,,,,1,PERP_ETHFI_USDC,notional
0x156daf376cfbdd938c470a227508b0ba022c998f,woofi_pro,141.1,0.0,0,0,0,0,0,0,,,,,1,PERP_ETHFI_USDC,notional
0xd92293daca6bbed57f8cb6d498b48ea93e035e99,woofi_pro,141.1,0.0,0,0,0,0,0,0,,,,,1,PERP_ETHFI_USDC,notional
0x6132727c4fc42e8c6fd0814bd62ca0565844a596,woofi_pro,35.275,0.0,0,0,0,0,0,0,,,,,1,PERP_ETHFI_USDC,notional
0x6909521fc0bf92faa33f333d1e50d2dc51946601,woofi_pro,35.275,0.0,0,0,0,0,0,0,,,,,1,PERP_ETHFI_USDC,notional
0xb42644484b313eaf21a52b457cdcc4346014e526,vooi,13.89835,0.0,0,0,0,0,0,0,,,,,1,PERP_ETHFI_USDC,notional
0xc958c5d9a32bd8afc2b7052985fae7988238bb9d,emdx_dex,5.0796,0.0,0,0,0,0,0,0,,,,,1,PERP_ETHFI_USDC,notional
0xd5de54c5a1a8a84fa9d11413b8127634abb39e40,logx,3.45695,0.0,0,0,0,0,0,0,,,,,1,PERP_ETHFI_USDC,notional
0x564d5aeeb2cde5ecd16da4c0398c3937441359b4,woofi_pro,1.05825,0.0,0,0,0,0,0,0,,,,,1,PERP_ETHFI_USDC,notional
0x3394a869d0c216d4d6a93489b30f28d8a51e9346,woofi_pro,0.5644,0.0,0,0,0,0,0,0,,,,,1,PERP_ETHFI_USDC,notional
0xd3e8e26b1b2a520eba7c9f3db9410a20443e8dc7,woofi_pro,0.4233,0.0,0,0,0,0,0,0,,,,,1,PERP_ETHFI_USDC,notional
0x3c9dda47ac2798f2ad37474b2b4f0e5503868da9,woofi_pro,13424.15,0.0,0,0,0,0,0,0,,,0.0,,1,PERP_ETH_USDC,notional
0x36c3d69aae0438820d2e042b774b1d40b13d5b63,woofi_pro,13424.15,0.0,0,0,0,0,0,0,,,0.0,,1,PERP_ETH_USDC,notional
0xd4b2e02652f4fd69ca82c0258cf641e61d426688,woofi_pro,13424.15,0.0,0,0,0,0,0,0,,,0.0,,1,PERP_ETH_USDC,notional
0xe8a91d9a13ab4e0a43e2eac15c2843f198dbbf6d,woofi_pro,13424.15,0.0,0,0,0,0,0,0,,,0.0,,1,PERP_ETH_USDC,notional
0xffcbd7ee50217c95dac63566cf36714e35795958,woofi_pro,13424.15,0.0,0,0,0,0,0,0,,,0.0,,1,PERP_ETH_USDC,notional
0x5ed593960bec2a12c598ccadb3676102340500db,woofi_pro,13424.15,0.0,0,0,0,0,0,0,,,0.0,,1,PERP_ETH_USDC,notional
0xeb226acc3d4bd70a05645321cffcb877187fa910,woofi_pro,13424.15,0.0,0,0,0,0,0,0,,,0.0,,1,PERP_ETH_USDC,notional
0xb3aaf29995ca2be7a4bc1c85835341926e4261f0,woofi_pro,13424.15,0.0,0,0,0,0,0,0,,,0.0,,1,PERP_ETH_USDC,notional
0xbea8a48179a3072040389c4fbb8c186a56059c2a,woofi_pro,13424.15,0.0,0,0,0,0,0,0,,,0.0,,1,PERP_ETH_USDC,notional
0x8e36d07f4718aa6e0744c26f7d0b591ec410ea83,woofi_pro,13424.15,0.0,0,0,0,0,0,0,,,0.0,,1,PERP_ETH_USDC,notional
0xa1d2693b5d4ab2f931cbd90ba20f78120096b45d,woofi_pro,13424.15,0.0,0,0,0,0,0,0,,,0.0,,1,PERP_ETH_USDC,notional
0x6d92a5317555074938711380bf5427746358eaf8,woofi_pro,13424.15,0.0,0,0,0,0,0,0,,,0.0,,1,PERP_ETH_USDC,notional
0xe668004e7ff8c6be65eb5b1842c00d3f66ef1d96,woofi_pro,13424.15,0.0,0,0,0,0,0,0,,,0.0,,1,PERP_ETH_USDC,notional
0x147d8ab7e76a0c70043a0ae4f2246f8052ad6e06,woofi_pro,13424.15,0.0,0,0,0,0,0,0,,,0.0,,1,PERP_ETH_USDC,notional
0x2e1a4d2753b03bddccb04f12ede8bebf1f4a5ea3,woofi_pro,13424.15,0.0,0,0,0,0,0,0,,,0.0,,1,PERP_ETH_USDC,notional
0xb53eb82b11f1d4d78f948414bb0f225b9eba5267,woofi_pro,13424.15,0.0,0,0,0,0,0,0,,,0.0,,1,PERP_ETH_USDC,notional
0xd7916a617d4a48eeb10b2d0eed06d874e7b3ed72,woofi_pro,13424.15,0.0,0,0,0,0,0,0,,,0.0,,1,PERP_ETH_USDC,notional
0x553926b278fcf1f4160cba239c877f4cf4e5fdc4,woofi_pro,13424.15,0.0,0,0,0,0,0,0,,,0.0,,1,PERP_ETH_USDC,notional
0x05ae5d37cfafdc5ee0180ded94bf0132dbe7691a,woofi_pro,13424.15,0.0,0,0,0,0,0,0,,,0.0,,1,PERP_ETH_USDC,notional
0xbb0c1f0698f5989ab6cb6a8d261dd35a7fcbe362,woofi_pro,13424.15,0.0,0,0,0,0,0,0,,,0.0,,1,PERP_ETH_USDC,notional
0x618ba654ace1ea680164fd0c8b60c7aeb2276c5d,alpix,3221.796,0.0,0,0,0,0,0,0,,0.1794871794871795,0.22857142857142856,,1,PERP_ETH_USDC,notional
5Vfs4iHvbtVDwNYSCwhNXxAhZ1uqqz844UyfpUkPsXDS,raydium,2953.313,0.0,0,0,0,0,0,0,,,0.23809523809523808,,1,PERP_ETH_USDC,notional
0x6b867070db774610a27633f7d14dadba8d371176,alpix,2800.546173,0.0,0,0,0,0,0,0,,0.5,0.22033898305084745,,1,PERP_ETH_USDC,notional
DCFeBE7P3u9jp9scq5rkPPBVoxjqz8vboQVfLS2EwR7U,jmoney,2750.608335,,0,0,0,0,0,0,,,,,1,PERP_ETH_USDC,notional
0x47296e0f21e4febba8851b18653c0882bf47f5b8,alpix,2684.83,,0,0,0,0,0,0,,,,,1,PERP_ETH_USDC,notional
0x0c45d836c3ca74bae325e871756e60e656f59c26,alpix,2684.83,,0,0,0,0,0,0,,,,,1,PERP_ETH_USDC,notional
0xfd8c1f5163d0c023319c7d2fd729ccf138ea4296,alpix,2684.83,,0,0,0,0,0,0,,,,,1,PERP_ETH_USDC,notional
0xd7362689e5f012fa818a43c83d8537933dc5b1f7,alpix,2684.83,,0,0,0,0,0,0,,,,,1,PERP_ETH_USDC,notional
DMorNFJxggHHwZMtVpPVaVkLcNCDnCYawzoqPfEsYK8s,raydium,2265.459554,,0,0,0,0,0,0,,,,,1,PERP_ETH_USDC,notional
0xa68f00d79438e94cb3025f579e1436865e6c2203,woofi_pro,2214.98475,,0,0,158.742897,0,0,1,0.0,,,158.742897,1,PERP_ETH_USDC,notional
0x980d571dd2161000eec8e2ed4ad592fc34c54372,alpix,2147.864,,0,0,0,0,0,0,,,,,1,PERP_ETH_USDC,notional
0x7ab9a2dddf89b55bac18a3582aa2bab84d1ddda3,alpix,2147.864,,0,0,0,0,0,0,,,,,1,PERP_ETH_USDC,notional
0xe75c9e8eb7cc4735704ffa2fc37030bb8257762a,rwaperp_xyz,1865.95685,,0,0,0,0,0,0,,,,,1,PERP_ETH_USDC,notional
0x0bf20fc42ce753efc2dcc5782fe1c71e77adca52,alpix,1825.6844,,0,0,480.96,0,0,1,,,,480.96,1,PERP_ETH_USDC,notional
0x32f88635a7c68d8dc0bafd44aedbe56a8c0e0398,alpix,1749.166745,,0,0,0,0,0,0,,,,,1,PERP_ETH_USDC,notional
3Q5ZNPqA7iu2DXPQNj9fUHhV54dpn8WbzAceH1bjjP7T,raydium,1713.726989,,0,0,0,0,0,0,,,,,1,PERP_ETH_USDC,notional
4PHAvtqDwNmanZSd4SjSx98sr5FpaYHKD8SaZcc7iqvf,raydium,1662.983702,,0,0,1662.921762,1662.921762,1662.921762,1,,,,1662.921762,1,PERP_ETH_USDC,notional
0xd9e50e653ba337fe4b3ccf06cdee7b6d095e1681,brownian,1656.271627,,0,0,0,0,0,0,,,,,1,PERP_ETH_USDC,notional
0x0e2aa3bd190371847e3312a6aca14560ab8ffea2,alpix,1610.898,,0,0,0,0,0,0,,,,,1,PERP_ETH_USDC,notional
0x7e27d5d1dd621cb75f02872a3f2a19e5650eace2,alpix,1610.898,,0,0,0,0,0,0,,,,,1,PERP_ETH_USDC,notional
0x0d8a6fa11574f7e1b2acb73723ab05cb2d9826b6,alpix,1610.898,,0,0,0,0,0,0,,,,,1,PERP_ETH_USDC,notional
0xe9bef887ef8fc6b86a91928c871add3a6301e92f,alpix,1610.898,,0,0,0,0,0,0,,,,,1,PERP_ETH_USDC,notional
0xdc08bffb8db5de7372d46c5fdab822a02521581c,alpix,1466.185663,,0,0,0,0,0,0,,,,,1,PERP_ETH_USDC,notional
AYzNqMVqF6vhAawvNHcrPLPc691VLL3vT4W1v2NVMy69,dextools,1448.734268,,0,0,0,0,0,0,,,,,1,PERP_ETH_USDC,notional
0x0cdb2a721ea40d78cf3cbd648c068bb30033a0ca,alpix,1396.1116,,0,0,0,0,0,0,,,,,1,PERP_ETH_USDC,notional
0x67f7d1057be3a629b3ee543ee76bc175d9188cb1,alpix,1342.415,,0,0,0,0,0,0,,,,,1,PERP_ETH_USDC,notional
0x94652b5c694421cc5310382dfe3bbd8128c5a59d,alpix,1342.415,,0,0,0,0,0,0,,,,,1,PERP_ETH_USDC,notional
0x796a884aa5456e38706a2e596effde2d750325c4,alpix,1342.415,,0,0,0,0,0,0,,,,,1,PERP_ETH_USDC,notional
0x9f16a6db5db80a28c06950d51c47dbb7ff06db64,alpix,1342.415,,0,0,0,0,0,0,,,,,1,PERP_ETH_USDC,notional
0x76d4f7de4b22346f50c6b33c6ed8aa5d1c88a4bc,alpix,1334.092027,,0,0,0,0,0,0,,,,,1,PERP_ETH_USDC,notional
0xec1d834037561d7c6001f0530ffa7a797f596d01,lifyx,1262.675549,,0,0,0,0,0,0,,,,,1,PERP_ETH_USDC,notional
0x7d84a32592f1cb504608b6bde450342428e708ed,alpix,1235.0218,,0,0,0,0,0,0,,,,,1,PERP_ETH_USDC,notional
0xbff39e511f9c7d8e5b0b0d11c47b8fb68398564d,alpix,1213.006194,,0,0,0,0,0,0,,,,,1,PERP_ETH_USDC,notional
4o7WUqLUECZzPiJCjrX8ae8CcobMvsCTzW3StkEPayb4,raydium,1127.360117,,0,0,0,0,0,0,,,,,1,PERP_ETH_USDC,notional
5EAExrbwHAQcSegqEEN4nQ5dgjc67KENxqreDCZonTLb,raydium,1098.363953,,0,0,0,0,0,0,,,,,1,PERP_ETH_USDC,notional
0xbf0892a7ef5410cd57fd74c8f007a9f282bde6c5,alpix,1073.932,,0,0,0,0,0,0,,,,,1,PERP_ETH_USDC,notional
0x2e79e5519e203db2b1a52a3ab87e12b044c8b062,alpix,1051.110945,,0,0,0,0,0,0,,,,,1,PERP_ETH_USDC,notional
0x992643efc6d851785ed7e7760752033dfc97b563,rwaperp_xyz,1023.457196,,0,0,0,0,0,0,,,,,1,PERP_ETH_USDC,notional
0x933af8c4ece995fa807df5cc6c7faa004f2be53e,rwaperp_xyz,1021.309332,,0,0,0,0,0,0,,,,,1,PERP_ETH_USDC,notional
0x46a4307edba2f774de60e38c5d14f8646fe5ce63,alpix,871.227335,,0,0,0,0,0,0,,,,,1,PERP_ETH_USDC,notional
0x71f158b543e5d6e9f1b301841c8a132168b29601,alpix,805.449,,0,0,0,0,0,0,,,,,1,PERP_ETH_USDC,notional
0x81f012257d3029ee3b099287edb33c219cf21a46,alpix,765.445033,,0,0,0,0,0,0,,,,,1,PERP_ETH_USDC,notional
0xc0d742938e46dff789fe7305eb5a63e30dc33459,alpix,740.476114,,0,0,0,0,0,0,,,,,1,PERP_ETH_USDC,notional
0x053be22770dc0261fe27b392765a313b9a07a8f1,logx,703.156977,,0,0,0,0,0,0,,,,,1,PERP_ETH_USDC,notional
0x96e3d4d0e4e271cb08e5dfc0c1b1dd77ca0fd089,what_exchange,671.2075,,0,0,0,0,0,0,,,,,1,PERP_ETH_USDC,notional
0xdcbe44d72d64a86a1da0c0dc1c877581b60b4bfa,quick_perps,671.2075,,0,0,0,0,0,0,,,,,1,PERP_ETH_USDC,notional
0xe77add5bbeeb236feae51738a480795400c5abca,rwaperp_xyz,666.374806,,0,0,0,0,0,0,,,,,1,PERP_ETH_USDC,notional
0x6cf94b75c6252efa0f4e1ba49e709314047ede81,what_exchange,662.616044,,0,0,0,0,0,0,,,,,1,PERP_ETH_USDC,notional
0x873fa7aa172a13ef48756e6a59cb4dce0101a418,alpix,651.608241,,0,0,0,0,0,0,,,,,1,PERP_ETH_USDC,notional
0x919e6a9077965a4a24b9a58977ec380ad94dcb90,vooi,646.238581,,0,0,0,0,0,0,,,,,1,PERP_ETH_USDC,notional
0x9c097ed6525f35a168962cbf23591574d5fe50a8,alpix,627.444771,,0,0,0,0,0,0,,,,,1,PERP_ETH_USDC,notional
0x51493327630c7dfdf89f7c79e92d9a4e49ce4955,dextools,603.818267,,0,0,0,0,0,0,,,,,1,PERP_ETH_USDC,notional
0x45bc5b99b38b7ad49f8e52f707589acb84d75cc4,alpix,576.969967,,0,0,0,0,0,0,,,,,1,PERP_ETH_USDC,notional
0x0071e3e5389538614ebaa1f789a80b83882e81cd,mememax,570.526375,,0,0,0,0,0,0,,,,,1,PERP_ETH_USDC,notional
0xfa71c8000ce627c30fdc50ae861f28fd692915a3,boom,545.288973,,0,0,0,0,0,0,,,,,1,PERP_ETH_USDC,notional
0x12cec7cfd64ffcb3300541ac4fb76718651c7862,alpix,536.966,,0,0,0,0,0,0,,,,,1,PERP_ETH_USDC,notional
0x97e7f9f6987d3b06e702642459f7c4097914ea87,logx,536.966,,0,0,0,0,0,0,,,,,1,PERP_ETH_USDC,notional
0x7cd60ce1bd4856edf5317562e4a7874e1c1655f0,alpix,536.966,,0,0,0,0,0,0,,,,,1,PERP_ETH_USDC,notional
0x87354016f063c8480c6f4c1ac202dbd214d7bb6a,alpix,530.522408,,0,0,0,0,0,0,,,,,1,PERP_ETH_USDC,notional
0x451ea2b7f95e71bdaeb31cf987cf2840f9d78506,alpix,505.285006,,0,0,0,0,0,0,,,,,1,PERP_ETH_USDC,notional
0x2eed6ba391b85103aa49161ed9b81e1122c0c1dc,logx,502.600176,,0,0,0,0,0,0,,,,,1,PERP_ETH_USDC,notional
0x5555da9c93510532f05300c74dcd959275c262a2,sharpe_ai,483.2694,,0,0,0,0,0,0,,,,,1,PERP_ETH_USDC,notional
8ANyq5abHPZeVoAVmvcZWy4snpgpqY3Z7LtvE6FieSia,raydium,482.732434,,0,0,0,0,0,0,,,,,1,PERP_ETH_USDC,notional
0x478a2b609537a5b56783d8f64946cc25ec81120f,alpix,468.771318,,0,0,0,0,0,0,,,,,1,PERP_ETH_USDC,notional
DHZwhBf6aNMFTVJLALoMTPcmmWigLMKL59KwvchNAbn5,woofi_pro,430.378249,,0,0,0,0,0,0,,,,,1,PERP_ETH_USDC,notional
0xfb31c45b088da320bf0db52db93a8e09379982a3,salsadex,402.992983,,0,0,0,0,0,0,,,,,1,PERP_ETH_USDC,notional
0xc9d74444af638c03838a4f73888b99d36ebc7a1f,woofi_pro,396.549391,,0,0,0,0,0,0,,,,,1,PERP_ETH_USDC,notional
0xcf851367e1517e1bd4aab93c07fdf0075a2aa6b1,alpix,396.549391,,0,0,0,0,0,0,,,,,1,PERP_ETH_USDC,notional
0x706513b01eb0b83df3e00a531f60817cb9b33859,alpix,396.012425,,0,0,0,0,0,0,,,,,1,PERP_ETH_USDC,notional
0xcc584f7eb9d79624b1d2baec445defb89abd60a0,lifyx,384.199173,,0,0,0,0,0,0,,,,,1,PERP_ETH_USDC,notional
0x54f4c0f2bb5f650dcf9fe7fa37b50e503c4a07d9,oxbit_dex,383.125241,,0,0,0,0,0,0,,,,,1,PERP_ETH_USDC,notional
0xa68db2947f2e155f3df2065235ab7007b1542eea,woofi_pro,351.71273,,0,0,0,0,0,0,,,,,1,PERP_ETH_USDC,notional
0xa90c2fca94e4def643603f6a1fe35085c8ae5f3c,mememax,345.537621,,0,0,0,0,0,0,,,,,1,PERP_ETH_USDC,notional
0x2cbc1e5b0e33e715854f12eb9682c01cc87d5f8d,mememax,320.568702,,0,0,0,0,0,0,,,,,1,PERP_ETH_USDC,notional
0xb0b95bb8b77d1ac368f5fedc92733cc54d0fd399,woofi_pro,314.393593,,0,0,0,0,0,0,,,,,1,PERP_ETH_USDC,notional
0xc79ee2534d2ef64063dfe681cc6a2c958354f5b5,alpix,305.802137,,0,0,0,0,0,0,,,,,1,PERP_ETH_USDC,notional
0x9b6df1980540a62cb39788e6a02a32dade17c548,logx,296.136749,,0,0,0,0,0,0,,,,,1,PERP_ETH_USDC,notional
0x0d482e02ff979c9eb56241a663c406f7793d127e,alpix,293.451919,,0,0,0,0,0,0,,,,,1,PERP_ETH_USDC,notional
0x6c58ef57a485464c707134a72ede3a739b8b8492,alpix,278.685354,,0,0,52.231595,0,0,1,,,,52.231595,1,PERP_ETH_USDC,notional
0x6eee5490ba5a023f0219996d0263e89cc47dde5d,alpix,268.483,,0,0,0,0,0,0,,,,,1,PERP_ETH_USDC,notional
0xbe7c54feffa8ec16248876eacf932d4f3a0b69b4,alpix,268.483,,0,0,0,0,0,0,,,,,1,PERP_ETH_USDC,notional
0x595f66dd9b35d8638bdc8bcfcc9e70d2ec36c4f4,alpix,268.483,,0,0,0,0,0,0,,,,,1,PERP_ETH_USDC,notional
0x2d7bc81c0adaf23f15670aae89ee09b5c808eee3,woofi_pro,268.483,,0,0,0,0,0,0,,,,,1,PERP_ETH_USDC,notional
0x156527bc2e57610c23ac795a1252cac56453e320,logx,268.483,,0,0,0,0,0,0,,,,,1,PERP_ETH_USDC,notional
0xc54d79a87f12364ab622252a7a9885472277df37,alpix,268.483,,0,0,0,0,0,0,,,,,1,PERP_ETH_USDC,notional
0xc3bd3e3ce36149c1eec961e7d09f8d563e16bff2,alpix,268.483,,1.312064,1.312064,2146.769936,2146.769936,2146.769936,6,1.0,,,357.79498933,1,PERP_ETH_USDC,notional
0x7cac9db7c1e4e7fc3baf57f1a9f89befbc9da2cc,alpix,267.409068,,0,0,0,0,0,0,,,,,1,PERP_ETH_USDC,notional
0xd44d83d64d67348775f98dd0b1aac9265579d7df,alpix,262.039408,,0,0,0,0,0,0,,,,,1,PERP_ETH_USDC,notional
0x5d54a8aacb6343f7c18623f8992debddf9b38fa7,alpix,258.817612,,0,0,0,0,0,0,,,,,1,PERP_ETH_USDC,notional
0xbc08e57f8214577892144311deccd7b5221c59ee,logx,242.977115,,0,0,0,0,0,0,,,,,1,PERP_ETH_USDC,notional
0xcdb890bcec8a7f3ecf2a4dd155bc8bfa64e73e7c,alpix,228.21055,,0,0,0,0,0,0,,,,,1,PERP_ETH_USDC,notional
0x1578335be57c9ad4f826ff7ed6b35d5c994ea3ef,alpix,226.599652,,0,0,0,0,0,0,,,,,1,PERP_ETH_USDC,notional
0xdec08e4cc899f88bc0cb56a54517d2d618fa1265,aden,218.276679,,0,0,0,0,0,0,,,,,1,PERP_ETH_USDC,notional
0x070df4c641e3ca3c3f544bf0ad79b18851f888c2,darwindex,40.2714,,0,0,77.65034,0,0,2,1.0,,,38.82517,1,PERP_ETH_USDC,volume_24h
0xee6c53bdb99888a5672b6f712f5d7afc567457db,alpix,130.747812,,0,0,55.76538,0,0,1,,,,55.76538,1,PERP_ETH_USDC,volume_24h
0x27c46ef8a4a2eb9f8d652d858ee0283af511bad6,alpix,53.6952,,0,0,53.321,0,0,2,,,,26.6605,1,PERP_ETH_USDC,volume_24h
0xde94b3c88f856fff227bd83a1d42f394c9e92541,swapmos_com,27.116076,,0,0,27.052143,27.052143,27.052143,1,,,,27.052143,1,PERP_ETH_USDC,volume_24h
AhadyFccn1zgxCaG6QqwNvv3U6s5AtsB7pAKUnXWjTCT,raydium,134.238,,0,0,17.544,17.544,17.544,1,,,,17.544,1,PERP_ETH_USDC,volume_24h
0xe08fd01065bd3b7d306ae86a5e3fac1567c29288,alpix,11.275992,,0,0,11.261082,11.261082,11.261082,1,,,,11.261082,1,PERP_ETH_USDC,volume_24h
0xdbed610a43fc93712b41b1e0b59df782807a6abc,woofi_pro,7.785804,,0,0,0,0,0,0,,,,,1,PERP_ETH_USDC,volume_24h
0xcbb18845316f49c9adba17b709e588bb800be28f,woofi_pro,12.618372,,0,0,0,0,0,0,,,,,1,PERP_ETH_USDC,volume_24h
0xdb57b5a6837add99995513f0072f3800cc26314c,woofi_pro,9.39666,,0,0,0,0,0,0,,,,,1,PERP_ETH_USDC,volume_24h
0x8d27deb2405717d649346502f52b959aab4eb3af,woofi_pro,0.268476,,0,0,0,0,0,0,,,,,1,PERP_ETH_USDC,volume_24h
0x3cc59976026afb6fb8fc79c09088115799ce9957,woofi_pro,7.785804,,0,0,0,0,0,0,,,,,1,PERP_ETH_USDC,volume_24h
0x55b09fb58915d64913998e9208d5e48878f98241,logx,16.10856,,0,0,0,0,0,0,,,,,1,PERP_ETH_USDC,volume_24h
0x4b85f20895091c46c41f72dd59a1dccb4a70be8e,fillx,28.18998,,0,0,0,0,0,0,,,,,1,PERP_ETH_USDC,volume_24h
0xa416dbbf70bc845154acefc04a4aa7dadeef3d90,woofi_pro,1.34238,,0,0,0,0,0,0,,,,,1,PERP_ETH_USDC,volume_24h
0xa11c89cb25befb7da4c1e201377099212f102c58,fastx,0.268476,,0,0,0,0,0,0,,,,,1,PERP_ETH_USDC,volume_24h
0xf9024d5c5578acd4a93da4437b7117720d66db10,what_exchange,19.330272,,0,0,0,0,0,0,,,,,1,PERP_ETH_USDC,volume_24h
0xb6533b50b239c877e52738de906d6ba8ef1faf7b,logx,12.08142,,0,0,0,0,0,0,,,,,1,PERP_ETH_USDC,volume_24h
0x3df5ba668fa69378cee5440a0786e87ba582fbdf,woofi_pro,1.34238,,0,0,0,0,0,0,,,,,1,PERP_ETH_USDC,volume_24h
0xfc47da77d3dae0c9395516805e81cc7c689b21bd,woofi_pro,7.785804,,0,0,0,0,0,0,,,,,1,PERP_ETH_USDC,volume_24h
0x8a2ef2e1ae7dbaa224bcbd6d84b95f4c071f1cf7,woofi_pro,7.785804,,0,0,0,0,0,0,,,,,1,PERP_ETH_USDC,volume_24h
0x92ce7b68f1557ce2b3349e96037edb3544a4534c,woofi_pro,85.91232,,0,0,0,0,0,0,,,,,1,PERP_ETH_USDC,volume_24h
0x6de5031af6a0ae5681da36c2e9dd94b27aea15e5,woofi_pro,7.785804,,0,0,0,0,0,0,,,,,1,PERP_ETH_USDC,volume_24h
0xe0e979512d40df7e87e71527306dc49a31d2ccac,alpix,14.229228,,0,0,0,0,0,0,,,,,1,PERP_ETH_USDC,volume_24h
0x6482a07ec9b8ed76cf7989d19d39d508cfb5e875,woofi_pro,13.4238,,0,0,0,0,0,0,,,,,1,PERP_ETH_USDC,volume_24h
0x87174737f5ec852c45077ea9fe6a0c219ec53799,aden,14.497704,,0,0,0,0,0,0,,,,,1,PERP_ETH_USDC,volume_24h
D2dK1G6B5wD2SyVui946YyhL1ZKmqLJpenDe9RfGrSHi,raydium,31.948644,,0,0,0,0,0,0,,,,,1,PERP_ETH_USDC,volume_24h
0xdc859b19a8650637a762363b292f467fbdb3f75a,woofi_pro,7.785804,,0,0,0,0,0,0,,,,,1,PERP_ETH_USDC,volume_24h
0x48d373d91ab790692b8130fece1108973165b7d6,alpix,124.304388,,0,0,0,0,0,0,,,,,1,PERP_ETH_USDC,volume_24h
0xa91bce5176279225d9768dd95d6c037219255fd5,woofi_pro,12.886848,,0,0,0,0,0,0,,,,,1,PERP_ETH_USDC,volume_24h
0x06e9925d3e8c642371232e7492c3916d6b855aaa,woofi_pro,7.785804,,0,0,0,0,0,0,,,,,1,PERP_ETH_USDC,volume_24h
0x559acd48aa695cb4cbcfbc2ad1aa58eed22105c5,woofi_pro,56.37996,,0,0,0,0,0,0,,,,,1,PERP_ETH_USDC,volume_24h
0x5637b6e250f96ed4655d0bac4260669915d96421,woofi_pro,7.517328,,0,0,0,0,0,0,,,,,1,PERP_ETH_USDC,volume_24h
0x261e5109cdf22f46a7d0acb1b0df04bd47e897a8,woofi_pro,7.785804,,0,0,0,0,0,0,,,,,1,PERP_ETH_USDC,volume_24h
0x732b123ec07f4e330672c81e6d98bdcfd5a04b69,logx,53.6952,,0,0,0,0,0,0,,,,,1,PERP_ETH_USDC,volume_24h
0x46b830bf2c258f5a7db64eb9a96706a91132715e,logx,104.974116,,0,0,0,0,0,0,,,,,1,PERP_ETH_USDC,volume_24h
0x399d5ea47096cbc41777d3605243213c14a4792f,interlink,175.85178,,0,0,0,0,0,0,,,,,1,PERP_ETH_USDC,volume_24h
0xd65c3ce15ff57953685ee9bb381a35bd8e0b485b,interlink,12.349896,,0,0,0,0,0,0,,,,,1,PERP_ETH_USDC,volume_24h
0x1d8a02843ee285501954fd1fcdb486d70c368eba,woofi_pro,12.08142,,0,0,0,0,0,0,,,,,1,PERP_ETH_USDC,volume_24h
0x232960352cc73662e72d1e62b95a722c3995a583,eisen,11.275992,,0,0,0,0,0,0,,,,,1,PERP_ETH_USDC,volume_24h
0xedd785bc02340afa335ba47833e2f13dac85ed32,primit,31.143216,,0,0,0,0,0,0,,,,,1,PERP_ETH_USDC,volume_24h
0xacaceac2d04aed83d93a22dd7d18e8ee32ae0d47,woofi_pro,24.968268,,0,0,0,0,0,0,,,,,1,PERP_ETH_USDC,volume_24h
0x214145bda76850b49094700d4601dc1fc194b76c,woofi_pro,24.699792,,0,0,0,0,0,0,,,,,1,PERP_ETH_USDC,volume_24h
0xc48b1d6ef9ac4e6d46445aebdbeb556cfef1ee99,woofi_pro,7.248852,,0,0,0,0,0,0,,,,,1,PERP_ETH_USDC,volume_24h
0x912fe7eb70eaee398d2442f6d9794ed144def5ad,woofi_pro,9.39666,,0,0,0,0,0,0,,,,,1,PERP_ETH_USDC,volume_24h
B9W8jR8VRwrcBH7Wy2humUbAf1hyA423i1MsBbqhhbB2,raydium,131.016288,,0,0,0,0,0,0,,,,,1,PERP_ETH_USDC,volume_24h
0x2ef276c63c3cbc3b8756cbe4b3de73b241d69cd3,woofi_pro,82.959084,,0,0,0,0,0,0,,,,,1,PERP_ETH_USDC,volume_24h
0xb10fabed0989b101159251d9eb8fe52484265a6b,woofi_pro,1.34238,,0,0,0,0,0,0,,,,,1,PERP_ETH_USDC,volume_24h
0x60909269a639546040481320220eec6b6b3d4c49,woofi_pro,1.34238,,0,0,0,0,0,0,,,,,1,PERP_ETH_USDC,volume_24h
0x38430336153468dcf36af5cea7d6bc472425633a,mode,18.79332,,0,0,0,0,0,0,,,,,1,PERP_ETH_USDC,volume_24h
0xa73e8560277c98dd23fedbb1165e5f1f7bad778f,alpix,24.431316,,0,0,0,0,0,0,,,,,1,PERP_ETH_USDC,volume_24h
0x0f1ccb89b9c5f6cfd28c85f37ea3a5af6237929a,woofi_pro,12.886848,,0,0,0,0,0,0,,,,,1,PERP_ETH_USDC,volume_24h
0xe7d3377e9f689ce8fcd0837228c0fbd63c1785eb,woofi_pro,12.886848,,0,0,0,0,0,0,,,,,1,PERP_ETH_USDC,volume_24h
0x6c1888f9ab84b6f5cbb287fee1c3d3f16657f151,woofi_pro,12.886848,,0,0,0,0,0,0,,,,,1,PERP_ETH_USDC,volume_24h
0xb55eeed969ecefade9d08a5a046948299d3b8966,salsadex,160.817124,,0,0,0,0,0,0,,,,,1,PERP_ETH_USDC,volume_24h
0x2a4a2b91f49d687775bff39c88381bb4ae835c92,woofi_pro,12.886848,,0,0,0,0,0,0,,,,,1,PERP_ETH_USDC,volume_24h
0xf79ed1f69b63fe1595a86b7aaea168d88da25833,woofi_pro,89.670984,,0,0,0,0,0,0,,,,,1,PERP_ETH_USDC,volume_24h
0x44dc359714e0c75f11fc9ab3ae212962262364c2,woofi_pro,8.05428,,0,0,0,0,0,0,,,,,1,PERP_ETH_USDC,volume_24h
0xbdc4012276f18bc5056bf59c0a4c3a3963338972,woofi_pro,8.05428,,0,0,0,0,0,0,,,,,1,PERP_ETH_USDC,volume_24h
0x495f7fd573ef7776f1e68044eed2e2a11d83a939,logx,26.8476,,0,0,0,0,0,0,,,,,1,PERP_ETH_USDC,volume_24h
0x1d43cb859b30226675cf9b2b54546e9381afe40c,spike,17.987892,,0,0,0,0,0,0,,,,,1,PERP_ETH_USDC,volume_24h
0x8c6455b0bb55d87bb4a005d746b5d6a2adc9f07d,woofi_pro,68.192904,,0,0,0,0,0,0,,,,,1,PERP_ETH_USDC,volume_24h
0x781a640d9e61f5156441ed5c4493ae05050cb55e,logx,26.8476,,0,0,0,0,0,0,,,,,1,PERP_ETH_USDC,volume_24h
0x98d90b206f226e8700301bab83a4962d68cb8e65,logx,17.182464,,0,0,0,0,0,0,,,,,1,PERP_ETH_USDC,volume_24h
0x20e36baa24783c82750f6d9f84b37be66e70f6a9,kodiak,137.728188,,0,0,0,0,0,0,,,,,1,PERP_ETH_USDC,volume_24h
0x865c301c46d64de5c9b124ec1a97ef1efc1bcbd1,woofi_pro,8.322756,,0,0,0,0,0,0,,,,,1,PERP_ETH_USDC,volume_24h
0x0e34562e5e6afe8c902ee5bf45570156dffce699,woofi_pro,10.470564,,0,0,0,0,0,0,,,,,1,PERP_ETH_USDC,volume_24h
0x43d42f66f098bbdbeac97f7aadb192efabefe72c,woofi_pro,6.443424,,0,0,0,0,0,0,,,,,1,PERP_ETH_USDC,volume_24h
0x9f99c690851fdd2c78d6e0143524c64f2558fefa,woofi_pro,0.805428,,0,0,0,0,0,0,,,,,1,PERP_ETH_USDC,volume_24h
0x6d0a7babde5d871bbfe2b8a6ccbcca6997261cae,rwaperp_xyz,0.268476,,0,0,0,0,0,0,,,,,1,PERP_ETH_USDC,volume_24h
0x5a0e69ed36f0a19ef468182a022d66ca3b8cb6b1,logx,8.05428,,0,0,0,0,0,0,,,,,1,PERP_ETH_USDC,volume_24h
0xbd91314c0d39d9b7be6064a7775d4911c48c2f3c,woofi_pro,0.536952,,0,0,0,0,0,0,,,,,1,PERP_ETH_USDC,volume_24h
0x6f64fccd52242c1af97ec253ba04d5637cdded64,woofi_pro,0.805428,,0,0,0,0,0,0,,,,,1,PERP_ETH_USDC,volume_24h
DLkNF4pT7oRwgYHWnfVWvqYMY5pAHRDkQZfmERcPHWrt,dextools,33.561375,,0,0,0,0,0,0,,,,,1,PERP_ETH_USDC,trade_count_24h
0x6571b8078c591dbd51eeca6c2af2a614f5665f9f,logx,26.8491,,0,0,0,0,0,0,,,,,1,PERP_ETH_USDC,trade_count_24h
0x7b6f0f04a476c5733df0d487472ba5f4144cf559,woofi_pro,12.887568,,0,0,0,0,0,0,,,,,1,PERP_ETH_USDC,trade_count_24h
0xae048c7733ba388411353b0dc0dc771527504b3b,woofi_pro,8.591712,,0,0,0,0,0,0,,,,,1,PERP_ETH_USDC,trade_count_24h
0x2df55e0fd3a0b1f00c6de17b12d96e7351bc0744,woofi_pro,8.860203,,0,0,0,0,0,0,,,,,1,PERP_ETH_USDC,trade_count_24h
0xf2f7f81b5b50d20c0fdf6f4f3da20d76b00ae9f1,logx,26.8491,,0,0,0,0,0,0,,,,,1,PERP_ETH_USDC,trade_count_24h
0x964e0a2d8fe82778b8e5289cf1809caf5839af9a,hoodbtc,11.545113,,0,0,0,0,0,0,,,,,1,PERP_ETH_USDC,trade_count_24h
0x035688d24b039b86603dc12aa4342281a8940dc9,vanta_exchange,137.170306,0.0,0,0,0,0,0,0,,,,,1,PERP_EURUSD_USDC,notional
0x5eada4ab7c2646edd39d03c2d544327f69b0b29f,vanta_exchange,20.011971,0.0,0,0,0,0,0,0,,,,,1,PERP_EURUSD_USDC,notional
2rDvrbY438SFVtoysNWVygcTyty8JzL456omURkzMhLq,raydium,887,0.0,0,0,0,0,0,0,,,,,1,PERP_FARTCOIN_USDC,notional
BXMexEzEXMRNxgZnzHEykUS6iukCa76RbYNku5tQZYMt,raydium,354.8,0.0,0,0,0,0,0,0,,,,,1,PERP_FARTCOIN_USDC,notional
8pFJ6NTqVBeEMnt1yh3nz9X6GegieHciAzMDNLTyzV8J,raydium,70.96,0.0,0,0,0,0,0,0,,,,,1,PERP_FARTCOIN_USDC,notional
0x85e52dedfdde311f2f3f64754ba1f30d5ac432a8,coin-wallet-dex,41.1568,0.0,0,0,0,0,0,0,,,,,1,PERP_FARTCOIN_USDC,notional
CmdYauM2Lj4sAZQXMCJbBk4bVgXCDXdE7XwZAiq9bSb3,vooi,25.1908,0.0,0,0,0,0,0,0,,,,,1,PERP_FARTCOIN_USDC,notional
8tYHVwfvTzQgXCa7CCANDQPEef5W1pk57LGP77D6dRP9,raydium,10.1118,0.0,0,0,0,0,0,0,,,,,1,PERP_FARTCOIN_USDC,notional
13KdubFeVeYZvpfLENPpASvB8XAKaEDh3cdnXeeYK7iE,raydium,9.9344,0.0,0,0,0,0,0,0,,,,,1,PERP_FARTCOIN_USDC,notional
AofTBAJAUhk9R6x9HHfvP1QRMec9N5C3zoqa58wXPQXC,raydium,4.435,0.0,0,0,0,0,0,0,,,,,1,PERP_FARTCOIN_USDC,notional
hxuF9Qr3iWHA6o5P31PmDNR8Z1pFWVgT1ciZRhuB9ba,raydium,2.661,0.0,0,0,0,0,0,0,,,,,1,PERP_FARTCOIN_USDC,notional
Aj3ESt2w2o73zQwCG4md6wTFA2sRf5e9DNjm9Am6Rsfz,raydium,2.1288,0.0,0,0,0,0,0,0,,,,,1,PERP_FARTCOIN_USDC,notional
GiZyV2zSNxaQcKKMKAeQ3odq8CHnDCKv9L1kmizpeMDW,raydium,1.9514,0.0,0,0,0,0,0,0,,,,,1,PERP_FARTCOIN_USDC,notional
B2m6Uh5mCx1gdRtnoXW6R2qTHP5N3pb88q25ZRd57gpe,raydium,0.7096,0.0,0,0,0,0,0,0,,,,,1,PERP_FARTCOIN_USDC,notional
758q4nKAWJxzE5g5ACMXnF1DeYivv6473DiqNQd5pZ9f,raydium,0.3548,0.0,0,0,0,0,0,0,,,,,1,PERP_FARTCOIN_USDC,notional
7eFZqNsFVwYMG9ZPxHs7BxxMJs7j2Z62FbzB9JBePujg,raydium,0.3548,0.0,0,0,0,0,0,0,,,,,1,PERP_FARTCOIN_USDC,notional
fGM47aMuF8CKFhdtDoHNTVn5aavVUVY147uBQhNQJQr,raydium,0.1774,0.0,0,0,0,0,0,0,,,,,1,PERP_FARTCOIN_USDC,notional
EmSEFyR8mP1C9VWcsBpU8X8yVa48tXNVk7RH5ab24L1t,orderly,0.1774,0.0,0,0,0,0,0,0,,,,,1,PERP_FARTCOIN_USDC,notional
24RDM5BxUiHvDXPeHnemZTn6iXpmrxjXcTXoRiPtDyX7,raydium,0.1774,0.0,0,0,0,0,0,0,,,,,1,PERP_FARTCOIN_USDC,notional
0x86f05c6e8c7b466ad3663086cb417e0477182bf3,interlink,0.13518,0.0,0,0,0,0,0,0,,,,,1,PERP_FET_USDC,notional
0xf42715d74b2da80594175e37cbcd99292020fa3d,interlink,0.09012,0.0,0,0,0,0,0,0,,,,,1,PERP_FET_USDC,notional
0xf13f35460f572344f68d721707ba4cc0f326045c,zetarium,0.04506,0.0,0,0,0,0,0,0,,,,,1,PERP_FET_USDC,notional
0x3b00f9dc6f544633509d2b79c06675ef16d72de0,rwaperp_xyz,995.541,0.0,0,0,0,0,0,0,,0.11538461538461539,0.14285714285714285,,1,PERP_GOOGL_USDC,notional
0x3ad9f1e3d04c8a1234a0a3f844eb36cf84c744a8,quick_perps,10.2987,0.0,0,0,0,0,0,0,,,,,1,PERP_GOOGL_USDC,notional
HhWdWgCz8WYBEsfDHEqqgkBydEvpEmsQyEPtZGngvvgD,raydium,240.69318,0.0,0,0,0,0,0,0,,,,,1,PERP_HBAR_USDC,notional
4qgZZUng6Z9BqrFaL1V3tXwgTRNxXPEx5uFLdjnFbz26,raydium,177.21366,0.0,0,0,0,0,0,0,,,,,1,PERP_HBAR_USDC,notional
GPRX4ZaWhSc25ux6Z2xMJ4Ejj8hCnoPbWMnD6Lc9deaD,raydium,42.01449,0.0,0,0,0,0,0,0,,,,,1,PERP_HBAR_USDC,notional
0x0478e38c7c033c6a9e728906cd7e4dd588787034,vanta_exchange,10.57992,0.0,0,0,0,0,0,0,,,,,1,PERP_HBAR_USDC,notional
0xbb403d34fd8d6d856af9c422274007948383f020,interlink,1.0173,0.0,0,0,0,0,0,0,,,,,1,PERP_HBAR_USDC,notional
0xfcf475e5a958e9de6ba6502c5cff66c5a1bc0995,alpix,3258.35043,0.0,0,0,0,0,0,0,,0.0,0.3983050847457627,,1,PERP_HYPE_USDC,notional
CrnGk3TyedSEtbPdEKnwUDPXKhAE8KyEXkzGBwaxFDgV,raydium,2630.20248,0.0,0,0,0,0,0,0,,,,,1,PERP_HYPE_USDC,notional
0xc6c37e147466f656c4b0eaee81e78b89df2b0040,alpix,1967.30592,0.0,0,0,0,0,0,0,,,0.0,,1,PERP_HYPE_USDC,notional
0x9d69defdc465c8f73929b2d60b7dad17d69ef75e,what_exchange,1938.79424,0.0,0,0,0,0,0,0,,,,,1,PERP_HYPE_USDC,notional
0xe151f9340244c05a180158f60d2af12e242a47fc,logx,843.76753,0.0,0,0,0,0,0,0,,,,,1,PERP_HYPE_USDC,notional
0x19a21cf863c166b67de67257315c61d7a0adc8cf,alpix,812.58288,0.0,0,0,0,0,0,0,,,,,1,PERP_HYPE_USDC,notional
0x70b067e1d5de7fc562bd1b2b748fed58618f32fd,raydium,797.43605,0.0,0,0,0,0,0,0,,0.0,0.0,,1,PERP_HYPE_USDC,notional
0x75f8783382a04364c917e6dc78b0dbc4cc8890a4,alpix,746.64962,0.0,0,0,0,0,0,0,,,,,1,PERP_HYPE_USDC,notional
EEfPTUJsMcn38FBLzjKqnCPJNHy69DJyBH6aJsHuoEqq,raydium,534.594,0.0,0,0,0,0,0,0,,,,,1,PERP_HYPE_USDC,notional
0xecba980d571cf690275f6a0203f9579a242ee63f,alpix,510.53727,0.0,0,0,0,0,0,0,,,,,1,PERP_HYPE_USDC,notional
0x6872739286c6918f2777770d1aa97fd1210118f9,aark,389.36263,0.0,0,0,0,0,0,0,,,,,1,PERP_HYPE_USDC,notional
0x3211759583dc439fe1280200172984499d4ae7fb,alpix,271.75195,0.0,0,0,0,0,0,0,,,,,1,PERP_HYPE_USDC,notional
GBEKEvqW8JE5DnWMfXKiMNoRyEwNbC2JpdgJNokMMT5D,raydium,267.297,0.0,0,0,86.878,0,0,1,0.0,0.0,0.1925925925925926,86.878,1,PERP_HYPE_USDC,notional
Em3b4LNYKa6Dhad2vXizovGGKcGoXTTiZ6fsP2uScZF,woofi_pro,256.60512,0.0,0,0,0,0,0,0,,,,,1,PERP_HYPE_USDC,notional
4qnFqKrHHfFbN594rtkVT9dBREtyLt7MXXhwJpe9AzN4,novex_fi,253.93215,0.0,0,0,0,0,0,0,,0.5,0.5319148936170213,,1,PERP_HYPE_USDC,notional
0x48da29b024fdfb3572453982d0880e48b02e17c9,woofi_pro,248.58621,0.0,0,0,0,0,0,0,,,,,1,PERP_HYPE_USDC,notional
0x7b970a1ff18126ed10b4fad049e055ec0b27c544,alpix,143.44939,0.0,0,0,0,0,0,0,,,,,1,PERP_HYPE_USDC,notional
2b7GBumgqHYsRU8ZmPy4anN3uPtgcyUJNUGmLW1dQYPK,raydium,132.75751,0.0,0,0,0,0,0,0,,,0.5,,1,PERP_HYPE_USDC,notional
0xf4441d7173dd70dd82a83a6065f3ee6d92890491,vanta_exchange,116.71969,0.0,0,0,0,0,0,0,,0.35,0.3469387755102041,,1,PERP_HYPE_USDC,notional
0x1e9eb62e2b4fd7e8b8c1b21b59e19ef0b7fddfd1,vanta_exchange,82.86207,0.0,0,0,0,0,0,0,,,,,1,PERP_HYPE_USDC,notional
3ivZiRCBiksp5u9DNiyZ9naiBfgeec3fvZebnvN45C2c,what_exchange,81.97108,0.0,0,0,0,0,0,0,,,,,1,PERP_HYPE_USDC,notional
0x1088440bc2ed16a514a5e65634043b59fbc1fb22,flashx_v1,73.06118,0.0,0,0,0,0,0,0,,,0.1111111111111111,,1,PERP_HYPE_USDC,notional
0x6dd2e3fcf3777aefd59d765f718d58391354f717,alpix,65.04227,0.0,0,0,0,0,0,0,,,,,1,PERP_HYPE_USDC,notional
4simydXknVnnkXsajd8Ey6cjPrCTYxYeNei4qEafHbPR,raydium,60.58732,0.0,0,0,0,0,0,0,,,,,1,PERP_HYPE_USDC,notional
0xb80be4655582b8eb884c94099dfdf5108b0cec43,alpix,50.78643,0.0,0,0,0,0,0,0,,,,,1,PERP_HYPE_USDC,notional
2466VMAruPtmY19hSaKHsHFzViKy59PoD3vqJmBhjNZd,sharpe_ai,50.78643,0.0,0,0,0,0,0,0,,,,,1,PERP_HYPE_USDC,notional
0xce87d48553a1bfa2c58270a8b05bb32227a25b46,alpix,49.00445,0.0,0,0,0,0,0,0,,,,,1,PERP_HYPE_USDC,notional
0x1897f81fed64a192db9355954179a0958e9df7dc,fastx,46.33148,0.0,0,0,0,0,0,0,,,0.0,,1,PERP_HYPE_USDC,notional
0x298606df212a0262387d955cf46d64626f285636,alpix,42.76752,0.0,0,0,0,0,0,0,,,,,1,PERP_HYPE_USDC,notional
Hu3DkidzqyxDwxhGm5hucQv8Ktvb4VKaDScA7Befvh9,antfun-bro,40.09455,0.0,0,0,0,0,0,0,,,,,1,PERP_HYPE_USDC,notional
CyRcEee7hNTRrXwz4sbWXWteQgJqd1YEdo4yxRUmncNF,raydium,35.6396,0.0,0,0,0,0,0,0,,,,,1,PERP_HYPE_USDC,notional
0xb8850cbc2d112e4d204a90a3eff7364f200918a4,alpix,32.96663,0.0,0,0,0,0,0,0,,,,,1,PERP_HYPE_USDC,notional
0xfc3422bc7be0610cc100ef91355691c155abb0ca,alpix,31.18465,0.0,0,0,0,0,0,0,,,,,1,PERP_HYPE_USDC,notional
0x15bc379a4cb5c88f3395d35c7091548805426596,alpix,30.29366,0.0,0,0,0,0,0,0,,,,,1,PERP_HYPE_USDC,notional
0xe30288b6b7fbaa15cd6432c3264b7e835cce8282,mememax,30.29366,0.0,0,0,0,0,0,0,,,,,1,PERP_HYPE_USDC,notional
FVhCdUmDjsvnVhvyGJyQqJ9jk8v16xLMLjSDvpaWrAJu,raydium,28.51168,0.0,0,0,0,0,0,0,,0.0,0.0,,1,PERP_HYPE_USDC,notional
0xb8f9239cee8cceaa648b400addc6c7956228c0b0,alpix,26.7297,0.0,0,0,0,0,0,0,,,,,1,PERP_HYPE_USDC,notional
0x4ce24bf2f7997686d3039e2228cbbc170e2b96ac,demo,26.7297,0.0,0,0,0,0,0,0,,,,,1,PERP_HYPE_USDC,notional
0x98c123ea5cf93b446ea167c0865d936c5d9f114d,interlink,25.83871,0.0,0,0,0,0,0,0,,,,,1,PERP_HYPE_USDC,notional
4WSSqGNH6M7ewBbFGsHtjiBbA9esxxumMuDTyCjFqNc3,raydium,24.94772,0.0,0,0,0,0,0,0,,,0.0,,1,PERP_HYPE_USDC,notional
0x97975768b9f522ff25bdaaa47b7dd64960edac8a,alpix,24.05673,0.0,0,0,0,0,0,0,,,,,1,PERP_HYPE_USDC,notional
0x0a51c18e913918f0f725408af010ae179a593527,alpix,24.05673,0.0,0,0,0,0,0,0,,,,,1,PERP_HYPE_USDC,notional
CggfvhuxqYqxW3RrmVcGEqGJRc7Fkd7ESVw56qRuefsS,raydium,23.16574,0.0,0,0,0,0,0,0,,,,,1,PERP_HYPE_USDC,notional
0x454bab60ea39556aa869b16b704590d50cd25c53,interlink,22.27475,0.0,0,0,0,0,0,0,,,,,1,PERP_HYPE_USDC,notional
0xc1f83fa0131c29b0887a0e28425a747cff52774d,interlink,18.71079,0.0,0,0,0,0,0,0,,,,,1,PERP_HYPE_USDC,notional
0xf17e5a4f62ba58fdf91f13e3918297d77f940fcf,alpix,17.8198,0.0,0,0,0,0,0,0,,,,,1,PERP_HYPE_USDC,notional
0x1fd05efeb0b7bac8ee5ef1ab4d345114c5d97b5a,alpix,16.92881,0.0,0,0,0,0,0,0,,0.0,0.35714285714285715,,1,PERP_HYPE_USDC,notional
0x426cf0a8423a9522a78cd3325984ae000d425eeb,mode,16.03782,0.0,0,0,0,0,0,0,,,,,1,PERP_HYPE_USDC,notional
G7Qf1gtLVZtpasPCFPo35X5oyUYtUGLxBEiKN7m9GBif,raydium,13.36485,0.0,0,0,0,0,0,0,,,,,1,PERP_HYPE_USDC,notional
9krW8pTyWfXsA9MSY8oY3dwCtibux68V4Ez5KLYUdycQ,raydium,13.36485,0.0,0,0,0,0,0,0,,,,,1,PERP_HYPE_USDC,notional
0x13929db42ce4045eccb289d8c069e49eae76bcd6,alpix,10.69188,0.0,0,0,0,0,0,0,,,,,1,PERP_HYPE_USDC,notional
0xf954a97ea1e9cba8fdc3f945acc3eae801c40db4,mememax,9.80089,0.0,0,0,0,0,0,0,,,,,1,PERP_HYPE_USDC,notional
0x2861d3e3c69456400da7dc1567d4ba99f05cfafa,alpix,9.80089,0.0,0,0,0,0,0,0,,,,,1,PERP_HYPE_USDC,notional
0x3dd95a44bce1d69a3f05f50b0d90cf4c82a21203,alpix,8.01891,0.0,0,0,0,0,0,0,,,,,1,PERP_HYPE_USDC,notional
0x72264afa8a9df03707603bd15f2ca67fd82128c4,mememax,5.34594,0.0,0,0,0,0,0,0,,0.0,,,1,PERP_HYPE_USDC,notional
6CYtdcf8HhPGAbH8tE5vLgNmYNa8dxs3EUWsZdqTZm4z,raydium,4.45495,,0,0,0,0,0,0,,,,,1,PERP_HYPE_USDC,notional
Bg33ott9ZV4xyeLhpFo83JNjfx3Cf63oVxgLk4NbbhQK,raydium,2.67297,,0,0,0,0,0,0,,,,,1,PERP_HYPE_USDC,notional
0xd861627eb50c081fd6f7bcfcd1255fbf7aeb7c76,atoken,1.78198,,0,0,0,0,0,0,,,,,1,PERP_HYPE_USDC,notional
0xf7568c369e5ea166d08190c82485c0ac06a30541,hoodbtc,0.89099,,0,0,0,0,0,0,,,,,1,PERP_HYPE_USDC,notional
CRGG4XLw81PuGCUirakoxrBKLBZA5HWFic6KEHKYpKJk,raydium,0.89099,,0,0,0,0,0,0,,,,,1,PERP_HYPE_USDC,notional
0xa655f4b0f372bebb5eebe704f6aa28beead1ac1c,mememax,0.89099,,0,0,0,0,0,0,,,,,1,PERP_HYPE_USDC,notional
3TeXRsUsrKc79jMhkf4eGXmQSGjtJtagtvsMZXqAdsbM,raydium,0.89099,,0,0,0,0,0,0,,,,,1,PERP_HYPE_USDC,notional
9TpCk4pb4j1Mt7yom7Y7JQP8WjiRSDfR1sboRWUbT82A,sproutperps,575.46912,0.0,0,0,0,0,0,0,,,,,1,PERP_INJ_USDC,notional
0xae03e4f9f917056907e85511ea1e4568613ae7be,vooi,86.04648,0.0,0,0,0,0,0,0,,,,,1,PERP_INJ_USDC,notional
0x7428aa67174b624f399bba6c6f36829bec1a80d2,vooi,16.50936,0.0,0,0,0,0,0,0,,,,,1,PERP_INJ_USDC,notional
Eciy2BbaMCCyWDMg3ftzQWAuqgaB5R4fcyjRHufy7zWA,raydium,16.20504,0.0,0,0,0,0,0,0,,,,,1,PERP_INJ_USDC,notional
7UP2HdWNCpMuZEUhPCYzecDC68QMt7kgsBYYidtFcA6E,raydium,10.87944,0.0,0,0,0,0,0,0,,,,,1,PERP_INJ_USDC,notional
0x9ac617f250fc7917e3f965cc0acc401ee295a268,vooi,8.52096,0.0,0,0,0,0,0,0,,,,,1,PERP_INJ_USDC,notional
0xb2cdae18db545301bfe8332ffdece3cb9344eeeb,logx,6.31464,0.0,0,0,0,0,0,0,,,,,1,PERP_INJ_USDC,notional
0xb6f05ff0e31c3904fee89b594e611236c4273fc5,emdx_dex,3.27144,0.0,0,0,0,0,0,0,,,,,1,PERP_INJ_USDC,notional
0x1677eebf2df969db82bc16756f81c1c01b897dc4,woofi_pro,3.19536,0.0,0,0,0,0,0,0,,,,,1,PERP_INJ_USDC,notional
0xd2506f2e9538c2eb306fdc0bf683033d1bf453a9,logx,1.59768,0.0,0,0,0,0,0,0,,,,,1,PERP_INJ_USDC,notional
0x63fd6394f16680d6d58a090b028ce2c0d113a08d,logx,0.22824,0.0,0,0,0,0,0,0,,,,,1,PERP_INJ_USDC,notional
DdrDd4M7tUULKykkhMLWxRopWDdJuqG922c9B3bEZoy2,raydium,0.15216,0.0,0,0,0,0,0,0,,,,,1,PERP_INJ_USDC,notional
0x58aa7b71d9ea8a91fcdc1e2c1ea7544f21921800,elixir,0.15216,0.0,0,0,0,0,0,0,,,,,1,PERP_INJ_USDC,notional
0x8b1b1882362d8aa0c2d52bc27c744ad7ed6260ab,woofi_pro,0.07608,0.0,0,0,0,0,0,0,,,,,1,PERP_INJ_USDC,notional
0xcd17210465c0834b1525e0c3415ca2bc1159c1b1,woofi_pro,0.07608,0.0,0,0,0,0,0,0,,,,,1,PERP_INJ_USDC,notional
0xc58cde869583b60487aa1aa126ec9333c94d5e50,sharpe_ai,0.07608,0.0,0,0,0,0,0,0,,,,,1,PERP_INJ_USDC,notional
0x9763771312dfed5bd8f14c224626be2af6c4102a,woofi_pro,0.07608,0.0,0,0,0,0,0,0,,,,,1,PERP_INJ_USDC,notional
7gzNA3pYYYSvP4nch3ahSYxVwQxTY4bm8NwfZHtDxQGU,raydium,740.4022,0.0,0,0,0,0,0,0,,,,,1,PERP_JUP_USDC,notional
HJPjghuu5WWgTASouhni7eDDfHmgZsgxpPzsrctQz9B5,raydium,391.92,0.0,0,0,0,0,0,0,,0.0,0.0,,1,PERP_JUP_USDC,notional
9VRwKRyh4AiMePH78HTHzL4crY5M42rT6EVr8u2Y2gfH,raydium,359.26,0.0,0,0,0,0,0,0,,0.0,0.043478260869565216,,1,PERP_JUP_USDC,notional
0xa7851bc74281810af53efaa5e2229eb0554829b1,logx,339.664,0.0,0,0,0,0,0,0,,,,,1,PERP_JUP_USDC,notional
5UgNUDUyMWC2fukSaznommVsXEDNXiR21zFVnc4jbJrN,raydium,326.6,0.0,0,0,0,0,0,0,,0.0,0.0,,1,PERP_JUP_USDC,notional
J28bnkoXbwFaoY9wYNSiZpW8zpBLrsr8egrDfMQzFJDs,raydium,277.61,0.0,0,0,0,0,0,0,,,,,1,PERP_JUP_USDC,notional
2QEHVFWB3W92NdV6o52S7sQ9aQS2VcacLhD7Ea2E5o92,raydium,261.28,0.0,0,0,0,0,0,0,,0.0,0.0,,1,PERP_JUP_USDC,notional
2NuxPER1GePJNXcoUWsVz2oi9hKbczLX2zCqTTEVSQEL,raydium,261.28,0.0,0,0,0,0,0,0,,0.0,0.125,,1,PERP_JUP_USDC,notional
YeRuUdeSApNtfsvn95HQ8NKP2KmD2eunQXAmyTxwpNW,raydium,258.014,0.0,0,0,0,0,0,0,,0.0,0.0,,1,PERP_JUP_USDC,notional
33fe1c54WJxBFLZik82A1pYmm4MEcLmfnqKPFj2NvCB7,raydium,244.2968,0.0,0,0,0,0,0,0,,0.0,0.23076923076923078,,1,PERP_JUP_USDC,notional
4fdgoRuCsUfc84iWQoXSbHWShwaeW48NMWXNpRuP6315,raydium,228.62,0.0,0,0,0,0,0,0,,0.0,0.08333333333333333,,1,PERP_JUP_USDC,notional
4goAdEceifwkG71YeAJwCJN5k69U8Tj7a2DsojUtkvQd,raydium,195.96,0.0,0,0,0,0,0,0,,0.6666666666666666,0.2,,1,PERP_JUP_USDC,notional
53YwXMentcjBRSTn25iBfoaCyg6uRsG827JypV1omZMb,raydium,195.96,0.0,0,0,0,0,0,0,,0.0,0.0,,1,PERP_JUP_USDC,notional
8J1QhasHH78JpEEdq4jkM6n7LkKH8uhYNQWyAVQ2hDKM,raydium,163.3,0.0,0,0,0,0,0,0,,0.0,0.0,,1,PERP_JUP_USDC,notional
97aQitMH3BSCsJHgUtpZUCoFJWi3YLUsiuvacfnS58mP,raydium,163.3,0.0,0,0,0,0,0,0,,0.0,0.1111111111111111,,1,PERP_JUP_USDC,notional
AYbk6R1BBMpYVXybKC5z8r2PWx8wvTuQacw48MhD6cYt,raydium,157.4212,0.0,0,0,0,0,0,0,,,,,1,PERP_JUP_USDC,notional
0xc1b887fb6a38c2eb01daedc9449da463ebe59675,boom,138.1518,0.0,0,0,0,0,0,0,,,,,1,PERP_JUP_USDC,notional
6wnDKuV7huUQyyYqLPfBcfuLVJQzTwgHvuSty1hj5o9g,raydium,113.3302,0.0,0,0,0,0,0,0,,,,,1,PERP_JUP_USDC,notional
0xf6b7d75d88cc9233518cf6aea56087dccc609b19,woofi_pro,84.5894,0.0,0,0,0,0,0,0,,,,,1,PERP_JUP_USDC,notional
9F8UYNxwdyQWa2q2w38E9SeeeTZuV1VZJ94GzjbNKADZ,raydium,63.3604,0.0,0,0,0,0,0,0,,,0.0,,1,PERP_JUP_USDC,notional
5UVGhWw5LtrRPc36oj7bZPcMgq9V9G7wLv7LmuQDQ48t,raydium,18.9428,0.0,0,0,0,0,0,0,,,,,1,PERP_JUP_USDC,notional
0x3dd041baef52bc26bd6e2d08624b55ed8539ca05,vooi,15.6768,0.0,0,0,0,0,0,0,,,,,1,PERP_JUP_USDC,notional
3MujKhZmNHvaBgd3FyTUjHj3ETCtjLvhBYarpBKRMt8V,raydium,8.8182,0.0,0,0,0,0,0,0,,,,,1,PERP_JUP_USDC,notional
2BNi685fzDiNnRd2EffSs7qXXNQyFaBpsakgj7m9Epyz,raydium,8.8182,0.0,0,0,0,0,0,0,,0.0,0.0,,1,PERP_JUP_USDC,notional
X2zgQa6U3mxHDyq5nKmxGHJFjrUUbhGT4tZRbuuNouh,raydium,8.165,0.0,0,0,0,0,0,0,,,,,1,PERP_JUP_USDC,notional
6SzWxVqVBmMcVMb6gEacowZ2DsUBTfkxCqeUEiXAP92s,raydium,6.532,0.0,0,0,0,0,0,0,,,,,1,PERP_JUP_USDC,notional
BAaAjS3Ji19Q1Gt57Ys7VYSvoYj17LXweo8rUbN67YjM,raydium,5.8788,0.0,0,0,0,0,0,0,,,,,1,PERP_JUP_USDC,notional
AtvhozrirAv5Yn1rE9dGUeXq1fxB3zpjuWfPhyJZJFzL,veaxdex,4.2458,0.0,0,0,0,0,0,0,,,,,1,PERP_JUP_USDC,notional
A8kfRHPM61T52YKmhMPSc9AL9LQoH9uzPC1f9F8VKVto,raydium,3.5926,0.0,0,0,0,0,0,0,,,,,1,PERP_JUP_USDC,notional
0xbbcac1fa99c3ec28284ced9ddfd3ee73a7de45e8,oxium,3.266,0.0,0,0,0,0,0,0,,,,,1,PERP_JUP_USDC,notional
CoKgHkmdizepaypWCSgZ5BMyjgVQNgmRSknXDcG4y17Z,raydium,2.9394,0.0,0,0,0,0,0,0,,,,,1,PERP_JUP_USDC,notional
3DxK9aM3RQivDX5cZoTAVAYt4Whj5sd8DM23dha2Dxh3,raydium,2.6128,0.0,0,0,0,0,0,0,,,,,1,PERP_JUP_USDC,notional
DmsoJrDTRiJTEhERR8xYPw882DffNYhyd4gcjt8D8Q8c,raydium,1.3064,0.0,0,0,0,0,0,0,,,,,1,PERP_JUP_USDC,notional
28BVmrkyFYtBad9VXe3WvikVA3PzgAhVvExG7sbDS3aT,raydium,1.3064,,0,0,40.42325,0,0,2,1.0,,,20.211625,1,PERP_JUP_USDC,notional
8aW5dHJM36NrRcLCiZioAwPxuCfV5tDUwCWYxJ5X9ybi,raydium,1.3064,,0,0,0,0,0,0,,,,,1,PERP_JUP_USDC,notional
0xb0ef6efad67a028023036d0d8fd51f517709a788,woofi_pro,0.9798,,0,0,0,0,0,0,,,,,1,PERP_JUP_USDC,notional
MfFA6SbVRjsdrNR4pSgMLXF2GzSYH5hwsp7qBqV2r2d,raydium,0.6532,,0,0,0,0,0,0,,,,,1,PERP_JUP_USDC,notional
0x899a0b324a560010d700dbb376640336e02132aa,emdx_dex,0.3266,,0,0,0,0,0,0,,,,,1,PERP_JUP_USDC,notional
0x0b0b65648fd89daf4d5383f85d55baa48adf5c58,clober_dex,0.3266,,0,0,0,0,0,0,,,,,1,PERP_JUP_USDC,notional
0x6df6584e15cf1bb178cec8e19dea08096b854b5f,woofi_pro,0.3266,,0,0,0,0,0,0,,,,,1,PERP_JUP_USDC,notional
0x542eabec047fc3e07be5fb0db8d3e3bdbfdbb391,logx,0.3266,,0,0,0,0,0,0,,,,,1,PERP_JUP_USDC,notional
0x0b41078fe96ad555b13eed39f30d2c7d264fdaf5,vooi,0.3266,,0,0,0,0,0,0,,,,,1,PERP_JUP_USDC,notional
0x8f575ffacec2822046f8fe1b6c81f4f48566c31f,logx,0.3266,,0,0,0,0,0,0,,,,,1,PERP_JUP_USDC,notional
2shxp35xECtBSZR7E5jMF55WX9KftFAHKuTDE3iCngtN,raydium,1823.80971,0.0,0,0,0,0,0,0,,,,,1,PERP_LINK_USDC,notional
0x4829f3bbd5508707339547ebefface2b4c86d3b5,logx,314.17229,0.0,0,0,0,0,0,0,,,,,1,PERP_LINK_USDC,notional
CCMNc4DfeXxh1HtaftPNDj38PFGEccSnRp4nhEYuBqiF,sigma,292.23715,0.0,0,0,0,0,0,0,,,,,1,PERP_LINK_USDC,notional
0x3c78dd98e8a36e7de5b6f3a75d6aa55034f40046,boom,143.55022,0.0,0,0,0,0,0,0,,,,,1,PERP_LINK_USDC,notional
0xc0cf9c1b374339f74da59a1c736a54e0bc5722e2,mememax,69.83149,0.0,0,0,0,0,0,0,,,,,1,PERP_LINK_USDC,notional
6ksN4rwYr5vj7CNg1dabsGDdUfSWw4C52bNMCpXwxmaP,raydium,66.36074,0.0,0,0,0,0,0,0,,,0.0,,1,PERP_LINK_USDC,notional
0x3d2d339977c7bccfbd56f733ca0279792e21ae11,vooi,35.40165,0.0,0,0,0,0,0,0,,,,,1,PERP_LINK_USDC,notional
D1DwmuqcEZNQi53xs7At8fEGestzwyGvUxSQmmppCT3s,raydium,18.32556,0.0,0,0,0,0,0,0,,,,,1,PERP_LINK_USDC,notional
0x619c5eaa964784823547b558740291bd0e09efda,logx,14.02183,0.0,0,0,0,0,0,0,,,,,1,PERP_LINK_USDC,notional
0x258cc91f6bc0b2c0911bcbc1d5af6124ae5b9ea4,woofi_pro,13.74417,0.0,0,0,0,0,0,0,,,,,1,PERP_LINK_USDC,notional
0x5e685c695ef0e2eacc9ac5b3b2412ade9a1f7114,woofi_pro,13.32768,0.0,0,0,0,0,0,0,,,,,1,PERP_LINK_USDC,notional
0x0af32050d356ff2976d50a42b8400da107ed6f1c,woofi_pro,13.18885,0.0,0,0,0,0,0,0,,,,,1,PERP_LINK_USDC,notional
0xd1a0b66835d830e9ada42eef436f3aa8005b20b5,woofi_pro,11.1064,0.0,0,0,0,0,0,0,,,,,1,PERP_LINK_USDC,notional
0xc672f2b266fe3b28df0162589266d4348e3a101d,vooi,4.1649,0.0,0,0,0,0,0,0,,,,,1,PERP_LINK_USDC,notional
0x3b7f779745f04dca441bf78b2333d7289419a650,woofi_pro,4.02607,0.0,0,0,0,0,0,0,,,,,1,PERP_LINK_USDC,notional
0x3a0c360f97c782d1414d653cef6b178de67fb322,aden,0.55532,0.0,0,0,0,0,0,0,,,,,1,PERP_LINK_USDC,notional
0x3eb1580abffa4a7196a7da351ccf069487632864,woofi_pro,0.13883,0.0,0,0,0,0,0,0,,,,,1,PERP_LINK_USDC,notional
0xf784ec08e1ea3166b90fdb339fd5e2afe1a73bd9,logx,0.13883,0.0,0,0,0,0,0,0,,,,,1,PERP_LINK_USDC,notional
GbXGS21CuWXASZd5zX8rgNS7nssZo7gxsmECgm6xjTgU,raydium,1417.6,0.0,0,0,0,0,0,0,,,,,1,PERP_LIT_USDC,notional
0xa21f7b0fde6482535220224602be3e4e71434cd3,demo,12.0496,0.0,0,0,0,0,0,0,,,,,1,PERP_LIT_USDC,notional
0x4482609e05ad22497cecd7eb5074c2ca3e546cee,primit,3.8984,0.0,0,0,0,0,0,0,,,,,1,PERP_LIT_USDC,notional
HPbgFVcyCrMUdS5eAtQcG5c2uk2PsYJteX8o6z2cdL57,raydium,3.8984,0.0,0,0,0,0,0,0,,,,,1,PERP_LIT_USDC,notional
0x00a9f49e8f8938b8d71011ea9c78358d4d6709f6,interlink,2.1264,0.0,0,0,0,0,0,0,,,,,1,PERP_LIT_USDC,notional
0xd0b000d1d883c9b03a93139d0a528c3a4507f1cd,interlink,0.3544,0.0,0,0,0,0,0,0,,,,,1,PERP_LIT_USDC,notional
9rdh6o8JS2KJHch6wCLqMQQ9tPxrCyjmkfTSvJcsrRDx,raydium,929.7589,0.0,0,0,0,0,0,0,,,,,1,PERP_LTC_USDC,notional
0x5f4088087bc42a768adee8d22715d32c3d4f7ee9,mememax,20.769,0.0,0,0,0,0,0,0,,,,,1,PERP_LTC_USDC,notional
6qkAL97fjaTS4sxLamfa4ecHEwaZbn12EuK8F9Z7oryo,raydium,4.8461,0.0,0,0,0,0,0,0,,,,,1,PERP_LTC_USDC,notional
EBuraageXC98xxupcC9CXqPgtJgwTimTHsLnHRCuetRK,raydium,0.6396,0.0,0,0,0,0,0,0,,,,,1,PERP_MNT_USDC,notional
0x44fc5ba999a85f8a173f556376b59e8e31a111eb,clober_dex,324.70368,0.0,0,0,0,0,0,0,,,,,1,PERP_MON_USDC,notional
0xbcd786a45a244a06477dfb79523010408c71a49c,woofi_pro,273.76034,0.0,0,0,0,0,0,0,,,,,1,PERP_MON_USDC,notional
0x4810c7be4ea8008e254f0f942918def3a4af1680,kodiak,32.06,0.0,0,0,0,0,0,0,,,,,1,PERP_MON_USDC,notional
0xeeeadf7dd0c229df905a2eb0766552ce1a966ec6,woofi_pro,23.66028,0.0,0,0,0,0,0,0,,,,,1,PERP_MON_USDC,notional
0x2b211c0d0f44983b84b7f6ae4329dbbfb9cdf1bd,fillx,17.24828,0.0,0,0,0,0,0,0,,,0.13544668587896252,,1,PERP_MON_USDC,notional
0xcb8330ba5e60a1dbd5efaaa0eae00c3550a3232b,niza,14.2667,0.0,0,0,0,0,0,0,,,,,1,PERP_MON_USDC,notional
0x7c834c7e54bb2a0a19fedbf92095b0b499e152e4,clober_dex,10.4195,0.0,0,0,0,0,0,0,,,,,1,PERP_MON_USDC,notional
0xa59b2f041202c584aedbd2ab710b1a3926007626,oxium,1.9236,0.0,0,0,0,0,0,0,,,,,1,PERP_MON_USDC,notional
0xef0acf94228258724efec612c2afce9e473738dd,what_exchange,1.82742,0.0,0,0,0,0,0,0,,,,,1,PERP_MON_USDC,notional
0x795f50722cf5ad82f78dda8dc8f7b235332977c3,kodiak,1.79536,0.0,0,0,0,0,0,0,,,,,1,PERP_MON_USDC,notional
0x8b71d299372df2dd0f19c8c78c4a2a3ba6d43b8f,demo,1.34652,0.0,0,0,49.36392,0,0,2,0.0,0.17857142857142858,,24.68196,1,PERP_MON_USDC,notional
0xa5066a87b8082b3720ea7ea8cffdb5e364516834,purps,1.18622,0.0,0,0,0,0,0,0,,,,,1,PERP_MON_USDC,notional
CL4N71Q3LNxNXsT1Ax1ED2LZjgofGtUEvR4Y25yyU8aN,raydium,0.86562,0.0,0,0,0,0,0,0,,,,,1,PERP_MON_USDC,notional
0xcb37f1fe07988e6ff6c21b28b986fed13ebfa549,clober_dex,0.83356,0.0,0,0,0,0,0,0,,,,,1,PERP_MON_USDC,notional
0x618cee799650cdb4988fbf7aec3c01c7579a01b9,clober_dex,0.83356,0.0,0,0,0,0,0,0,,,,,1,PERP_MON_USDC,notional
0xb2b7fcfdbdaccd2e7102db3b6e63f985b7a90360,clober_dex,0.28854,0.0,0,0,0,0,0,0,,,,,1,PERP_MON_USDC,notional
0xb71d05cf5cdf7a9b15b20b9aab5e91332c271c96,clober_dex,0.22442,0.0,0,0,0,0,0,0,,,,,1,PERP_MON_USDC,notional
0x3416b7dabcd871ac41713535477a204b1ffb660e,demo,0.1603,0.0,0,0,0,0,0,0,,,,,1,PERP_MON_USDC,notional
0xe1efc2699c0f8953deb06316d10bcacec6de796f,clober_dex,0.09618,0.0,0,0,0,0,0,0,,,,,1,PERP_MON_USDC,notional
0xc9bc634d8e91d16915bb40c2e984d52aede3174c,clober_dex,0.06412,0.0,0,0,0,0,0,0,,,,,1,PERP_MON_USDC,notional
0xb865702410d83fd10712639aa256d7ca33e2062c,clober_dex,0.06412,0.0,0,0,0,0,0,0,,,,,1,PERP_MON_USDC,notional
0xe9cf3844b059f14ae7dda239a7e0202e56026496,clober_dex,0.03206,0.0,0,0,0,0,0,0,,,,,1,PERP_MON_USDC,notional
0x8c18632bb0321957f5b22967e21a4eaa66c9b431,vooi,0.03206,0.0,0,0,0,0,0,0,,,,,1,PERP_MON_USDC,notional
0xa0edc4069b66eed1eba58029092b24800fbe096b,mememax,417.0984,0.0,0,0,0,0,0,0,,,,,1,PERP_M_USDC,notional
0x092bc8be5eec36d989078c803fbb02b1aa0bbf6a,mememax,7.1561,0.0,0,0,0,0,0,0,,,,,1,PERP_M_USDC,notional
0x843b6b73e9532cac09f918df45cdcb31edeb942d,ascendex,7.1561,0.0,0,0,0,0,0,0,,,,,1,PERP_M_USDC,notional
0x5e0ff48ffc6328635028b509fdc5730de22af227,mememax,3.0669,0.0,0,0,0,0,0,0,,,,,1,PERP_M_USDC,notional
0xf29f8c5580f3a6540d2e72c79fc7518137c74e4a,aden,1541.195,0.0,0,0,0,0,0,0,,,,,1,PERP_NAS100_USDC,notional
HDaatBa2TkV6grS387nac6Z7zmJ5gwWGK9mZBwGQ96Qd,raydium,1499.582735,0.0,0,0,0,0,0,0,,,,,1,PERP_NAS100_USDC,notional
0x3d505e76c073bf4afd3bc38dbe5bcad37a0c6bc3,aden,595.209509,0.0,0,0,0,0,0,0,,,,,1,PERP_NAS100_USDC,notional
0xcfb441534fffb76616543e9afb434b93e35df6c5,aden,580.722276,0.0,0,0,0,0,0,0,,,,,1,PERP_NAS100_USDC,notional
0x85e50c7282d1270c2acaf3b4fb313df03a83e908,sigma,419.513279,0.0,0,0,0,0,0,0,,,,,1,PERP_NAS100_USDC,notional
0xcf0fd0db4cd7dedaddc61f2c1c0edb093be290b2,aden,254.605414,0.0,0,0,0,0,0,0,,,,,1,PERP_NAS100_USDC,notional
0xe409cbef308ea2b295d13bd2207304305f74427c,aden,118.672015,0.0,0,0,0,0,0,0,,,,,1,PERP_NAS100_USDC,notional
0xb5d37fb0974f66fb4dab3b2746ec89c8b8b64ff4,aden,118.055537,0.0,0,0,0,0,0,0,,,,,1,PERP_NAS100_USDC,notional
0x5d9f5874a7afa467d4d2b7ea442cf58f644a27a2,volt,99.869436,0.0,0,0,0,0,0,0,,,,,1,PERP_NAS100_USDC,notional
0xd72f31d24e93cb8bb3f607f71c62d3f76aaf6cab,aden,45.311133,0.0,0,0,0,0,0,0,,,,,1,PERP_NAS100_USDC,notional
0xa464abbf049fb75585484addcbc00169062e813a,woofi_pro,23.734403,0.0,0,0,0,0,0,0,,,,,1,PERP_NAS100_USDC,notional
0xa9c8c096a2812d867171b2327c1473c56228b9b2,aden,11.096604,0.0,0,0,0,0,0,0,,,,,1,PERP_NAS100_USDC,notional
0x9ca0f14177619af96ca87deac0cc19b47b2bc655,what_exchange,3.698868,0.0,0,0,0,0,0,0,,,,,1,PERP_NAS100_USDC,notional
0x278275f0b1be7f57492787ea1f0cacc274f611b3,aden,2.157673,0.0,0,0,0,0,0,0,,,,,1,PERP_NAS100_USDC,notional
0x72e8e095765777de224a1656597f1033775fa59f,aden,1.232956,0.0,0,0,0,0,0,0,,,,,1,PERP_NAS100_USDC,notional
0xa00719c2c2e6aa37044a6c5bff08ee48d9727968,aden,0.924717,0.0,0,0,0,0,0,0,,,,,1,PERP_NAS100_USDC,notional
CMrvwrMfqfnuByZr2SLbgZqrtZRf32pUwTFX5km3fqNU,raydium,0.616478,0.0,0,0,0,0,0,0,,,,,1,PERP_NAS100_USDC,notional
0x5c574d0ead39fddd680067783fb5aa9a1a99e453,demo,0.616478,0.0,0,0,0,0,0,0,,,,,1,PERP_NAS100_USDC,notional
0x0e98519d5e5568a5f4062dfb6cbe25f36f0f5ff0,aden,0.308239,0.0,0,0,0,0,0,0,,,,,1,PERP_NAS100_USDC,notional
0xe1f0687f4aa5274a1811516e97e79a526951191a,aden,0.308239,0.0,0,0,0,0,0,0,,,,,1,PERP_NAS100_USDC,notional
0xd4f118069cf752bede69c80f11cb087a16fc6242,aden,0.308239,0.0,0,0,0,0,0,0,,,,,1,PERP_NAS100_USDC,notional
GtiTfcm1TTKXhwfDiAvTeYoABiGLZMa6hmYN3H8ykGKn,raydium,2991.45888,0.0,0,0,0,0,0,0,,,,,1,PERP_NEAR_USDC,notional
3G1cMWh1C4LmKzTu5yzBrPAS7R7xBSipU97VNgYuvBa9,raydium,160.45605,0.0,0,0,0,0,0,0,,,,,1,PERP_NEAR_USDC,notional
0xdc6e8414684869a06570cad01180d2f404932d11,alpix,139.527,0.0,0,0,0,0,0,0,,,,,1,PERP_NEAR_USDC,notional
5BZEur1bT45WrZjG6JMHaoC7tTXBBRqPArEWNUj2HoKW,dextools,57.20607,0.0,0,0,0,0,0,0,,,,,1,PERP_NEAR_USDC,notional
DcAbbkZKJxqEZa9eS49mKvyqMJKWkEXU5fYpUQRfzmns,dextools,57.20607,0.0,0,0,0,0,0,0,,,,,1,PERP_NEAR_USDC,notional
0x6441d72ccbfcc0874406881c0626a06d8e5794bc,woofi_pro,18.13851,0.0,0,0,0,0,0,0,,,,,1,PERP_NEAR_USDC,notional
0x53b1ad35621499694874b14ab62e2834c46fe629,woofi_pro,17.20833,0.0,0,0,0,0,0,0,,,,,1,PERP_NEAR_USDC,notional
0x51f5f9ebc4933881897e33c664618b08525ff67d,logx,16.27815,0.0,0,0,0,0,0,0,,,,,1,PERP_NEAR_USDC,notional
0x161e9e73dcf6612bb7b0243f770bfe3fc06d959c,emdx_dex,6.97635,0.0,0,0,0,0,0,0,,,,,1,PERP_NEAR_USDC,notional
AxoN4hpQJWKFkSimhqnA7dUsqf5VGojA5RhhZTiP4KFm,raydium,1.39527,0.0,0,0,0,0,0,0,,,,,1,PERP_NEAR_USDC,notional
0xe5f56c9140634bba8acf48e598c25d6b45b6e378,logx,1.39527,0.0,0,0,0,0,0,0,,,,,1,PERP_NEAR_USDC,notional
0x9833e747894e1af62b1e6c29bda423dd240b6dec,woofi_pro,0.46509,0.0,0,0,0,0,0,0,,,,,1,PERP_NEAR_USDC,notional
0x3e4aa19aa047f873ee3fd00cd1209f8763d29cda,logx,0.46509,0.0,0,0,0,0,0,0,,,,,1,PERP_NEAR_USDC,notional
6Nt8LiekyKpssSYSjY9edtw5xY5skS3W5nFnYoLN5MFH,raydium,398.888,0.0,0,0,0,0,0,0,,,,,1,PERP_NVDA_USDC,notional
522zMgP2CLrdqBb3Je4qrxYtre8DD6udtq9rw4FU6AGE,dextools,220.5616,0.0,0,0,0,0,0,0,,,,,1,PERP_NVDA_USDC,notional
4vCgbATd7GVEXZ3t2Ewu7yKn1T8eovzAuB3jjP2qjuig,raydium,204.1368,0.0,0,0,0,0,0,0,,,,,1,PERP_NVDA_USDC,notional
2PLTJce7kVv2Cjin9sSktq7dv2jDMrhXX9Euz5kbWVxT,dextools,154.8624,0.0,0,0,0,0,0,0,,,,,1,PERP_NVDA_USDC,notional
0xc837cc9a6e0bcf2cd7d1f9eadbf37902c27b8295,raydium,32.8496,0.0,0,0,0,0,0,0,,,,,1,PERP_NVDA_USDC,notional
0x54a619d23db1ae8fd53852246ef0481f07277c56,landlord,16.4248,0.0,0,0,0,0,0,0,,,,,1,PERP_NVDA_USDC,notional
0x965d1248ef67b1851a1750512753fa04578686a9,orderly,11.732,0.0,0,0,0,0,0,0,,,,,1,PERP_NVDA_USDC,notional
0xbbf447f42ae7e0d9848d24cbc10c26ece6b405df,quick_perps,2448.5,0.0,0,0,0,0,0,0,,,,,1,PERP_ONDO_USDC,notional
0x04d0e3349e5f3265dcb0b677dbf349aa03d7136b,vanta_exchange,592.537,0.0,0,0,0,0,0,0,,,0.5,,1,PERP_ONDO_USDC,notional
9CXAmZ8BBPMHh8XYPRP8d4oCn2KCqrQzT3HjgKFuntwN,raydium,398.6158,0.0,0,0,0,0,0,0,,0.4074074074074074,0.4,,1,PERP_ONDO_USDC,notional
0x4aa7593df172832d551e77ad04d0640900ccda3d,raydium,244.85,0.0,0,0,0,0,0,0,,1.0,0.2222222222222222,,1,PERP_ONDO_USDC,notional
6ahRudDRHLQUk1YgLhycKAVpviBGRJdpfhUMkJv1HLTv,sigma,59.7434,0.0,0,0,0,0,0,0,,,,,1,PERP_ONDO_USDC,notional
0x6976c545c9aaf553db128cb3af3b17b7747094ef,quick_perps,38.6863,0.0,0,0,0,0,0,0,,,,,1,PERP_ONDO_USDC,notional
0x6165536dd77141d095e10fe7477d5503e0a93467,vanta_exchange,22.0365,0.0,0,0,0,0,0,0,,0.4,0.2222222222222222,,1,PERP_ONDO_USDC,notional
0x6c9119c62e758b79e9d022a4642f2fde589e6561,woofi_pro,21.0571,0.0,0,0,0,0,0,0,,,,,1,PERP_ONDO_USDC,notional
0x85497cd7ccc9eae108a4b3eac1c555b100d0ebb7,woofi_pro,19.588,0.0,0,0,0,0,0,0,,,,,1,PERP_ONDO_USDC,notional
0x6390002d068966c1d39e2c8a60ff2361f46dcc9d,aden,6.8558,0.0,0,0,0,0,0,0,,,,,1,PERP_ONDO_USDC,notional
0xcf7927b2a95f729eeee54f1ae2c43cf51aac67b3,ibx,6.3661,0.0,0,0,0,0,0,0,,,,,1,PERP_ONDO_USDC,notional
BbHojA2YuQXPaquYj5cCssemh9BeA2EzRPqVvQGxnNFw,raydium,1.4691,0.0,0,0,0,0,0,0,,,,,1,PERP_ONDO_USDC,notional
0x6adf7f2797312a0823f79104a644e156b1143ec7,woofi_pro,55.48032,0.0,0,0,0,0,0,0,,,,,1,PERP_OP_USDC,notional
0x96525264b28a7f3bb9dae1bb184e8c51593dfbd7,woofi_pro,5.33568,0.0,0,0,0,0,0,0,,,,,1,PERP_OP_USDC,notional
0x2a35ea45f23d8bea3f8737e161fcd730a4c5910b,vooi,2.4192,0.0,0,0,0,0,0,0,,,,,1,PERP_OP_USDC,notional
0xf7b566d93ec712a26559c65268e27fd13d8ce748,logx,1.82784,0.0,0,0,0,0,0,0,,,,,1,PERP_OP_USDC,notional
0x8b4379f264c3da735362841ef9ee6cd02ba76c32,logx,1.45152,0.0,0,0,0,0,0,0,,,,,1,PERP_OP_USDC,notional
0xc7059a15e7aeaf35da8071869709f222772b76c1,logx,0.72576,0.0,0,0,0,0,0,0,,,,,1,PERP_OP_USDC,notional
0x7725f8123b40da27478e98fa28bca8c2029b032b,woofi_pro,0.09408,0.0,0,0,0,0,0,0,,,,,1,PERP_OP_USDC,notional
0xa577dc20bf6ccc0c9b19639706b55f7c7a7d1d31,aden,0.04032,0.0,0,0,0,0,0,0,,,,,1,PERP_OP_USDC,notional
0x446d3bf0db3dcddde585353bac17aff15a64b9e9,woofi_pro,0.01344,0.0,0,0,0,0,0,0,,,,,1,PERP_OP_USDC,notional
0xa32cbca700e55967c15b00d191bdeb2d00470058,woofi_pro,1038.08064,0.0,0,0,198.06824,0,0,2,1.0,0.125,0.2775757575757576,99.03412,1,PERP_ORDER_USDC,notional
0x2466d877f5f9ff5a80c18187eca86dc198208eb1,woofi_pro,354.24,0.0,0,0,0,0,0,0,,,,,1,PERP_ORDER_USDC,notional
0xe76b35091dab82fbebfa37079ed61ef2f7ba90f1,what_exchange,124.5744,0.0,0,0,0,0,0,0,,,,,1,PERP_ORDER_USDC,notional
0x7aa54b96b03f52d6da69a9dceec57c1a5814b9c2,what_exchange,46.36608,0.0,0,0,0,0,0,0,,,,,1,PERP_ORDER_USDC,notional
575BQYLnvkx5LWBPaWtiHwyupd1njP6S2ZjyHtZA7VTv,woofi_pro,45.22464,0.0,0,0,0,0,0,0,,,,,1,PERP_ORDER_USDC,notional
0x49010c49dc04965494da05da16d028a76977d97f,what_exchange,25.03296,0.0,0,0,0,0,0,0,,,,,1,PERP_ORDER_USDC,notional
0xedf8d4ddeb4f4b53f48fd716e23cb4cb469aa516,woofi_pro,20.58528,0.0,0,0,0,0,0,0,,,,,1,PERP_ORDER_USDC,notional
6Dgy3H2HLVJWiyc32BaTXovtFmYVtF7Qhocsk2SqayCP,what_exchange,19.8768,0.0,0,0,0,0,0,0,,,0.0,,1,PERP_ORDER_USDC,notional
0xa6c0f2e6eabd7d06dc144139722886db13cfecd5,woofi_pro,19.4832,0.0,0,0,0,0,0,0,,,,,1,PERP_ORDER_USDC,notional
0x28f07091e6c1ba0076dfbe37482cfb0b779a93e4,woofi_pro,18.38112,0.0,0,0,0,0,0,0,,,,,1,PERP_ORDER_USDC,notional
0x6b14dcb14a49a0343b5ce4a32f46d74b32a691c7,woofi_pro,16.9248,0.0,0,0,0,0,0,0,,,,,1,PERP_ORDER_USDC,notional
0xd31e95b64f07f6059fab034e9d8226e671257a9e,woofi_pro,4.29024,0.0,0,0,0,0,0,0,,,,,1,PERP_ORDER_USDC,notional
0xa99635c007d370ca53b095247e33fa1bad6a08c4,woofi_pro,3.50304,0.0,0,0,0,0,0,0,,,,,1,PERP_ORDER_USDC,notional
0xbbc20a4be98d82223276e44f586dcaac93d8b207,what_exchange,0.66912,0.0,0,0,0,0,0,0,,,,,1,PERP_ORDER_USDC,notional
0x0505dff3bf33e1aa93890a6113a2916943ce806d,what_exchange,0.55104,0.0,0,0,0,0,0,0,,,,,1,PERP_ORDER_USDC,notional
0xb3ca0b7f07ebcf59abf0648903683ce83ed84230,woofi_pro,0.51168,0.0,0,0,0,0,0,0,,,,,1,PERP_ORDER_USDC,notional
0xaa37e574c314c68333ff1fb1c9dc88defcc9b1bd,aden,0.31488,0.0,0,0,0,0,0,0,,,,,1,PERP_ORDER_USDC,notional
0xbbd7838e39acc334fb1a10c0a9560da117fea584,what_exchange,0.23616,0.0,0,0,0,0,0,0,,,,,1,PERP_ORDER_USDC,notional
0x8a284830c8c37a9dbc8320c3f3ea0567b415436c,woofi_pro,0.1968,0.0,0,0,0,0,0,0,,,,,1,PERP_ORDER_USDC,notional
2vmhriu4Mb97vc1vw2oMoD5BFQfpNuJVAnKgcmnVgsXX,raydium,0.15744,,0,0,0,0,0,0,,,,,1,PERP_ORDER_USDC,notional
0xe5bb9f784cce179242b453c22fdd4d8a91e42ae7,gasdex,0.03936,,0,0,0,0,0,0,,,,,1,PERP_ORDER_USDC,notional
0xc8de1c50b7c3cc5ccd164b8d0524e74733038287,woofi_pro,37.80602,0.0,0,0,0,0,0,0,,,,,1,PERP_PENGU_USDC,notional
9KXDBd9VobKfXH7XbqspnLAH6bEzJ3hReyDxfCfhzXMs,dextools,17.30106,0.0,0,0,0,0,0,0,,,,,1,PERP_PENGU_USDC,notional
0x0e1a38e789b97a483ae2689202f4edd6ec6a509a,noot,6.59088,0.0,0,0,0,0,0,0,,,,,1,PERP_PENGU_USDC,notional
0xe1480bdac05797da49b2971ca474165c1774270f,vooi,6.59088,0.0,0,0,0,0,0,0,,,,,1,PERP_PENGU_USDC,notional
0x0e918a0c78ee5a9cbe1b0a15b856063a5a89af4d,what_exchange,2.56312,0.0,0,0,0,0,0,0,,,,,1,PERP_PENGU_USDC,notional
3TYWQHWLALk3M3EthAHUvonWNErf2RKfnxGPHVrt4cB8,darkveil,1.19002,0.0,0,0,0,0,0,0,,,,,1,PERP_PENGU_USDC,notional
0x41b2f19e845d64da7c282e19ceacac9945a34b7c,aden,0.4577,0.0,0,0,0,0,0,0,,,,,1,PERP_PENGU_USDC,notional
Cg9JPFqAeLQtpMZnEVEftHa836BWnYmZRG4CBWY7YWVF,solinu,0.36616,0.0,0,0,0,0,0,0,,,,,1,PERP_PENGU_USDC,notional
2u5nowYBFHMVDekQbMQfbqVujb2zRtPWyGb7xwpxFdyH,raydium,0.27462,0.0,0,0,0,0,0,0,,,,,1,PERP_PENGU_USDC,notional
0x15276d2f4466bb9a7376f9d09a3963290ba8f375,interlink,0.18308,0.0,0,0,0,0,0,0,,,,,1,PERP_PENGU_USDC,notional
0xf58764c35ed1528ec78df18bebb24fa20f6a626f,boom,0.18308,0.0,0,0,0,0,0,0,,,,,1,PERP_PENGU_USDC,notional
0x30a898ad343bf197d15d8a2c353bb012caf92f05,interlink,0.09154,0.0,0,0,0,0,0,0,,,,,1,PERP_PENGU_USDC,notional
0x46c07b39b366e71bcb0c634a34c51bea4e729907,aden,0.09154,0.0,0,0,0,0,0,0,,,,,1,PERP_PENGU_USDC,notional
0x45d0765086c202fee211d55b6c010b51e978e379,quick_perps,54.63,0.0,0,0,0,0,0,0,,,,,1,PERP_POL_USDC,notional
38wvPQezzAV6bnmeGL9MhQPSBfAhYghmWkJZfw1defzM,dextools,54.19296,0.0,0,0,0,0,0,0,,,,,1,PERP_POL_USDC,notional
0xed4d081b8dabe09b5cb35de35abec885ffa288e0,quick_perps,49.49478,0.0,0,0,0,0,0,0,,,,,1,PERP_POL_USDC,notional
0xad897e9913e6fbceafc3d509222c106102b1f0c8,woofi_pro,3.49632,0.0,0,0,0,0,0,0,,,,,1,PERP_POL_USDC,notional
0x2659a94ba7f24c7fa1edb68658af4b42b4205af4,interlink,0.32778,0.0,0,0,0,0,0,0,,,,,1,PERP_POL_USDC,notional
HYNSkgMrdMJz6ZVzttPgK23tQMPEPEdqCskMz9srsmWJ,raydium,806.33008,0.0,0,0,0,0,0,0,,,,,1,PERP_PUMP_USDC,notional
C7uG1heLrFcE3si5RTKjS2fXhxEX3N6nVWQt9UrnaTAL,raydium,766.06512,0.0,0,0,0,0,0,0,,,,,1,PERP_PUMP_USDC,notional
7QbvZRCqqo1VhpoZLMkBrmc9P62bdsMTN1HKCgST7FWg,raydium,303.2,0.0,0,0,0,0,0,0,,,,,1,PERP_PUMP_USDC,notional
H6N45Xkp3WW6sruy1ACoYP34yUkrx7sy5xSmbsjRZCHo,raydium,148.99248,0.0,0,0,0,0,0,0,,,,,1,PERP_PUMP_USDC,notional
7aUWTm5367jg6DJ93XHw3hXNAYLCwqjkQfWigt8GBYWq,raydium,104.96784,0.0,0,0,0,0,0,0,,,,,1,PERP_PUMP_USDC,notional
7yG1LR5F7biZSE7n7sHeBPVUpx3UhMiVFpGGgiKegk4f,raydium,25.71136,0.0,0,0,0,0,0,0,,,,,1,PERP_PUMP_USDC,notional
BvTemph8KSGSRhs8C31GD8VeW8faj7SckTm15YMKkVrk,woofi_pro,17.52496,0.0,0,0,0,0,0,0,,,,,1,PERP_PUMP_USDC,notional
8G7scGx2DSiGoeggfxzdj8R9ST9PGivbppz8395MHfES,raydium,1.09152,0.0,0,0,0,0,0,0,,,,,1,PERP_PUMP_USDC,notional
Hc6EjeAa5ozWC6gCEcMnQrRsCMjVsJEJZuH4BwRydai9,raydium,0.42448,0.0,0,0,0,0,0,0,,,,,1,PERP_PUMP_USDC,notional
ANKmBueY98PGr4aCTmnFCWExcnpntECwGLuxujdstSxJ,raydium,0.18192,0.0,0,0,0,0,0,0,,,,,1,PERP_PUMP_USDC,notional
9xyW4r1agGtm4uwnjnvNYHuSD7jUTtwp1JJ43gF2xYuA,raydium,0.12128,0.0,0,0,0,0,0,0,,,,,1,PERP_PUMP_USDC,notional
0x2a970ae90723c9a6537422be2ef951c4c305dd73,interlink,0.06064,0.0,0,0,0,0,0,0,,,,,1,PERP_PUMP_USDC,notional
EMx8A22MV4wPmQdkbEusSkXuuTWmB7U6QTph7AzovCvY,raydium,0.06064,0.0,0,0,0,0,0,0,,,,,1,PERP_PUMP_USDC,notional
Axm8UwYiCTSTxiQaKWtGasfqA8R4kWZptiYCxh4rMp56,raydium,2195.42979,0.0,0,0,0,0,0,0,,,,,1,PERP_RAY_USDC,notional
9bpE5Dw8JQYGaoETqPfHHciKur1PX1qux6RAwpUwvKvZ,raydium,2088.3,0.0,0,0,0,0,0,0,,0.6,0.4,,1,PERP_RAY_USDC,notional
0xc3694b843629ba80c37dc4ad5178a0e5f282cbc4,raydium,1600.05546,0.0,0,0,0,0,0,0,,,0.0,,1,PERP_RAY_USDC,notional
FruAaWQ8xLpdByC4i4djP6qWHPS1yVqpfxMo2uB77Wch,raydium,1027.4436,0.0,0,0,0,0,0,0,,0.0,0.0,,1,PERP_RAY_USDC,notional
7WaQE4rd6uV8YVqYYWKgLjX8ppLRmoiTG8369HaZ88zQ,raydium,939.52617,0.0,0,0,0,0,0,0,,,,,1,PERP_RAY_USDC,notional
4vYKbdvz7nJg51zsPjZ7w7KnF17PnmTszTc1Gy84oY1j,raydium,783.1125,0.0,0,0,0,0,0,0,,,,,1,PERP_RAY_USDC,notional
5BzDWc6MVWx2QxS3tSFLspdEHJLUYjogBByBUrZzcwU6,raydium,650.71428,0.0,0,0,0,0,0,0,,0.0,0.0,,1,PERP_RAY_USDC,notional
6pGswzZWeSQ9RRC2ho8N461u2B2fBRppSczApsvPo4ve,sproutperps,612.91605,0.0,0,0,0,0,0,0,,0.1875,0.15315315315315314,,1,PERP_RAY_USDC,notional
H1WEhta65iJJxV4BmQ469528Ln5A9FPWbeZsC2cQMff4,raydium,550.05822,0.0,0,0,0,0,0,0,,,0.0,,1,PERP_RAY_USDC,notional
4Zeg2rMwvef5yiUnhZgCAWaHNRRt96evRGbBq7mPEFMc,raydium,327.65427,0.0,0,0,0,0,0,0,,0.3333333333333333,0.3333333333333333,,1,PERP_RAY_USDC,notional
DD932MC9AAAJQNS27S7yEfoi8uaSxjsedP5GJDaK9hBw,raydium,251.01366,0.0,0,0,0,0,0,0,,,0.09090909090909091,,1,PERP_RAY_USDC,notional
DD38fVtxa59FbNBnMnkfhpNzwhPAYCHTFVSfTU7FhTvB,raydium,228.04236,0.0,0,0,0,0,0,0,,,0.0,,1,PERP_RAY_USDC,notional
2FRHu4BL6N1W2i14a4FjoQE31nfAnMi8gS7xomBSjN87,raydium,223.86576,0.0,0,0,0,0,0,0,,0.25,0.25,,1,PERP_RAY_USDC,notional
HLvr7AJY8A9wMK9u3M1E3Bba4MsmxdrZMQNXcthZoiyM,raydium,155.57835,0.0,0,0,0,0,0,0,,,0.0,,1,PERP_RAY_USDC,notional
0x1f2b76769041891c79188f0ce50418f147e4e222,hydrex,111.09756,0.0,0,0,0,0,0,0,,0.0,0.4225352112676056,,1,PERP_RAY_USDC,notional
2FNZXXowZUUdgkVQ9NpEkCTWunASP8Xvh7Bzr8r51fMN,raydium,104.415,0.0,0,0,0,0,0,0,,,1.0,,1,PERP_RAY_USDC,notional
6AA8whBedS5Sk7q1nDXDdSgyuj3DBgyzDxMNjASwUf5R,raydium,81.4437,0.0,0,0,0,0,0,0,,0.0,0.0,,1,PERP_RAY_USDC,notional
3KF3zDYJwNqVrCBMaYsDMf5W9LU6rtn47fHQRL13ebi2,raydium,56.80176,0.0,0,0,0,0,0,0,,,0.0,,1,PERP_RAY_USDC,notional
GmaSipGnqLA9JgGW2RepAJrtz1YbTdZDupMxKbUkxKsN,raydium,54.50463,0.0,0,0,0,0,0,0,,,0.0,,1,PERP_RAY_USDC,notional
G6tVx3k5azNGm9yyQ8KfvgEiPpCwphqc1SCELKtFkQUJ,raydium,49.70154,0.0,0,0,0,0,0,0,,,0.0,,1,PERP_RAY_USDC,notional
EbWL1GnLx5vWn2xe8geayzj5A2BpqWdj9CZpDz9oWgUE,raydium,46.98675,0.0,0,0,0,0,0,0,,,,,1,PERP_RAY_USDC,notional
HZgPaim188z6xudqtajCDourncfxfyBJuNoJznNvku1o,raydium,45.10728,0.0,0,0,0,0,0,0,,0.0,0.0,,1,PERP_RAY_USDC,notional
5fS6HV26JUT3Y4i8UQoVXuxx9Fm56CNLRt6awguhBuqh,raydium,43.64547,0.0,0,0,0,0,0,0,,,0.0,,1,PERP_RAY_USDC,notional
8mSws5UYTDorKwsJ7ogj5TfqtDNs4guL8bH83fJBkCZR,raydium,28.40088,0.0,0,0,0,0,0,0,,,,,1,PERP_RAY_USDC,notional
EmXppncd5i853a2UmetFfReVKEYbJiP7xmHyBo5UF6xb,raydium,23.80662,0.0,0,0,0,0,0,0,,,0.0,,1,PERP_RAY_USDC,notional
HmYfuzQeif7vfAUyJgXUKGqxVogQLNguSVCqmt2mCD88,raydium,17.12406,0.0,0,0,0,0,0,0,,,,,1,PERP_RAY_USDC,notional
CkKHPx6cdT2eMQmsB1K3buYnSCSrEBNqGKQQNWdnKjyh,raydium,13.15629,0.0,0,0,0,0,0,0,,,,,1,PERP_RAY_USDC,notional
nFpvVDHZD3WaYw8AVYjhfb3Cj3Wn7CuN3GkDSsX2GNK,raydium,12.94746,0.0,0,0,0,0,0,0,,,,,1,PERP_RAY_USDC,notional
ExbTQP66ty84771AS5RfD4Aij6ezYxQbNzPNi1m1Yrnv,raydium,8.77086,0.0,0,0,0,0,0,0,,,0.0,,1,PERP_RAY_USDC,notional
2TYv4Tn9raGVs6peco6EkVRKVZt7WwMVNpn5mWEaP7fK,raydium,8.3532,0.0,0,0,0,0,0,0,,,,,1,PERP_RAY_USDC,notional
GNA5CJrzCTiwsr8j7jiTpA85Vg9nLJtBtR3Lhwa8Lwgk,raydium,7.10022,0.0,0,0,0,0,0,0,,,,,1,PERP_RAY_USDC,notional
4bGm9tMh1TLxYGCs8QNLEdFBX6MdCu3sNYbk3JtSsk7N,raydium,3.75894,0.0,0,0,0,0,0,0,,,,,1,PERP_RAY_USDC,notional
Aa1srFFU1XZ18KNPHuo3UnrqUVc5nRcBLdoabUPuVb85,raydium,2.50596,0.0,0,0,0,0,0,0,,,,,1,PERP_RAY_USDC,notional
0x235c140194993eb8ac0af161f9b6f6652b76e9e7,raydium,2.50596,0.0,0,0,0,0,0,0,,,,,1,PERP_RAY_USDC,notional
72hJunChmeHq2NhXUmLeXiYba23wGo7kyGD6iuGmZtAk,raydium,0.41766,,0,0,0,0,0,0,,,,,1,PERP_RAY_USDC,notional
3WzH8sduc9kFXK74YrkiuafKsdvATdC3bPXcLsCykPcu,raydium,0.20883,,0,0,0,0,0,0,,,,,1,PERP_RAY_USDC,notional
JDyi7WAVvS7oMipaukT3SaS3DKQVQXudb49zEFrMxWpE,raydium,0.20883,,0,0,0,0,0,0,,,,,1,PERP_RAY_USDC,notional
0x54df41b62558c1bc5c33ad222ad008e4564c06a9,oxium,31.0986,0.0,0,0,0,0,0,0,,,,,1,PERP_SEI_USDC,notional
0x32f8e5d3f4039d1df89b6a1e544288289a500fd1,woofi_pro,21.06,0.0,0,0,0,0,0,0,,,,,1,PERP_SEI_USDC,notional
0xa26b87810907aba215ccdbca0242a775a006b5b1,aark,7.02,0.0,0,0,0,0,0,0,,,,,1,PERP_SEI_USDC,notional
G27cSkd3Yt9QFbsFefymfkBH9N9DB2ZLGq3CRJYTvFJd,raydium,3.0888,0.0,0,0,0,0,0,0,,,,,1,PERP_SEI_USDC,notional
0x7b8e7ca649ddf809d624f9399ee45b7e695ece1f,woofi_pro,1.6146,0.0,0,0,0,0,0,0,,,,,1,PERP_SEI_USDC,notional
0x52579542af1654d42986717ea8af174e5559519d,interlink,1.4742,0.0,0,0,0,0,0,0,,,,,1,PERP_SEI_USDC,notional
0xbc863a6833f1ea26405aa7d2f56bd47ab310f85f,oxium,0.2808,0.0,0,0,0,0,0,0,,,,,1,PERP_SEI_USDC,notional
FuqkrRUaRMMxgXhV6C27HBFm9gz8yiwdRUtKPeQudaMp,raydium,2976.45845,0.0,0,0,0,0,0,0,,,0.0,,1,PERP_SOL_USDC,notional
9g3X2vLHdjmYZpDnDiXeXVuZX1WPrTjK4M5eYJYXfqEF,raydium,2395.54,19.58655,19.58655,19.58655,15786.41215,15786.41215,15786.41215,27,0.5,0.22758620689655173,0.19288389513108614,584.68193148,1,PERP_SOL_USDC,notional
He1xKU3F9WCJqJiiRt8PKEPp8FBdjzcY9Yp9bs5NmWP,raydium,2104.48189,0.0,0,0,0,0,0,0,,,0.0,,1,PERP_SOL_USDC,notional
0x0f83ebff2770778d214d0f01d3399b48d94a241c,aden,2048.1867,0.0,0,0,0,0,0,0,,,0.42857142857142855,,1,PERP_SOL_USDC,notional
G4A1oxwwqFgut6YiPE9RaBR9k6qAxY53rcHg5Zv3VsRz,raydium,2036.209,0.0,0,0,0,0,0,0,,,0.0,,1,PERP_SOL_USDC,notional
AZpFpTrvCoBvUzcv6BgXBXsD1cRmxzZWi7mjT3BnsqjD,raydium,1796.655,0.0,0,0,0,0,0,0,,,,,1,PERP_SOL_USDC,notional
E4hCTweecfyh5QfBKSwDntSAF45QMCkjSXwDb6K5uhRT,raydium,1796.655,0.0,0,0,0,0,0,0,,,0.0,,1,PERP_SOL_USDC,notional
0x47c9477589579f0a3c3650e86501f6e01f9133e4,aden,1796.655,0.0,0,0,0,0,0,0,,,0.36363636363636365,,1,PERP_SOL_USDC,notional
vQfr1PFk6sYSZhG713HYnYZPnH1GUsWicWkBTF6cuX3,raydium,1571.47424,0.0,0,0,0,0,0,0,,,,,1,PERP_SOL_USDC,notional
93nFRyjv5axNoKJPyvWAsCs6BJ9kLm1eiZJaBxin8xcR,raydium,1269.6362,0.0,0,0,0,0,0,0,,,,,1,PERP_SOL_USDC,notional
7hiZoPPDHhMNBuoPHP6pfHmZcNDkWQaAzzVMBVqbu2zh,raydium,1233.7031,0.0,0,0,0,0,0,0,,0.14285714285714285,0.15584415584415584,,1,PERP_SOL_USDC,notional
8nrUBxeoJX2cwD57phjRKsCaheJwc8g2g35D85upMVEG,raydium,1197.77,0.0,0,0,0,0,0,0,,,,,1,PERP_SOL_USDC,notional
Fn5UXcuT7NJmFALbVMLxdN8bcpYzYoJE256SnYLmgNaC,raydium,1197.77,0.0,0,0,0,0,0,0,,,,,1,PERP_SOL_USDC,notional
0xbaeb7f4cecb37d5dccfa8d6ae883250e95bafb5b,woofi_pro,1197.77,0.0,0,0,0,0,0,0,,,0.0,,1,PERP_SOL_USDC,notional
B4bDBMJXkMpT8XrQMZvcTLFuxAdbhN9Zct2KtXA1GTyS,raydium,855.20778,0.0,0,0,0,0,0,0,,,,,1,PERP_SOL_USDC,notional
E1Scn57SWADUfGpMrGrQ5xzqfyq1Ron1eHMTsm1vXms6,raydium,659.97127,0.0,0,0,0,0,0,0,,,,,1,PERP_SOL_USDC,notional
CR7gVYbv7vgggsmM1iLoQZYfMiCEsgKcK6Me5ymXX8NC,novex_fi,555.76528,0.0,0,0,0,0,0,0,,,0.0,,1,PERP_SOL_USDC,notional
87pMebDPaSt6aMkL5XvzDwmNtfF36zBLvx4sSsWSkfAC,raydium,456.35037,0.0,0,0,0,0,0,0,,,0.1,,1,PERP_SOL_USDC,notional
3avfqii4EJq2nGGUAooE9tSj18mVvfbqhNEunPn42iq3,solinu,419.2195,0.0,0,0,0,0,0,0,,,,,1,PERP_SOL_USDC,notional
0x47e96e6ca4db8c663797e4869a1f982dcbffb785,woofi_pro,373.70424,0.0,0,0,0,0,0,0,,1.0,1.0,,1,PERP_SOL_USDC,notional
0x997b007a41ab0ee8ef0fc51d23fed1dc205d8edf,logx,356.93546,0.0,0,0,0,0,0,0,,,,,1,PERP_SOL_USDC,notional
0xf8706636919f7c76878ebf53e38c676d8510caeb,woofi_pro,346.15553,0.0,0,0,0,0,0,0,,,,,1,PERP_SOL_USDC,notional
9TXp33bH567rCKRbt7QXTjFYERfj6bf8AT6oBkp6NtNZ,raydium,277.88264,0.0,0,0,0,0,0,0,,0.0,0.0,,1,PERP_SOL_USDC,notional
E82fG8scSaGF7HkgVKg4E3jD9jopPhoYfpnNEzwPq8YK,raydium,251.5317,0.0,0,0,0,0,0,0,,,,,1,PERP_SOL_USDC,notional
C9JJYvrf7vd34kC4YX39JvmydPr2vstr25LCQ49tcawy,raydium,241.94954,0.0,0,0,0,0,0,0,,,,,1,PERP_SOL_USDC,notional
CzhjZ6wZcTuLzNxetX1XXX3KpeaD85eTJRbEsVxdTWXz,dextools,239.554,0.0,0,0,0,0,0,0,,,,,1,PERP_SOL_USDC,notional
0x01064468452acdccb8bf23699dc0eb66feafa531,mememax,238.35623,0.0,0,0,0,0,0,0,,0.0,0.03333333333333333,,1,PERP_SOL_USDC,notional
DNPgC2rzuTKG4DrWZgHmszadBkKgLhi2FvJStZxPdCzE,raydium,208.41198,0.0,0,0,0,0,0,0,,,,,1,PERP_SOL_USDC,notional
9eGDJX5aKYwcskrn2LQJBSkC86r8c5fdoDHKDxdTpBEA,raydium,162.89672,0.0,0,0,0,0,0,0,,0.3333333333333333,0.4,,1,PERP_SOL_USDC,notional
0xfdfb9986928f622eaae53ec1a7768a883efcdbd6,what_exchange,156.90787,0.0,0,0,0,0,0,0,,0.3888888888888889,0.4117647058823529,,1,PERP_SOL_USDC,notional
HwCGCiiJuxQjGFPytGVJzp3QCkBRnQnWYeW7deNCUYYP,raydium,148.52348,0.0,0,0,0,0,0,0,,,,,1,PERP_SOL_USDC,notional
4oM7WtXJMfvPLxqW6MzFk7aePaFnou17pLGUXebmDkFj,dextools,136.54578,0.0,0,0,0,0,0,0,,0.25,0.16666666666666666,,1,PERP_SOL_USDC,notional
0xf795d108d97192fe0a5f673f7c9e12e23b739cee,clutch-markets,124.56808,0.0,0,0,0,0,0,0,,,,,1,PERP_SOL_USDC,notional
EhfX8yRy6kDGxZispCmsKMT2xyAin4aEzXDu4Rt9FTkQ,raydium,119.777,0.0,0,0,0,0,0,0,,,,,1,PERP_SOL_USDC,notional
0x4132d2b7453d44653ba703da5cb9c1ae0404bd03,alpix,119.777,0.0,0,0,0,0,0,0,,,,,1,PERP_SOL_USDC,notional
EEPtW5Q8hfEDpyYR8Sypcq6AmH7wrX7Cp84gJxgpk9bt,raydium,119.777,0.0,0,0,0,0,0,0,,,,,1,PERP_SOL_USDC,notional
95aRkGVj342Emu9DL8GGcwZj26hLhoep4u6tzJZXXanq,raydium,113.78815,0.0,0,0,0,0,0,0,,,,,1,PERP_SOL_USDC,notional
9QdVpR6pRqV4Zz2TmLkBREbG3v1pXGUqydMMnWAgySHJ,solinu,95.8216,0.0,0,0,0,0,0,0,,,,,1,PERP_SOL_USDC,notional
5FtCDbHV9JwvqDR9kSyZaV26itMW5P3YPWbGA26zcJyu,raydium,82.64613,0.0,0,0,0,0,0,0,,,,,1,PERP_SOL_USDC,notional
0x493768a6d555925100f57b58473adab99112c877,logx,81.44836,0.0,0,0,0,0,0,0,,,,,1,PERP_SOL_USDC,notional
0xadbaaf43d17c2e40ee7492f1752ee114ff2de67d,logx,80.25059,0.0,0,0,0,0,0,0,,,,,1,PERP_SOL_USDC,notional
0xef5fdbaab4173ce3f5bd6f492c582f000da205d8,logx,80.25059,0.0,0,0,0,0,0,0,,,,,1,PERP_SOL_USDC,notional
0xd15acf9b0896c2a8ff95be30e2f289c2bc66f866,logx,79.05282,0.0,0,0,0,0,0,0,,,,,1,PERP_SOL_USDC,notional
0x6f213c61dbd7104057e8ff358d4ad21df7133833,logx,79.05282,0.0,0,0,0,0,0,0,,,,,1,PERP_SOL_USDC,notional
0x83b7e40712cb6a95371d90c8b048e336da876b7f,logx,79.05282,0.0,0,0,0,0,0,0,,,,,1,PERP_SOL_USDC,notional
0x0460305b388207e134bf1d1e02da1bcd2810dd61,logx,77.85505,0.0,0,0,0,0,0,0,,,,,1,PERP_SOL_USDC,notional
0xb8dbfef0be60d69a7b1edc42b7da2e914ac03ecd,logx,76.65728,0.0,0,0,0,0,0,0,,,,,1,PERP_SOL_USDC,notional
0x22241c2e54995924f59220275173022197a123a5,logx,76.65728,0.0,0,0,0,0,0,0,,,,,1,PERP_SOL_USDC,notional
0xf261da0f24726f80aa7701c0e17607e3cc21a6ea,logx,75.45951,0.0,0,0,0,0,0,0,,,,,1,PERP_SOL_USDC,notional
0x8bb327b38bd5fd9fa46702a3efad863d30c19810,logx,75.45951,0.0,0,0,0,0,0,0,,,,,1,PERP_SOL_USDC,notional
0xe4f23d289b7fc5ba1a008b236a2511eab64f73d7,logx,75.45951,0.0,0,0,0,0,0,0,,,,,1,PERP_SOL_USDC,notional
0xec7a54d7e9dbb4c837d837efcde9fed06fd7f1b9,logx,75.45951,0.0,0,0,0,0,0,0,,,,,1,PERP_SOL_USDC,notional
0xac64df4e41ec6a29550655d62e4a35d8ab3f5304,logx,74.26174,0.0,0,0,0,0,0,0,,,,,1,PERP_SOL_USDC,notional
0xf449c8620057688e5efa5eda32a865c6f86c480c,logx,74.26174,,0,0,0,0,0,0,,,,,1,PERP_SOL_USDC,notional
0x6b3dd6c304838bc1de1786699aa379ceec8b2289,logx,74.26174,,0,0,0,0,0,0,,,,,1,PERP_SOL_USDC,notional
0xc307764ce632e62c1be5580d5c4b836e804655df,logx,74.26174,,0,0,0,0,0,0,,,,,1,PERP_SOL_USDC,notional
0x5613745c05189699b7b0eaac7cb281ce203b9db7,logx,73.06397,,0,0,0,0,0,0,,,,,1,PERP_SOL_USDC,notional
0x19b7a3b26915944a216561ad285b5839ecc20805,logx,73.06397,,0,0,0,0,0,0,,,,,1,PERP_SOL_USDC,notional
0xa0b6109bfd4f37becfab5b09feedad27be6b0793,logx,73.06397,,0,0,0,0,0,0,,,,,1,PERP_SOL_USDC,notional
0xbf07c04eb43480b0a902717c311343073ae95c81,logx,73.06397,,0,0,0,0,0,0,,,,,1,PERP_SOL_USDC,notional
0x3b407597c33e1cf5d59120d77e40f80e86c36958,logx,73.06397,,0,0,0,0,0,0,,,,,1,PERP_SOL_USDC,notional
0x05a52f9fb667699f55c34e3fd7bbf2fa8eb8a0c0,aden,71.8662,,0,0,0,0,0,0,,,,,1,PERP_SOL_USDC,notional
0x530a9a67e984766d13890c72d416a79bf89bcbe6,logx,70.70265,,0,0,0,0,0,0,,,,,1,PERP_SOL_USDC,notional
0xb23f2a2927d01077815e7dd322de17a10479ffde,logx,70.70265,,0,0,0,0,0,0,,,,,1,PERP_SOL_USDC,notional
0xa476c6c4e384410e5ae41cd021e5682b74ae4ca2,logx,69.5043,,0,0,0,0,0,0,,,,,1,PERP_SOL_USDC,notional
0x39203a5fb045218ebde97da5eec46f8fef2aed61,logx,69.5043,,0,0,0,0,0,0,,,,,1,PERP_SOL_USDC,notional
0x9b64b5aa55715572bfa01bb9c1d35d7122d00106,logx,69.5043,,0,0,0,0,0,0,,,,,1,PERP_SOL_USDC,notional
0x6eaeaacf2a58eb87eaf3b45e876cbd773c7d446c,woofi_pro,69.5043,,0,0,0,0,0,0,,,,,1,PERP_SOL_USDC,notional
0x71616b1918bfe632a6400834042d9128cb80a9c7,make_love,67.1076,,0,0,0,0,0,0,,,,,1,PERP_SOL_USDC,notional
Eb46pE5tSBUd6ST4eyVLTLDkn96wDSSndPizAjQ9KaP8,raydium,59.9175,,0,0,0,0,0,0,,,,,1,PERP_SOL_USDC,notional
9Br8nq2W8JdxVGAd9vy28hZyF5DegvnHMNCr8QhuKG79,raydium,57.5208,,0,0,0,0,0,0,,,,,1,PERP_SOL_USDC,notional
ARygwR6WBPvatQ2bBrSyytsyBgqrRDwxEuANWSSydfXW,raydium,57.5208,,0,0,0,0,0,0,,,,,1,PERP_SOL_USDC,notional
0x34cd42129c4655fb39e2bcdc93f30fc13cd253d6,logx,52.7274,,0,0,0,0,0,0,,,,,1,PERP_SOL_USDC,notional
0xa044bee28c93758950cea35cc938404c1eb88823,logx,47.934,,0,0,0,0,0,0,,,,,1,PERP_SOL_USDC,notional
57e9WjTwt6S6XJFartPW8GQmGVP9bwz215CYzKvcEgTG,woofi_pro,45.5373,,0,0,0,0,0,0,,,,,1,PERP_SOL_USDC,notional
0x7f641aecbece5789e5579cbc2bf6646868770b14,woofi_pro,43.1406,,0,0,0,0,0,0,,,,,1,PERP_SOL_USDC,notional
2AdYXZ6AoKUiYJNNL1bTaCGDPKGKZ4X29RabRgCQVjio,raydium,40.7439,,0,0,0,0,0,0,,,,,1,PERP_SOL_USDC,notional
EAMLrw9EdLme2s1syAa4JwwjtjeJwe3z8k2cy23pRWVd,raydium,38.3472,,0,0,0,0,0,0,,,,,1,PERP_SOL_USDC,notional
0x4af646f50353972a49709150378f01300fe22fae,logx,35.9505,,0,0,0,0,0,0,,,,,1,PERP_SOL_USDC,notional
RSEnayKv7MyUfhGSLKEa7kqdWb8pAEdCrZ6uw7MzzQ2,raydium,33.5538,,0,0,0,0,0,0,,,,,1,PERP_SOL_USDC,notional
A1r2wPcHSno1PzM4idqJShQ7jbrHWwVE3XhTtq5Fcfmy,raydium,32.35545,,0,0,0,0,0,0,,,,,1,PERP_SOL_USDC,notional
0x85534207be51cbc1fba65295d09b2f4d54d835c4,woofi_pro,27.56205,,0,0,0,0,0,0,,,,,1,PERP_SOL_USDC,notional
0xce4b779aa407234ee950691b42f54b70b725b39f,woofi_pro,26.3637,,0,0,0,0,0,0,,,,,1,PERP_SOL_USDC,notional
0xac507000f84641e68815b8b5401a13a0027ffca0,qa-jianbin-2,23.967,,0,0,0,0,0,0,,,,,1,PERP_SOL_USDC,notional
0xe52c1e6059fad01de20b95a01ed5b75b2d9c8ec9,vooi,23.967,,0,0,0,0,0,0,,,,,1,PERP_SOL_USDC,notional
0xa7f22b290e4a273cd891bea0dacefa2c2bd48e18,emdx_dex,23.967,,0,0,0,0,0,0,,,,,1,PERP_SOL_USDC,notional
GgE31g9KNyMH3FRRengcVdsp6A6DbsmFuhq2ebsogsMu,dextools,22.76865,,0,0,0,0,0,0,,,,,1,PERP_SOL_USDC,notional
0xb068f23da80dcf300d48494bfc296c3c69784dea,woofi_pro,21.5703,,0,0,0,0,0,0,,,,,1,PERP_SOL_USDC,notional
0x37dbd60448ea6984f3b8d768a0b7305f18b0c5c1,clawsx,19.1736,,0,0,0,0,0,0,,,,,1,PERP_SOL_USDC,notional
5yUMueoW71J9FPVcasFPm6teRtKipSNvrLNqHSrGii1G,raydium,17.97525,,0,0,0,0,0,0,,,,,1,PERP_SOL_USDC,notional
0xabf22c3eb780aee4711dbd47ebe752569de467cf,demo,16.7769,,0,0,0,0,0,0,,,,,1,PERP_SOL_USDC,notional
3NxgmAMmoeBvShLy9Agc6LPpyGjTtWGNTZzXbEkTTJEv,raydium,16.7769,,0,0,0,0,0,0,,,,,1,PERP_SOL_USDC,notional
FaqEUmENeXwrD9fhfxJApdwLtVYfLfvJiUZkZ6SurGif,sproutperps,15.57855,,0,0,0,0,0,0,,,,,1,PERP_SOL_USDC,notional
0x07b7860d73094700e28927addde9c9ca854612b0,woofi_pro,15.57855,,0,0,0,0,0,0,,,,,1,PERP_SOL_USDC,notional
8PZWpd1Ub8TDbrVLuZvW38wAm6sHZaRMMNqYLhJt84sg,dextools,14.3802,,0,0,0,0,0,0,,,,,1,PERP_SOL_USDC,notional
3CA3ng519Yf9Fm7oYLLEtCKRaAEdrFBpvTMCSg7Ky7ja,demo,13.18185,,0,0,0,0,0,0,,,,,1,PERP_SOL_USDC,notional
0x68f272b72e7bf5ead2f81d17b444a6c9454d5073,woofi_pro,11.9835,,0,0,0,0,0,0,,,,,1,PERP_SOL_USDC,notional
0x1f6b587ca69899aca14389f2f49b17c4d907ee65,cdex,11.9835,,0,0,0,0,0,0,,,,,1,PERP_SOL_USDC,notional
0x894c99fa9c3d89f413c5ea2e8979043e362a30ef,woofi_pro,10.78515,,0,0,0,0,0,0,,,,,1,PERP_SOL_USDC,notional
0x6b5d363075e69012bf27a07fb40c2e57a1c8f98e,logx,10.78515,,0,0,0,0,0,0,,,,,1,PERP_SOL_USDC,notional
0x7c2eaae6f30df66ae19bd79e8f62c6230f0364e0,emdx_dex,9.5868,,0,0,0,0,0,0,,,,,1,PERP_SOL_USDC,notional
243GyFD8dXF5pumajGxRKBEk2BDQcBvNP8RmFWZoRMAs,woofi_pro,9.5868,,0,0,0,0,0,0,,,,,1,PERP_SOL_USDC,notional
0xcb5d6f5b52be02e4b33e68447695d3b59bb190ca,kodiak,9.5868,,0,0,0,0,0,0,,,,,1,PERP_SOL_USDC,notional
HTsGsb5HrJUJ23LnHZne4gG3voFRm2dCmFJZBVVQLVE1,raydium,9.5868,,0,0,0,0,0,0,,,,,1,PERP_SOL_USDC,notional
9jRUCUdo1w4GnQ1M1NLqxAYWdEg459amNhmQKMStEZoR,raydium,9.5868,,0,0,0,0,0,0,,,,,1,PERP_SOL_USDC,notional
4xdtZ82FydwDtsFuy5Q6APdfyWTg9eVbVFKKAe6oEJ3G,demo,8.38845,,0,0,0,0,0,0,,,,,1,PERP_SOL_USDC,notional
0x80894cea1dfc921bcdd0c7043b4d5423e03baae5,woofi_pro,8.38845,,0,0,0,0,0,0,,,,,1,PERP_SOL_USDC,notional
13mot96uZ41iztgtgWY5LgropT3F6Jfe6B2TCkDuPQCC,raydium,8.38845,,0,0,0,0,0,0,,,,,1,PERP_SOL_USDC,notional
GAv8VmSZ7TDrr13GMRMDGggijWYVmRUV8ctJzN7aZkGm,raydium,7.1901,,0,0,0,0,0,0,,,,,1,PERP_SOL_USDC,notional
9CbwCncPYLcyLxfCM6LEwjy1F7J3n9wTZ7NssFeiFDCW,raydium,5.99175,,0,0,0,0,0,0,,,,,1,PERP_SOL_USDC,notional
0x489bf216605243bd22e4dc2cb347d77652639ce9,aden,5.99175,,0,0,0,0,0,0,,,,,1,PERP_SOL_USDC,notional
0xbd909a227b8ab0d7faaecd35fac8fa4c307ae3bc,logx,3.59505,,0,0,0,0,0,0,,,,,1,PERP_SOL_USDC,notional
0xad5d9b9e062555ef621fbed3c8bd86e618f2f0d3,woofi_pro,3.59505,,0,0,0,0,0,0,,,,,1,PERP_SOL_USDC,notional
5tW54mXQxtM7vGc91HrDeDtWkxJeH2uM4yAviqZnMZCN,vela-trade,3.59505,,0,0,0,0,0,0,,,,,1,PERP_SOL_USDC,notional
0x3bd77b00f02c8bcff586c565e2c5e6b6c5878ec3,woofi_pro,2.3967,,0,0,0,0,0,0,,,,,1,PERP_SOL_USDC,notional
46jNiEWqmxmqVGK9m8XqdxexkKwn4aCJHahtSRg7uXuo,raydium,2.3967,,0,0,0,0,0,0,,,,,1,PERP_SOL_USDC,notional
0xe4d7a6a3d3d08e251304ea2d7d07cedf813850b3,kodiak,2.3967,,0,0,0,0,0,0,,,,,1,PERP_SOL_USDC,notional
0x9fca3acfbf62045eea6a44ab700ed359f13de2bc,logx,1.19835,,0,0,0,0,0,0,,,,,1,PERP_SOL_USDC,notional
0x3d62b8d3d5f601dfbcec0147bfaa762f70c4b95a,logx,1.19835,,0,0,0,0,0,0,,,,,1,PERP_SOL_USDC,notional
0x680f5ab062bd4b1dd892b199eba31a63be834a67,woofi_pro,1.19835,,0,0,0,0,0,0,,,,,1,PERP_SOL_USDC,notional
0x8c6cb2ae1b214688676d382bf85983106e29569f,boom,1.19835,,0,0,0,0,0,0,,,,,1,PERP_SOL_USDC,notional
0x5c3ecfa0d500b370f17ba007110576c14576e98c,logx,71.8986,0.0,0,0,0,0,0,0,,,,,1,PERP_SOL_USDC,volume_7d
0xfcf04463767b5976bd479764b921323508d46724,logx,71.8986,0.0,0,0,0,0,0,0,,,,,1,PERP_SOL_USDC,pnl_24h
0x96e4225d7b4626ebaad818f3454a266da900960f,logx,71.8986,0.0,0,0,0,0,0,0,,,,,1,PERP_SOL_USDC,pnl_24h
0x9c70e9b257a4148e02540afd98b02a6edd49a8f7,logx,71.8986,0.0,0,0,0,0,0,0,,,,,1,PERP_SOL_USDC,pnl_24h
0xa137e6065222b1dff22cb25ca983e1e95ec39603,logx,71.8986,0.0,0,0,0,0,0,0,,,,,1,PERP_SOL_USDC,pnl_24h
0xa1211003a29d8965399ff61c211340eee359a5a0,vanta_exchange,3090.956,0.0,0,0,0,0,0,0,,0.0,0.0,,1,PERP_SPX500_USDC,notional
4D7xcrqfP6Z1iPUW7exijfMSt5eDXVzc9f1s93E7P9ng,dextools,452.052315,0.0,0,0,0,0,0,0,,,,,1,PERP_SPX500_USDC,notional
FiDnTud5RKthcEa7v9jhDnqjJ3GY2FuGgtGRzQ9Sg45w,dextools,448.18862,0.0,0,0,0,0,0,0,,,,,1,PERP_SPX500_USDC,notional
3FjPxCspVMREeeJncaarQZEq9xYehw7K7nYytEnMdYjT,dextools,199.366662,0.0,0,0,0,0,0,0,,,0.2857142857142857,,1,PERP_SPX500_USDC,notional
Rsy3u8bNhcvgZXr81JNFuKmWUda7z19Kbpv5YnmWvHF,aden,153.775061,0.0,0,0,0,0,0,0,,,,,1,PERP_SPX500_USDC,notional
3xAq3HixbigAus8EzwRcPhj1S5FZXzVuoRBcDfCDhcxB,raydium,56.409947,0.0,0,0,0,0,0,0,,,,,1,PERP_SPX500_USDC,notional
0xc1cfe0fcfc907ab40d929afc3cb37eb7ee27294a,hyper_claw,14.682041,0.0,0,0,0,0,0,0,,,,,1,PERP_SPX500_USDC,notional
0xe1ad518a7402546aa1deb0f5816742ca32925312,what_exchange,13.909302,0.0,0,0,0,0,0,0,,,,,1,PERP_SPX500_USDC,notional
0xf544be0243c9c4ecfbdf91d2d0e8359bd4ff745b,kodiak,11.591085,0.0,0,0,0,0,0,0,,,,,1,PERP_SPX500_USDC,notional
2mM4ULEmyvrgpt1iHyyABNpK5WUYphUW1CKaE64xct5g,raydium,4.636434,0.0,0,0,0,0,0,0,,,,,1,PERP_SPX500_USDC,notional
DUC2BVBQq2qS6praZUofxKHpuGPQ6PZj7XfT2MeJEzXy,raydium,3.090956,0.0,0,0,0,0,0,0,,,,,1,PERP_SPX500_USDC,notional
0x1f83401d53b212edd4b88352c168bbf9061201ea,uxuy,2.318217,0.0,0,0,0,0,0,0,,,,,1,PERP_SPX500_USDC,notional
75CQdTTcX6FTSxovkiiLgQBfsBz4m1s4oqcWaLc6kvJu,raydium,267.306,0.0,0,0,0,0,0,0,,,,,1,PERP_SPX_USDC,notional
0x4f3a0a80abf217e77ce6e8f6e336abbd988aa65b,what_exchange,79.833,0.0,0,0,0,0,0,0,,,,,1,PERP_SPX_USDC,notional
3VRNrReVHbMbKKRo2vNGZ7WrDYq2Y2jkcFYb1tqnX4Gd,raydium,7.176,0.0,0,0,0,0,0,0,,,,,1,PERP_SPX_USDC,notional
0xef04753b51d5a4c8bd594cb0e8580397f00cf8be,aden,2.691,0.0,0,0,0,0,0,0,,,,,1,PERP_SPX_USDC,notional
0x7b1501fac92150fd4766f20d963b80f446f20bdb,interlink,0.4485,0.0,0,0,0,0,0,0,,,,,1,PERP_SPX_USDC,notional
FmhBq7zzV2hz2tmvkxP3MUjyyt9vUhCbVMkf7GnNUnBG,raydium,147.4326,0.0,0,0,0,0,0,0,,0.4,0.4,,1,PERP_SUI_USDC,notional
0x4126fa12612635a942ce65e95b3c606fbd0cc123,interlink,70.206,0.0,0,0,0,0,0,0,,,,,1,PERP_SUI_USDC,notional
0xd9958549b8760fae2ffce5fd249d2478cf9bb827,vooi,69.0359,0.0,0,0,0,0,0,0,,,,,1,PERP_SUI_USDC,notional
6PqCMGa8mJNWWEqQAiAU4ThS6A2sLDBZa2R2WqtGCe3K,raydium,32.7628,0.0,0,0,0,0,0,0,,,,,1,PERP_SUI_USDC,notional
0x937356a11b308563a338bf1efa3ee684b073fbe0,what_exchange,18.7216,0.0,0,0,0,0,0,0,,,,,1,PERP_SUI_USDC,notional
0xce7e7a6f2ab995c98fff302d7cc075acae7a9d89,logx,14.0412,0.0,0,0,0,0,0,0,,,,,1,PERP_SUI_USDC,notional
0x4bb3689f604b282428f434a8f30ff90ea7d353ba,zetarium,9.3608,0.0,0,0,0,0,0,0,,,,,1,PERP_SUI_USDC,notional
uqm4FECwS2f3hwbbEpfP8Pp56pThw456Uso8ncmkNCF,raydium,8.1907,0.0,0,0,0,0,0,0,,,,,1,PERP_SUI_USDC,notional
0x36db13263ee903a334bfb82e531819e06bde4909,aden,3.5103,0.0,0,0,0,0,0,0,,,,,1,PERP_SUI_USDC,notional
EdNsyxVXj4WtHa8uPYP4e38dRrcFQHgRfhRVFWnF8SmX,aden,3.5103,0.0,0,0,0,0,0,0,,,,,1,PERP_SUI_USDC,notional
5FAiURLP5GFY9ucGsAKua68XUWUoEtroAEeiHNUZGnx3,demo,1.1701,0.0,0,0,0,0,0,0,,,,,1,PERP_SUI_USDC,notional
0xf0fd04026c8808f8ad161d44aaa85549a0dd9e77,navigator,101.89092,0.0,0,0,0,0,0,0,,,0.19444444444444445,,1,PERP_S_USDC,notional
0xe53773093ab0bafd7420f3981b8985fb12abae47,navigator,84.89637,0.0,0,0,0,0,0,0,,,0.0,,1,PERP_S_USDC,notional
0x813fb95f43b394ff2fcad7084909a3655dd9398c,navigator,20.54622,0.0,0,0,20.48166,20.48166,20.48166,1,,,,20.48166,1,PERP_S_USDC,notional
0x1a5a04171dc7143afe49870fcda9c875e5f86f38,boom,6.18678,0.0,0,0,0,0,0,0,,,,,1,PERP_S_USDC,notional
0xb03639393ee400f3a8f60fef2e5090beee980561,boom,4.65918,0.0,0,0,0,0,0,0,,,,,1,PERP_S_USDC,notional
0x0fec645bca2b1555cc8635c6910791387879a3fb,woofi_pro,1.29846,0.0,0,0,0,0,0,0,,,,,1,PERP_S_USDC,notional
0x226c15d1aa0aa57b6b0a45089943145574365449,boom,0.53466,0.0,0,0,0,0,0,0,,,,,1,PERP_S_USDC,notional
0xc4366268b034b8c7259f166a4961faeca1e051fb,boom,0.49647,0.0,0,0,0,0,0,0,,,,,1,PERP_S_USDC,notional
0xcb228287ea47e503672f0dd3084e38d53fcbb8ab,boom,0.30552,0.0,0,0,0,0,0,0,,,,,1,PERP_S_USDC,notional
0x56bbfe5064996b4f5801b175543d0bc3628d2bb5,boom,0.11457,0.0,0,0,0,0,0,0,,,,,1,PERP_S_USDC,notional
626KXrddMgsapjrPVfaMbSpKBmcHqaDcaFAQpa4PwThK,raydium,441.03,0.0,0,0,0,0,0,0,,,,,1,PERP_TAO_USDC,notional
0xe659dc504f6ed6c5c1781795eb82a81a4ff388b7,kodiak,147.01,0.0,0,0,0,0,0,0,,,,,1,PERP_TAO_USDC,notional
0xbd1d82091646b77e3a109cb009ab6aca44953440,taoperp,36.7525,0.0,0,0,0,0,0,0,,,,,1,PERP_TAO_USDC,notional
0x21bca401c280c8492a1ca15d554382eecb92f2f3,clutch-markets,10.58472,0.0,0,0,0,0,0,0,,,,,1,PERP_TAO_USDC,notional
0x7febabeed8532caa1e832a88be718ca3663c43ea,vanta_exchange,6.46844,0.0,0,0,0,0,0,0,,,,,1,PERP_TAO_USDC,notional
0xe3b563aa612ed62e9dabf2a582f827947cba0940,salsadex,5.58638,0.0,0,0,0,0,0,0,,,,,1,PERP_TAO_USDC,notional
0xcb29cc4e0e7c9fc28080388668e6040caa281647,navigator,0.29402,0.0,0,0,0,0,0,0,,,,,1,PERP_TAO_USDC,notional
0xc20bb37162c04079a1924d5dcbe5e56ea99bbe76,alpix,197.89728,0.0,0,0,0,0,0,0,,0.04,0.04,,1,PERP_TIA_USDC,notional
0xd20cfe526493a6491954d71c578ad3a2896e28c5,interlink,37.11456,0.0,0,0,0,0,0,0,,,,,1,PERP_TIA_USDC,notional
0x7d822af88cda9a60f49899ee429391173dc9a0f4,interlink,10.44288,0.0,0,0,0,0,0,0,,,,,1,PERP_TIA_USDC,notional
0x3b2fd9f4a3435d4190495ac5cf57c7b29229e77c,woofi_pro,8.18496,0.0,0,0,0,0,0,0,,,,,1,PERP_TIA_USDC,notional
0x544f96434f77437425d5ac40fd4755c0cf39399a,woofi_pro,3.15168,0.0,0,0,0,0,0,0,,,,,1,PERP_TIA_USDC,notional
0xb7856cb067ebf7e87b19d4af0791ea9e46472acc,woofi_pro,2.54016,0.0,0,0,0,0,0,0,,,,,1,PERP_TIA_USDC,notional
0xa78c6ff522f2cbb714439a080a42778ef64ac94e,logx,2.44608,0.0,0,0,0,0,0,0,,,,,1,PERP_TIA_USDC,notional
0x98c4de1fbc7f44047381d3885624c612077dac82,woofi_pro,1.08192,0.0,0,0,0,0,0,0,,,,,1,PERP_TIA_USDC,notional
0xd9be11c8c2e9aa179b1a172d754fb9d8b3c38983,logx,0.75264,0.0,0,0,0,0,0,0,,,,,1,PERP_TIA_USDC,notional
0x12cdb5323e5e37c2be21e9e8607f2d1ab3133b5d,logx,0.56448,0.0,0,0,0,0,0,0,,,,,1,PERP_TIA_USDC,notional
0x60414efb1e20ecd43cb17afc54a5d1b87f4d01c0,woofi_pro,0.4704,0.0,0,0,0,0,0,0,,,,,1,PERP_TIA_USDC,notional
0x6661f53779d2858e7201ea081315d7a2a01856dc,woofi_pro,0.37632,0.0,0,0,0,0,0,0,,,,,1,PERP_TIA_USDC,notional
0xe2da7ffe1d30d32d28ded8bb3023756c6aaa2bd1,woofi_pro,0.09408,0.0,0,0,0,0,0,0,,,,,1,PERP_TIA_USDC,notional
0xcfb77f6984e6806849c780d7aed98eb0b56a6439,what_exchange,83.21024,0.0,0,0,0,0,0,0,,,,,1,PERP_TRUMP_USDC,notional
E2jGS5tL9pmq11svuoXhugKNkMp2F5F6dj3F9My9fipX,raydium,52.8384,0.0,0,0,0,0,0,0,,,,,1,PERP_TRUMP_USDC,notional
0x50701f4f523766bfb5c195f93333107d1cb8cd90,woofi_pro,25.45664,0.0,0,0,0,0,0,0,,,,,1,PERP_TRUMP_USDC,notional
0xaed49552ab9bcbac9aafd27d9cef30c035b9c286,interlink,25.3952,0.0,0,0,0,0,0,0,,,0.3333333333333333,,1,PERP_TRUMP_USDC,notional
3AYqNU5qM1x18HD8nB7fd2gehN7ud5j9zS4T5LSNuV7u,raydium,23.59296,0.0,0,0,22.92415,0,0,2,0.5,0.5,0.3333333333333333,11.462075,1,PERP_TRUMP_USDC,notional
0xa9e567a675f7cfa4b0ae2859063ee700536b2572,aden,12.9024,0.0,0,0,0,0,0,0,,,,,1,PERP_TRUMP_USDC,notional
0x65d05d11851e7dd3c7fa56a7d3a9808044ef170b,woofi_pro,5.9392,0.0,0,0,0,0,0,0,,,,,1,PERP_TRUMP_USDC,notional
0x83cfde7a14fc0d8bbddfcaaf3993a90a35d1dbc8,mememax,3.05152,0.0,0,0,0,0,0,0,,,,,1,PERP_TRUMP_USDC,notional
BqRPCB3CibC97t5eWEA6dvfvzr3CQD1yFKCpmefkUvW3,raydium,2.37568,0.0,0,0,0,0,0,0,,,,,1,PERP_TRUMP_USDC,notional
8qHzT1UH9veu8UzKz113xpnz1gPtcPKvCMeMSAzHaJru,raydium,2.10944,0.0,0,0,0,0,0,0,,,,,1,PERP_TRUMP_USDC,notional
BcVubVqDLKMPaRsooiCgkWTcLpNtxj48sB1WmSm7a3yL,raydium,1.96608,0.0,0,0,0,0,0,0,,,,,1,PERP_TRUMP_USDC,notional
6Hap4cFC9LBjUpwdi5XzKCj2L2s4KiNspuRkj6vWw5Bi,raydium,1.1264,0.0,0,0,0,0,0,0,,,,,1,PERP_TRUMP_USDC,notional
2HTi37ALYe3QtMsYAHvzKWjdSh7psxAHJfhFbK61yRTf,raydium,0.65536,0.0,0,0,0,0,0,0,,,,,1,PERP_TRUMP_USDC,notional
0xdc3b99578a22e1aa8aa8b2832c835e0d73766fc6,kodiak,0.36864,0.0,0,0,0,0,0,0,,,,,1,PERP_TRUMP_USDC,notional
6sgjq5RKEbEZbgpyXZ6hgpajqFNTCkd8tbrnkw59ee1M,raydium,0.36864,0.0,0,0,0,0,0,0,,,,,1,PERP_TRUMP_USDC,notional
45CRGF1YeZenRPTNLBL8CDo8yaeHgVzUUnfxEus4u6uQ,raydium,0.32768,0.0,0,0,0,0,0,0,,,,,1,PERP_TRUMP_USDC,notional
6zvRrffRzbFzWkQLh9Aqr6VooaPpcFYxGGvnVxqCxbz5,raydium,0.32768,0.0,0,0,0,0,0,0,,,,,1,PERP_TRUMP_USDC,notional
jtzQQDCJLu8CFRPpAYTqu9n2dzMzbM4hqYdxkCHL1JV,raydium,0.18432,0.0,0,0,0,0,0,0,,,,,1,PERP_TRUMP_USDC,notional
BJVmakEUSeHxCuYvwvxiETZHLuJqkYiNNuGXTiRwcka2,raydium,0.16384,0.0,0,0,0,0,0,0,,,,,1,PERP_TRUMP_USDC,notional
512EVTTAfk9XMQt6N3L838rPXtE7LoMepGuKneJyiw83,raydium,0.06144,0.0,0,0,0,0,0,0,,,,,1,PERP_TRUMP_USDC,notional
8dUuG1LHLpKGRokD7FWba4RGqnWXr4VCstTGcUTMtFUy,raydium,0.06144,0.0,0,0,0,0,0,0,,,,,1,PERP_TRUMP_USDC,notional
67dPb3qKjbHoJudoxNpAL6KL4wCBBEUSD8qJbvjuxSb9,dextools,0.06144,0.0,0,0,0,0,0,0,,,,,1,PERP_TRUMP_USDC,notional
AB21EPqXKVR7gicBkSDqBvfwXJrXgDHdyaDfzvGLnety,raydium,0.02048,0.0,0,0,0,0,0,0,,,,,1,PERP_TRUMP_USDC,notional
HNsDY1JyykcqdQfgC8uf66fQssmQLRaY9GfY6t32A2EX,raydium,0.02048,0.0,0,0,0,0,0,0,,,,,1,PERP_TRUMP_USDC,notional
0x448542ddf4feab1b86358843fece9f36f2f45161,kodiak,251.1784,0.0,0,0,0,0,0,0,,,,,1,PERP_TRX_USDC,notional
0xad475c9f37405c6ea8b301d341c6e3bb6fad8155,mememax,69.1748,0.0,0,0,0,0,0,0,,,,,1,PERP_TRX_USDC,notional
G4ikGcerYDnHqPjRNFQRQBRssLztGXnevvr6MnDQtbKS,raydium,9.7382,0.0,0,0,0,0,0,0,,,,,1,PERP_TRX_USDC,notional
0xeeb1ba81496544f7ce98eff6e039194eaf4397fe,kodiak,3.0222,0.0,0,0,0,0,0,0,,,,,1,PERP_TRX_USDC,notional
59a8U9s16dWkLKBdAPVEHr8CWnWwSyPwqjsswoR7tNgh,raydium,1113.57,0.0,0,0,0,0,0,0,,0.2,,,1,PERP_TSLA_USDC,notional
0xdbe311c7b6105354e55bf2e004189ae88dc6bdf2,coin-wallet-dex,9.8637,0.0,0,0,10.01,10.01,10.01,1,,0.3684210526315789,0.3684210526315789,10.01,1,PERP_UNI_USDC,notional
8CsUZhskpbnjWZ7d6e3rSnxuetit1nPa4C4YnpNDLEyw,raydium,47.355,0.0,0,0,0,0,0,0,,,,,1,PERP_USDJPY_USDC,notional
DZP51iTGYFCX485GgxG2H2W458vGsVTJcCLfzzGAExs,raydium,819.2424,0.0,0,0,0,0,0,0,,0.0,0.1,,1,PERP_USELESS_USDC,notional
0x682ac8e94b275c0a0e6d6aa0e95d006c44b88b92,what_exchange,324.912,0.0,0,0,0,0,0,0,,0.0,0.17391304347826086,,1,PERP_USELESS_USDC,notional
HAXX9mqJhWJPoTizUqEfwwi8j3PpAdg2tW3wBCK1b2Jc,raydium,69.624,0.0,0,0,0,0,0,0,,,0.15789473684210525,,1,PERP_USELESS_USDC,notional
JE7w91gCFRVCD5A5X9wFd264HTfh5m9E3tuxqp6mbB56,raydium,41.7744,0.0,0,0,0,0,0,0,,,0.0,,1,PERP_USELESS_USDC,notional
0xb8ccee8d55846771fcae37fc23796112b1e1e393,aurea,25.5288,0.0,0,0,0,0,0,0,,0.0,0.0,,1,PERP_USELESS_USDC,notional
4cpwPpoFmEfEFj3YtJ7aG5ryjzJndDz8oFE46FZU3kjX,woofi_pro,11.604,0.0,0,0,0,0,0,0,,,,,1,PERP_USELESS_USDC,notional
72cBJCCYvwfXZLcTrJ4zYHbr7Zho1eq9xtmi9wWZkBdx,raydium,6.9624,0.0,0,0,0,0,0,0,,,,,1,PERP_USELESS_USDC,notional
0xce48009135c512d79ab3f006fdf396c3a6ea5a9c,aden,2.3208,0.0,0,0,0,0,0,0,,,,,1,PERP_USELESS_USDC,notional
5qxaXrsbF15wLWw1pRj2nPgLogdDCk7sewJXqVYwrpwg,raydium,2.3208,0.0,0,0,0,0,0,0,,,0.0,,1,PERP_USELESS_USDC,notional
7NqkXqAa63NebWmGsYKXPPfiXHRWdMfFsJpj24KfQSva,raydium,2467.53892,0.0,0,0,0,0,0,0,,,,,1,PERP_VIRTUAL_USDC,notional
fAW6G869YmQn8p5QvNokicuvEkZdBS47PeaDTDKCz9k,raydium,232.99192,0.0,0,0,0,0,0,0,,,,,1,PERP_VIRTUAL_USDC,notional
Bnir938rgAv8Q5fxhbB9zcJw7Lrt5tG6PEjD8VyF8JhR,flipper,93.71698,0.0,0,0,0,0,0,0,,,,,1,PERP_VIRTUAL_USDC,notional
0x1f4b2a4dfad7f1f7fe94fe4f1164d386a8d12ac3,vooi,5.28094,0.0,0,0,0,0,0,0,,,,,1,PERP_VIRTUAL_USDC,notional
0x7cfd75edb1374c5c9cbc187dfa57df157c5f9e99,vooi,3.5469,0.0,0,0,0,0,0,0,,,,,1,PERP_VIRTUAL_USDC,notional
0x5ab2e5a7535bd9a3d9a3f3486712d6d26a26b9ab,woofi_pro,0.07882,0.0,0,0,0,0,0,0,,,,,1,PERP_VIRTUAL_USDC,notional
0xf73011405cf84dc793001f6af1041d35196f97d3,aegisdex,0.07882,0.0,0,0,0,0,0,0,,,,,1,PERP_VIRTUAL_USDC,notional
8B6PWVWwsYVfuU6BQo2APboWtiJYeYMEn849eHWu3B72,raydium,54.2062,0.0,0,0,0,0,0,0,,,,,1,PERP_WIF_USDC,notional
0x0639c022df4e28026638ef247dc244f888ac72cb,ibx,2.0264,0.0,0,0,0,0,0,0,,,,,1,PERP_WIF_USDC,notional
0x0c962d530d1e83ddca26a4d0df4d648f3496b6a7,woofi_pro,0.7599,0.0,0,0,0,0,0,0,,,,,1,PERP_WIF_USDC,notional
0xeb4576fe753dab07635c0bb6c8f0a355e1db5d31,bitoro_network,0.7599,0.0,0,0,0,0,0,0,,,,,1,PERP_WIF_USDC,notional
0xdd50d8809e5edcf4c29bb9b07b5b57d8c0d09e9a,aden,203.84847,0.0,0,0,0,0,0,0,,,,,1,PERP_WLD_USDC,notional
0xd5e1d5043c857f8a4da80eb5899c53773e8f8b9e,woofi_pro,13.28544,0.0,0,0,0,0,0,0,,,,,1,PERP_WLD_USDC,notional
0xb92338347d4ce5b0b3d20d28985e458908f43d52,emdx_dex,1.30482,0.0,0,0,0,0,0,0,,,,,1,PERP_WLD_USDC,notional
6KopWPPr2657XXMQFcLzro5gjKFiuxb1wKYsYNyNLySy,dextools,1.1862,0.0,0,0,0,0,0,0,,,,,1,PERP_WLD_USDC,notional
0x2a83e913a0b2533520958bcd1b85351612b7e496,logx,0.77103,0.0,0,0,0,0,0,0,,,,,1,PERP_WLD_USDC,notional
0x8ab7091dacd6e4ff3c6f80ff1db02616f553c432,woofi_pro,0.35586,0.0,0,0,0,0,0,0,,,,,1,PERP_WLD_USDC,notional
0x0143b2a85f274c62369f844fb974ae7582b8b19f,hopex,0.29655,0.0,0,0,0,0,0,0,,,,,1,PERP_WLD_USDC,notional
0xa177604f5620344476ebfeb323ec800aa9881847,mememax,0.05931,0.0,0,0,0,0,0,0,,,,,1,PERP_WLD_USDC,notional
0x577eea75b8a16421d2dc2dbd6bd71e9d360be18f,vooi,0.05931,0.0,0,0,0,0,0,0,,,,,1,PERP_WLD_USDC,notional
0xc419e43803def7e4bbdd921c197cd0b7cf818ba7,woofi_pro,67.0119,0.0,0,0,0,0,0,0,,,,,1,PERP_WOO_USDC,notional
0x6fd8183bea3af8eb46f8e6df3a522fb67ada73c7,woofi_pro,47.7048,0.0,0,0,0,0,0,0,,,,,1,PERP_WOO_USDC,notional
0x7803f52a8d4bc9f9427adbcbba3a5c704e1757be,orderly,6.95,0.0,0,0,0,0,0,0,,,,,1,PERP_WOO_USDC,notional
0x7081602b508dd70900931c403b2a17d5d781b0de,vooi,4.726,0.0,0,0,0,0,0,0,,,,,1,PERP_WOO_USDC,notional
0x9bb3eba16ea10cbd2c7dd7d4b9fb053866d075ff,woofi_pro,2.78,0.0,0,0,0,0,0,0,,,,,1,PERP_WOO_USDC,notional
0x4bf410552f301f10b897efae31e2bd5acceb2f23,vooi,1.7097,0.0,0,0,0,0,0,0,,,,,1,PERP_WOO_USDC,notional
0x8332d30096f86823c9add99b4998e1ac3e4aee88,woofi_pro,0.9174,0.0,0,0,0,0,0,0,,,,,1,PERP_WOO_USDC,notional
0x46e1aac41e63b33b0fa916390eee7db9ac3b461f,woofi_pro,0.5977,0.0,0,0,0,0,0,0,,,,,1,PERP_WOO_USDC,notional
0x9ce7395ef253708271f1e6d539d3fec5dc5a5b09,woofi_pro,0.4448,0.0,0,0,0,0,0,0,,,,,1,PERP_WOO_USDC,notional
0x3c469baa6370d47b4284fe6f090b9415864a1b54,woofi_pro,0.2919,0.0,0,0,0,0,0,0,,,,,1,PERP_WOO_USDC,notional
6pRTya7JxrwSjkzQo3wmRL7fbJMuaPWp7G7S4RfwSZNf,raydium,0.139,0.0,0,0,0,0,0,0,,,,,1,PERP_WOO_USDC,notional
0x776bf48d9bde9584956805cb9ae2ad2514edd65c,woofi_pro,0.1112,0.0,0,0,0,0,0,0,,,,,1,PERP_WOO_USDC,notional
0x8466bc48efa7774e08d0d4f9573da79eff85167f,woofi_pro,0.0278,0.0,0,0,0,0,0,0,,,,,1,PERP_WOO_USDC,notional
0x8eeaf6cce68db47593b13d4f2d29b703400363e5,woofi_pro,0.0139,0.0,0,0,0,0,0,0,,,,,1,PERP_WOO_USDC,notional
0x7dff6ddc5f307ec1421ffb086bb7a0a91154754c,woofi_pro,0.0139,0.0,0,0,0,0,0,0,,,,,1,PERP_WOO_USDC,notional
0x9f8081e1d884a8bae70c7bd6e0c5535925454265,navigator,1993.2558,0.0,0,0,0,0,0,0,,,,,1,PERP_XAG_USDC,notional
2oSESFSvjmsmA5xBif5jLgD4w4BLwfSSbrgq8cs9kE6D,raydium,1878.4578,0.0,0,0,0,0,0,0,,1.0,0.15384615384615385,,1,PERP_XAG_USDC,notional
2yzttNHcJV7n4gGqFVtn3EkTpfNWckYBQYJZ1mDD51j2,raydium,1604.151,0.0,0,0,0,0,0,0,,0.0,0.0,,1,PERP_XAG_USDC,notional
0x3cc598605d552267cacd2d71d8f7b3d1345198e0,foxify,1451.8926,0.0,0,0,0,0,0,0,,,,,1,PERP_XAG_USDC,notional
0xcd74e0bc20b6640c8b7f9cd9cc7cc6ed189d1b7f,kodiak,1324.4064,0.0,0,0,0,0,0,0,,,,,1,PERP_XAG_USDC,notional
5EJxs4AUgHGqxMmwLDbWtaVDw5286E2RaXx3N12sahSq,raydium,762.5004,0.0,0,0,0,0,0,0,,0.0,0.0,,1,PERP_XAG_USDC,notional
0x10002f86e5676941e83bb8678797a4602b4189a0,interlink,604.2,0.0,0,0,0,0,0,0,,,0.5,,1,PERP_XAG_USDC,notional
J3BCzs3Z4pyUdzYwvDWxotyeSNmnzecrcqUp8FJi69ym,raydium,218.1162,0.0,0,0,0,0,0,0,,0.16666666666666666,0.2222222222222222,,1,PERP_XAG_USDC,notional
AeHEh43gvLGERV7g5BHJeHzEP7oxCwH136Liuoh34A3b,raydium,169.176,0.0,0,0,0,0,0,0,,,0.0,,1,PERP_XAG_USDC,notional
2HVmxhWu1u332hF6PeHvPng3xm26iSEHaTKbc6gG8dPq,raydium,156.4878,0.0,0,0,0,0,0,0,,,,,1,PERP_XAG_USDC,notional
56nQBVp5cHqrZXLTLhFKM7UzNfpuhQMGAfAQ9jJhcXBU,raydium,60.42,0.0,0,0,0,0,0,0,,,,,1,PERP_XAG_USDC,notional
HJK5B9YkLz2vMJXQUNaqHvvpUt8YTCNF8c6RcJz8XA6X,raydium,51.357,0.0,0,0,0,0,0,0,,,,,1,PERP_XAG_USDC,notional
0xdd523ab1b6016ebe28da8b68a9585173bb2aac3f,woofi_pro,48.9402,0.0,0,0,0,0,0,0,,,,,1,PERP_XAG_USDC,notional
0x3adf18aa9bf99a57c8475b8ba799de69ed8a43d1,mode,36.252,0.0,0,0,0,0,0,0,,,,,1,PERP_XAG_USDC,notional
0x6ff156f6273faca3c95e126edb6a60a06c646c9d,mode,32.0226,0.0,0,0,0,0,0,0,,,,,1,PERP_XAG_USDC,notional
0x291902cca76b7d3112c3b6a30a47b2ca17fd886c,interlink,12.084,0.0,0,0,0,0,0,0,,,,,1,PERP_XAG_USDC,notional
0x8870a7ff0ec283fd69380b3afc1dc0d134b3a481,mode,6.6462,0.0,0,0,0,0,0,0,,,,,1,PERP_XAG_USDC,notional
9WYPJeUrZqg5qhGt9ibjHMDeGTbTHz8DyiKUGSZfWknK,kek_ai,4.8336,0.0,0,0,0,0,0,0,,,,,1,PERP_XAG_USDC,notional
0x3ca952c9ede39eb1170eec6f2c1f5e48f1c483a1,fillx,3.021,0.0,0,0,0,0,0,0,,,,,1,PERP_XAG_USDC,notional
0x9697b2fe919725cb08f5df962c17e5a2cb421099,alphacast,2.4168,0.0,0,0,0,0,0,0,,,,,1,PERP_XAG_USDC,notional
CNmdfjxet3ajSRhLu1rexX8YRDe5HS6q3cq1Ukg5dytS,raydium,1.2084,0.0,0,0,0,0,0,0,,,,,1,PERP_XAG_USDC,notional
0xca50378eee9e4069114eaf301d813494ca190bb5,clutch-markets,0.6042,0.0,0,0,0,0,0,0,,,,,1,PERP_XAG_USDC,notional
0xd51c5283b8727206bf9be2b2db4e5673efaf519c,shitzu,3260.815521,0.0,0,0,0,0,0,0,,0.0,0.0,,1,PERP_XAU_USDC,notional
2pFLBLDaJ4eZLN9aWRJY3X8FbzjW2pu3oQSQY3WdAGZL,raydium,1657.950531,0.0,0,0,0,0,0,0,,0.125,0.36363636363636365,,1,PERP_XAU_USDC,notional
0x759fb0295e04f1c66ba38549af1273de0a5d2d8f,swapmos_com,1201.527477,0.0,0,0,0,0,0,0,,0.23076923076923078,0.21875,,1,PERP_XAU_USDC,notional
0xe68c6929b171396d009e2baa3fb891dc3081e5bf,coin360,1065.677421,0.0,0,0,0,0,0,0,,,0.2727272727272727,,1,PERP_XAU_USDC,notional
3DPMbTSdVAiC3YWx3ua4FuGWrDPiq7LWwu5uxohbAWJN,raydium,915.745347,0.0,0,0,0,0,0,0,,,0.0,,1,PERP_XAU_USDC,notional
0xc356532edbbcd6cf252e01c159ab47f060e38a97,vanta_exchange,702.444192,0.0,0,0,0,0,0,0,,0.16666666666666666,0.3645833333333333,,1,PERP_XAU_USDC,notional
0x28d865c9b8387f997ebba042780754257b8b2132,rwaperp_xyz,646.530297,0.0,0,0,0,0,0,0,,0.0743801652892562,0.14087759815242495,,1,PERP_XAU_USDC,notional
0xd9dc6b650bb7cb70b74f04ee845ba4b068c77e7e,alpix,551.683764,0.0,0,0,0,0,0,0,,0.22857142857142856,0.24427480916030533,,1,PERP_XAU_USDC,notional
0xfcb4cf54b1a6b4128f745d051c4d11bbc0f60b96,vanta_exchange,523.933905,0.0,0,0,0,0,0,0,,0.275,0.275,,1,PERP_XAU_USDC,notional
0x91862720d2b0b57201b8b647262e12eff79ca7fc,vanta_exchange,383.942079,0.0,0,0,0,0,0,0,,0.16666666666666666,0.30666666666666664,,1,PERP_XAU_USDC,notional
0xf7ea026be32418df279949c66ff3aedf4d150fcd,kodiak,250.991262,0.0,0,0,0,0,0,0,,,,,1,PERP_XAU_USDC,notional
0x82331e0fdb8ead9612ee00aa2580e74fa8ee5d84,aurea,238.565952,0.0,0,0,0,0,0,0,,,,,1,PERP_XAU_USDC,notional
AqkQjr8fiUB2X5K5NMz2zBze3dJYXfb49m3MxbrT6gAY,raydium,226.554819,0.0,0,0,0,0,0,0,,0.0,0.0,,1,PERP_XAU_USDC,notional
0x6659248330c8d75d2e6cb620b31f9fffe47efedf,rwaperp_xyz,207.0885,0.0,0,0,0,0,0,0,,0.0,0.0,,1,PERP_XAU_USDC,notional
0xd23943b531e18a7208cdd8654fc390d6be55dd6a,primit,186.37965,0.0,0,0,0,0,0,0,,,0.18181818181818182,,1,PERP_XAU_USDC,notional
0x525c53be9e18f24e4e23bec6cb59eff3bd1ef5c8,woofi_pro,138.749295,0.0,0,0,0,0,0,0,,,0.0,,1,PERP_XAU_USDC,notional
EFpXhwE9JgSzgP9LUzzAW4QPcQFL54eFNVn2jH3Kf5Fs,raydium,42.660231,-2.303669,0,0,0,0,0,0,,0.0,,,1,PERP_XAU_USDC,notional
0xd9545c9372105b04d2f77f9c41b19595aaf8f75a,vanta_exchange,41.4177,,0,0,0,0,0,0,,,,,1,PERP_XAU_USDC,notional
6hiP7ig6pXXF1CNqt579Ugm6RjNCrepXKZjHZDwnZ39H,raydium,33.962514,,0,0,0,0,0,0,,,,,1,PERP_XAU_USDC,notional
0xe21bb6d05d3ae12211f7927649f7b5b5c163e656,interlink,24.85062,,0,0,0,0,0,0,,,,,1,PERP_XAU_USDC,notional
0xc8d8d8910b80c6152e99d9b2ca47f79937830967,interlink,11.182779,,0,0,0,0,0,0,,,,,1,PERP_XAU_USDC,notional
0xad0bd0fe2bcfc3205ff12849d31b4a583bfd7893,interlink,9.940248,,0,0,0,0,0,0,,,,,1,PERP_XAU_USDC,notional
0xefe27229a053d5889aefa31566dd4f7c005af3b6,mode,9.526071,,0,0,0,0,0,0,,,,,1,PERP_XAU_USDC,notional
0xe34f98e1e9a650917280166357b460f08275b8f4,interlink,9.111894,,0,0,0,0,0,0,,,,,1,PERP_XAU_USDC,notional
0xab03681c3e757751ecc2c0582dfc02f8d5c8e397,aden,8.28354,,0,0,0,0,0,0,,,,,1,PERP_XAU_USDC,notional
0xbf20aaaae1e4f175f7ff3c73f796101c02ba6a64,interlink,6.212655,,0,0,0,0,0,0,,,,,1,PERP_XAU_USDC,notional
0x619d04530de8367104f70b2fa0807bb44e998107,interlink,4.970124,,0,0,0,0,0,0,,,,,1,PERP_XAU_USDC,notional
0x587dc9af45fee78484a13cb3f597f602de51bbf9,interlink,2.485062,,0,0,0,0,0,0,,,,,1,PERP_XAU_USDC,notional
A1ELhuUabk89urTEvYqBM8UADWJSdFE8aYFYrHH42wZR,raydium,1.242531,,0,0,0,0,0,0,,,,,1,PERP_XAU_USDC,notional
0xad5fdbd6d14510d36ca73c08958b4ca9349eb0c3,interlink,0.414177,,0,0,0,0,0,0,,,,,1,PERP_XAU_USDC,notional
0x8cd94984aeadab295aa43cfc7fb98f199393dbd8,woofi_pro,1350.8816,0.0,0,0,0,0,0,0,,,,,1,PERP_XMR_USDC,notional
CVoSWpsoSKWQ8QAQhpCaCUhwTqEfMRyb7xuPbVW2aoWc,raydium,160.5556,0.0,0,0,0,0,0,0,,,,,1,PERP_XMR_USDC,notional
J9BccLYENnFU9e4i5ugJumXNNpYiFhsoAEVcP6tu31ou,raydium,99.6552,0.0,0,0,0,0,0,0,,,,,1,PERP_XMR_USDC,notional
0x9abd49de8e85be8d4cdc536f2a0bf1122f3fa8c6,what_exchange,19.75815,0.0,0,0,0,0,0,0,,,,,1,PERP_XPL_USDC,notional
68rX5mdADAvY7PvTdHZtYy6LSWjMDhipwVRMddK2NwDp,demo,1.1454,0.0,0,0,0,0,0,0,,,,,1,PERP_XPL_USDC,notional
CdeDi15NxGpSAWpgvgGhSU8jiz51iH2RtwDrJFEcy7rL,raydium,0.09545,0.0,0,0,0,0,0,0,,,,,1,PERP_XPL_USDC,notional
0xd1e627bb2841b61a5ded2f8baa836e57fc4c5aeb,ascendex,1021.6775,0.0,0,0,0,0,0,0,,,,,1,PERP_XRP_USDC,notional
0x5a1e874c68d967d1bc31d077de5e5fc85fd2b5ac,interlink,885.951,0.0,0,0,0,0,0,0,,0.1111111111111111,0.1111111111111111,,1,PERP_XRP_USDC,notional
0xa41402926db5abc08912458d9d96d0314a2113ae,alpix,569.753,0.0,0,0,0,0,0,0,,,,,1,PERP_XRP_USDC,notional
6rgw5Z2gHGvmAQcioHVRP2Y7kLmzFTk7TZ4VJtrwMDfq,hoodbtc,149.15,0.0,0,0,0,0,0,0,,,,,1,PERP_XRP_USDC,notional
0x0f804e9342f20cc23167826013744112548c4083,aden,107.388,0.0,0,0,0,0,0,0,,,,,1,PERP_XRP_USDC,notional
0x4159f5df51fab9b89335990fffaf1eb66008a4b1,mode,89.49,0.0,0,0,0,0,0,0,,,,,1,PERP_XRP_USDC,notional
6BXnni2esbX9PHbAZwfXviJmJRceQ7JqwRgH74HALKs2,hoodbtc,80.541,0.0,0,0,0,0,0,0,,,,,1,PERP_XRP_USDC,notional
0x991f6e4041edb2cb7dc3a75b0bff2288e7620f22,quick_perps,74.575,0.0,0,0,0,0,0,0,,,,,1,PERP_XRP_USDC,notional
kYct31sbHbuVKyd17ndJTH8ZXkKL4VBonzPbMAFqrXn,raydium,67.1175,0.0,0,0,35.37468,0,0,1,0.0,0.2,0.2222222222222222,35.37468,1,PERP_XRP_USDC,notional
HErDYjEvVgtbuFo6fCmHQm5jQqBrq6cTu25C7uwFBj5r,dextools,53.694,0.0,0,0,0,0,0,0,,,0.0,,1,PERP_XRP_USDC,notional
0xd0973d1af54749d0c547a7205c2b2a5a6ae3a6a5,aden,44.745,0.0,0,0,0,0,0,0,,,,,1,PERP_XRP_USDC,notional
0xc950889d14a3717f541ec246bc253d7a9e98c78f,woofi_pro,29.83,0.0,0,0,0,0,0,0,,,,,1,PERP_XRP_USDC,notional
0x58c2a61c936a98054d348fa03fe81203334ec98e,woofi_pro,19.3895,0.0,0,0,0,0,0,0,,,,,1,PERP_XRP_USDC,notional
0x50023c960159c095bfaef029ce97e5aea3744199,interlink,16.4065,0.0,0,0,0,0,0,0,,,,,1,PERP_XRP_USDC,notional
0xc4e03978fa1e1e3a5d35ab80d058b77dc674b7a5,quick_perps,14.915,0.0,0,0,0,0,0,0,,,,,1,PERP_XRP_USDC,notional
0xe7cc73c00ac0b80857c054ee3327fd236d5b76d8,noot,14.915,0.0,0,0,0,0,0,0,,,,,1,PERP_XRP_USDC,notional
0x3ffd8a50284f1b4d0e114f3de6da33eefef10f83,woofi_pro,14.915,0.0,0,0,0,0,0,0,,,0.0945945945945946,,1,PERP_XRP_USDC,notional
0xb33fbef1ad5b96033aff94de50ea4aa4aaf4805b,aden,14.915,0.0,0,0,0,0,0,0,,,,,1,PERP_XRP_USDC,notional
0x6b531222bbea7c56a192db320628a9274edcf3db,interlink,11.932,,0,0,0,0,0,0,,,,,1,PERP_XRP_USDC,notional
eCHEwJ3jafcQ8uRJrqQxvAJeBt1jNNhegB2GmmfBtL5,dextools,10.4405,,0,0,0,0,0,0,,,,,1,PERP_XRP_USDC,notional
Kjtxrx1RU6ig2adt7BxjujWYDxFJpBy5vKZnGC84vtf,raydium,8.949,,0,0,0,0,0,0,,,,,1,PERP_XRP_USDC,notional
0x2775aa32106eee28bd7ca372664f14086f1cd628,alpix,4.4745,,0,0,0,0,0,0,,,,,1,PERP_XRP_USDC,notional
0xe8ad8272a92dcf477257ac8e4f4067b95afa1d65,what_exchange,1.4915,,0,0,0,0,0,0,,,,,1,PERP_XRP_USDC,notional
0x308e24cb0c3b0bb35e8e41ba7c865900dc52e71e,vanta_exchange,776.646,0.0,0,0,0,0,0,0,,,0.3333333333333333,,1,PERP_ZEC_USDC,notional
uHQyWQBBP98GnRzGQGn7vfJLx5hPNXtxMxn6WLASViw,raydium,401.2671,0.0,0,0,0,0,0,0,,,0.25,,1,PERP_ZEC_USDC,notional
0x9d6c00476b2a7b16c970a003a4b9a76ad9efe830,kodiak,362.4348,0.0,0,0,0,0,0,0,,,,,1,PERP_ZEC_USDC,notional
0x6d7dc7c2dec8429de66c54c8d909c284996e3885,hyperengine_ai,207.1056,0.0,0,0,0,0,0,0,,,,,1,PERP_ZEC_USDC,notional
56VpLpY8aWbqe18SsQGALPn19FymMfqvqWrDLBsK8s7e,raydium,194.1615,0.0,0,0,193.683,0,0,1,,0.125,0.08333333333333333,193.683,1,PERP_ZEC_USDC,notional
7kYzY3GKr1mqhPz5iqmR25q21cgraQ7xRCFsCpYfAPda,dextools,103.5528,0.0,0,0,103.1408,0,0,1,,0.3,0.49333333333333335,103.1408,1,PERP_ZEC_USDC,notional
2LxbVoG5H2Wu1wTsmn8pKgFUGzdKAbsj6VpiDuS1jxei,raydium,77.6646,0.0,0,0,0,0,0,0,,,,,1,PERP_ZEC_USDC,notional
0xf65bc0f533a90e9a2243cadee5932411a00ca5b7,oxium,25.8882,0.0,0,0,0,0,0,0,,,,,1,PERP_ZEC_USDC,notional
0xb2faec83b8141a93df139fad67a62116fc17e10f,interlink,25.8882,0.0,0,0,0,0,0,0,,0.6666666666666666,0.5,,1,PERP_ZEC_USDC,notional
8Hgp8BfB7XGCrMmVNTLtaSY9DBF51hKLbQQLWCH1eda8,raydium,25.8882,,0,0,0,0,0,0,,,,,1,PERP_ZEC_USDC,notional
7ZqGMphdrYHTNz42qZchxGXurjkP8wpLvnuDaxqc7jdS,raydium,12.9441,,0,0,0,0,0,0,,,,,1,PERP_ZEC_USDC,notional
0x487e7231a7c3fc6870898c176ccebe28c7629120,mememax,12.9441,,0,0,0,0,0,0,,,,,1,PERP_ZEC_USDC,notional
0xc1ea3db638495d90bb778863ff5c2aaccfbbf421,woofi_pro,6.1785,0.0,0,0,0,0,0,0,,,,,1,PERP_ZRO_USDC,notional
0x51b2511826600d1536efe760241e47cc829998a3,quick_perps,0.20595,0.0,0,0,0,0,0,0,,,,,1,PERP_ZRO_USDC,notional
